profile,workload,variant,repetition,seed,phase,expected_diagnosis,event_id,region_id,event_operation_index,action_operation_index,action_start_operation,action_end_operation,trial_start_operation,trial_end_operation,commit_operation_index,trigger_window_sequence,diagnosis,action,outcome,reason,from_leaf,to_leaf,records_moved,leaves_touched,moved_record_fraction,touched_leaf_fraction,region_exposure_fraction,predicted_benefit_nanos,estimated_action_cost_nanos,safety_adjusted_cost_nanos,predicted_break_even_operations,action_nanos,trial_operations,comparable_trial_samples,baseline_objective_nanos,candidate_objective_nanos,baseline_p99_nanos,candidate_p99_nanos,baseline_operation_mix,trial_operation_mix,raw_gain,net_gain,operation_mix_drift
PUBLICATION,INSERT_PRESSURE_CONTROL,LARS_FULL,0,1103515245,GROUND_TRUTH,INSERT_SPLIT_PRESSURE,1,211,715,640,640,640,641,714,-1,5,INSERT_SPLIT_PRESSURE,SLACKEN,ROLLBACK,trial mutation would escape the monitored leaf-level region,0,1,55,3,0.00513347022587269,0.0136986301369863,1.0,1.344E7,2950.0,3245.0000000000005,4.828869047619048,533000,74,0,NaN,NaN,NaN,NaN,SEARCH=0.0;INSERT=1.0;DELETE=0.0;UPDATE=0.0;RANGE_SEARCH=0.0,SEARCH=0.0;INSERT=1.0;DELETE=0.0;UPDATE=0.0;RANGE_SEARCH=0.0,NaN,NaN,NaN
PUBLICATION,INSERT_PRESSURE_CONTROL,LARS_FULL,1,214013,GROUND_TRUTH,INSERT_SPLIT_PRESSURE,1,211,715,640,640,640,641,714,-1,5,INSERT_SPLIT_PRESSURE,SLACKEN,ROLLBACK,trial mutation would escape the monitored leaf-level region,0,1,55,3,0.00513347022587269,0.0136986301369863,1.0,1.472E7,2950.0,3245.0000000000005,4.408967391304349,27200,74,0,NaN,NaN,NaN,NaN,SEARCH=0.0;INSERT=1.0;DELETE=0.0;UPDATE=0.0;RANGE_SEARCH=0.0,SEARCH=0.0;INSERT=1.0;DELETE=0.0;UPDATE=0.0;RANGE_SEARCH=0.0,NaN,NaN,NaN
PUBLICATION,INSERT_PRESSURE_CONTROL,LARS_FULL,2,1664525,GROUND_TRUTH,INSERT_SPLIT_PRESSURE,1,211,715,640,640,640,641,714,-1,5,INSERT_SPLIT_PRESSURE,SLACKEN,ROLLBACK,trial mutation would escape the monitored leaf-level region,0,1,55,3,0.00513347022587269,0.0136986301369863,1.0,1.544E7,2950.0,3245.0000000000005,4.203367875647669,376400,74,0,NaN,NaN,NaN,NaN,SEARCH=0.0;INSERT=1.0;DELETE=0.0;UPDATE=0.0;RANGE_SEARCH=0.0,SEARCH=0.0;INSERT=1.0;DELETE=0.0;UPDATE=0.0;RANGE_SEARCH=0.0,NaN,NaN,NaN
PUBLICATION,INSERT_PRESSURE_CONTROL,LARS_FULL,3,22695477,GROUND_TRUTH,INSERT_SPLIT_PRESSURE,1,211,715,640,640,640,641,714,-1,5,INSERT_SPLIT_PRESSURE,SLACKEN,ROLLBACK,trial mutation would escape the monitored leaf-level region,0,1,55,3,0.00513347022587269,0.0136986301369863,1.0,1.472E7,2950.0,3245.0000000000005,4.408967391304349,20900,74,0,NaN,NaN,NaN,NaN,SEARCH=0.0;INSERT=1.0;DELETE=0.0;UPDATE=0.0;RANGE_SEARCH=0.0,SEARCH=0.0;INSERT=1.0;DELETE=0.0;UPDATE=0.0;RANGE_SEARCH=0.0,NaN,NaN,NaN
PUBLICATION,INSERT_PRESSURE_CONTROL,LARS_FULL,4,69069,GROUND_TRUTH,INSERT_SPLIT_PRESSURE,1,211,715,640,640,640,641,714,-1,5,INSERT_SPLIT_PRESSURE,SLACKEN,ROLLBACK,trial mutation would escape the monitored leaf-level region,0,1,55,3,0.00513347022587269,0.0136986301369863,1.0,1.944E7,2950.0,3245.0000000000005,3.3384773662551446,22000,74,0,NaN,NaN,NaN,NaN,SEARCH=0.0;INSERT=1.0;DELETE=0.0;UPDATE=0.0;RANGE_SEARCH=0.0,SEARCH=0.0;INSERT=1.0;DELETE=0.0;UPDATE=0.0;RANGE_SEARCH=0.0,NaN,NaN,NaN
PUBLICATION,INSERT_PRESSURE_CONTROL,LARS_FULL,5,48271,GROUND_TRUTH,INSERT_SPLIT_PRESSURE,1,211,715,640,640,640,641,714,-1,5,INSERT_SPLIT_PRESSURE,SLACKEN,ROLLBACK,trial mutation would escape the monitored leaf-level region,0,1,55,3,0.00513347022587269,0.0136986301369863,1.0,1.072E7,2950.0,3245.0000000000005,6.054104477611941,346100,74,0,NaN,NaN,NaN,NaN,SEARCH=0.0;INSERT=1.0;DELETE=0.0;UPDATE=0.0;RANGE_SEARCH=0.0,SEARCH=0.0;INSERT=1.0;DELETE=0.0;UPDATE=0.0;RANGE_SEARCH=0.0,NaN,NaN,NaN
PUBLICATION,INSERT_PRESSURE_CONTROL,LARS_FULL,6,134775813,GROUND_TRUTH,INSERT_SPLIT_PRESSURE,1,211,715,640,640,640,641,714,-1,5,INSERT_SPLIT_PRESSURE,SLACKEN,ROLLBACK,trial mutation would escape the monitored leaf-level region,0,1,55,3,0.00513347022587269,0.0136986301369863,1.0,8480000.0,2950.0,3245.0000000000005,7.653301886792454,381700,74,0,NaN,NaN,NaN,NaN,SEARCH=0.0;INSERT=1.0;DELETE=0.0;UPDATE=0.0;RANGE_SEARCH=0.0,SEARCH=0.0;INSERT=1.0;DELETE=0.0;UPDATE=0.0;RANGE_SEARCH=0.0,NaN,NaN,NaN
PUBLICATION,INSERT_PRESSURE_CONTROL,LARS_FULL,7,16807,GROUND_TRUTH,INSERT_SPLIT_PRESSURE,1,211,715,640,640,640,641,714,-1,5,INSERT_SPLIT_PRESSURE,SLACKEN,ROLLBACK,trial mutation would escape the monitored leaf-level region,0,1,55,3,0.00513347022587269,0.0136986301369863,1.0,1.016E7,2950.0,3245.0000000000005,6.387795275590552,411000,74,0,NaN,NaN,NaN,NaN,SEARCH=0.0;INSERT=1.0;DELETE=0.0;UPDATE=0.0;RANGE_SEARCH=0.0,SEARCH=0.0;INSERT=1.0;DELETE=0.0;UPDATE=0.0;RANGE_SEARCH=0.0,NaN,NaN,NaN
PUBLICATION,INSERT_PRESSURE_CONTROL,LARS_FULL,8,2147483647,GROUND_TRUTH,INSERT_SPLIT_PRESSURE,1,211,715,640,640,640,641,714,-1,5,INSERT_SPLIT_PRESSURE,SLACKEN,ROLLBACK,trial mutation would escape the monitored leaf-level region,0,1,55,3,0.00513347022587269,0.0136986301369863,1.0,4480000.0,2950.0,3245.0000000000005,14.486607142857144,20000,74,0,NaN,NaN,NaN,NaN,SEARCH=0.0;INSERT=1.0;DELETE=0.0;UPDATE=0.0;RANGE_SEARCH=0.0,SEARCH=0.0;INSERT=1.0;DELETE=0.0;UPDATE=0.0;RANGE_SEARCH=0.0,NaN,NaN,NaN
PUBLICATION,INSERT_PRESSURE_CONTROL,LARS_FULL,9,6364136223846793005,GROUND_TRUTH,INSERT_SPLIT_PRESSURE,1,211,715,640,640,640,641,714,-1,5,INSERT_SPLIT_PRESSURE,SLACKEN,ROLLBACK,trial mutation would escape the monitored leaf-level region,0,1,55,3,0.00513347022587269,0.0136986301369863,1.0,1.44E7,2950.0,3245.0000000000005,4.506944444444445,39000,74,0,NaN,NaN,NaN,NaN,SEARCH=0.0;INSERT=1.0;DELETE=0.0;UPDATE=0.0;RANGE_SEARCH=0.0,SEARCH=0.0;INSERT=1.0;DELETE=0.0;UPDATE=0.0;RANGE_SEARCH=0.0,NaN,NaN,NaN
PUBLICATION,LOCAL_HOTSPOT,LARS_FULL,0,1103515245,LOCAL_HOTSPOT,,1,20996,124483,-1,-1,-1,-1,-1,-1,-1,INSERT_SPLIT_PRESSURE,,ABSTAIN,predicted benefit does not repay estimated adaptation cost within configured horizon,-1,-1,0,0,0.0,0.0,NaN,NaN,NaN,NaN,NaN,0,0,0,NaN,NaN,NaN,NaN,,,NaN,NaN,NaN
PUBLICATION,LOCAL_HOTSPOT,LARS_FULL,0,1103515245,LOCAL_HOTSPOT,,2,21000,128417,-1,-1,-1,-1,-1,-1,-1,INSERT_SPLIT_PRESSURE,,ABSTAIN,predicted benefit does not repay estimated adaptation cost within configured horizon,-1,-1,0,0,0.0,0.0,NaN,NaN,NaN,NaN,NaN,0,0,0,NaN,NaN,NaN,NaN,,,NaN,NaN,NaN
PUBLICATION,LOCAL_HOTSPOT,LARS_FULL,0,1103515245,LOCAL_HOTSPOT,,3,20998,128709,-1,-1,-1,-1,-1,-1,-1,INSERT_SPLIT_PRESSURE,,ABSTAIN,predicted benefit does not repay estimated adaptation cost within configured horizon,-1,-1,0,0,0.0,0.0,NaN,NaN,NaN,NaN,NaN,0,0,0,NaN,NaN,NaN,NaN,,,NaN,NaN,NaN
PUBLICATION,LOCAL_HOTSPOT,LARS_FULL,0,1103515245,LOCAL_HOTSPOT,,4,20997,129974,-1,-1,-1,-1,-1,-1,-1,INSERT_SPLIT_PRESSURE,,ABSTAIN,predicted benefit does not repay estimated adaptation cost within configured horizon,-1,-1,0,0,0.0,0.0,NaN,NaN,NaN,NaN,NaN,0,0,0,NaN,NaN,NaN,NaN,,,NaN,NaN,NaN
PUBLICATION,LOCAL_HOTSPOT,LARS_FULL,0,1103515245,LOCAL_HOTSPOT,,5,21001,130000,-1,-1,-1,-1,-1,-1,-1,NO_CONFIDENT_DIAGNOSIS,,ABSTAIN,"diagnostic confidence not satisfied: insertScore=0.14111019614784343, scanScore=0.06861556125891626",-1,-1,0,0,0.0,0.0,NaN,NaN,NaN,NaN,NaN,0,0,0,NaN,NaN,NaN,NaN,,,NaN,NaN,NaN
PUBLICATION,LOCAL_HOTSPOT,LARS_FULL,0,1103515245,LOCAL_HOTSPOT,,6,20999,136176,-1,-1,-1,-1,-1,-1,-1,INSERT_SPLIT_PRESSURE,,ABSTAIN,predicted benefit does not repay estimated adaptation cost within configured horizon,-1,-1,0,0,0.0,0.0,NaN,NaN,NaN,NaN,NaN,0,0,0,NaN,NaN,NaN,NaN,,,NaN,NaN,NaN
PUBLICATION,LOCAL_HOTSPOT,LARS_FULL,0,1103515245,LOCAL_HOTSPOT,,7,20996,157011,-1,-1,-1,-1,-1,-1,-1,NO_CONFIDENT_DIAGNOSIS,,ABSTAIN,"diagnostic confidence not satisfied: insertScore=0.06630088923941924, scanScore=0.04505507582715785",-1,-1,0,0,0.0,0.0,NaN,NaN,NaN,NaN,NaN,0,0,0,NaN,NaN,NaN,NaN,,,NaN,NaN,NaN
PUBLICATION,LOCAL_HOTSPOT,LARS_FULL,0,1103515245,LOCAL_HOTSPOT,,8,20997,165012,-1,-1,-1,-1,-1,-1,-1,NO_CONFIDENT_DIAGNOSIS,,ABSTAIN,"diagnostic confidence not satisfied: insertScore=0.053422878533939094, scanScore=0.04742571644943852",-1,-1,0,0,0.0,0.0,NaN,NaN,NaN,NaN,NaN,0,0,0,NaN,NaN,NaN,NaN,,,NaN,NaN,NaN
PUBLICATION,LOCAL_HOTSPOT,LARS_FULL,0,1103515245,LOCAL_HOTSPOT,,9,21574,194311,166241,166241,166241,166335,194311,194311,4,INSERT_SPLIT_PRESSURE,SLACKEN,COMMIT,trial acceptance rule satisfied,22,23,51,3,4.7504079762144275E-5,1.355197181189863E-4,0.02586707757597191,438143.83509738045,2790.0,3208.4999999999995,146.4587536322125,758600,512,25,5300.0,1000.0,5300.0,1400.0,SEARCH=0.2490234375;INSERT=0.427734375;DELETE=0.0986328125;UPDATE=0.177734375;RANGE_SEARCH=0.046875,SEARCH=0.291015625;INSERT=0.408203125;DELETE=0.083984375;UPDATE=0.16015625;RANGE_SEARCH=0.056640625,0.8113207547169812,0.5346523234817218,0.0517578125
PUBLICATION,LOCAL_HOTSPOT,LARS_FULL,0,1103515245,LOCAL_HOTSPOT,,10,21181,237145,207460,207460,207460,207685,237145,237145,7,INSERT_SPLIT_PRESSURE,SLACKEN,COMMIT,trial acceptance rule satisfied,11,12,63,3,5.7752281215107995E-5,1.332859427759019E-4,0.026629911840428577,82462.95477596026,3270.0,3760.4999999999995,912.0459023610604,23100,512,28,1700.0,1300.0,1700.0,1300.0,SEARCH=0.275390625;INSERT=0.408203125;DELETE=0.109375;UPDATE=0.1533203125;RANGE_SEARCH=0.0537109375,SEARCH=0.251953125;INSERT=0.423828125;DELETE=0.1015625;UPDATE=0.162109375;RANGE_SEARCH=0.060546875,0.23529411764705882,0.20978101160386028,0.03125
PUBLICATION,LOCAL_HOTSPOT,LARS_FULL,0,1103515245,LOCAL_HOTSPOT,,11,21587,237578,-1,-1,-1,-1,-1,-1,-1,NO_CONFIDENT_DIAGNOSIS,,ABSTAIN,"diagnostic confidence not satisfied: insertScore=0.08622728067403872, scanScore=0.01098907717305154",-1,-1,0,0,0.0,0.0,NaN,NaN,NaN,NaN,NaN,0,0,0,NaN,NaN,NaN,NaN,,,NaN,NaN,NaN
PUBLICATION,LOCAL_HOTSPOT,LARS_FULL,0,1103515245,LOCAL_HOTSPOT,,12,21609,242135,-1,-1,-1,-1,-1,-1,-1,NO_CONFIDENT_DIAGNOSIS,,ABSTAIN,"diagnostic confidence not satisfied: insertScore=0.7645728061403542, scanScore=0.0",-1,-1,0,0,0.0,0.0,NaN,NaN,NaN,NaN,NaN,0,0,0,NaN,NaN,NaN,NaN,,,NaN,NaN,NaN
PUBLICATION,LOCAL_HOTSPOT,LARS_FULL,0,1103515245,LOCAL_HOTSPOT,,13,20996,249304,-1,-1,-1,-1,-1,-1,-1,NO_CONFIDENT_DIAGNOSIS,,ABSTAIN,"diagnostic confidence not satisfied: insertScore=0.11303687662362713, scanScore=0.026255899134367374",-1,-1,0,0,0.0,0.0,NaN,NaN,NaN,NaN,NaN,0,0,0,NaN,NaN,NaN,NaN,,,NaN,NaN,NaN
PUBLICATION,LOCAL_HOTSPOT,LARS_FULL,0,1103515245,LOCAL_HOTSPOT,,14,20999,272810,-1,-1,-1,-1,-1,-1,-1,INSERT_SPLIT_PRESSURE,,ABSTAIN,predicted benefit does not repay estimated adaptation cost within configured horizon,-1,-1,0,0,0.0,0.0,NaN,NaN,NaN,NaN,NaN,0,0,0,NaN,NaN,NaN,NaN,,,NaN,NaN,NaN
PUBLICATION,LOCAL_HOTSPOT,LARS_FULL,0,1103515245,LOCAL_HOTSPOT,,15,21633,300000,280839,280839,280839,280871,299788,-1,5,INSERT_SPLIT_PRESSURE,SLACKEN,ROLLBACK,trial censored at RUN_END before a terminal live-trial decision,17,18,63,3,5.641829779726846E-5,1.2851818532322323E-4,0.01616008585045608,484876.43215604586,3270.0,3760.4999999999995,155.1116841574916,26900,309,21,4800.0,900.0,4800.0,1200.0,SEARCH=0.2490234375;INSERT=0.4521484375;DELETE=0.1064453125;UPDATE=0.1474609375;RANGE_SEARCH=0.044921875,SEARCH=0.30097087378640774;INSERT=0.39158576051779936;DELETE=0.10032362459546926;UPDATE=0.14563106796116504;RANGE_SEARCH=0.061488673139158574,0.8125,0.7951604675292969,0.06851423442556633
PUBLICATION,LOCAL_HOTSPOT,LARS_FULL,1,214013,LOCAL_HOTSPOT,,1,20997,50895,-1,-1,-1,-1,-1,-1,-1,NO_CONFIDENT_DIAGNOSIS,,ABSTAIN,"diagnostic confidence not satisfied: insertScore=0.06496333630912435, scanScore=0.054782006723197586",-1,-1,0,0,0.0,0.0,NaN,NaN,NaN,NaN,NaN,0,0,0,NaN,NaN,NaN,NaN,,,NaN,NaN,NaN
PUBLICATION,LOCAL_HOTSPOT,LARS_FULL,1,214013,LOCAL_HOTSPOT,,2,20998,111319,95110,95110,95110,95143,111319,111319,6,INSERT_SPLIT_PRESSURE,SLACKEN,COMMIT,trial acceptance rule satisfied,12,13,61,3,5.860341340865313E-5,1.3805163131011E-4,0.03627860837525686,347473.9601785588,3190.0,3668.4999999999995,211.15251330573622,29100,512,39,4200.0,900.0,4200.0,900.0,SEARCH=0.2529296875;INSERT=0.4345703125;DELETE=0.0966796875;UPDATE=0.15625;RANGE_SEARCH=0.0595703125,SEARCH=0.24609375;INSERT=0.453125;DELETE=0.111328125;UPDATE=0.142578125;RANGE_SEARCH=0.046875,0.7857142857142857,0.7761651715959821,0.033203125
PUBLICATION,LOCAL_HOTSPOT,LARS_FULL,1,214013,LOCAL_HOTSPOT,,3,20999,116267,-1,-1,-1,-1,-1,-1,-1,INSERT_SPLIT_PRESSURE,,ABSTAIN,predicted benefit does not repay estimated adaptation cost within configured horizon,-1,-1,0,0,0.0,0.0,NaN,NaN,NaN,NaN,NaN,0,0,0,NaN,NaN,NaN,NaN,,,NaN,NaN,NaN
PUBLICATION,LOCAL_HOTSPOT,LARS_FULL,1,214013,LOCAL_HOTSPOT,,4,21000,134640,119975,119975,119975,119977,134640,-1,7,INSERT_SPLIT_PRESSURE,SLACKEN,ROLLBACK,tail-latency guard failed,44,45,63,3,6.000702939487197E-5,1.362831054376959E-4,0.03232323232323232,512756.25000000006,3270.0,3760.4999999999995,146.67788057190916,26100,512,24,4700.0,5700.0,4700.0,5700.0,SEARCH=0.26171875;INSERT=0.4404296875;DELETE=0.091796875;UPDATE=0.1572265625;RANGE_SEARCH=0.048828125,SEARCH=0.265625;INSERT=0.4453125;DELETE=0.087890625;UPDATE=0.158203125;RANGE_SEARCH=0.04296875,-0.2127659574468085,-0.2213560505319149,0.009765625
PUBLICATION,LOCAL_HOTSPOT,LARS_FULL,1,214013,LOCAL_HOTSPOT,,5,21001,146027,-1,-1,-1,-1,-1,-1,-1,NO_CONFIDENT_DIAGNOSIS,,ABSTAIN,"diagnostic confidence not satisfied: insertScore=0.10633597442559889, scanScore=0.06911254724224705",-1,-1,0,0,0.0,0.0,NaN,NaN,NaN,NaN,NaN,0,0,0,NaN,NaN,NaN,NaN,,,NaN,NaN,NaN
PUBLICATION,LOCAL_HOTSPOT,LARS_FULL,1,214013,LOCAL_HOTSPOT,,6,20999,148700,-1,-1,-1,-1,-1,-1,-1,NO_CONFIDENT_DIAGNOSIS,,ABSTAIN,"diagnostic confidence not satisfied: insertScore=0.1278479639516716, scanScore=0.05877436315121681",-1,-1,0,0,0.0,0.0,NaN,NaN,NaN,NaN,NaN,0,0,0,NaN,NaN,NaN,NaN,,,NaN,NaN,NaN
PUBLICATION,LOCAL_HOTSPOT,LARS_FULL,1,214013,LOCAL_HOTSPOT,,7,20997,157533,-1,-1,-1,-1,-1,-1,-1,NO_CONFIDENT_DIAGNOSIS,,ABSTAIN,"diagnostic confidence not satisfied: insertScore=0.04535722102290226, scanScore=0.05740955816801893",-1,-1,0,0,0.0,0.0,NaN,NaN,NaN,NaN,NaN,0,0,0,NaN,NaN,NaN,NaN,,,NaN,NaN,NaN
PUBLICATION,LOCAL_HOTSPOT,LARS_FULL,1,214013,LOCAL_HOTSPOT,,8,21587,163476,-1,-1,-1,-1,-1,-1,-1,NO_CONFIDENT_DIAGNOSIS,,ABSTAIN,"diagnostic confidence not satisfied: insertScore=0.08337868589082005, scanScore=0.042996277249148535",-1,-1,0,0,0.0,0.0,NaN,NaN,NaN,NaN,NaN,0,0,0,NaN,NaN,NaN,NaN,,,NaN,NaN,NaN
PUBLICATION,LOCAL_HOTSPOT,LARS_FULL,1,214013,LOCAL_HOTSPOT,,9,21568,173087,-1,-1,-1,-1,-1,-1,-1,NO_CONFIDENT_DIAGNOSIS,,ABSTAIN,"diagnostic confidence not satisfied: insertScore=0.0874546470873377, scanScore=0.014686108605975927",-1,-1,0,0,0.0,0.0,NaN,NaN,NaN,NaN,NaN,0,0,0,NaN,NaN,NaN,NaN,,,NaN,NaN,NaN
PUBLICATION,LOCAL_HOTSPOT,LARS_FULL,1,214013,LOCAL_HOTSPOT,,10,21554,176570,-1,-1,-1,-1,-1,-1,-1,NO_CONFIDENT_DIAGNOSIS,,ABSTAIN,"diagnostic confidence not satisfied: insertScore=0.05803828607431194, scanScore=0.0",-1,-1,0,0,0.0,0.0,NaN,NaN,NaN,NaN,NaN,0,0,0,NaN,NaN,NaN,NaN,,,NaN,NaN,NaN
PUBLICATION,LOCAL_HOTSPOT,LARS_FULL,1,214013,LOCAL_HOTSPOT,,11,21604,237285,207043,207043,207043,207134,237285,-1,4,INSERT_SPLIT_PRESSURE,SLACKEN,ROLLBACK,tail-latency guard failed,28,29,57,3,5.2277702826022554E-5,1.3338075760270317E-4,0.02442864640488573,179321.53251586432,3030.0,3484.4999999999995,388.63152139208165,32100,512,24,1600.0,2200.0,1600.0,4500.0,SEARCH=0.24609375;INSERT=0.453125;DELETE=0.099609375;UPDATE=0.150390625;RANGE_SEARCH=0.05078125,SEARCH=0.259765625;INSERT=0.423828125;DELETE=0.115234375;UPDATE=0.142578125;RANGE_SEARCH=0.05859375,-0.375,-0.4160634704589844,0.037109375
PUBLICATION,LOCAL_HOTSPOT,LARS_FULL,1,214013,LOCAL_HOTSPOT,,12,21001,300000,286931,286931,286931,286940,299977,-1,11,INSERT_SPLIT_PRESSURE,SLACKEN,ROLLBACK,trial censored at RUN_END before a terminal live-trial decision,4,5,64,3,5.735980010109665E-5,1.2843015540048804E-4,0.015385077676612879,6635.4878451876175,3310.0,3806.4999999999995,11473.157931441807,31700,198,0,NaN,NaN,6500.0,1300.0,SEARCH=0.2265625;INSERT=0.4462890625;DELETE=0.107421875;UPDATE=0.150390625;RANGE_SEARCH=0.0693359375,SEARCH=0.2727272727272727;INSERT=0.42424242424242425;DELETE=0.1111111111111111;UPDATE=0.14646464646464646;RANGE_SEARCH=0.045454545454545456,NaN,NaN,0.04985400883838382
PUBLICATION,LOCAL_HOTSPOT,LARS_FULL,2,1664525,LOCAL_HOTSPOT,,1,20996,52554,-1,-1,-1,-1,-1,-1,-1,NO_CONFIDENT_DIAGNOSIS,,ABSTAIN,"diagnostic confidence not satisfied: insertScore=0.6364018848759929, scanScore=0.04966840554957527",-1,-1,0,0,0.0,0.0,NaN,NaN,NaN,NaN,NaN,0,0,0,NaN,NaN,NaN,NaN,,,NaN,NaN,NaN
PUBLICATION,LOCAL_HOTSPOT,LARS_FULL,2,1664525,LOCAL_HOTSPOT,,2,21001,93391,-1,-1,-1,-1,-1,-1,-1,NO_CONFIDENT_DIAGNOSIS,,ABSTAIN,"diagnostic confidence not satisfied: insertScore=0.10811017012063001, scanScore=0.022801638538366666",-1,-1,0,0,0.0,0.0,NaN,NaN,NaN,NaN,NaN,0,0,0,NaN,NaN,NaN,NaN,,,NaN,NaN,NaN
PUBLICATION,LOCAL_HOTSPOT,LARS_FULL,2,1664525,LOCAL_HOTSPOT,,3,21173,122959,108235,108235,108235,108293,122959,-1,4,INSERT_SPLIT_PRESSURE,SLACKEN,ROLLBACK,tail-latency guard failed,1,2,59,3,5.643259891247687E-5,1.369988126769568E-4,0.03433131055754853,396245.0129077682,3110.0,3576.4999999999995,180.51962212745792,733600,512,27,2900.0,8500.0,2900.0,8500.0,SEARCH=0.2548828125;INSERT=0.4580078125;DELETE=0.091796875;UPDATE=0.154296875;RANGE_SEARCH=0.041015625,SEARCH=0.25390625;INSERT=0.439453125;DELETE=0.095703125;UPDATE=0.16015625;RANGE_SEARCH=0.05078125,-1.9310344827586208,-2.299452572737069,0.01953125
PUBLICATION,LOCAL_HOTSPOT,LARS_FULL,2,1664525,LOCAL_HOTSPOT,,4,21001,124829,-1,-1,-1,-1,-1,-1,-1,INSERT_SPLIT_PRESSURE,,ABSTAIN,predicted benefit does not repay estimated adaptation cost within configured horizon,-1,-1,0,0,0.0,0.0,NaN,NaN,NaN,NaN,NaN,0,0,0,NaN,NaN,NaN,NaN,,,NaN,NaN,NaN
PUBLICATION,LOCAL_HOTSPOT,LARS_FULL,2,1664525,LOCAL_HOTSPOT,,5,20998,124832,-1,-1,-1,-1,-1,-1,-1,INSERT_SPLIT_PRESSURE,,ABSTAIN,predicted benefit does not repay estimated adaptation cost within configured horizon,-1,-1,0,0,0.0,0.0,NaN,NaN,NaN,NaN,NaN,0,0,0,NaN,NaN,NaN,NaN,,,NaN,NaN,NaN
PUBLICATION,LOCAL_HOTSPOT,LARS_FULL,2,1664525,LOCAL_HOTSPOT,,6,21000,126068,-1,-1,-1,-1,-1,-1,-1,INSERT_SPLIT_PRESSURE,,ABSTAIN,predicted benefit does not repay estimated adaptation cost within configured horizon,-1,-1,0,0,0.0,0.0,NaN,NaN,NaN,NaN,NaN,0,0,0,NaN,NaN,NaN,NaN,,,NaN,NaN,NaN
PUBLICATION,LOCAL_HOTSPOT,LARS_FULL,2,1664525,LOCAL_HOTSPOT,,7,20997,127326,-1,-1,-1,-1,-1,-1,-1,INSERT_SPLIT_PRESSURE,,ABSTAIN,predicted benefit does not repay estimated adaptation cost within configured horizon,-1,-1,0,0,0.0,0.0,NaN,NaN,NaN,NaN,NaN,0,0,0,NaN,NaN,NaN,NaN,,,NaN,NaN,NaN
PUBLICATION,LOCAL_HOTSPOT,LARS_FULL,2,1664525,LOCAL_HOTSPOT,,8,20996,127781,-1,-1,-1,-1,-1,-1,-1,NO_CONFIDENT_DIAGNOSIS,,ABSTAIN,"diagnostic confidence not satisfied: insertScore=0.1470495880483588, scanScore=0.0680615195185537",-1,-1,0,0,0.0,0.0,NaN,NaN,NaN,NaN,NaN,0,0,0,NaN,NaN,NaN,NaN,,,NaN,NaN,NaN
PUBLICATION,LOCAL_HOTSPOT,LARS_FULL,2,1664525,LOCAL_HOTSPOT,,9,21179,142740,-1,-1,-1,-1,-1,-1,-1,NO_CONFIDENT_DIAGNOSIS,,ABSTAIN,"diagnostic confidence not satisfied: insertScore=0.386144635911149, scanScore=0.0",-1,-1,0,0,0.0,0.0,NaN,NaN,NaN,NaN,NaN,0,0,0,NaN,NaN,NaN,NaN,,,NaN,NaN,NaN
PUBLICATION,LOCAL_HOTSPOT,LARS_FULL,2,1664525,LOCAL_HOTSPOT,,10,20999,150705,-1,-1,-1,-1,-1,-1,-1,NO_CONFIDENT_DIAGNOSIS,,ABSTAIN,"diagnostic confidence not satisfied: insertScore=0.09274247288019875, scanScore=0.0633787069242779",-1,-1,0,0,0.0,0.0,NaN,NaN,NaN,NaN,NaN,0,0,0,NaN,NaN,NaN,NaN,,,NaN,NaN,NaN
PUBLICATION,LOCAL_HOTSPOT,LARS_FULL,2,1664525,LOCAL_HOTSPOT,,11,21000,156850,-1,-1,-1,-1,-1,-1,-1,NO_CONFIDENT_DIAGNOSIS,,ABSTAIN,"diagnostic confidence not satisfied: insertScore=0.0650325848774642, scanScore=0.0551845314008734",-1,-1,0,0,0.0,0.0,NaN,NaN,NaN,NaN,NaN,0,0,0,NaN,NaN,NaN,NaN,,,NaN,NaN,NaN
PUBLICATION,LOCAL_HOTSPOT,LARS_FULL,2,1664525,LOCAL_HOTSPOT,,12,20996,158541,-1,-1,-1,-1,-1,-1,-1,INSERT_SPLIT_PRESSURE,,ABSTAIN,no feasible bounded repair window for SLACKEN,-1,-1,0,0,0.0,0.0,NaN,NaN,NaN,NaN,NaN,0,0,0,NaN,NaN,NaN,NaN,,,NaN,NaN,NaN
PUBLICATION,LOCAL_HOTSPOT,LARS_FULL,2,1664525,LOCAL_HOTSPOT,,13,20997,159238,-1,-1,-1,-1,-1,-1,-1,NO_CONFIDENT_DIAGNOSIS,,ABSTAIN,"diagnostic confidence not satisfied: insertScore=0.042053298053595645, scanScore=0.04871987603023604",-1,-1,0,0,0.0,0.0,NaN,NaN,NaN,NaN,NaN,0,0,0,NaN,NaN,NaN,NaN,,,NaN,NaN,NaN
PUBLICATION,LOCAL_HOTSPOT,LARS_FULL,2,1664525,LOCAL_HOTSPOT,,14,20998,159728,-1,-1,-1,-1,-1,-1,-1,NO_CONFIDENT_DIAGNOSIS,,ABSTAIN,"diagnostic confidence not satisfied: insertScore=0.057668038768166695, scanScore=0.04956476037206765",-1,-1,0,0,0.0,0.0,NaN,NaN,NaN,NaN,NaN,0,0,0,NaN,NaN,NaN,NaN,,,NaN,NaN,NaN
PUBLICATION,LOCAL_HOTSPOT,LARS_FULL,2,1664525,LOCAL_HOTSPOT,,15,21588,191671,161100,161100,161100,161124,191671,191671,4,INSERT_SPLIT_PRESSURE,SLACKEN,COMMIT,trial acceptance rule satisfied,23,25,80,4,7.46107185758306E-5,1.807991321641656E-4,0.029319971367215463,2302980.672870437,4200.0,4830.0,41.945640768056336,44100,512,29,9800.0,800.0,9800.0,5100.0,SEARCH=0.255859375;INSERT=0.455078125;DELETE=0.1044921875;UPDATE=0.140625;RANGE_SEARCH=0.0439453125,SEARCH=0.244140625;INSERT=0.48828125;DELETE=0.087890625;UPDATE=0.13671875;RANGE_SEARCH=0.04296875,0.9183673469387755,0.9106933967434631,0.033203125
PUBLICATION,LOCAL_HOTSPOT,LARS_FULL,2,1664525,LOCAL_HOTSPOT,,16,21608,204520,-1,-1,-1,-1,-1,-1,-1,NO_CONFIDENT_DIAGNOSIS,,ABSTAIN,"diagnostic confidence not satisfied: insertScore=0.3560074150138862, scanScore=0.0021594566757482457",-1,-1,0,0,0.0,0.0,NaN,NaN,NaN,NaN,NaN,0,0,0,NaN,NaN,NaN,NaN,,,NaN,NaN,NaN
PUBLICATION,LOCAL_HOTSPOT,LARS_FULL,2,1664525,LOCAL_HOTSPOT,,17,21179,247736,217660,217660,217660,217670,247736,247736,7,INSERT_SPLIT_PRESSURE,SLACKEN,COMMIT,trial acceptance rule satisfied,8,9,57,3,5.205702893183543E-5,1.3239772275916854E-4,0.023141242937853107,214345.7627118644,3030.0,3484.4999999999995,325.1288904352226,28800,512,32,2100.0,900.0,2100.0,1300.0,SEARCH=0.2490234375;INSERT=0.4453125;DELETE=0.0947265625;UPDATE=0.162109375;RANGE_SEARCH=0.048828125,SEARCH=0.228515625;INSERT=0.455078125;DELETE=0.115234375;UPDATE=0.154296875;RANGE_SEARCH=0.046875,0.5714285714285714,0.541796875,0.0302734375
PUBLICATION,LOCAL_HOTSPOT,LARS_FULL,2,1664525,LOCAL_HOTSPOT,,18,21606,268520,-1,-1,-1,-1,-1,-1,-1,NO_CONFIDENT_DIAGNOSIS,,ABSTAIN,"diagnostic confidence not satisfied: insertScore=0.09006910539703517, scanScore=0.03191234975300598",-1,-1,0,0,0.0,0.0,NaN,NaN,NaN,NaN,NaN,0,0,0,NaN,NaN,NaN,NaN,,,NaN,NaN,NaN
PUBLICATION,LOCAL_HOTSPOT,LARS_FULL,2,1664525,LOCAL_HOTSPOT,,19,21608,300000,270419,270419,270419,270450,299965,-1,5,INSERT_SPLIT_PRESSURE,SLACKEN,ROLLBACK,trial censored at RUN_END before a terminal live-trial decision,42,43,63,3,5.643699794587244E-5,1.2841366321376593E-4,0.01553916659079183,108925.91580928101,3270.0,3760.4999999999995,690.4692922819726,33000,483,21,2100.0,800.0,2100.0,1800.0,SEARCH=0.25;INSERT=0.4736328125;DELETE=0.0869140625;UPDATE=0.138671875;RANGE_SEARCH=0.05078125,SEARCH=0.2401656314699793;INSERT=0.432712215320911;DELETE=0.09937888198757763;UPDATE=0.14699792960662525;RANGE_SEARCH=0.08074534161490683,0.6190476190476191,0.568484142485119,0.05075496570910972
PUBLICATION,LOCAL_HOTSPOT,LARS_FULL,3,22695477,LOCAL_HOTSPOT,,1,20997,60895,52687,52687,52687,52698,60895,60895,4,INSERT_SPLIT_PRESSURE,SLACKEN,COMMIT,trial acceptance rule satisfied,9,10,58,3,5.6756465833586125E-5,1.411631846414455E-4,0.06398000624804749,1.1990165573258359E7,3070.0,3530.4999999999995,5.888992905776158,984300,512,35,24800.0,6600.0,24800.0,6600.0,SEARCH=0.2392578125;INSERT=0.4384765625;DELETE=0.099609375;UPDATE=0.1650390625;RANGE_SEARCH=0.0576171875,SEARCH=0.232421875;INSERT=0.48828125;DELETE=0.103515625;UPDATE=0.125;RANGE_SEARCH=0.05078125,0.7338709677419355,0.7028538434428554,0.0537109375
PUBLICATION,LOCAL_HOTSPOT,LARS_FULL,3,22695477,LOCAL_HOTSPOT,,2,21189,87485,-1,-1,-1,-1,-1,-1,-1,NO_CONFIDENT_DIAGNOSIS,,ABSTAIN,"diagnostic confidence not satisfied: insertScore=0.14537231201944498, scanScore=0.0",-1,-1,0,0,0.0,0.0,NaN,NaN,NaN,NaN,NaN,0,0,0,NaN,NaN,NaN,NaN,,,NaN,NaN,NaN
PUBLICATION,LOCAL_HOTSPOT,LARS_FULL,3,22695477,LOCAL_HOTSPOT,,3,21001,102144,-1,-1,-1,-1,-1,-1,-1,NO_CONFIDENT_DIAGNOSIS,,ABSTAIN,"diagnostic confidence not satisfied: insertScore=0.12665433470367152, scanScore=0.033263224020579595",-1,-1,0,0,0.0,0.0,NaN,NaN,NaN,NaN,NaN,0,0,0,NaN,NaN,NaN,NaN,,,NaN,NaN,NaN
PUBLICATION,LOCAL_HOTSPOT,LARS_FULL,3,22695477,LOCAL_HOTSPOT,,4,21189,119017,-1,-1,-1,-1,-1,-1,-1,NO_CONFIDENT_DIAGNOSIS,,ABSTAIN,"diagnostic confidence not satisfied: insertScore=0.07578839323119217, scanScore=0.005272626368084136",-1,-1,0,0,0.0,0.0,NaN,NaN,NaN,NaN,NaN,0,0,0,NaN,NaN,NaN,NaN,,,NaN,NaN,NaN
PUBLICATION,LOCAL_HOTSPOT,LARS_FULL,3,22695477,LOCAL_HOTSPOT,,5,21000,121559,-1,-1,-1,-1,-1,-1,-1,INSERT_SPLIT_PRESSURE,,ABSTAIN,predicted benefit does not repay estimated adaptation cost within configured horizon,-1,-1,0,0,0.0,0.0,NaN,NaN,NaN,NaN,NaN,0,0,0,NaN,NaN,NaN,NaN,,,NaN,NaN,NaN
PUBLICATION,LOCAL_HOTSPOT,LARS_FULL,3,22695477,LOCAL_HOTSPOT,,6,20999,141856,125749,125749,125749,125803,141856,141856,7,INSERT_SPLIT_PRESSURE,SLACKEN,COMMIT,trial acceptance rule satisfied,45,46,36,3,3.4205965520386755E-5,1.3615939726773475E-4,0.03235693746642652,2777350.4597592186,2190.0,2518.5,18.135989940702984,28200,512,27,13900.0,1100.0,13900.0,1700.0,SEARCH=0.255859375;INSERT=0.4462890625;DELETE=0.08984375;UPDATE=0.16015625;RANGE_SEARCH=0.0478515625,SEARCH=0.25390625;INSERT=0.40234375;DELETE=0.115234375;UPDATE=0.166015625;RANGE_SEARCH=0.0625,0.920863309352518,0.9177283139894336,0.0458984375
PUBLICATION,LOCAL_HOTSPOT,LARS_FULL,3,22695477,LOCAL_HOTSPOT,,7,21560,152637,-1,-1,-1,-1,-1,-1,-1,NO_CONFIDENT_DIAGNOSIS,,ABSTAIN,"diagnostic confidence not satisfied: insertScore=0.07638822966644086, scanScore=0.0205897684447431",-1,-1,0,0,0.0,0.0,NaN,NaN,NaN,NaN,NaN,0,0,0,NaN,NaN,NaN,NaN,,,NaN,NaN,NaN
PUBLICATION,LOCAL_HOTSPOT,LARS_FULL,3,22695477,LOCAL_HOTSPOT,,8,20996,154714,-1,-1,-1,-1,-1,-1,-1,NO_CONFIDENT_DIAGNOSIS,,ABSTAIN,"diagnostic confidence not satisfied: insertScore=0.11144670229862702, scanScore=0.0600276771075793",-1,-1,0,0,0.0,0.0,NaN,NaN,NaN,NaN,NaN,0,0,0,NaN,NaN,NaN,NaN,,,NaN,NaN,NaN
PUBLICATION,LOCAL_HOTSPOT,LARS_FULL,3,22695477,LOCAL_HOTSPOT,,9,21000,155276,-1,-1,-1,-1,-1,-1,-1,NO_CONFIDENT_DIAGNOSIS,,ABSTAIN,"diagnostic confidence not satisfied: insertScore=0.07497631498956106, scanScore=0.0515317485627913",-1,-1,0,0,0.0,0.0,NaN,NaN,NaN,NaN,NaN,0,0,0,NaN,NaN,NaN,NaN,,,NaN,NaN,NaN
PUBLICATION,LOCAL_HOTSPOT,LARS_FULL,3,22695477,LOCAL_HOTSPOT,,10,20998,160775,-1,-1,-1,-1,-1,-1,-1,NO_CONFIDENT_DIAGNOSIS,,ABSTAIN,"diagnostic confidence not satisfied: insertScore=0.0397931363297637, scanScore=0.045506808156750955",-1,-1,0,0,0.0,0.0,NaN,NaN,NaN,NaN,NaN,0,0,0,NaN,NaN,NaN,NaN,,,NaN,NaN,NaN
PUBLICATION,LOCAL_HOTSPOT,LARS_FULL,3,22695477,LOCAL_HOTSPOT,,11,21001,181116,166163,166163,166163,166300,181116,181116,8,INSERT_SPLIT_PRESSURE,SLACKEN,COMMIT,trial acceptance rule satisfied,26,27,47,3,4.401305408455189E-5,1.3579576317218902E-4,0.0317253772035815,3721188.462372587,2630.0,3024.4999999999995,16.255559376165607,29900,512,28,19700.0,1400.0,19700.0,1400.0,SEARCH=0.2568359375;INSERT=0.4375;DELETE=0.111328125;UPDATE=0.1455078125;RANGE_SEARCH=0.048828125,SEARCH=0.236328125;INSERT=0.427734375;DELETE=0.087890625;UPDATE=0.177734375;RANGE_SEARCH=0.0703125,0.9289340101522843,0.9265419716152443,0.0537109375
PUBLICATION,LOCAL_HOTSPOT,LARS_FULL,3,22695477,LOCAL_HOTSPOT,,12,21183,183154,-1,-1,-1,-1,-1,-1,-1,NO_CONFIDENT_DIAGNOSIS,,ABSTAIN,"diagnostic confidence not satisfied: insertScore=0.13892919911807344, scanScore=0.0",-1,-1,0,0,0.0,0.0,NaN,NaN,NaN,NaN,NaN,0,0,0,NaN,NaN,NaN,NaN,,,NaN,NaN,NaN
PUBLICATION,LOCAL_HOTSPOT,LARS_FULL,3,22695477,LOCAL_HOTSPOT,,13,21604,192027,-1,-1,-1,-1,-1,-1,-1,NO_CONFIDENT_DIAGNOSIS,,ABSTAIN,"diagnostic confidence not satisfied: insertScore=0.28353657540154786, scanScore=0.0",-1,-1,0,0,0.0,0.0,NaN,NaN,NaN,NaN,NaN,0,0,0,NaN,NaN,NaN,NaN,,,NaN,NaN,NaN
PUBLICATION,LOCAL_HOTSPOT,LARS_FULL,3,22695477,LOCAL_HOTSPOT,,14,21609,198843,-1,-1,-1,-1,-1,-1,-1,NO_CONFIDENT_DIAGNOSIS,,ABSTAIN,"diagnostic confidence not satisfied: insertScore=0.4396951086462819, scanScore=0.0",-1,-1,0,0,0.0,0.0,NaN,NaN,NaN,NaN,NaN,0,0,0,NaN,NaN,NaN,NaN,,,NaN,NaN,NaN
PUBLICATION,LOCAL_HOTSPOT,LARS_FULL,3,22695477,LOCAL_HOTSPOT,,15,21560,199370,-1,-1,-1,-1,-1,-1,-1,NO_CONFIDENT_DIAGNOSIS,,ABSTAIN,"diagnostic confidence not satisfied: insertScore=0.053877703316681416, scanScore=0.0",-1,-1,0,0,0.0,0.0,NaN,NaN,NaN,NaN,NaN,0,0,0,NaN,NaN,NaN,NaN,,,NaN,NaN,NaN
PUBLICATION,LOCAL_HOTSPOT,LARS_FULL,3,22695477,LOCAL_HOTSPOT,,16,20997,248372,213859,213859,213859,213964,248372,248372,9,INSERT_SPLIT_PRESSURE,SLACKEN,COMMIT,trial acceptance rule satisfied,7,8,59,3,5.388024521904146E-5,1.323509948383112E-4,0.02593521262315427,622141.1746827748,3110.0,3576.4999999999995,114.97390449438201,28400,512,29,6100.0,1900.0,6100.0,3600.0,SEARCH=0.2763671875;INSERT=0.44921875;DELETE=0.0888671875;UPDATE=0.14453125;RANGE_SEARCH=0.041015625,SEARCH=0.234375;INSERT=0.45703125;DELETE=0.099609375;UPDATE=0.166015625;RANGE_SEARCH=0.04296875,0.6885245901639344,0.6795488825563525,0.0419921875
PUBLICATION,LOCAL_HOTSPOT,LARS_FULL,3,22695477,LOCAL_HOTSPOT,,17,21604,284997,250487,250487,250487,250525,284997,284997,5,INSERT_SPLIT_PRESSURE,SLACKEN,COMMIT,trial acceptance rule satisfied,6,7,58,3,5.225267592259757E-5,1.292824822236587E-4,0.017522844724323215,419672.131147541,3070.0,3530.4999999999995,168.25039062499997,23600,512,30,4000.0,2200.0,7800.0,2200.0,SEARCH=0.2529296875;INSERT=0.4677734375;DELETE=0.0869140625;UPDATE=0.1474609375;RANGE_SEARCH=0.044921875,SEARCH=0.25;INSERT=0.423828125;DELETE=0.10546875;UPDATE=0.169921875;RANGE_SEARCH=0.05078125,0.45,0.433164833984375,0.046875
PUBLICATION,LOCAL_HOTSPOT,LARS_FULL,3,22695477,LOCAL_HOTSPOT,,18,20996,289935,-1,-1,-1,-1,-1,-1,-1,INSERT_SPLIT_PRESSURE,,ABSTAIN,predicted benefit does not repay estimated adaptation cost within configured horizon,-1,-1,0,0,0.0,0.0,NaN,NaN,NaN,NaN,NaN,0,0,0,NaN,NaN,NaN,NaN,,,NaN,NaN,NaN
PUBLICATION,LOCAL_HOTSPOT,LARS_FULL,3,22695477,LOCAL_HOTSPOT,,19,21576,300000,292726,292726,292726,292774,299949,-1,6,INSERT_SPLIT_PRESSURE,SLACKEN,ROLLBACK,trial censored at RUN_END before a terminal live-trial decision,8,9,61,3,5.4647060615236314E-5,1.283642120576783E-4,0.01810274723332037,138047.59042534383,3190.0,3668.4999999999995,531.4833802889048,26500,122,0,NaN,NaN,2800.0,2500.0,SEARCH=0.248046875;INSERT=0.443359375;DELETE=0.1083984375;UPDATE=0.158203125;RANGE_SEARCH=0.0419921875,SEARCH=0.28688524590163933;INSERT=0.45081967213114754;DELETE=0.08196721311475409;UPDATE=0.12295081967213115;RANGE_SEARCH=0.05737704918032787,NaN,NaN,0.06168352971311475
PUBLICATION,LOCAL_HOTSPOT,LARS_FULL,4,69069,LOCAL_HOTSPOT,,1,20998,52268,-1,-1,-1,-1,-1,-1,-1,NO_CONFIDENT_DIAGNOSIS,,ABSTAIN,"diagnostic confidence not satisfied: insertScore=0.056596224280010224, scanScore=0.05755654125473352",-1,-1,0,0,0.0,0.0,NaN,NaN,NaN,NaN,NaN,0,0,0,NaN,NaN,NaN,NaN,,,NaN,NaN,NaN
PUBLICATION,LOCAL_HOTSPOT,LARS_FULL,4,69069,LOCAL_HOTSPOT,,2,20998,68421,-1,-1,-1,-1,-1,-1,-1,NO_CONFIDENT_DIAGNOSIS,,ABSTAIN,"diagnostic confidence not satisfied: insertScore=0.3025408921454694, scanScore=0.019249708309826263",-1,-1,0,0,0.0,0.0,NaN,NaN,NaN,NaN,NaN,0,0,0,NaN,NaN,NaN,NaN,,,NaN,NaN,NaN
PUBLICATION,LOCAL_HOTSPOT,LARS_FULL,4,69069,LOCAL_HOTSPOT,,3,20998,101544,85082,85082,85082,85108,101544,101544,6,INSERT_SPLIT_PRESSURE,SLACKEN,COMMIT,trial acceptance rule satisfied,14,16,88,4,8.483693954596812E-5,1.85459940652819E-4,0.061464585834333736,1675846.3385354145,4520.0,5198.0,62.034327139357295,30600,512,25,4100.0,2000.0,4100.0,2600.0,SEARCH=0.2607421875;INSERT=0.435546875;DELETE=0.0986328125;UPDATE=0.150390625;RANGE_SEARCH=0.0546875,SEARCH=0.2890625;INSERT=0.416015625;DELETE=0.107421875;UPDATE=0.130859375;RANGE_SEARCH=0.056640625,0.5121951219512195,0.506123809070122,0.0390625
PUBLICATION,LOCAL_HOTSPOT,LARS_FULL,4,69069,LOCAL_HOTSPOT,,4,20996,136960,121284,121284,121284,121291,136960,-1,7,INSERT_SPLIT_PRESSURE,SLACKEN,ROLLBACK,tail-latency guard failed,0,1,60,3,5.709152913951647E-5,1.3626453488372093E-4,0.031327439043044636,142148.25465781504,3150.0,3622.4999999999995,509.6791386880164,175400,512,35,1500.0,8100.0,1500.0,8100.0,SEARCH=0.2509765625;INSERT=0.4296875;DELETE=0.111328125;UPDATE=0.154296875;RANGE_SEARCH=0.0537109375,SEARCH=0.259765625;INSERT=0.458984375;DELETE=0.109375;UPDATE=0.12109375;RANGE_SEARCH=0.05078125,-4.4,-4.586630852864584,0.0380859375
PUBLICATION,LOCAL_HOTSPOT,LARS_FULL,4,69069,LOCAL_HOTSPOT,,5,21001,142777,-1,-1,-1,-1,-1,-1,-1,NO_CONFIDENT_DIAGNOSIS,,ABSTAIN,"diagnostic confidence not satisfied: insertScore=0.10810944261041452, scanScore=0.062052605538373995",-1,-1,0,0,0.0,0.0,NaN,NaN,NaN,NaN,NaN,0,0,0,NaN,NaN,NaN,NaN,,,NaN,NaN,NaN
PUBLICATION,LOCAL_HOTSPOT,LARS_FULL,4,69069,LOCAL_HOTSPOT,,6,20999,150008,-1,-1,-1,-1,-1,-1,-1,NO_CONFIDENT_DIAGNOSIS,,ABSTAIN,"diagnostic confidence not satisfied: insertScore=0.07212747265586363, scanScore=0.06472968184372611",-1,-1,0,0,0.0,0.0,NaN,NaN,NaN,NaN,NaN,0,0,0,NaN,NaN,NaN,NaN,,,NaN,NaN,NaN
PUBLICATION,LOCAL_HOTSPOT,LARS_FULL,4,69069,LOCAL_HOTSPOT,,7,21000,173377,158101,158101,158101,158109,173377,173377,8,INSERT_SPLIT_PRESSURE,SLACKEN,COMMIT,trial acceptance rule satisfied,9,10,59,3,5.53930276138937E-5,1.3581420616596497E-4,0.03160201215936796,542381.5078850724,3110.0,3576.4999999999995,131.88133990577865,29800,512,25,3300.0,1300.0,3300.0,1300.0,SEARCH=0.2294921875;INSERT=0.4619140625;DELETE=0.0927734375;UPDATE=0.1650390625;RANGE_SEARCH=0.05078125,SEARCH=0.2578125;INSERT=0.443359375;DELETE=0.099609375;UPDATE=0.15234375;RANGE_SEARCH=0.046875,0.6060606060606061,0.5917730616714015,0.03515625
PUBLICATION,LOCAL_HOTSPOT,LARS_FULL,4,69069,LOCAL_HOTSPOT,,8,21574,183182,-1,-1,-1,-1,-1,-1,-1,NO_CONFIDENT_DIAGNOSIS,,ABSTAIN,"diagnostic confidence not satisfied: insertScore=0.05176632050832619, scanScore=0.012853654221888056",-1,-1,0,0,0.0,0.0,NaN,NaN,NaN,NaN,NaN,0,0,0,NaN,NaN,NaN,NaN,,,NaN,NaN,NaN
PUBLICATION,LOCAL_HOTSPOT,LARS_FULL,4,69069,LOCAL_HOTSPOT,,9,21600,190003,-1,-1,-1,-1,-1,-1,-1,NO_CONFIDENT_DIAGNOSIS,,ABSTAIN,"diagnostic confidence not satisfied: insertScore=0.19385231224151125, scanScore=0.001161802223854968",-1,-1,0,0,0.0,0.0,NaN,NaN,NaN,NaN,NaN,0,0,0,NaN,NaN,NaN,NaN,,,NaN,NaN,NaN
PUBLICATION,LOCAL_HOTSPOT,LARS_FULL,4,69069,LOCAL_HOTSPOT,,10,20997,198723,-1,-1,-1,-1,-1,-1,-1,NO_CONFIDENT_DIAGNOSIS,,ABSTAIN,"diagnostic confidence not satisfied: insertScore=0.08493395606850133, scanScore=0.010230024186663403",-1,-1,0,0,0.0,0.0,NaN,NaN,NaN,NaN,NaN,0,0,0,NaN,NaN,NaN,NaN,,,NaN,NaN,NaN
PUBLICATION,LOCAL_HOTSPOT,LARS_FULL,4,69069,LOCAL_HOTSPOT,,11,21609,202540,-1,-1,-1,-1,-1,-1,-1,NO_CONFIDENT_DIAGNOSIS,,ABSTAIN,"diagnostic confidence not satisfied: insertScore=1.2827224718521222, scanScore=0.0",-1,-1,0,0,0.0,0.0,NaN,NaN,NaN,NaN,NaN,0,0,0,NaN,NaN,NaN,NaN,,,NaN,NaN,NaN
PUBLICATION,LOCAL_HOTSPOT,LARS_FULL,4,69069,LOCAL_HOTSPOT,,12,21172,262841,231548,231548,231548,231554,262841,262841,8,INSERT_SPLIT_PRESSURE,SLACKEN,COMMIT,trial acceptance rule satisfied,20,21,63,3,5.720693929254085E-5,1.311934228364018E-4,0.017501880084774733,106599.24796609012,3270.0,3760.4999999999995,705.5396865831997,28100,512,27,2500.0,1700.0,2500.0,2200.0,SEARCH=0.25390625;INSERT=0.46875;DELETE=0.0986328125;UPDATE=0.1279296875;RANGE_SEARCH=0.05078125,SEARCH=0.2890625;INSERT=0.4453125;DELETE=0.091796875;UPDATE=0.134765625;RANGE_SEARCH=0.0390625,0.32,0.2878891640625,0.0419921875
PUBLICATION,LOCAL_HOTSPOT,LARS_FULL,4,69069,LOCAL_HOTSPOT,,13,20997,300000,264954,264954,264954,264960,299973,-1,10,INSERT_SPLIT_PRESSURE,SLACKEN,ROLLBACK,trial censored at RUN_END before a terminal live-trial decision,35,36,60,3,5.373690946495055E-5,1.2827639286783256E-4,0.015463139138050799,95997.1006614116,3150.0,3622.4999999999995,754.7102933403804,31000,496,27,1500.0,1600.0,1500.0,1600.0,SEARCH=0.2412109375;INSERT=0.4619140625;DELETE=0.109375;UPDATE=0.1328125;RANGE_SEARCH=0.0546875,SEARCH=0.2399193548387097;INSERT=0.48588709677419356;DELETE=0.10887096774193548;UPDATE=0.11290322580645161;RANGE_SEARCH=0.05241935483870968,-0.06666666666666667,-0.13349225260416667,0.02397303427419355
PUBLICATION,LOCAL_HOTSPOT,LARS_FULL,5,48271,LOCAL_HOTSPOT,,1,20999,51168,-1,-1,-1,-1,-1,-1,-1,NO_CONFIDENT_DIAGNOSIS,,ABSTAIN,"diagnostic confidence not satisfied: insertScore=0.2912054017364454, scanScore=0.048636094082737356",-1,-1,0,0,0.0,0.0,NaN,NaN,NaN,NaN,NaN,0,0,0,NaN,NaN,NaN,NaN,,,NaN,NaN,NaN
PUBLICATION,LOCAL_HOTSPOT,LARS_FULL,5,48271,LOCAL_HOTSPOT,,2,20997,60930,52995,52995,52995,53003,60930,-1,4,INSERT_SPLIT_PRESSURE,SLACKEN,ROLLBACK,minimum net-gain threshold not met,2,3,53,3,5.18689965306492E-5,1.4115654260574978E-4,0.06726663601129869,1053038.1659331275,2870.0,3300.4999999999995,62.685287329074754,773500,512,28,3200.0,2900.0,3200.0,2900.0,SEARCH=0.2177734375;INSERT=0.455078125;DELETE=0.1171875;UPDATE=0.1640625;RANGE_SEARCH=0.0458984375,SEARCH=0.234375;INSERT=0.451171875;DELETE=0.09375;UPDATE=0.166015625;RANGE_SEARCH=0.0546875,0.09375,-0.0859220962524414,0.02734375
PUBLICATION,LOCAL_HOTSPOT,LARS_FULL,5,48271,LOCAL_HOTSPOT,,3,20999,67270,-1,-1,-1,-1,-1,-1,-1,NO_CONFIDENT_DIAGNOSIS,,ABSTAIN,"diagnostic confidence not satisfied: insertScore=0.0865673516913254, scanScore=0.01730139545350962",-1,-1,0,0,0.0,0.0,NaN,NaN,NaN,NaN,NaN,0,0,0,NaN,NaN,NaN,NaN,,,NaN,NaN,NaN
PUBLICATION,LOCAL_HOTSPOT,LARS_FULL,5,48271,LOCAL_HOTSPOT,,4,21172,73044,-1,-1,-1,-1,-1,-1,-1,INSERT_SPLIT_PRESSURE,,ABSTAIN,no feasible bounded repair window for SLACKEN,-1,-1,0,0,0.0,0.0,NaN,NaN,NaN,NaN,NaN,0,0,0,NaN,NaN,NaN,NaN,,,NaN,NaN,NaN
PUBLICATION,LOCAL_HOTSPOT,LARS_FULL,5,48271,LOCAL_HOTSPOT,,5,21001,82827,-1,-1,-1,-1,-1,-1,-1,NO_CONFIDENT_DIAGNOSIS,,ABSTAIN,"diagnostic confidence not satisfied: insertScore=0.1629551214344745, scanScore=0.0",-1,-1,0,0,0.0,0.0,NaN,NaN,NaN,NaN,NaN,0,0,0,NaN,NaN,NaN,NaN,,,NaN,NaN,NaN
PUBLICATION,LOCAL_HOTSPOT,LARS_FULL,5,48271,LOCAL_HOTSPOT,,6,20999,86773,-1,-1,-1,-1,-1,-1,-1,NO_CONFIDENT_DIAGNOSIS,,ABSTAIN,"diagnostic confidence not satisfied: insertScore=0.05256654439080029, scanScore=0.011897441871537774",-1,-1,0,0,0.0,0.0,NaN,NaN,NaN,NaN,NaN,0,0,0,NaN,NaN,NaN,NaN,,,NaN,NaN,NaN
PUBLICATION,LOCAL_HOTSPOT,LARS_FULL,5,48271,LOCAL_HOTSPOT,,7,20996,96401,-1,-1,-1,-1,-1,-1,-1,NO_CONFIDENT_DIAGNOSIS,,ABSTAIN,"diagnostic confidence not satisfied: insertScore=0.07387599123980619, scanScore=0.003359259796364762",-1,-1,0,0,0.0,0.0,NaN,NaN,NaN,NaN,NaN,0,0,0,NaN,NaN,NaN,NaN,,,NaN,NaN,NaN
PUBLICATION,LOCAL_HOTSPOT,LARS_FULL,5,48271,LOCAL_HOTSPOT,,8,21172,114621,98883,98883,98883,98944,114621,-1,5,INSERT_SPLIT_PRESSURE,SLACKEN,ROLLBACK,tail-latency guard failed,22,23,59,3,5.6622913469631406E-5,1.3777267508610793E-4,0.03964075565190461,228584.70114586558,3110.0,3576.4999999999995,312.92557918981163,32100,512,30,1600.0,1600.0,1600.0,3700.0,SEARCH=0.2119140625;INSERT=0.47265625;DELETE=0.1044921875;UPDATE=0.1640625;RANGE_SEARCH=0.046875,SEARCH=0.236328125;INSERT=0.470703125;DELETE=0.107421875;UPDATE=0.12890625;RANGE_SEARCH=0.056640625,0.0,-0.025305395507812502,0.037109375
PUBLICATION,LOCAL_HOTSPOT,LARS_FULL,5,48271,LOCAL_HOTSPOT,,9,21001,132914,116287,116287,116287,116311,132914,132914,7,INSERT_SPLIT_PRESSURE,SLACKEN,COMMIT,trial acceptance rule satisfied,26,27,59,3,5.624688377963806E-5,1.3646908975117135E-4,0.030606450070239412,5866562.453298264,3110.0,3576.4999999999995,12.19283022543889,26600,512,39,22900.0,6500.0,22900.0,6500.0,SEARCH=0.251953125;INSERT=0.4482421875;DELETE=0.0966796875;UPDATE=0.1416015625;RANGE_SEARCH=0.0615234375,SEARCH=0.23046875;INSERT=0.46875;DELETE=0.09765625;UPDATE=0.15625;RANGE_SEARCH=0.046875,0.7161572052401747,0.7142596116778112,0.0361328125
PUBLICATION,LOCAL_HOTSPOT,LARS_FULL,5,48271,LOCAL_HOTSPOT,,10,21184,133305,-1,-1,-1,-1,-1,-1,-1,NO_CONFIDENT_DIAGNOSIS,,ABSTAIN,"diagnostic confidence not satisfied: insertScore=0.06786094316686916, scanScore=0.0",-1,-1,0,0,0.0,0.0,NaN,NaN,NaN,NaN,NaN,0,0,0,NaN,NaN,NaN,NaN,,,NaN,NaN,NaN
PUBLICATION,LOCAL_HOTSPOT,LARS_FULL,5,48271,LOCAL_HOTSPOT,,11,20999,164157,148616,148616,148616,148693,164157,164157,8,INSERT_SPLIT_PRESSURE,SLACKEN,COMMIT,trial acceptance rule satisfied,13,14,43,3,4.0517073235081E-5,1.358695652173913E-4,0.03423604145770645,4390611.835506519,2470.0,2840.5,12.938971179502175,35000,512,20,17700.0,600.0,17700.0,900.0,SEARCH=0.2685546875;INSERT=0.42578125;DELETE=0.115234375;UPDATE=0.1455078125;RANGE_SEARCH=0.044921875,SEARCH=0.234375;INSERT=0.4375;DELETE=0.109375;UPDATE=0.15625;RANGE_SEARCH=0.0625,0.9661016949152542,0.9632138009798729,0.0400390625
PUBLICATION,LOCAL_HOTSPOT,LARS_FULL,5,48271,LOCAL_HOTSPOT,,12,21580,211288,180601,180601,180601,180742,211288,211288,4,INSERT_SPLIT_PRESSURE,SLACKEN,COMMIT,trial acceptance rule satisfied,15,16,47,3,4.352141994651495E-5,1.3493455673998112E-4,0.019399083090213314,624335.9981813359,2630.0,3024.4999999999995,96.88693295950381,35200,512,25,4700.0,800.0,4700.0,900.0,SEARCH=0.2578125;INSERT=0.4482421875;DELETE=0.09375;UPDATE=0.146484375;RANGE_SEARCH=0.0537109375,SEARCH=0.267578125;INSERT=0.4375;DELETE=0.09765625;UPDATE=0.15625;RANGE_SEARCH=0.041015625,0.8297872340425532,0.8104838430851063,0.0234375
PUBLICATION,LOCAL_HOTSPOT,LARS_FULL,5,48271,LOCAL_HOTSPOT,,13,21639,271577,239190,239190,239190,239198,271577,271577,4,INSERT_SPLIT_PRESSURE,SLACKEN,COMMIT,trial acceptance rule satisfied,16,17,59,3,5.342663979035024E-5,1.302931596091205E-4,0.015841339088194798,450488.08032053954,3110.0,3576.4999999999995,158.78333550824175,36700,512,18,5100.0,700.0,5100.0,1000.0,SEARCH=0.259765625;INSERT=0.4375;DELETE=0.0947265625;UPDATE=0.16015625;RANGE_SEARCH=0.0478515625,SEARCH=0.232421875;INSERT=0.482421875;DELETE=0.087890625;UPDATE=0.14453125;RANGE_SEARCH=0.052734375,0.8627450980392157,0.8400321241191789,0.0498046875
PUBLICATION,LOCAL_HOTSPOT,LARS_FULL,5,48271,LOCAL_HOTSPOT,,14,21610,300000,272369,272369,272369,272381,299980,-1,5,INSERT_SPLIT_PRESSURE,SLACKEN,ROLLBACK,trial censored at RUN_END before a terminal live-trial decision,32,34,94,4,8.421890105085478E-5,1.712108890125412E-4,0.01664364079642422,635514.0186915888,4760.0,5474.0,172.26999999999998,33100,455,22,5100.0,700.0,5100.0,1000.0,SEARCH=0.263671875;INSERT=0.44921875;DELETE=0.095703125;UPDATE=0.13671875;RANGE_SEARCH=0.0546875,SEARCH=0.21318681318681318;INSERT=0.47692307692307695;DELETE=0.11868131868131868;UPDATE=0.16043956043956045;RANGE_SEARCH=0.03076923076923077,0.8627450980392157,0.8432475729549633,0.07440333104395606
PUBLICATION,LOCAL_HOTSPOT,LARS_FULL,6,134775813,LOCAL_HOTSPOT,,1,21175,89476,73510,73510,73510,73546,89476,89476,4,INSERT_SPLIT_PRESSURE,SLACKEN,COMMIT,trial acceptance rule satisfied,10,11,63,3,6.100708166330482E-5,1.403640106676648E-4,0.05931761570989979,1.6038452180965072E7,3270.0,3760.4999999999995,4.689355253947855,583800,512,33,32400.0,14900.0,32400.0,14900.0,SEARCH=0.2587890625;INSERT=0.4365234375;DELETE=0.080078125;UPDATE=0.166015625;RANGE_SEARCH=0.05859375,SEARCH=0.28515625;INSERT=0.451171875;DELETE=0.07421875;UPDATE=0.158203125;RANGE_SEARCH=0.03125,0.5401234567901234,0.5249352885681905,0.041015625
PUBLICATION,LOCAL_HOTSPOT,LARS_FULL,6,134775813,LOCAL_HOTSPOT,,2,21000,106329,91601,91601,91601,91628,106329,106329,6,INSERT_SPLIT_PRESSURE,SLACKEN,COMMIT,trial acceptance rule satisfied,32,33,62,3,5.966523951263123E-5,1.3879250520471896E-4,0.04018049833235236,3457987.051206592,3230.0,3714.4999999999995,21.483596930786096,29500,512,33,12400.0,2000.0,12400.0,2000.0,SEARCH=0.2490234375;INSERT=0.4541015625;DELETE=0.0947265625;UPDATE=0.1494140625;RANGE_SEARCH=0.052734375,SEARCH=0.2421875;INSERT=0.46875;DELETE=0.083984375;UPDATE=0.16015625;RANGE_SEARCH=0.044921875,0.8387096774193549,0.8357492459204889,0.025390625
PUBLICATION,LOCAL_HOTSPOT,LARS_FULL,6,134775813,LOCAL_HOTSPOT,,3,21188,111415,-1,-1,-1,-1,-1,-1,-1,NO_CONFIDENT_DIAGNOSIS,,ABSTAIN,"diagnostic confidence not satisfied: insertScore=1.4885945923363162, scanScore=0.01065797426969129",-1,-1,0,0,0.0,0.0,NaN,NaN,NaN,NaN,NaN,0,0,0,NaN,NaN,NaN,NaN,,,NaN,NaN,NaN
PUBLICATION,LOCAL_HOTSPOT,LARS_FULL,6,134775813,LOCAL_HOTSPOT,,4,20996,117440,-1,-1,-1,-1,-1,-1,-1,INSERT_SPLIT_PRESSURE,,ABSTAIN,predicted benefit does not repay estimated adaptation cost within configured horizon,-1,-1,0,0,0.0,0.0,NaN,NaN,NaN,NaN,NaN,0,0,0,NaN,NaN,NaN,NaN,,,NaN,NaN,NaN
PUBLICATION,LOCAL_HOTSPOT,LARS_FULL,6,134775813,LOCAL_HOTSPOT,,5,20999,124442,-1,-1,-1,-1,-1,-1,-1,INSERT_SPLIT_PRESSURE,,ABSTAIN,predicted benefit does not repay estimated adaptation cost within configured horizon,-1,-1,0,0,0.0,0.0,NaN,NaN,NaN,NaN,NaN,0,0,0,NaN,NaN,NaN,NaN,,,NaN,NaN,NaN
PUBLICATION,LOCAL_HOTSPOT,LARS_FULL,6,134775813,LOCAL_HOTSPOT,,6,21001,127946,-1,-1,-1,-1,-1,-1,-1,INSERT_SPLIT_PRESSURE,,ABSTAIN,predicted benefit does not repay estimated adaptation cost within configured horizon,-1,-1,0,0,0.0,0.0,NaN,NaN,NaN,NaN,NaN,0,0,0,NaN,NaN,NaN,NaN,,,NaN,NaN,NaN
PUBLICATION,LOCAL_HOTSPOT,LARS_FULL,6,134775813,LOCAL_HOTSPOT,,7,20997,128877,-1,-1,-1,-1,-1,-1,-1,INSERT_SPLIT_PRESSURE,,ABSTAIN,predicted benefit does not repay estimated adaptation cost within configured horizon,-1,-1,0,0,0.0,0.0,NaN,NaN,NaN,NaN,NaN,0,0,0,NaN,NaN,NaN,NaN,,,NaN,NaN,NaN
PUBLICATION,LOCAL_HOTSPOT,LARS_FULL,6,134775813,LOCAL_HOTSPOT,,8,21170,133535,-1,-1,-1,-1,-1,-1,-1,NO_CONFIDENT_DIAGNOSIS,,ABSTAIN,"diagnostic confidence not satisfied: insertScore=0.41233082934321985, scanScore=0.001038395199608575",-1,-1,0,0,0.0,0.0,NaN,NaN,NaN,NaN,NaN,0,0,0,NaN,NaN,NaN,NaN,,,NaN,NaN,NaN
PUBLICATION,LOCAL_HOTSPOT,LARS_FULL,6,134775813,LOCAL_HOTSPOT,,9,20998,133926,-1,-1,-1,-1,-1,-1,-1,INSERT_SPLIT_PRESSURE,,ABSTAIN,predicted benefit does not repay estimated adaptation cost within configured horizon,-1,-1,0,0,0.0,0.0,NaN,NaN,NaN,NaN,NaN,0,0,0,NaN,NaN,NaN,NaN,,,NaN,NaN,NaN
PUBLICATION,LOCAL_HOTSPOT,LARS_FULL,6,134775813,LOCAL_HOTSPOT,,10,20996,165677,149628,149628,149628,149650,165677,165677,8,INSERT_SPLIT_PRESSURE,SLACKEN,COMMIT,trial acceptance rule satisfied,52,53,50,3,4.707592593638724E-5,1.3583880461851935E-4,0.03187151794329111,1325693.9836284975,2750.0,3162.4999999999995,47.71085995795293,36900,512,29,8600.0,3000.0,8600.0,5300.0,SEARCH=0.244140625;INSERT=0.4521484375;DELETE=0.1123046875;UPDATE=0.1474609375;RANGE_SEARCH=0.0439453125,SEARCH=0.271484375;INSERT=0.41796875;DELETE=0.107421875;UPDATE=0.154296875;RANGE_SEARCH=0.048828125,0.6511627906976745,0.6444315492142079,0.0390625
PUBLICATION,LOCAL_HOTSPOT,LARS_FULL,6,134775813,LOCAL_HOTSPOT,,11,21585,174158,-1,-1,-1,-1,-1,-1,-1,NO_CONFIDENT_DIAGNOSIS,,ABSTAIN,"diagnostic confidence not satisfied: insertScore=0.0564735153834369, scanScore=0.010104070947164376",-1,-1,0,0,0.0,0.0,NaN,NaN,NaN,NaN,NaN,0,0,0,NaN,NaN,NaN,NaN,,,NaN,NaN,NaN
PUBLICATION,LOCAL_HOTSPOT,LARS_FULL,6,134775813,LOCAL_HOTSPOT,,12,21170,216465,184307,184307,184307,184320,216465,216465,6,INSERT_SPLIT_PRESSURE,SLACKEN,COMMIT,trial acceptance rule satisfied,12,13,56,3,5.175151142137374E-5,1.3481934208161065E-4,0.020172570032701627,1.51606713683464E7,2990.0,3438.4999999999995,4.536078800809785,40900,512,31,87500.0,1400.0,87500.0,2000.0,SEARCH=0.25390625;INSERT=0.4384765625;DELETE=0.087890625;UPDATE=0.171875;RANGE_SEARCH=0.0478515625,SEARCH=0.255859375;INSERT=0.4375;DELETE=0.087890625;UPDATE=0.158203125;RANGE_SEARCH=0.060546875,0.984,0.9828414253348214,0.0146484375
PUBLICATION,LOCAL_HOTSPOT,LARS_FULL,6,134775813,LOCAL_HOTSPOT,,13,21553,224857,-1,-1,-1,-1,-1,-1,-1,NO_CONFIDENT_DIAGNOSIS,,ABSTAIN,"diagnostic confidence not satisfied: insertScore=0.04939548496456815, scanScore=0.0",-1,-1,0,0,0.0,0.0,NaN,NaN,NaN,NaN,NaN,0,0,0,NaN,NaN,NaN,NaN,,,NaN,NaN,NaN
PUBLICATION,LOCAL_HOTSPOT,LARS_FULL,6,134775813,LOCAL_HOTSPOT,,14,21175,268309,233904,233904,233904,233921,268309,268309,8,INSERT_SPLIT_PRESSURE,SLACKEN,COMMIT,trial acceptance rule satisfied,13,14,59,3,5.348514654023624E-5,1.3078163825798857E-4,0.02301123595505618,203591.01123595505,3110.0,3576.4999999999995,351.34164109582986,36200,512,28,2400.0,800.0,4400.0,3500.0,SEARCH=0.2373046875;INSERT=0.4560546875;DELETE=0.1044921875;UPDATE=0.1572265625;RANGE_SEARCH=0.044921875,SEARCH=0.283203125;INSERT=0.44921875;DELETE=0.08984375;UPDATE=0.140625;RANGE_SEARCH=0.037109375,0.6666666666666666,0.6338928222656249,0.0458984375
PUBLICATION,LOCAL_HOTSPOT,LARS_FULL,6,134775813,LOCAL_HOTSPOT,,15,21609,274202,-1,-1,-1,-1,-1,-1,-1,NO_CONFIDENT_DIAGNOSIS,,ABSTAIN,"diagnostic confidence not satisfied: insertScore=0.07395170036601277, scanScore=0.027219085791853597",-1,-1,0,0,0.0,0.0,NaN,NaN,NaN,NaN,NaN,0,0,0,NaN,NaN,NaN,NaN,,,NaN,NaN,NaN
PUBLICATION,LOCAL_HOTSPOT,LARS_FULL,6,134775813,LOCAL_HOTSPOT,,16,21001,274809,-1,-1,-1,-1,-1,-1,-1,NO_CONFIDENT_DIAGNOSIS,,ABSTAIN,"diagnostic confidence not satisfied: insertScore=0.14765014358992043, scanScore=0.0452354241850727",-1,-1,0,0,0.0,0.0,NaN,NaN,NaN,NaN,NaN,0,0,0,NaN,NaN,NaN,NaN,,,NaN,NaN,NaN
PUBLICATION,LOCAL_HOTSPOT,LARS_FULL,6,134775813,LOCAL_HOTSPOT,,17,21614,275161,-1,-1,-1,-1,-1,-1,-1,NO_CONFIDENT_DIAGNOSIS,,ABSTAIN,"diagnostic confidence not satisfied: insertScore=0.37776011780263175, scanScore=0.00727664463056768",-1,-1,0,0,0.0,0.0,NaN,NaN,NaN,NaN,NaN,0,0,0,NaN,NaN,NaN,NaN,,,NaN,NaN,NaN
PUBLICATION,LOCAL_HOTSPOT,LARS_FULL,6,134775813,LOCAL_HOTSPOT,,18,21628,275937,-1,-1,-1,-1,-1,-1,-1,NO_CONFIDENT_DIAGNOSIS,,ABSTAIN,"diagnostic confidence not satisfied: insertScore=0.07074553933375081, scanScore=0.031073961435469654",-1,-1,0,0,0.0,0.0,NaN,NaN,NaN,NaN,NaN,0,0,0,NaN,NaN,NaN,NaN,,,NaN,NaN,NaN
PUBLICATION,LOCAL_HOTSPOT,LARS_FULL,6,134775813,LOCAL_HOTSPOT,,19,21621,278687,-1,-1,-1,-1,-1,-1,-1,NO_CONFIDENT_DIAGNOSIS,,ABSTAIN,"diagnostic confidence not satisfied: insertScore=0.0923726172897863, scanScore=0.00637759427341944",-1,-1,0,0,0.0,0.0,NaN,NaN,NaN,NaN,NaN,0,0,0,NaN,NaN,NaN,NaN,,,NaN,NaN,NaN
PUBLICATION,LOCAL_HOTSPOT,LARS_FULL,6,134775813,LOCAL_HOTSPOT,,20,21661,289159,-1,-1,-1,-1,-1,-1,-1,NO_CONFIDENT_DIAGNOSIS,,ABSTAIN,"diagnostic confidence not satisfied: insertScore=0.06787524370868771, scanScore=0.027343981304732565",-1,-1,0,0,0.0,0.0,NaN,NaN,NaN,NaN,NaN,0,0,0,NaN,NaN,NaN,NaN,,,NaN,NaN,NaN
PUBLICATION,LOCAL_HOTSPOT,LARS_FULL,6,134775813,LOCAL_HOTSPOT,,21,21553,289180,-1,-1,-1,-1,-1,-1,-1,INSERT_SPLIT_PRESSURE,,ABSTAIN,predicted benefit does not repay estimated adaptation cost within configured horizon,-1,-1,0,0,0.0,0.0,NaN,NaN,NaN,NaN,NaN,0,0,0,NaN,NaN,NaN,NaN,,,NaN,NaN,NaN
PUBLICATION,LOCAL_HOTSPOT,LARS_FULL,6,134775813,LOCAL_HOTSPOT,,22,21585,296133,-1,-1,-1,-1,-1,-1,-1,NO_CONFIDENT_DIAGNOSIS,,ABSTAIN,"diagnostic confidence not satisfied: insertScore=0.14877035539524622, scanScore=0.02709588239361072",-1,-1,0,0,0.0,0.0,NaN,NaN,NaN,NaN,NaN,0,0,0,NaN,NaN,NaN,NaN,,,NaN,NaN,NaN
PUBLICATION,LOCAL_HOTSPOT,LARS_FULL,7,16807,LOCAL_HOTSPOT,,1,20999,103501,-1,-1,-1,-1,-1,-1,-1,NO_CONFIDENT_DIAGNOSIS,,ABSTAIN,"diagnostic confidence not satisfied: insertScore=0.10748963817673968, scanScore=0.024521893700368034",-1,-1,0,0,0.0,0.0,NaN,NaN,NaN,NaN,NaN,0,0,0,NaN,NaN,NaN,NaN,,,NaN,NaN,NaN
PUBLICATION,LOCAL_HOTSPOT,LARS_FULL,7,16807,LOCAL_HOTSPOT,,2,21182,106939,-1,-1,-1,-1,-1,-1,-1,NO_CONFIDENT_DIAGNOSIS,,ABSTAIN,"diagnostic confidence not satisfied: insertScore=0.698519710533526, scanScore=0.0",-1,-1,0,0,0.0,0.0,NaN,NaN,NaN,NaN,NaN,0,0,0,NaN,NaN,NaN,NaN,,,NaN,NaN,NaN
PUBLICATION,LOCAL_HOTSPOT,LARS_FULL,7,16807,LOCAL_HOTSPOT,,3,20997,123600,-1,-1,-1,-1,-1,-1,-1,INSERT_SPLIT_PRESSURE,,ABSTAIN,predicted benefit does not repay estimated adaptation cost within configured horizon,-1,-1,0,0,0.0,0.0,NaN,NaN,NaN,NaN,NaN,0,0,0,NaN,NaN,NaN,NaN,,,NaN,NaN,NaN
PUBLICATION,LOCAL_HOTSPOT,LARS_FULL,7,16807,LOCAL_HOTSPOT,,4,21001,127535,-1,-1,-1,-1,-1,-1,-1,INSERT_SPLIT_PRESSURE,,ABSTAIN,predicted benefit does not repay estimated adaptation cost within configured horizon,-1,-1,0,0,0.0,0.0,NaN,NaN,NaN,NaN,NaN,0,0,0,NaN,NaN,NaN,NaN,,,NaN,NaN,NaN
PUBLICATION,LOCAL_HOTSPOT,LARS_FULL,7,16807,LOCAL_HOTSPOT,,5,20996,128634,-1,-1,-1,-1,-1,-1,-1,INSERT_SPLIT_PRESSURE,,ABSTAIN,predicted benefit does not repay estimated adaptation cost within configured horizon,-1,-1,0,0,0.0,0.0,NaN,NaN,NaN,NaN,NaN,0,0,0,NaN,NaN,NaN,NaN,,,NaN,NaN,NaN
PUBLICATION,LOCAL_HOTSPOT,LARS_FULL,7,16807,LOCAL_HOTSPOT,,6,20998,132536,-1,-1,-1,-1,-1,-1,-1,INSERT_SPLIT_PRESSURE,,ABSTAIN,predicted benefit does not repay estimated adaptation cost within configured horizon,-1,-1,0,0,0.0,0.0,NaN,NaN,NaN,NaN,NaN,0,0,0,NaN,NaN,NaN,NaN,,,NaN,NaN,NaN
PUBLICATION,LOCAL_HOTSPOT,LARS_FULL,7,16807,LOCAL_HOTSPOT,,7,20999,149099,133093,133093,133093,133104,149099,-1,7,INSERT_SPLIT_PRESSURE,SLACKEN,ROLLBACK,minimum net-gain threshold not met,60,61,44,3,4.168146832445234E-5,1.3602357742008615E-4,0.034657821701753196,182435.5242672443,2510.0,2886.5,316.440562943394,722000,512,20,2200.0,7700.0,13300.0,12700.0,SEARCH=0.2587890625;INSERT=0.4609375;DELETE=0.0849609375;UPDATE=0.140625;RANGE_SEARCH=0.0546875,SEARCH=0.248046875;INSERT=0.439453125;DELETE=0.087890625;UPDATE=0.15625;RANGE_SEARCH=0.068359375,-2.5,-2.9734599609375,0.0322265625
PUBLICATION,LOCAL_HOTSPOT,LARS_FULL,7,16807,LOCAL_HOTSPOT,,8,21001,160111,-1,-1,-1,-1,-1,-1,-1,NO_CONFIDENT_DIAGNOSIS,,ABSTAIN,"diagnostic confidence not satisfied: insertScore=0.05130890022738153, scanScore=0.046706025080101445",-1,-1,0,0,0.0,0.0,NaN,NaN,NaN,NaN,NaN,0,0,0,NaN,NaN,NaN,NaN,,,NaN,NaN,NaN
PUBLICATION,LOCAL_HOTSPOT,LARS_FULL,7,16807,LOCAL_HOTSPOT,,9,21182,170746,-1,-1,-1,-1,-1,-1,-1,NO_CONFIDENT_DIAGNOSIS,,ABSTAIN,"diagnostic confidence not satisfied: insertScore=0.083731664157707, scanScore=0.0",-1,-1,0,0,0.0,0.0,NaN,NaN,NaN,NaN,NaN,0,0,0,NaN,NaN,NaN,NaN,,,NaN,NaN,NaN
PUBLICATION,LOCAL_HOTSPOT,LARS_FULL,7,16807,LOCAL_HOTSPOT,,10,21573,175788,-1,-1,-1,-1,-1,-1,-1,NO_CONFIDENT_DIAGNOSIS,,ABSTAIN,"diagnostic confidence not satisfied: insertScore=0.04796286650617769, scanScore=0.02120802595740985",-1,-1,0,0,0.0,0.0,NaN,NaN,NaN,NaN,NaN,0,0,0,NaN,NaN,NaN,NaN,,,NaN,NaN,NaN
PUBLICATION,LOCAL_HOTSPOT,LARS_FULL,7,16807,LOCAL_HOTSPOT,,11,21625,233799,202911,202911,202911,202914,233799,-1,4,INSERT_SPLIT_PRESSURE,SLACKEN,ROLLBACK,minimum net-gain threshold not met,10,11,60,3,5.507603705882947E-5,1.33612434863938E-4,0.029295645705784745,154832.06499971388,3150.0,3622.4999999999995,467.9263303769401,32900,512,38,1900.0,2200.0,6200.0,2200.0,SEARCH=0.26171875;INSERT=0.4404296875;DELETE=0.109375;UPDATE=0.1318359375;RANGE_SEARCH=0.056640625,SEARCH=0.2421875;INSERT=0.462890625;DELETE=0.09375;UPDATE=0.16015625;RANGE_SEARCH=0.041015625,-0.15789473684210525,-0.1874482576069079,0.05078125
PUBLICATION,LOCAL_HOTSPOT,LARS_FULL,7,16807,LOCAL_HOTSPOT,,12,21573,234334,-1,-1,-1,-1,-1,-1,-1,NO_CONFIDENT_DIAGNOSIS,,ABSTAIN,"diagnostic confidence not satisfied: insertScore=0.06324994534053777, scanScore=0.0",-1,-1,0,0,0.0,0.0,NaN,NaN,NaN,NaN,NaN,0,0,0,NaN,NaN,NaN,NaN,,,NaN,NaN,NaN
PUBLICATION,LOCAL_HOTSPOT,LARS_FULL,7,16807,LOCAL_HOTSPOT,,13,21610,265078,235751,235751,235751,235809,265078,265078,4,INSERT_SPLIT_PRESSURE,SLACKEN,COMMIT,trial acceptance rule satisfied,12,13,62,3,5.626481488875902E-5,1.3090718680455556E-4,0.017747889838293153,735792.1555713469,3230.0,3714.4999999999995,100.9660125315054,26600,512,25,6400.0,4700.0,6400.0,4700.0,SEARCH=0.25;INSERT=0.4658203125;DELETE=0.107421875;UPDATE=0.1298828125;RANGE_SEARCH=0.046875,SEARCH=0.259765625;INSERT=0.48046875;DELETE=0.09765625;UPDATE=0.125;RANGE_SEARCH=0.037109375,0.265625,0.25391586151123047,0.0244140625
PUBLICATION,LOCAL_HOTSPOT,LARS_FULL,7,16807,LOCAL_HOTSPOT,,14,20996,300000,265373,265373,265373,265485,299968,-1,10,INSERT_SPLIT_PRESSURE,SLACKEN,ROLLBACK,trial censored at RUN_END before a terminal live-trial decision,12,13,57,3,5.106479046862248E-5,1.2837519791176344E-4,0.014827041976166688,270693.297424091,3030.0,3484.4999999999995,257.4500390780557,27300,511,28,5500.000000000001,1000.0,5500.0,1200.0,SEARCH=0.26171875;INSERT=0.427734375;DELETE=0.103515625;UPDATE=0.150390625;RANGE_SEARCH=0.056640625,SEARCH=0.26614481409001955;INSERT=0.4344422700587084;DELETE=0.09001956947162426;UPDATE=0.14090019569471623;RANGE_SEARCH=0.0684931506849315,0.8181818181818182,0.8014433602627842,0.022986484833659476
PUBLICATION,LOCAL_HOTSPOT,LARS_FULL,8,2147483647,LOCAL_HOTSPOT,,1,21001,88154,-1,-1,-1,-1,-1,-1,-1,NO_CONFIDENT_DIAGNOSIS,,ABSTAIN,"diagnostic confidence not satisfied: insertScore=0.0673676975872211, scanScore=0.0",-1,-1,0,0,0.0,0.0,NaN,NaN,NaN,NaN,NaN,0,0,0,NaN,NaN,NaN,NaN,,,NaN,NaN,NaN
PUBLICATION,LOCAL_HOTSPOT,LARS_FULL,8,2147483647,LOCAL_HOTSPOT,,2,21001,133248,116908,116908,116908,116957,133248,133248,7,INSERT_SPLIT_PRESSURE,SLACKEN,COMMIT,trial acceptance rule satisfied,34,35,52,3,4.957380825041637E-5,1.3650634754516086E-4,0.035684415946473376,263040.1449679398,2830.0,3254.4999999999995,247.45272250337825,1001700,512,32,3200.0,1500.0,3200.0,1500.0,SEARCH=0.23828125;INSERT=0.458984375;DELETE=0.095703125;UPDATE=0.166015625;RANGE_SEARCH=0.041015625,SEARCH=0.2421875;INSERT=0.447265625;DELETE=0.09375;UPDATE=0.169921875;RANGE_SEARCH=0.046875,0.53125,0.09263941650390628,0.013671875
PUBLICATION,LOCAL_HOTSPOT,LARS_FULL,8,2147483647,LOCAL_HOTSPOT,,3,20998,148201,-1,-1,-1,-1,-1,-1,-1,NO_CONFIDENT_DIAGNOSIS,,ABSTAIN,"diagnostic confidence not satisfied: insertScore=0.09324831856997765, scanScore=0.0631261763096977",-1,-1,0,0,0.0,0.0,NaN,NaN,NaN,NaN,NaN,0,0,0,NaN,NaN,NaN,NaN,,,NaN,NaN,NaN
PUBLICATION,LOCAL_HOTSPOT,LARS_FULL,8,2147483647,LOCAL_HOTSPOT,,4,21000,169842,153181,153181,153181,153239,169842,169842,8,INSERT_SPLIT_PRESSURE,SLACKEN,COMMIT,trial acceptance rule satisfied,2,3,61,3,5.736948676880943E-5,1.3586341198315293E-4,0.0310538286580743,1173890.486732373,3190.0,3668.4999999999995,62.50157133842341,35200,512,40,9600.0,1200.0,9600.0,2000.0,SEARCH=0.240234375;INSERT=0.443359375;DELETE=0.1025390625;UPDATE=0.1640625;RANGE_SEARCH=0.0498046875,SEARCH=0.212890625;INSERT=0.5;DELETE=0.078125;UPDATE=0.13671875;RANGE_SEARCH=0.072265625,0.875,0.8690962727864583,0.0791015625
PUBLICATION,LOCAL_HOTSPOT,LARS_FULL,8,2147483647,LOCAL_HOTSPOT,,5,21582,249218,219872,219872,219872,220050,249218,249218,5,INSERT_SPLIT_PRESSURE,SLACKEN,COMMIT,trial acceptance rule satisfied,0,1,61,3,5.571015376915722E-5,1.3242694446896795E-4,0.017240218196511548,495740.4539026197,3190.0,3668.4999999999995,148.00083273900492,27800,512,25,4900.0,1200.0,4900.0,1200.0,SEARCH=0.2529296875;INSERT=0.4423828125;DELETE=0.107421875;UPDATE=0.146484375;RANGE_SEARCH=0.05078125,SEARCH=0.26171875;INSERT=0.431640625;DELETE=0.103515625;UPDATE=0.15625;RANGE_SEARCH=0.046875,0.7551020408163265,0.7386478714923469,0.0185546875
PUBLICATION,LOCAL_HOTSPOT,LARS_FULL,8,2147483647,LOCAL_HOTSPOT,,6,21613,270240,-1,-1,-1,-1,-1,-1,-1,NO_CONFIDENT_DIAGNOSIS,,ABSTAIN,"diagnostic confidence not satisfied: insertScore=0.09863358687831225, scanScore=0.02304212656689983",-1,-1,0,0,0.0,0.0,NaN,NaN,NaN,NaN,NaN,0,0,0,NaN,NaN,NaN,NaN,,,NaN,NaN,NaN
PUBLICATION,LOCAL_HOTSPOT,LARS_FULL,8,2147483647,LOCAL_HOTSPOT,,7,21579,300000,285241,285241,285241,285381,299980,-1,6,INSERT_SPLIT_PRESSURE,SLACKEN,ROLLBACK,trial censored at RUN_END before a terminal live-trial decision,32,33,61,3,5.4683017785427426E-5,1.284411525452755E-4,0.01714180491152887,70495.67269866247,3190.0,3668.4999999999995,1040.7731026785714,25200,270,0,NaN,NaN,1800.0,1200.0,SEARCH=0.24609375;INSERT=0.4375;DELETE=0.0986328125;UPDATE=0.166015625;RANGE_SEARCH=0.0517578125,SEARCH=0.2518518518518518;INSERT=0.44074074074074077;DELETE=0.09259259259259259;UPDATE=0.15925925925925927;RANGE_SEARCH=0.05555555555555555,NaN,NaN,0.012796585648148145
PUBLICATION,LOCAL_HOTSPOT,LARS_FULL,9,6364136223846793005,LOCAL_HOTSPOT,,1,20997,50832,-1,-1,-1,-1,-1,-1,-1,NO_CONFIDENT_DIAGNOSIS,,ABSTAIN,"diagnostic confidence not satisfied: insertScore=0.048787107179420044, scanScore=0.05374262364123076",-1,-1,0,0,0.0,0.0,NaN,NaN,NaN,NaN,NaN,0,0,0,NaN,NaN,NaN,NaN,,,NaN,NaN,NaN
PUBLICATION,LOCAL_HOTSPOT,LARS_FULL,9,6364136223846793005,LOCAL_HOTSPOT,,2,21170,101542,85102,85102,85102,85224,101542,-1,4,INSERT_SPLIT_PRESSURE,SLACKEN,ROLLBACK,minimum net-gain threshold not met,32,34,88,4,8.485542756528564E-5,1.854513422040892E-4,0.03793435578276654,211513.66970437873,4520.0,5198.0,491.50487599831865,722900,512,29,2800.0,2000.0,2800.0,2000.0,SEARCH=0.25;INSERT=0.45703125;DELETE=0.1044921875;UPDATE=0.1455078125;RANGE_SEARCH=0.04296875,SEARCH=0.2578125;INSERT=0.416015625;DELETE=0.11328125;UPDATE=0.15234375;RANGE_SEARCH=0.060546875,0.2857142857142857,-0.054582216099330394,0.041015625
PUBLICATION,LOCAL_HOTSPOT,LARS_FULL,9,6364136223846793005,LOCAL_HOTSPOT,,3,21173,120845,105208,105208,105208,105266,120845,120845,5,INSERT_SPLIT_PRESSURE,SLACKEN,COMMIT,trial acceptance rule satisfied,6,7,63,3,6.03169223433986E-5,1.3717421124828533E-4,0.032595893681362405,168372.4335508515,3270.0,3760.4999999999995,446.6883231053688,28700,512,29,2300.0,900.0,2300.0,1400.0,SEARCH=0.2529296875;INSERT=0.4326171875;DELETE=0.1064453125;UPDATE=0.1533203125;RANGE_SEARCH=0.0546875,SEARCH=0.2734375;INSERT=0.431640625;DELETE=0.111328125;UPDATE=0.119140625;RANGE_SEARCH=0.064453125,0.6086956521739131,0.5895548042629076,0.03515625
PUBLICATION,LOCAL_HOTSPOT,LARS_FULL,9,6364136223846793005,LOCAL_HOTSPOT,,4,21000,143831,126112,126112,126112,126146,143831,143831,7,INSERT_SPLIT_PRESSURE,SLACKEN,COMMIT,trial acceptance rule satisfied,12,13,43,3,4.081849628456757E-5,1.3613468257929844E-4,0.029437976139140433,54847.31924680171,2470.0,2840.5,1035.7844427066093,28000,512,28,3100.0,1200.0,3100.0,1200.0,SEARCH=0.259765625;INSERT=0.423828125;DELETE=0.09375;UPDATE=0.162109375;RANGE_SEARCH=0.060546875,SEARCH=0.23828125;INSERT=0.453125;DELETE=0.1015625;UPDATE=0.15234375;RANGE_SEARCH=0.0546875,0.6129032258064516,0.5975620589717742,0.037109375
PUBLICATION,LOCAL_HOTSPOT,LARS_FULL,9,6364136223846793005,LOCAL_HOTSPOT,,5,20999,147945,-1,-1,-1,-1,-1,-1,-1,NO_CONFIDENT_DIAGNOSIS,,ABSTAIN,"diagnostic confidence not satisfied: insertScore=0.11945009791567056, scanScore=0.058049628482379545",-1,-1,0,0,0.0,0.0,NaN,NaN,NaN,NaN,NaN,0,0,0,NaN,NaN,NaN,NaN,,,NaN,NaN,NaN
PUBLICATION,LOCAL_HOTSPOT,LARS_FULL,9,6364136223846793005,LOCAL_HOTSPOT,,6,20996,150259,-1,-1,-1,-1,-1,-1,-1,NO_CONFIDENT_DIAGNOSIS,,ABSTAIN,"diagnostic confidence not satisfied: insertScore=0.07499399320484659, scanScore=0.06440413989171222",-1,-1,0,0,0.0,0.0,NaN,NaN,NaN,NaN,NaN,0,0,0,NaN,NaN,NaN,NaN,,,NaN,NaN,NaN
PUBLICATION,LOCAL_HOTSPOT,LARS_FULL,9,6364136223846793005,LOCAL_HOTSPOT,,7,21001,150658,-1,-1,-1,-1,-1,-1,-1,NO_CONFIDENT_DIAGNOSIS,,ABSTAIN,"diagnostic confidence not satisfied: insertScore=0.12858062898300743, scanScore=0.06975440684352689",-1,-1,0,0,0.0,0.0,NaN,NaN,NaN,NaN,NaN,0,0,0,NaN,NaN,NaN,NaN,,,NaN,NaN,NaN
PUBLICATION,LOCAL_HOTSPOT,LARS_FULL,9,6364136223846793005,LOCAL_HOTSPOT,,8,20998,151827,-1,-1,-1,-1,-1,-1,-1,NO_CONFIDENT_DIAGNOSIS,,ABSTAIN,"diagnostic confidence not satisfied: insertScore=0.08923177701795346, scanScore=0.05340852030173135",-1,-1,0,0,0.0,0.0,NaN,NaN,NaN,NaN,NaN,0,0,0,NaN,NaN,NaN,NaN,,,NaN,NaN,NaN
PUBLICATION,LOCAL_HOTSPOT,LARS_FULL,9,6364136223846793005,LOCAL_HOTSPOT,,9,21540,153156,-1,-1,-1,-1,-1,-1,-1,NO_CONFIDENT_DIAGNOSIS,,ABSTAIN,"diagnostic confidence not satisfied: insertScore=0.04731250944928472, scanScore=0.0200658783333674",-1,-1,0,0,0.0,0.0,NaN,NaN,NaN,NaN,NaN,0,0,0,NaN,NaN,NaN,NaN,,,NaN,NaN,NaN
PUBLICATION,LOCAL_HOTSPOT,LARS_FULL,9,6364136223846793005,LOCAL_HOTSPOT,,10,21538,186913,156743,156743,156743,156748,186913,-1,4,INSERT_SPLIT_PRESSURE,SLACKEN,ROLLBACK,tail-latency guard failed,22,23,47,3,4.390623496561768E-5,1.35666802333469E-4,0.029668260176734754,79936.25959727654,2630.0,3024.4999999999995,756.7279267850669,25900,512,25,1400.0,700.0,1400.0,4100.0,SEARCH=0.2373046875;INSERT=0.4345703125;DELETE=0.1025390625;UPDATE=0.1787109375;RANGE_SEARCH=0.046875,SEARCH=0.271484375;INSERT=0.4140625;DELETE=0.09375;UPDATE=0.166015625;RANGE_SEARCH=0.0546875,0.5,0.4688218994140625,0.0419921875
PUBLICATION,LOCAL_HOTSPOT,LARS_FULL,9,6364136223846793005,LOCAL_HOTSPOT,,11,21540,233998,206633,206633,206633,206653,233998,233998,5,INSERT_SPLIT_PRESSURE,SLACKEN,COMMIT,trial acceptance rule satisfied,22,23,54,3,4.956511203551065E-5,1.3350540696898224E-4,0.01915056759738924,34934.8244842999,2910.0,3346.4999999999995,1915.8533351177728,31600,512,32,1300.0,700.0,4800.0,4200.0,SEARCH=0.2626953125;INSERT=0.4560546875;DELETE=0.0908203125;UPDATE=0.1435546875;RANGE_SEARCH=0.046875,SEARCH=0.259765625;INSERT=0.462890625;DELETE=0.08984375;UPDATE=0.13671875;RANGE_SEARCH=0.05078125,0.46153846153846156,0.39807378305288466,0.0107421875
PUBLICATION,LOCAL_HOTSPOT,LARS_FULL,9,6364136223846793005,LOCAL_HOTSPOT,,12,21576,270164,239144,239144,239144,239186,270164,270164,5,INSERT_SPLIT_PRESSURE,SLACKEN,COMMIT,trial acceptance rule satisfied,3,4,63,3,5.706061739588022E-5,1.3034410844629823E-4,0.016591862857883565,52731.014145211215,3270.0,3760.4999999999995,1426.2953447640116,26600,512,25,2100.0,1800.0,10600.0,1800.0,SEARCH=0.2373046875;INSERT=0.44140625;DELETE=0.119140625;UPDATE=0.1513671875;RANGE_SEARCH=0.05078125,SEARCH=0.201171875;INSERT=0.451171875;DELETE=0.1328125;UPDATE=0.15625;RANGE_SEARCH=0.05859375,0.14285714285714285,0.10468582124255951,0.0361328125
PUBLICATION,LOCAL_HOTSPOT,LARS_FULL,9,6364136223846793005,LOCAL_HOTSPOT,,13,21605,300000,275960,275960,275960,275998,299917,-1,5,INSERT_SPLIT_PRESSURE,SLACKEN,ROLLBACK,trial censored at RUN_END before a terminal live-trial decision,26,27,60,3,5.373994167424997E-5,1.2841366321376593E-4,0.015749726994478366,290764.26165464416,3150.0,3622.4999999999995,249.17092488502809,28700,389,16,4800.0,700.0,4800.0,4000.0,SEARCH=0.2509765625;INSERT=0.4267578125;DELETE=0.115234375;UPDATE=0.1572265625;RANGE_SEARCH=0.0498046875,SEARCH=0.2647814910025707;INSERT=0.43958868894601544;DELETE=0.08740359897172237;UPDATE=0.14395886889460155;RANGE_SEARCH=0.06426735218508997,0.8541666666666666,0.8351848561604818,0.041098469633676096
PUBLICATION,LOCAL_HOTSPOT,LARS_NO_DIAGNOSIS,0,1103515245,LOCAL_HOTSPOT,,1,21177,125385,110962,110962,110962,110973,125385,125385,4,INSERT_SPLIT_PRESSURE,SLACKEN,COMMIT,trial acceptance rule satisfied,7,8,62,3,5.924306473929229E-5,1.3686131386861315E-4,0.0339106533761632,1604238.8316720205,3230.0,3714.4999999999995,46.30856611454238,1193600,512,30,7600.0,1900.0,7600.0,1900.0,SEARCH=0.248046875;INSERT=0.431640625;DELETE=0.12109375;UPDATE=0.154296875;RANGE_SEARCH=0.044921875,SEARCH=0.234375;INSERT=0.447265625;DELETE=0.095703125;UPDATE=0.162109375;RANGE_SEARCH=0.060546875,0.75,0.5184317228618421,0.0390625
PUBLICATION,LOCAL_HOTSPOT,LARS_NO_DIAGNOSIS,0,1103515245,LOCAL_HOTSPOT,,2,21000,128417,-1,-1,-1,-1,-1,-1,-1,NO_CONFIDENT_DIAGNOSIS,,ABSTAIN,no cost-admissible candidate without explicit diagnosis,-1,-1,0,0,0.0,0.0,NaN,NaN,NaN,NaN,NaN,0,0,0,NaN,NaN,NaN,NaN,,,NaN,NaN,NaN
PUBLICATION,LOCAL_HOTSPOT,LARS_NO_DIAGNOSIS,0,1103515245,LOCAL_HOTSPOT,,3,20998,128709,-1,-1,-1,-1,-1,-1,-1,NO_CONFIDENT_DIAGNOSIS,,ABSTAIN,no cost-admissible candidate without explicit diagnosis,-1,-1,0,0,0.0,0.0,NaN,NaN,NaN,NaN,NaN,0,0,0,NaN,NaN,NaN,NaN,,,NaN,NaN,NaN
PUBLICATION,LOCAL_HOTSPOT,LARS_NO_DIAGNOSIS,0,1103515245,LOCAL_HOTSPOT,,4,20997,129974,-1,-1,-1,-1,-1,-1,-1,NO_CONFIDENT_DIAGNOSIS,,ABSTAIN,no cost-admissible candidate without explicit diagnosis,-1,-1,0,0,0.0,0.0,NaN,NaN,NaN,NaN,NaN,0,0,0,NaN,NaN,NaN,NaN,,,NaN,NaN,NaN
PUBLICATION,LOCAL_HOTSPOT,LARS_NO_DIAGNOSIS,0,1103515245,LOCAL_HOTSPOT,,5,21001,130000,-1,-1,-1,-1,-1,-1,-1,NO_CONFIDENT_DIAGNOSIS,,ABSTAIN,no cost-admissible candidate without explicit diagnosis,-1,-1,0,0,0.0,0.0,NaN,NaN,NaN,NaN,NaN,0,0,0,NaN,NaN,NaN,NaN,,,NaN,NaN,NaN
PUBLICATION,LOCAL_HOTSPOT,LARS_NO_DIAGNOSIS,0,1103515245,LOCAL_HOTSPOT,,6,20999,136176,-1,-1,-1,-1,-1,-1,-1,NO_CONFIDENT_DIAGNOSIS,,ABSTAIN,no cost-admissible candidate without explicit diagnosis,-1,-1,0,0,0.0,0.0,NaN,NaN,NaN,NaN,NaN,0,0,0,NaN,NaN,NaN,NaN,,,NaN,NaN,NaN
PUBLICATION,LOCAL_HOTSPOT,LARS_NO_DIAGNOSIS,0,1103515245,LOCAL_HOTSPOT,,7,20996,172146,157011,157011,157011,157048,172146,172146,8,INSERT_SPLIT_PRESSURE,SLACKEN,COMMIT,trial acceptance rule satisfied,34,36,85,4,7.98171529878847E-5,1.811184061580258E-4,0.03148734663755727,690691.614648996,4400.0,5060.0,146.51980399592523,32500,512,30,5000.0,900.0,5000.0,2300.0,SEARCH=0.244140625;INSERT=0.4521484375;DELETE=0.103515625;UPDATE=0.142578125;RANGE_SEARCH=0.0576171875,SEARCH=0.224609375;INSERT=0.462890625;DELETE=0.103515625;UPDATE=0.14453125;RANGE_SEARCH=0.064453125,0.82,0.8096783935546874,0.01953125
PUBLICATION,LOCAL_HOTSPOT,LARS_NO_DIAGNOSIS,0,1103515245,LOCAL_HOTSPOT,,8,21587,208751,180375,180375,180375,180394,208751,-1,4,INSERT_SPLIT_PRESSURE,SLACKEN,ROLLBACK,tail-latency guard failed,33,34,58,3,5.373624398478338E-5,1.3509253838879631E-4,0.020015637216575448,497638.78029710706,3070.0,3530.4999999999995,141.89006724484665,31600,512,28,3700.0,1000.0,3700.0,16700.0,SEARCH=0.24609375;INSERT=0.45703125;DELETE=0.0927734375;UPDATE=0.1533203125;RANGE_SEARCH=0.05078125,SEARCH=0.25390625;INSERT=0.45703125;DELETE=0.08984375;UPDATE=0.14453125;RANGE_SEARCH=0.0546875,0.7297297297297297,0.7083950591216216,0.01171875
PUBLICATION,LOCAL_HOTSPOT,LARS_NO_DIAGNOSIS,0,1103515245,LOCAL_HOTSPOT,,9,21561,236167,-1,-1,-1,-1,-1,-1,-1,NO_CONFIDENT_DIAGNOSIS,,ABSTAIN,no cost-admissible candidate without explicit diagnosis,-1,-1,0,0,0.0,0.0,NaN,NaN,NaN,NaN,NaN,0,0,0,NaN,NaN,NaN,NaN,,,NaN,NaN,NaN
PUBLICATION,LOCAL_HOTSPOT,LARS_NO_DIAGNOSIS,0,1103515245,LOCAL_HOTSPOT,,10,21609,272641,242135,242135,242135,242154,272641,272641,4,INSERT_SPLIT_PRESSURE,SLACKEN,COMMIT,trial acceptance rule satisfied,37,38,63,3,5.699474834104572E-5,1.3029881862404447E-4,0.01669438194919952,539958.9161694219,3270.0,3760.4999999999995,139.28837499999997,28300,512,30,4400.0,1300.0,4400.0,1300.0,SEARCH=0.23828125;INSERT=0.46875;DELETE=0.09765625;UPDATE=0.1416015625;RANGE_SEARCH=0.0537109375,SEARCH=0.23828125;INSERT=0.4609375;DELETE=0.078125;UPDATE=0.16796875;RANGE_SEARCH=0.0546875,0.7045454545454546,0.6852820334694603,0.02734375
PUBLICATION,LOCAL_HOTSPOT,LARS_NO_DIAGNOSIS,0,1103515245,LOCAL_HOTSPOT,,11,20999,272810,-1,-1,-1,-1,-1,-1,-1,NO_CONFIDENT_DIAGNOSIS,,ABSTAIN,no cost-admissible candidate without explicit diagnosis,-1,-1,0,0,0.0,0.0,NaN,NaN,NaN,NaN,NaN,0,0,0,NaN,NaN,NaN,NaN,,,NaN,NaN,NaN
PUBLICATION,LOCAL_HOTSPOT,LARS_NO_DIAGNOSIS,0,1103515245,LOCAL_HOTSPOT,,12,21633,280839,-1,-1,-1,-1,-1,-1,-1,NO_CONFIDENT_DIAGNOSIS,,ABSTAIN,no cost-admissible candidate without explicit diagnosis,-1,-1,0,0,0.0,0.0,NaN,NaN,NaN,NaN,NaN,0,0,0,NaN,NaN,NaN,NaN,,,NaN,NaN,NaN
PUBLICATION,LOCAL_HOTSPOT,LARS_NO_DIAGNOSIS,0,1103515245,LOCAL_HOTSPOT,,13,21001,281098,-1,-1,-1,-1,-1,-1,-1,NO_CONFIDENT_DIAGNOSIS,,ABSTAIN,no cost-admissible candidate without explicit diagnosis,-1,-1,0,0,0.0,0.0,NaN,NaN,NaN,NaN,NaN,0,0,0,NaN,NaN,NaN,NaN,,,NaN,NaN,NaN
PUBLICATION,LOCAL_HOTSPOT,LARS_NO_DIAGNOSIS,0,1103515245,LOCAL_HOTSPOT,,14,21561,300000,298638,298638,298638,298858,299924,-1,6,INSERT_SPLIT_PRESSURE,SLACKEN,ROLLBACK,trial censored at RUN_END before a terminal live-trial decision,39,40,63,3,5.641829779726846E-5,1.2851267991775188E-4,0.016417623292503045,626771.6282947476,3270.0,3760.4999999999995,119.99585910521064,31400,20,0,NaN,NaN,6400.0,NaN,SEARCH=0.2578125;INSERT=0.4599609375;DELETE=0.08984375;UPDATE=0.1416015625;RANGE_SEARCH=0.05078125,SEARCH=0.2;INSERT=0.55;DELETE=0.05;UPDATE=0.1;RANGE_SEARCH=0.1,NaN,NaN,0.13925781250000002
PUBLICATION,LOCAL_HOTSPOT,LARS_NO_DIAGNOSIS,1,214013,LOCAL_HOTSPOT,,1,20997,50895,-1,-1,-1,-1,-1,-1,-1,NO_CONFIDENT_DIAGNOSIS,,ABSTAIN,no cost-admissible candidate without explicit diagnosis,-1,-1,0,0,0.0,0.0,NaN,NaN,NaN,NaN,NaN,0,0,0,NaN,NaN,NaN,NaN,,,NaN,NaN,NaN
PUBLICATION,LOCAL_HOTSPOT,LARS_NO_DIAGNOSIS,1,214013,LOCAL_HOTSPOT,,2,20998,51487,-1,-1,-1,-1,-1,-1,-1,NO_CONFIDENT_DIAGNOSIS,,ABSTAIN,no cost-admissible candidate without explicit diagnosis,-1,-1,0,0,0.0,0.0,NaN,NaN,NaN,NaN,NaN,0,0,0,NaN,NaN,NaN,NaN,,,NaN,NaN,NaN
PUBLICATION,LOCAL_HOTSPOT,LARS_NO_DIAGNOSIS,1,214013,LOCAL_HOTSPOT,,3,20997,65175,-1,-1,-1,-1,-1,-1,-1,NO_CONFIDENT_DIAGNOSIS,,ABSTAIN,no cost-admissible candidate without explicit diagnosis,-1,-1,0,0,0.0,0.0,NaN,NaN,NaN,NaN,NaN,0,0,0,NaN,NaN,NaN,NaN,,,NaN,NaN,NaN
PUBLICATION,LOCAL_HOTSPOT,LARS_NO_DIAGNOSIS,1,214013,LOCAL_HOTSPOT,,4,20997,92218,-1,-1,-1,-1,-1,-1,-1,NO_CONFIDENT_DIAGNOSIS,,ABSTAIN,no cost-admissible candidate without explicit diagnosis,-1,-1,0,0,0.0,0.0,NaN,NaN,NaN,NaN,NaN,0,0,0,NaN,NaN,NaN,NaN,,,NaN,NaN,NaN
PUBLICATION,LOCAL_HOTSPOT,LARS_NO_DIAGNOSIS,1,214013,LOCAL_HOTSPOT,,5,21176,130464,114594,114594,114594,114606,130464,-1,4,INSERT_SPLIT_PRESSURE,SLACKEN,ROLLBACK,tail-latency guard failed,26,27,50,3,4.769831768033542E-5,1.3650634754516086E-4,0.0330098965217111,62538.28051964798,2750.0,3162.4999999999995,1011.3805412371131,876600,512,30,1600.0,8500.0,4100.0,8500.0,SEARCH=0.25390625;INSERT=0.4736328125;DELETE=0.0810546875;UPDATE=0.1416015625;RANGE_SEARCH=0.0498046875,SEARCH=0.208984375;INSERT=0.478515625;DELETE=0.12109375;UPDATE=0.150390625;RANGE_SEARCH=0.041015625,-4.3125,-5.142364764404297,0.0537109375
PUBLICATION,LOCAL_HOTSPOT,LARS_NO_DIAGNOSIS,1,214013,LOCAL_HOTSPOT,,6,20996,134458,-1,-1,-1,-1,-1,-1,-1,NO_CONFIDENT_DIAGNOSIS,,ABSTAIN,no cost-admissible candidate without explicit diagnosis,-1,-1,0,0,0.0,0.0,NaN,NaN,NaN,NaN,NaN,0,0,0,NaN,NaN,NaN,NaN,,,NaN,NaN,NaN
PUBLICATION,LOCAL_HOTSPOT,LARS_NO_DIAGNOSIS,1,214013,LOCAL_HOTSPOT,,7,21174,160943,144429,144429,144429,144478,160943,160943,6,INSERT_SPLIT_PRESSURE,SLACKEN,COMMIT,trial acceptance rule satisfied,29,30,47,3,4.433405997172053E-5,1.3585725930622227E-4,0.03101056903182823,443407.52854244265,2630.0,3024.4999999999995,136.42077796658322,31900,512,27,2800.0,900.0,2800.0,900.0,SEARCH=0.2587890625;INSERT=0.46484375;DELETE=0.0888671875;UPDATE=0.1435546875;RANGE_SEARCH=0.0439453125,SEARCH=0.255859375;INSERT=0.462890625;DELETE=0.064453125;UPDATE=0.158203125;RANGE_SEARCH=0.05859375,0.6785714285714286,0.6602021153041295,0.029296875
PUBLICATION,LOCAL_HOTSPOT,LARS_NO_DIAGNOSIS,1,214013,LOCAL_HOTSPOT,,8,21587,193984,163476,163476,163476,163494,193984,193984,4,INSERT_SPLIT_PRESSURE,SLACKEN,COMMIT,trial acceptance rule satisfied,14,15,51,3,4.753108626239769E-5,1.3557483731019523E-4,0.02669377753447512,139401.99681968667,2790.0,3208.4999999999995,460.32339180192974,27100,512,29,1700.0,900.0,1900.0,1600.0,SEARCH=0.24609375;INSERT=0.4501953125;DELETE=0.1064453125;UPDATE=0.14453125;RANGE_SEARCH=0.052734375,SEARCH=0.236328125;INSERT=0.447265625;DELETE=0.125;UPDATE=0.134765625;RANGE_SEARCH=0.056640625,0.47058823529411764,0.44072888614430145,0.0224609375
PUBLICATION,LOCAL_HOTSPOT,LARS_NO_DIAGNOSIS,1,214013,LOCAL_HOTSPOT,,9,21000,229540,197997,197997,197997,198071,229540,229540,9,INSERT_SPLIT_PRESSURE,SLACKEN,COMMIT,trial acceptance rule satisfied,23,24,59,3,5.42699904429627E-5,1.3392857142857144E-4,0.02153296183366628,280572.8945431605,3110.0,3576.4999999999995,254.94265979066816,25200,512,26,4700.0,1900.0,4700.0,1900.0,SEARCH=0.244140625;INSERT=0.4658203125;DELETE=0.10546875;UPDATE=0.1474609375;RANGE_SEARCH=0.037109375,SEARCH=0.298828125;INSERT=0.38671875;DELETE=0.087890625;UPDATE=0.158203125;RANGE_SEARCH=0.068359375,0.5957446808510638,0.5832946933178191,0.0966796875
PUBLICATION,LOCAL_HOTSPOT,LARS_NO_DIAGNOSIS,1,214013,LOCAL_HOTSPOT,,10,21568,265689,234738,234738,234738,234758,265689,265689,5,INSERT_SPLIT_PRESSURE,SLACKEN,COMMIT,trial acceptance rule satisfied,4,6,91,4,8.259467073770655E-5,1.7474879860200962E-4,0.016631206249695475,198210.19635867537,4640.0,5336.0,538.4183153064569,39700,512,21,2400.0,1300.0,4600.0,1800.0,SEARCH=0.2421875;INSERT=0.44140625;DELETE=0.1142578125;UPDATE=0.15234375;RANGE_SEARCH=0.0498046875,SEARCH=0.22265625;INSERT=0.43359375;DELETE=0.1171875;UPDATE=0.16015625;RANGE_SEARCH=0.06640625,0.4583333333333333,0.40860252482096354,0.02734375
PUBLICATION,LOCAL_HOTSPOT,LARS_NO_DIAGNOSIS,1,214013,LOCAL_HOTSPOT,,11,21604,300000,269798,269798,269798,269837,299957,-1,5,INSERT_SPLIT_PRESSURE,SLACKEN,ROLLBACK,trial censored at RUN_END before a terminal live-trial decision,26,27,60,3,5.3774812594778104E-5,1.2845215157353886E-4,0.016340860129258755,66212.39926593791,3150.0,3622.4999999999995,1094.2059312638582,30800,476,37,1900.0,4500.0,4500.0,4500.0,SEARCH=0.25;INSERT=0.4404296875;DELETE=0.111328125;UPDATE=0.1435546875;RANGE_SEARCH=0.0546875,SEARCH=0.27941176470588236;INSERT=0.42436974789915966;DELETE=0.10504201680672269;UPDATE=0.14495798319327732;RANGE_SEARCH=0.046218487394957986,-1.368421052631579,-1.4180222553453947,0.030815060399159676
PUBLICATION,LOCAL_HOTSPOT,LARS_NO_DIAGNOSIS,2,1664525,LOCAL_HOTSPOT,,1,20996,52554,-1,-1,-1,-1,-1,-1,-1,NO_CONFIDENT_DIAGNOSIS,,ABSTAIN,no cost-admissible candidate without explicit diagnosis,-1,-1,0,0,0.0,0.0,NaN,NaN,NaN,NaN,NaN,0,0,0,NaN,NaN,NaN,NaN,,,NaN,NaN,NaN
PUBLICATION,LOCAL_HOTSPOT,LARS_NO_DIAGNOSIS,2,1664525,LOCAL_HOTSPOT,,2,21177,123721,108790,108790,108790,108835,123721,123721,4,INSERT_SPLIT_PRESSURE,SLACKEN,COMMIT,trial acceptance rule satisfied,33,34,59,3,5.641765126624159E-5,1.3696753869332968E-4,0.033196096865173275,1241585.8916588323,3110.0,3576.4999999999995,57.61180155199063,32100,512,26,5800.0,800.0,5800.0,2367.0,SEARCH=0.255859375;INSERT=0.462890625;DELETE=0.0830078125;UPDATE=0.1435546875;RANGE_SEARCH=0.0546875,SEARCH=0.263671875;INSERT=0.40625;DELETE=0.115234375;UPDATE=0.15625;RANGE_SEARCH=0.05859375,0.8620689655172413,0.8537329211004848,0.056640625
PUBLICATION,LOCAL_HOTSPOT,LARS_NO_DIAGNOSIS,2,1664525,LOCAL_HOTSPOT,,3,21001,124829,-1,-1,-1,-1,-1,-1,-1,NO_CONFIDENT_DIAGNOSIS,,ABSTAIN,no cost-admissible candidate without explicit diagnosis,-1,-1,0,0,0.0,0.0,NaN,NaN,NaN,NaN,NaN,0,0,0,NaN,NaN,NaN,NaN,,,NaN,NaN,NaN
PUBLICATION,LOCAL_HOTSPOT,LARS_NO_DIAGNOSIS,2,1664525,LOCAL_HOTSPOT,,4,20998,124832,-1,-1,-1,-1,-1,-1,-1,NO_CONFIDENT_DIAGNOSIS,,ABSTAIN,no cost-admissible candidate without explicit diagnosis,-1,-1,0,0,0.0,0.0,NaN,NaN,NaN,NaN,NaN,0,0,0,NaN,NaN,NaN,NaN,,,NaN,NaN,NaN
PUBLICATION,LOCAL_HOTSPOT,LARS_NO_DIAGNOSIS,2,1664525,LOCAL_HOTSPOT,,5,21000,126068,-1,-1,-1,-1,-1,-1,-1,NO_CONFIDENT_DIAGNOSIS,,ABSTAIN,no cost-admissible candidate without explicit diagnosis,-1,-1,0,0,0.0,0.0,NaN,NaN,NaN,NaN,NaN,0,0,0,NaN,NaN,NaN,NaN,,,NaN,NaN,NaN
PUBLICATION,LOCAL_HOTSPOT,LARS_NO_DIAGNOSIS,2,1664525,LOCAL_HOTSPOT,,6,20997,127326,-1,-1,-1,-1,-1,-1,-1,NO_CONFIDENT_DIAGNOSIS,,ABSTAIN,no cost-admissible candidate without explicit diagnosis,-1,-1,0,0,0.0,0.0,NaN,NaN,NaN,NaN,NaN,0,0,0,NaN,NaN,NaN,NaN,,,NaN,NaN,NaN
PUBLICATION,LOCAL_HOTSPOT,LARS_NO_DIAGNOSIS,2,1664525,LOCAL_HOTSPOT,,7,20996,127781,-1,-1,-1,-1,-1,-1,-1,NO_CONFIDENT_DIAGNOSIS,,ABSTAIN,no cost-admissible candidate without explicit diagnosis,-1,-1,0,0,0.0,0.0,NaN,NaN,NaN,NaN,NaN,0,0,0,NaN,NaN,NaN,NaN,,,NaN,NaN,NaN
PUBLICATION,LOCAL_HOTSPOT,LARS_NO_DIAGNOSIS,2,1664525,LOCAL_HOTSPOT,,8,21173,153892,138328,138328,138328,138335,153892,153892,5,INSERT_SPLIT_PRESSURE,SLACKEN,COMMIT,trial acceptance rule satisfied,38,39,46,3,4.35028905779359E-5,1.3591265346803787E-4,0.034092422426421624,775169.7962445066,2590.0,2978.4999999999995,76.8476794227548,30400,512,24,4400.0,2400.0,4400.0,2400.0,SEARCH=0.2548828125;INSERT=0.439453125;DELETE=0.09765625;UPDATE=0.150390625;RANGE_SEARCH=0.0576171875,SEARCH=0.2578125;INSERT=0.455078125;DELETE=0.095703125;UPDATE=0.1484375;RANGE_SEARCH=0.04296875,0.45454545454545453,0.44441257102272724,0.0185546875
PUBLICATION,LOCAL_HOTSPOT,LARS_NO_DIAGNOSIS,2,1664525,LOCAL_HOTSPOT,,9,21000,156850,-1,-1,-1,-1,-1,-1,-1,NO_CONFIDENT_DIAGNOSIS,,ABSTAIN,no cost-admissible candidate without explicit diagnosis,-1,-1,0,0,0.0,0.0,NaN,NaN,NaN,NaN,NaN,0,0,0,NaN,NaN,NaN,NaN,,,NaN,NaN,NaN
PUBLICATION,LOCAL_HOTSPOT,LARS_NO_DIAGNOSIS,2,1664525,LOCAL_HOTSPOT,,10,20996,158541,-1,-1,-1,-1,-1,-1,-1,NO_CONFIDENT_DIAGNOSIS,,ABSTAIN,no cost-admissible candidate without explicit diagnosis,-1,-1,0,0,0.0,0.0,NaN,NaN,NaN,NaN,NaN,0,0,0,NaN,NaN,NaN,NaN,,,NaN,NaN,NaN
PUBLICATION,LOCAL_HOTSPOT,LARS_NO_DIAGNOSIS,2,1664525,LOCAL_HOTSPOT,,11,20997,159238,-1,-1,-1,-1,-1,-1,-1,NO_CONFIDENT_DIAGNOSIS,,ABSTAIN,no cost-admissible candidate without explicit diagnosis,-1,-1,0,0,0.0,0.0,NaN,NaN,NaN,NaN,NaN,0,0,0,NaN,NaN,NaN,NaN,,,NaN,NaN,NaN
PUBLICATION,LOCAL_HOTSPOT,LARS_NO_DIAGNOSIS,2,1664525,LOCAL_HOTSPOT,,12,20998,159728,-1,-1,-1,-1,-1,-1,-1,NO_CONFIDENT_DIAGNOSIS,,ABSTAIN,no cost-admissible candidate without explicit diagnosis,-1,-1,0,0,0.0,0.0,NaN,NaN,NaN,NaN,NaN,0,0,0,NaN,NaN,NaN,NaN,,,NaN,NaN,NaN
PUBLICATION,LOCAL_HOTSPOT,LARS_NO_DIAGNOSIS,2,1664525,LOCAL_HOTSPOT,,13,21588,191671,161100,161100,161100,161124,191671,191671,4,INSERT_SPLIT_PRESSURE,SLACKEN,COMMIT,trial acceptance rule satisfied,23,25,80,4,7.46107185758306E-5,1.8080730461510645E-4,0.029319971367215463,1886682.8919112387,4200.0,4830.0,51.200973101602,33300,512,29,8500.0,900.0,8500.0,2600.0,SEARCH=0.255859375;INSERT=0.455078125;DELETE=0.1044921875;UPDATE=0.140625;RANGE_SEARCH=0.0439453125,SEARCH=0.244140625;INSERT=0.48828125;DELETE=0.087890625;UPDATE=0.13671875;RANGE_SEARCH=0.04296875,0.8941176470588236,0.8874367963005515,0.033203125
PUBLICATION,LOCAL_HOTSPOT,LARS_NO_DIAGNOSIS,2,1664525,LOCAL_HOTSPOT,,14,21606,237919,208101,208101,208101,208113,237919,237919,4,INSERT_SPLIT_PRESSURE,SLACKEN,COMMIT,trial acceptance rule satisfied,7,8,63,3,5.7751910625709864E-5,1.3326818000088846E-4,0.02108080288214102,2935625.321667525,3270.0,3760.4999999999995,25.619754484635127,41800,512,29,16500.0,1400.0,16500.0,4500.0,SEARCH=0.26171875;INSERT=0.458984375;DELETE=0.0888671875;UPDATE=0.13671875;RANGE_SEARCH=0.0537109375,SEARCH=0.2734375;INSERT=0.43359375;DELETE=0.06640625;UPDATE=0.166015625;RANGE_SEARCH=0.060546875,0.9151515151515152,0.9091428888494318,0.0478515625
PUBLICATION,LOCAL_HOTSPOT,LARS_NO_DIAGNOSIS,2,1664525,LOCAL_HOTSPOT,,15,21619,300000,286918,286918,286918,286937,299937,-1,5,INSERT_SPLIT_PRESSURE,SLACKEN,ROLLBACK,trial censored at RUN_END before a terminal live-trial decision,25,26,62,3,5.5541172581652246E-5,1.284081667594059E-4,0.016392655322010022,83291.97816447086,3230.0,3714.4999999999995,891.9226273303861,33400,208,0,NaN,NaN,5900.0,5000.0,SEARCH=0.255859375;INSERT=0.4619140625;DELETE=0.1044921875;UPDATE=0.13671875;RANGE_SEARCH=0.041015625,SEARCH=0.2644230769230769;INSERT=0.4567307692307692;DELETE=0.09134615384615384;UPDATE=0.12980769230769232;RANGE_SEARCH=0.057692307692307696,NaN,NaN,0.025240384615384623
PUBLICATION,LOCAL_HOTSPOT,LARS_NO_DIAGNOSIS,3,22695477,LOCAL_HOTSPOT,,1,20997,52687,-1,-1,-1,-1,-1,-1,-1,NO_CONFIDENT_DIAGNOSIS,,ABSTAIN,no cost-admissible candidate without explicit diagnosis,-1,-1,0,0,0.0,0.0,NaN,NaN,NaN,NaN,NaN,0,0,0,NaN,NaN,NaN,NaN,,,NaN,NaN,NaN
PUBLICATION,LOCAL_HOTSPOT,LARS_NO_DIAGNOSIS,3,22695477,LOCAL_HOTSPOT,,2,21001,102144,-1,-1,-1,-1,-1,-1,-1,NO_CONFIDENT_DIAGNOSIS,,ABSTAIN,no cost-admissible candidate without explicit diagnosis,-1,-1,0,0,0.0,0.0,NaN,NaN,NaN,NaN,NaN,0,0,0,NaN,NaN,NaN,NaN,,,NaN,NaN,NaN
PUBLICATION,LOCAL_HOTSPOT,LARS_NO_DIAGNOSIS,3,22695477,LOCAL_HOTSPOT,,3,21000,121559,-1,-1,-1,-1,-1,-1,-1,NO_CONFIDENT_DIAGNOSIS,,ABSTAIN,no cost-admissible candidate without explicit diagnosis,-1,-1,0,0,0.0,0.0,NaN,NaN,NaN,NaN,NaN,0,0,0,NaN,NaN,NaN,NaN,,,NaN,NaN,NaN
PUBLICATION,LOCAL_HOTSPOT,LARS_NO_DIAGNOSIS,3,22695477,LOCAL_HOTSPOT,,4,20997,123987,-1,-1,-1,-1,-1,-1,-1,NO_CONFIDENT_DIAGNOSIS,,ABSTAIN,no cost-admissible candidate without explicit diagnosis,-1,-1,0,0,0.0,0.0,NaN,NaN,NaN,NaN,NaN,0,0,0,NaN,NaN,NaN,NaN,,,NaN,NaN,NaN
PUBLICATION,LOCAL_HOTSPOT,LARS_NO_DIAGNOSIS,3,22695477,LOCAL_HOTSPOT,,5,20999,141856,125749,125749,125749,125803,141856,-1,7,INSERT_SPLIT_PRESSURE,SLACKEN,ROLLBACK,tail-latency guard failed,45,46,36,3,3.4205965520386755E-5,1.361532177543796E-4,0.03235693746642652,48375.83341232976,2190.0,2518.5,1041.2223717299714,1504200,512,27,2100.0,4500.0,2100.0,4500.0,SEARCH=0.255859375;INSERT=0.4462890625;DELETE=0.08984375;UPDATE=0.16015625;RANGE_SEARCH=0.0478515625,SEARCH=0.25390625;INSERT=0.40234375;DELETE=0.115234375;UPDATE=0.166015625;RANGE_SEARCH=0.0625,-1.1428571428571428,-2.2497074358258926,0.0458984375
PUBLICATION,LOCAL_HOTSPOT,LARS_NO_DIAGNOSIS,3,22695477,LOCAL_HOTSPOT,,6,21176,158083,142343,142343,142343,142357,158083,158083,5,INSERT_SPLIT_PRESSURE,SLACKEN,COMMIT,trial acceptance rule satisfied,40,42,66,4,6.233071544328472E-5,1.812086617740328E-4,0.03347718059369687,434659.34353341174,3640.0,4186.0,192.61060700876098,41800,512,26,4400.0,900.0,7400.0,2000.0,SEARCH=0.291015625;INSERT=0.431640625;DELETE=0.0849609375;UPDATE=0.14453125;RANGE_SEARCH=0.0478515625,SEARCH=0.22265625;INSERT=0.46484375;DELETE=0.115234375;UPDATE=0.142578125;RANGE_SEARCH=0.0546875,0.7954545454545454,0.7812657759232954,0.0703125
PUBLICATION,LOCAL_HOTSPOT,LARS_NO_DIAGNOSIS,3,22695477,LOCAL_HOTSPOT,,7,20998,160775,-1,-1,-1,-1,-1,-1,-1,NO_CONFIDENT_DIAGNOSIS,,ABSTAIN,no cost-admissible candidate without explicit diagnosis,-1,-1,0,0,0.0,0.0,NaN,NaN,NaN,NaN,NaN,0,0,0,NaN,NaN,NaN,NaN,,,NaN,NaN,NaN
PUBLICATION,LOCAL_HOTSPOT,LARS_NO_DIAGNOSIS,3,22695477,LOCAL_HOTSPOT,,8,21576,207814,175213,175213,175213,175244,207814,-1,4,INSERT_SPLIT_PRESSURE,SLACKEN,ROLLBACK,tail-latency guard failed,6,7,52,3,4.821573947181512E-5,1.352204092671054E-4,0.020445651305806247,624438.9425764716,2830.0,3254.4999999999995,104.23757322282759,37900,512,29,4300.0,1100.0,4300.0,16500.0,SEARCH=0.2421875;INSERT=0.4599609375;DELETE=0.1005859375;UPDATE=0.1484375;RANGE_SEARCH=0.048828125,SEARCH=0.203125;INSERT=0.498046875;DELETE=0.103515625;UPDATE=0.12109375;RANGE_SEARCH=0.07421875,0.7441860465116279,0.7226314543968023,0.06640625
PUBLICATION,LOCAL_HOTSPOT,LARS_NO_DIAGNOSIS,3,22695477,LOCAL_HOTSPOT,,9,21606,246010,214833,214833,214833,214864,246010,246010,4,INSERT_SPLIT_PRESSURE,SLACKEN,COMMIT,trial acceptance rule satisfied,2,3,62,3,5.667120645686133E-5,1.325673884224481E-4,0.017710747518073958,299090.24871147395,3230.0,3714.4999999999995,248.38656666358247,29100,512,33,4000.0,700.0,4000.0,1300.0,SEARCH=0.2607421875;INSERT=0.4375;DELETE=0.095703125;UPDATE=0.1513671875;RANGE_SEARCH=0.0546875,SEARCH=0.25;INSERT=0.455078125;DELETE=0.111328125;UPDATE=0.140625;RANGE_SEARCH=0.04296875,0.825,0.8044616235351562,0.033203125
PUBLICATION,LOCAL_HOTSPOT,LARS_NO_DIAGNOSIS,3,22695477,LOCAL_HOTSPOT,,10,21631,282300,251298,251298,251298,251368,282300,282300,4,INSERT_SPLIT_PRESSURE,SLACKEN,COMMIT,trial acceptance rule satisfied,39,41,90,4,8.116561031127913E-5,1.725848901928636E-4,0.015615230949875719,110038.58059990546,4600.0,5290.0,961.4809589800442,47400,512,25,2400.0,1700.0,2400.0,1700.0,SEARCH=0.2568359375;INSERT=0.4296875;DELETE=0.103515625;UPDATE=0.162109375;RANGE_SEARCH=0.0478515625,SEARCH=0.26171875;INSERT=0.4453125;DELETE=0.09765625;UPDATE=0.140625;RANGE_SEARCH=0.0546875,0.2916666666666667,0.22842712809244792,0.02734375
PUBLICATION,LOCAL_HOTSPOT,LARS_NO_DIAGNOSIS,3,22695477,LOCAL_HOTSPOT,,11,20996,289935,-1,-1,-1,-1,-1,-1,-1,NO_CONFIDENT_DIAGNOSIS,,ABSTAIN,no cost-admissible candidate without explicit diagnosis,-1,-1,0,0,0.0,0.0,NaN,NaN,NaN,NaN,NaN,0,0,0,NaN,NaN,NaN,NaN,,,NaN,NaN,NaN
PUBLICATION,LOCAL_HOTSPOT,LARS_NO_DIAGNOSIS,4,69069,LOCAL_HOTSPOT,,1,21000,52482,-1,-1,-1,-1,-1,-1,-1,NO_CONFIDENT_DIAGNOSIS,,ABSTAIN,no cost-admissible candidate without explicit diagnosis,-1,-1,0,0,0.0,0.0,NaN,NaN,NaN,NaN,NaN,0,0,0,NaN,NaN,NaN,NaN,,,NaN,NaN,NaN
PUBLICATION,LOCAL_HOTSPOT,LARS_NO_DIAGNOSIS,4,69069,LOCAL_HOTSPOT,,2,20997,53220,-1,-1,-1,-1,-1,-1,-1,NO_CONFIDENT_DIAGNOSIS,,ABSTAIN,no cost-admissible candidate without explicit diagnosis,-1,-1,0,0,0.0,0.0,NaN,NaN,NaN,NaN,NaN,0,0,0,NaN,NaN,NaN,NaN,,,NaN,NaN,NaN
PUBLICATION,LOCAL_HOTSPOT,LARS_NO_DIAGNOSIS,4,69069,LOCAL_HOTSPOT,,3,20997,86098,71165,71165,71165,71171,86098,86098,5,INSERT_SPLIT_PRESSURE,SLACKEN,COMMIT,trial acceptance rule satisfied,16,17,63,3,6.107705015298346E-5,1.4058765640376775E-4,0.057091882247992866,1293064.2283675289,3270.0,3760.4999999999995,58.164164122729844,831700,512,23,4500.0,1800.0,4500.0,1800.0,SEARCH=0.2421875;INSERT=0.451171875;DELETE=0.095703125;UPDATE=0.1455078125;RANGE_SEARCH=0.0654296875,SEARCH=0.265625;INSERT=0.41015625;DELETE=0.10546875;UPDATE=0.1484375;RANGE_SEARCH=0.0703125,0.6,0.4381361631944444,0.041015625
PUBLICATION,LOCAL_HOTSPOT,LARS_NO_DIAGNOSIS,4,69069,LOCAL_HOTSPOT,,4,21178,104033,87334,87334,87334,87409,104033,104033,4,INSERT_SPLIT_PRESSURE,SLACKEN,COMMIT,trial acceptance rule satisfied,19,21,91,4,8.764841235977458E-5,1.8503955220428367E-4,0.03399282963749834,209016.06692338333,4640.0,5336.0,510.58275840162634,36700,512,19,3100.0,1600.0,3100.0,1600.0,SEARCH=0.23046875;INSERT=0.4658203125;DELETE=0.111328125;UPDATE=0.1484375;RANGE_SEARCH=0.0439453125,SEARCH=0.2734375;INSERT=0.421875;DELETE=0.099609375;UPDATE=0.142578125;RANGE_SEARCH=0.0625,0.4838709677419355,0.46645742817540325,0.0615234375
PUBLICATION,LOCAL_HOTSPOT,LARS_NO_DIAGNOSIS,4,69069,LOCAL_HOTSPOT,,5,21176,119402,104310,104310,104310,104317,119402,119402,4,INSERT_SPLIT_PRESSURE,SLACKEN,COMMIT,trial acceptance rule satisfied,17,18,62,3,5.9384015355557E-5,1.3721185510428101E-4,0.033351789727388205,259674.9503305866,3230.0,3714.4999999999995,286.08843442705194,28400,512,32,3100.0,800.0,3100.0,1300.0,SEARCH=0.24609375;INSERT=0.4423828125;DELETE=0.10546875;UPDATE=0.1474609375;RANGE_SEARCH=0.05859375,SEARCH=0.248046875;INSERT=0.45703125;DELETE=0.1015625;UPDATE=0.150390625;RANGE_SEARCH=0.04296875,0.7419354838709677,0.7282011529737903,0.01953125
PUBLICATION,LOCAL_HOTSPOT,LARS_NO_DIAGNOSIS,4,69069,LOCAL_HOTSPOT,,6,20996,121284,-1,-1,-1,-1,-1,-1,-1,NO_CONFIDENT_DIAGNOSIS,,ABSTAIN,no cost-admissible candidate without explicit diagnosis,-1,-1,0,0,0.0,0.0,NaN,NaN,NaN,NaN,NaN,0,0,0,NaN,NaN,NaN,NaN,,,NaN,NaN,NaN
PUBLICATION,LOCAL_HOTSPOT,LARS_NO_DIAGNOSIS,4,69069,LOCAL_HOTSPOT,,7,21000,125686,-1,-1,-1,-1,-1,-1,-1,NO_CONFIDENT_DIAGNOSIS,,ABSTAIN,no cost-admissible candidate without explicit diagnosis,-1,-1,0,0,0.0,0.0,NaN,NaN,NaN,NaN,NaN,0,0,0,NaN,NaN,NaN,NaN,,,NaN,NaN,NaN
PUBLICATION,LOCAL_HOTSPOT,LARS_NO_DIAGNOSIS,4,69069,LOCAL_HOTSPOT,,8,21001,142777,-1,-1,-1,-1,-1,-1,-1,NO_CONFIDENT_DIAGNOSIS,,ABSTAIN,no cost-admissible candidate without explicit diagnosis,-1,-1,0,0,0.0,0.0,NaN,NaN,NaN,NaN,NaN,0,0,0,NaN,NaN,NaN,NaN,,,NaN,NaN,NaN
PUBLICATION,LOCAL_HOTSPOT,LARS_NO_DIAGNOSIS,4,69069,LOCAL_HOTSPOT,,9,20998,149856,-1,-1,-1,-1,-1,-1,-1,NO_CONFIDENT_DIAGNOSIS,,ABSTAIN,no cost-admissible candidate without explicit diagnosis,-1,-1,0,0,0.0,0.0,NaN,NaN,NaN,NaN,NaN,0,0,0,NaN,NaN,NaN,NaN,,,NaN,NaN,NaN
PUBLICATION,LOCAL_HOTSPOT,LARS_NO_DIAGNOSIS,4,69069,LOCAL_HOTSPOT,,10,20999,150008,-1,-1,-1,-1,-1,-1,-1,NO_CONFIDENT_DIAGNOSIS,,ABSTAIN,no cost-admissible candidate without explicit diagnosis,-1,-1,0,0,0.0,0.0,NaN,NaN,NaN,NaN,NaN,0,0,0,NaN,NaN,NaN,NaN,,,NaN,NaN,NaN
PUBLICATION,LOCAL_HOTSPOT,LARS_NO_DIAGNOSIS,4,69069,LOCAL_HOTSPOT,,11,20996,153377,-1,-1,-1,-1,-1,-1,-1,NO_CONFIDENT_DIAGNOSIS,,ABSTAIN,no cost-admissible candidate without explicit diagnosis,-1,-1,0,0,0.0,0.0,NaN,NaN,NaN,NaN,NaN,0,0,0,NaN,NaN,NaN,NaN,,,NaN,NaN,NaN
PUBLICATION,LOCAL_HOTSPOT,LARS_NO_DIAGNOSIS,4,69069,LOCAL_HOTSPOT,,12,21000,158101,-1,-1,-1,-1,-1,-1,-1,NO_CONFIDENT_DIAGNOSIS,,ABSTAIN,no cost-admissible candidate without explicit diagnosis,-1,-1,0,0,0.0,0.0,NaN,NaN,NaN,NaN,NaN,0,0,0,NaN,NaN,NaN,NaN,,,NaN,NaN,NaN
PUBLICATION,LOCAL_HOTSPOT,LARS_NO_DIAGNOSIS,4,69069,LOCAL_HOTSPOT,,13,21174,171965,-1,-1,-1,-1,-1,-1,-1,NO_CONFIDENT_DIAGNOSIS,,ABSTAIN,no cost-admissible candidate without explicit diagnosis,-1,-1,0,0,0.0,0.0,NaN,NaN,NaN,NaN,NaN,0,0,0,NaN,NaN,NaN,NaN,,,NaN,NaN,NaN
PUBLICATION,LOCAL_HOTSPOT,LARS_NO_DIAGNOSIS,4,69069,LOCAL_HOTSPOT,,14,21602,181862,-1,-1,-1,-1,-1,-1,-1,NO_CONFIDENT_DIAGNOSIS,,ABSTAIN,no cost-admissible candidate without explicit diagnosis,-1,-1,0,0,0.0,0.0,NaN,NaN,NaN,NaN,NaN,0,0,0,NaN,NaN,NaN,NaN,,,NaN,NaN,NaN
PUBLICATION,LOCAL_HOTSPOT,LARS_NO_DIAGNOSIS,4,69069,LOCAL_HOTSPOT,,15,21574,183182,-1,-1,-1,-1,-1,-1,-1,NO_CONFIDENT_DIAGNOSIS,,ABSTAIN,no cost-admissible candidate without explicit diagnosis,-1,-1,0,0,0.0,0.0,NaN,NaN,NaN,NaN,NaN,0,0,0,NaN,NaN,NaN,NaN,,,NaN,NaN,NaN
PUBLICATION,LOCAL_HOTSPOT,LARS_NO_DIAGNOSIS,4,69069,LOCAL_HOTSPOT,,16,21000,248284,216843,216843,216843,216915,248284,-1,9,INSERT_SPLIT_PRESSURE,SLACKEN,ROLLBACK,tail-latency guard failed,4,5,63,3,5.751633509564601E-5,1.3248542660307367E-4,0.017434238528986123,148042.9045713799,3270.0,3760.4999999999995,508.0284004002161,25900,512,18,3900.0,4600.0,3900.0,4600.0,SEARCH=0.2490234375;INSERT=0.4345703125;DELETE=0.111328125;UPDATE=0.1552734375;RANGE_SEARCH=0.0498046875,SEARCH=0.23828125;INSERT=0.421875;DELETE=0.111328125;UPDATE=0.162109375;RANGE_SEARCH=0.06640625,-0.1794871794871795,-0.1985331092247596,0.0234375
PUBLICATION,LOCAL_HOTSPOT,LARS_NO_DIAGNOSIS,4,69069,LOCAL_HOTSPOT,,17,21001,293950,-1,-1,-1,-1,-1,-1,-1,NO_CONFIDENT_DIAGNOSIS,,ABSTAIN,no cost-admissible candidate without explicit diagnosis,-1,-1,0,0,0.0,0.0,NaN,NaN,NaN,NaN,NaN,0,0,0,NaN,NaN,NaN,NaN,,,NaN,NaN,NaN
PUBLICATION,LOCAL_HOTSPOT,LARS_NO_DIAGNOSIS,4,69069,LOCAL_HOTSPOT,,18,20999,300000,298183,298183,298183,298285,299960,-1,11,INSERT_SPLIT_PRESSURE,SLACKEN,ROLLBACK,trial censored at RUN_END before a terminal live-trial decision,35,36,60,3,5.373690946495055E-5,1.282873636946761E-4,0.015475057049160508,7159.082377476417,3150.0,3622.4999999999995,10120.01206019628,35600,38,0,NaN,NaN,6400.0,200.0,SEARCH=0.248046875;INSERT=0.474609375;DELETE=0.1005859375;UPDATE=0.1279296875;RANGE_SEARCH=0.048828125,SEARCH=0.23684210526315788;INSERT=0.39473684210526316;DELETE=0.18421052631578946;UPDATE=0.07894736842105263;RANGE_SEARCH=0.10526315789473684,NaN,NaN,0.14005962171052633
PUBLICATION,LOCAL_HOTSPOT,LARS_NO_DIAGNOSIS,5,48271,LOCAL_HOTSPOT,,1,21001,58518,50308,50308,50308,50313,58518,58518,4,INSERT_SPLIT_PRESSURE,SLACKEN,COMMIT,trial acceptance rule satisfied,6,7,51,3,4.9956557385881103E-5,1.4114990119506917E-4,0.06541459051999489,6834598.185767216,2790.0,3208.4999999999995,9.388993801220312,952200,512,28,12600.0,5500.0,12600.0,5500.0,SEARCH=0.2529296875;INSERT=0.447265625;DELETE=0.0986328125;UPDATE=0.154296875;RANGE_SEARCH=0.046875,SEARCH=0.23046875;INSERT=0.46875;DELETE=0.111328125;UPDATE=0.15234375;RANGE_SEARCH=0.037109375,0.5634920634920635,0.505728628782242,0.0341796875
PUBLICATION,LOCAL_HOTSPOT,LARS_NO_DIAGNOSIS,5,48271,LOCAL_HOTSPOT,,2,20999,67270,-1,-1,-1,-1,-1,-1,-1,NO_CONFIDENT_DIAGNOSIS,,ABSTAIN,no cost-admissible candidate without explicit diagnosis,-1,-1,0,0,0.0,0.0,NaN,NaN,NaN,NaN,NaN,0,0,0,NaN,NaN,NaN,NaN,,,NaN,NaN,NaN
PUBLICATION,LOCAL_HOTSPOT,LARS_NO_DIAGNOSIS,5,48271,LOCAL_HOTSPOT,,3,20996,73807,68835,68835,68835,68848,73783,-1,5,INSERT_SPLIT_PRESSURE,SLACKEN,ROLLBACK,trial mutation would escape the monitored leaf-level region,55,56,58,3,5.650559648963853E-5,1.410636196924813E-4,0.06335457526449298,2.071892594196622E7,3070.0,3530.4999999999995,3.407995192307691,63400,310,0,NaN,NaN,NaN,NaN,SEARCH=0.2314453125;INSERT=0.4443359375;DELETE=0.1181640625;UPDATE=0.1611328125;RANGE_SEARCH=0.044921875,SEARCH=0.25161290322580643;INSERT=0.42258064516129035;DELETE=0.1064516129032258;UPDATE=0.16129032258064516;RANGE_SEARCH=0.05806451612903226,NaN,NaN,NaN
PUBLICATION,LOCAL_HOTSPOT,LARS_NO_DIAGNOSIS,5,48271,LOCAL_HOTSPOT,,4,20999,102485,86773,86773,86773,86789,102485,102485,6,INSERT_SPLIT_PRESSURE,SLACKEN,COMMIT,trial acceptance rule satisfied,31,32,63,3,6.073161350401166E-5,1.3908205841446454E-4,0.05251551361608288,1135853.120672855,3270.0,3760.4999999999995,66.21454713743903,30900,512,29,3500.0,600.0,1500.0,1000.0,SEARCH=0.234375;INSERT=0.478515625;DELETE=0.1064453125;UPDATE=0.1376953125;RANGE_SEARCH=0.04296875,SEARCH=0.248046875;INSERT=0.447265625;DELETE=0.1171875;UPDATE=0.125;RANGE_SEARCH=0.0625,0.8285714285714286,0.8201657491629465,0.0439453125
PUBLICATION,LOCAL_HOTSPOT,LARS_NO_DIAGNOSIS,5,48271,LOCAL_HOTSPOT,,5,21177,119529,104093,104093,104093,104102,119529,119529,4,INSERT_SPLIT_PRESSURE,SLACKEN,COMMIT,trial acceptance rule satisfied,13,14,62,3,5.9396417438021756E-5,1.3726207906295754E-4,0.03372081535877762,242730.59571245103,3230.0,3714.4999999999995,306.059480396147,24000,512,30,1600.0,1100.0,1600.0,1100.0,SEARCH=0.26171875;INSERT=0.4443359375;DELETE=0.0869140625;UPDATE=0.1513671875;RANGE_SEARCH=0.0556640625,SEARCH=0.224609375;INSERT=0.458984375;DELETE=0.091796875;UPDATE=0.16796875;RANGE_SEARCH=0.056640625,0.3125,0.290258544921875,0.037109375
PUBLICATION,LOCAL_HOTSPOT,LARS_NO_DIAGNOSIS,5,48271,LOCAL_HOTSPOT,,6,20997,146336,128354,128354,128354,128356,146336,146336,7,INSERT_SPLIT_PRESSURE,SLACKEN,COMMIT,trial acceptance rule satisfied,40,41,60,3,5.691282094088276E-5,1.3607293509320997E-4,0.0305425477972977,612044.0242192859,3150.0,3622.4999999999995,118.37383771929822,30700,512,36,3200.0,1300.0,3200.0,1300.0,SEARCH=0.2685546875;INSERT=0.439453125;DELETE=0.091796875;UPDATE=0.146484375;RANGE_SEARCH=0.0537109375,SEARCH=0.25;INSERT=0.443359375;DELETE=0.103515625;UPDATE=0.154296875;RANGE_SEARCH=0.048828125,0.59375,0.578044450378418,0.0234375
PUBLICATION,LOCAL_HOTSPOT,LARS_NO_DIAGNOSIS,5,48271,LOCAL_HOTSPOT,,7,21001,183011,166927,166927,166927,166941,183011,183011,8,INSERT_SPLIT_PRESSURE,SLACKEN,COMMIT,trial acceptance rule satisfied,15,16,46,3,4.3042747998746146E-5,1.3570362328674176E-4,0.029227080716976824,150976.13882863344,2590.0,2978.4999999999995,394.5656609195402,33200,512,32,1500.0,1100.0,1800.0,1900.0,SEARCH=0.25;INSERT=0.4453125;DELETE=0.107421875;UPDATE=0.154296875;RANGE_SEARCH=0.04296875,SEARCH=0.267578125;INSERT=0.400390625;DELETE=0.1171875;UPDATE=0.162109375;RANGE_SEARCH=0.052734375,0.26666666666666666,0.22880223958333334,0.044921875
PUBLICATION,LOCAL_HOTSPOT,LARS_NO_DIAGNOSIS,5,48271,LOCAL_HOTSPOT,,8,21603,248187,217840,217840,217840,217901,248187,248187,4,INSERT_SPLIT_PRESSURE,SLACKEN,COMMIT,trial acceptance rule satisfied,20,21,55,3,5.023647679714145E-5,1.324561790807541E-4,0.01708973781271383,419165.8739298052,2950.0,3392.4999999999995,161.86909340659338,54100,512,26,4500.0,1500.0,4500.0,1500.0,SEARCH=0.255859375;INSERT=0.4443359375;DELETE=0.0888671875;UPDATE=0.15625;RANGE_SEARCH=0.0546875,SEARCH=0.267578125;INSERT=0.455078125;DELETE=0.087890625;UPDATE=0.15234375;RANGE_SEARCH=0.037109375,0.6666666666666666,0.631492861328125,0.0224609375
PUBLICATION,LOCAL_HOTSPOT,LARS_NO_DIAGNOSIS,5,48271,LOCAL_HOTSPOT,,9,21554,270159,-1,-1,-1,-1,-1,-1,-1,NO_CONFIDENT_DIAGNOSIS,,ABSTAIN,no cost-admissible candidate without explicit diagnosis,-1,-1,0,0,0.0,0.0,NaN,NaN,NaN,NaN,NaN,0,0,0,NaN,NaN,NaN,NaN,,,NaN,NaN,NaN
PUBLICATION,LOCAL_HOTSPOT,LARS_NO_DIAGNOSIS,5,48271,LOCAL_HOTSPOT,,10,21610,300000,272369,272369,272369,272381,299980,-1,5,INSERT_SPLIT_PRESSURE,SLACKEN,ROLLBACK,trial censored at RUN_END before a terminal live-trial decision,32,34,94,4,8.421890105085478E-5,1.7122554685159027E-4,0.01664364079642422,94803.73831775702,4760.0,5474.0,1154.8067823343847,39900,455,22,2100.0,1000.0,2100.0,1500.0,SEARCH=0.263671875;INSERT=0.44921875;DELETE=0.095703125;UPDATE=0.13671875;RANGE_SEARCH=0.0546875,SEARCH=0.21318681318681318;INSERT=0.47692307692307695;DELETE=0.11868131868131868;UPDATE=0.16043956043956045;RANGE_SEARCH=0.03076923076923077,0.5238095238095238,0.4667306663876488,0.07440333104395606
PUBLICATION,LOCAL_HOTSPOT,LARS_NO_DIAGNOSIS,6,134775813,LOCAL_HOTSPOT,,1,21000,106329,91601,91601,91601,91628,106329,106329,6,INSERT_SPLIT_PRESSURE,SLACKEN,COMMIT,trial acceptance rule satisfied,32,33,62,3,5.966523951263123E-5,1.387860843819393E-4,0.04018049833235236,1716586.2271924661,3230.0,3714.4999999999995,43.277756062102256,29700,512,33,6800.0,800.0,6800.0,800.0,SEARCH=0.2490234375;INSERT=0.4541015625;DELETE=0.0947265625;UPDATE=0.1494140625;RANGE_SEARCH=0.052734375,SEARCH=0.2421875;INSERT=0.46875;DELETE=0.083984375;UPDATE=0.16015625;RANGE_SEARCH=0.044921875,0.8823529411764706,0.8769179077148437,0.025390625
PUBLICATION,LOCAL_HOTSPOT,LARS_NO_DIAGNOSIS,6,134775813,LOCAL_HOTSPOT,,2,20999,124442,-1,-1,-1,-1,-1,-1,-1,NO_CONFIDENT_DIAGNOSIS,,ABSTAIN,no cost-admissible candidate without explicit diagnosis,-1,-1,0,0,0.0,0.0,NaN,NaN,NaN,NaN,NaN,0,0,0,NaN,NaN,NaN,NaN,,,NaN,NaN,NaN
PUBLICATION,LOCAL_HOTSPOT,LARS_NO_DIAGNOSIS,6,134775813,LOCAL_HOTSPOT,,3,21001,127946,-1,-1,-1,-1,-1,-1,-1,NO_CONFIDENT_DIAGNOSIS,,ABSTAIN,no cost-admissible candidate without explicit diagnosis,-1,-1,0,0,0.0,0.0,NaN,NaN,NaN,NaN,NaN,0,0,0,NaN,NaN,NaN,NaN,,,NaN,NaN,NaN
PUBLICATION,LOCAL_HOTSPOT,LARS_NO_DIAGNOSIS,6,134775813,LOCAL_HOTSPOT,,4,20997,145158,128877,128877,128877,128953,145158,145158,7,INSERT_SPLIT_PRESSURE,SLACKEN,COMMIT,trial acceptance rule satisfied,50,51,46,3,4.3638999224933425E-5,1.3605442176870748E-4,0.03378088608847689,139677.10223336518,2590.0,2978.4999999999995,426.48364726577415,28300,512,25,1700.0,1500.0,4700.0,1500.0,SEARCH=0.23046875;INSERT=0.47265625;DELETE=0.109375;UPDATE=0.1376953125;RANGE_SEARCH=0.0498046875,SEARCH=0.240234375;INSERT=0.453125;DELETE=0.095703125;UPDATE=0.1640625;RANGE_SEARCH=0.046875,0.11764705882352941,0.09300729836856617,0.0361328125
PUBLICATION,LOCAL_HOTSPOT,LARS_NO_DIAGNOSIS,6,134775813,LOCAL_HOTSPOT,,5,20996,149628,-1,-1,-1,-1,-1,-1,-1,NO_CONFIDENT_DIAGNOSIS,,ABSTAIN,no cost-admissible candidate without explicit diagnosis,-1,-1,0,0,0.0,0.0,NaN,NaN,NaN,NaN,NaN,0,0,0,NaN,NaN,NaN,NaN,,,NaN,NaN,NaN
PUBLICATION,LOCAL_HOTSPOT,LARS_NO_DIAGNOSIS,6,134775813,LOCAL_HOTSPOT,,6,20999,157116,-1,-1,-1,-1,-1,-1,-1,NO_CONFIDENT_DIAGNOSIS,,ABSTAIN,no cost-admissible candidate without explicit diagnosis,-1,-1,0,0,0.0,0.0,NaN,NaN,NaN,NaN,NaN,0,0,0,NaN,NaN,NaN,NaN,,,NaN,NaN,NaN
PUBLICATION,LOCAL_HOTSPOT,LARS_NO_DIAGNOSIS,6,134775813,LOCAL_HOTSPOT,,7,21001,158297,-1,-1,-1,-1,-1,-1,-1,NO_CONFIDENT_DIAGNOSIS,,ABSTAIN,no cost-admissible candidate without explicit diagnosis,-1,-1,0,0,0.0,0.0,NaN,NaN,NaN,NaN,NaN,0,0,0,NaN,NaN,NaN,NaN,,,NaN,NaN,NaN
PUBLICATION,LOCAL_HOTSPOT,LARS_NO_DIAGNOSIS,6,134775813,LOCAL_HOTSPOT,,8,21553,192027,160586,160586,160586,160615,192027,192027,4,INSERT_SPLIT_PRESSURE,SLACKEN,COMMIT,trial acceptance rule satisfied,28,29,49,3,4.569062782652481E-5,1.3563613346595534E-4,0.030393873734825324,2802125.1966400524,2710.0,3116.4999999999995,22.243831244491894,27600,512,29,12000.0,1100.0,12000.0,4200.0,SEARCH=0.2548828125;INSERT=0.4365234375;DELETE=0.1015625;UPDATE=0.15234375;RANGE_SEARCH=0.0546875,SEARCH=0.234375;INSERT=0.455078125;DELETE=0.08984375;UPDATE=0.166015625;RANGE_SEARCH=0.0546875,0.9083333333333333,0.9045496761067708,0.0322265625
PUBLICATION,LOCAL_HOTSPOT,LARS_NO_DIAGNOSIS,6,134775813,LOCAL_HOTSPOT,,9,21001,213143,-1,-1,-1,-1,-1,-1,-1,NO_CONFIDENT_DIAGNOSIS,,ABSTAIN,no cost-admissible candidate without explicit diagnosis,-1,-1,0,0,0.0,0.0,NaN,NaN,NaN,NaN,NaN,0,0,0,NaN,NaN,NaN,NaN,,,NaN,NaN,NaN
PUBLICATION,LOCAL_HOTSPOT,LARS_NO_DIAGNOSIS,6,134775813,LOCAL_HOTSPOT,,10,21585,264379,234342,234342,234342,234345,264379,-1,5,INSERT_SPLIT_PRESSURE,SLACKEN,ROLLBACK,tail-latency guard failed,35,36,56,3,5.083990242370156E-5,1.3107305138063615E-4,0.017036001863312705,180608.2385040261,2990.0,3438.4999999999995,380.7688983050847,43300,512,25,2000.0,12700.0,2000.0,12700.0,SEARCH=0.251953125;INSERT=0.44921875;DELETE=0.1005859375;UPDATE=0.154296875;RANGE_SEARCH=0.0439453125,SEARCH=0.259765625;INSERT=0.45703125;DELETE=0.095703125;UPDATE=0.130859375;RANGE_SEARCH=0.056640625,-5.35,-5.413541904296874,0.0283203125
PUBLICATION,LOCAL_HOTSPOT,LARS_NO_DIAGNOSIS,6,134775813,LOCAL_HOTSPOT,,11,21001,274809,-1,-1,-1,-1,-1,-1,-1,NO_CONFIDENT_DIAGNOSIS,,ABSTAIN,no cost-admissible candidate without explicit diagnosis,-1,-1,0,0,0.0,0.0,NaN,NaN,NaN,NaN,NaN,0,0,0,NaN,NaN,NaN,NaN,,,NaN,NaN,NaN
PUBLICATION,LOCAL_HOTSPOT,LARS_NO_DIAGNOSIS,6,134775813,LOCAL_HOTSPOT,,12,21614,300000,275161,275161,275161,275202,299810,-1,5,INSERT_SPLIT_PRESSURE,SLACKEN,ROLLBACK,trial censored at RUN_END before a terminal live-trial decision,46,47,62,3,5.555411194511971E-5,1.284081667594059E-4,0.016172336460406205,72245.49101361384,3230.0,3714.4999999999995,1028.299468350224,30300,385,27,1800.0,1000.0,2600.0,1200.0,SEARCH=0.24609375;INSERT=0.4521484375;DELETE=0.1064453125;UPDATE=0.142578125;RANGE_SEARCH=0.052734375,SEARCH=0.2545454545454545;INSERT=0.43896103896103894;DELETE=0.10909090909090909;UPDATE=0.13766233766233765;RANGE_SEARCH=0.05974025974025974,0.4444444444444444,0.39240084092881944,0.018103185876623375
PUBLICATION,LOCAL_HOTSPOT,LARS_NO_DIAGNOSIS,7,16807,LOCAL_HOTSPOT,,1,20999,103501,-1,-1,-1,-1,-1,-1,-1,NO_CONFIDENT_DIAGNOSIS,,ABSTAIN,no cost-admissible candidate without explicit diagnosis,-1,-1,0,0,0.0,0.0,NaN,NaN,NaN,NaN,NaN,0,0,0,NaN,NaN,NaN,NaN,,,NaN,NaN,NaN
PUBLICATION,LOCAL_HOTSPOT,LARS_NO_DIAGNOSIS,7,16807,LOCAL_HOTSPOT,,2,20997,123600,-1,-1,-1,-1,-1,-1,-1,NO_CONFIDENT_DIAGNOSIS,,ABSTAIN,no cost-admissible candidate without explicit diagnosis,-1,-1,0,0,0.0,0.0,NaN,NaN,NaN,NaN,NaN,0,0,0,NaN,NaN,NaN,NaN,,,NaN,NaN,NaN
PUBLICATION,LOCAL_HOTSPOT,LARS_NO_DIAGNOSIS,7,16807,LOCAL_HOTSPOT,,3,21001,127535,-1,-1,-1,-1,-1,-1,-1,NO_CONFIDENT_DIAGNOSIS,,ABSTAIN,no cost-admissible candidate without explicit diagnosis,-1,-1,0,0,0.0,0.0,NaN,NaN,NaN,NaN,NaN,0,0,0,NaN,NaN,NaN,NaN,,,NaN,NaN,NaN
PUBLICATION,LOCAL_HOTSPOT,LARS_NO_DIAGNOSIS,7,16807,LOCAL_HOTSPOT,,4,20996,128634,-1,-1,-1,-1,-1,-1,-1,NO_CONFIDENT_DIAGNOSIS,,ABSTAIN,no cost-admissible candidate without explicit diagnosis,-1,-1,0,0,0.0,0.0,NaN,NaN,NaN,NaN,NaN,0,0,0,NaN,NaN,NaN,NaN,,,NaN,NaN,NaN
PUBLICATION,LOCAL_HOTSPOT,LARS_NO_DIAGNOSIS,7,16807,LOCAL_HOTSPOT,,5,20998,132536,-1,-1,-1,-1,-1,-1,-1,NO_CONFIDENT_DIAGNOSIS,,ABSTAIN,no cost-admissible candidate without explicit diagnosis,-1,-1,0,0,0.0,0.0,NaN,NaN,NaN,NaN,NaN,0,0,0,NaN,NaN,NaN,NaN,,,NaN,NaN,NaN
PUBLICATION,LOCAL_HOTSPOT,LARS_NO_DIAGNOSIS,7,16807,LOCAL_HOTSPOT,,6,20999,133093,-1,-1,-1,-1,-1,-1,-1,NO_CONFIDENT_DIAGNOSIS,,ABSTAIN,no cost-admissible candidate without explicit diagnosis,-1,-1,0,0,0.0,0.0,NaN,NaN,NaN,NaN,NaN,0,0,0,NaN,NaN,NaN,NaN,,,NaN,NaN,NaN
PUBLICATION,LOCAL_HOTSPOT,LARS_NO_DIAGNOSIS,7,16807,LOCAL_HOTSPOT,,7,21172,148010,133124,133124,133124,133130,148010,148010,6,INSERT_SPLIT_PRESSURE,SLACKEN,COMMIT,trial acceptance rule satisfied,0,1,60,3,5.685964197378771E-5,1.3602974517094404E-4,0.03260834952074643,797551.9536350031,3150.0,3622.4999999999995,90.84047712477485,30600,512,29,5000.0,800.0,5000.0,4100.0,SEARCH=0.25;INSERT=0.474609375;DELETE=0.0927734375;UPDATE=0.126953125;RANGE_SEARCH=0.0556640625,SEARCH=0.236328125;INSERT=0.494140625;DELETE=0.10546875;UPDATE=0.12890625;RANGE_SEARCH=0.03515625,0.84,0.8306159003906249,0.0341796875
PUBLICATION,LOCAL_HOTSPOT,LARS_NO_DIAGNOSIS,7,16807,LOCAL_HOTSPOT,,8,21001,160111,-1,-1,-1,-1,-1,-1,-1,NO_CONFIDENT_DIAGNOSIS,,ABSTAIN,no cost-admissible candidate without explicit diagnosis,-1,-1,0,0,0.0,0.0,NaN,NaN,NaN,NaN,NaN,0,0,0,NaN,NaN,NaN,NaN,,,NaN,NaN,NaN
PUBLICATION,LOCAL_HOTSPOT,LARS_NO_DIAGNOSIS,7,16807,LOCAL_HOTSPOT,,9,21573,205143,175788,175788,175788,175800,205143,205143,4,INSERT_SPLIT_PRESSURE,SLACKEN,COMMIT,trial acceptance rule satisfied,13,14,48,3,4.4534255192415814E-5,1.351777587527599E-4,0.021953049630185444,398512.16636295425,2670.0,3070.4999999999995,154.09818114328132,27600,512,31,2900.0,800.0,2900.0,1600.0,SEARCH=0.23046875;INSERT=0.4384765625;DELETE=0.0859375;UPDATE=0.18359375;RANGE_SEARCH=0.0615234375,SEARCH=0.23046875;INSERT=0.494140625;DELETE=0.08984375;UPDATE=0.134765625;RANGE_SEARCH=0.05078125,0.7241379310344828,0.7024615773168104,0.0595703125
PUBLICATION,LOCAL_HOTSPOT,LARS_NO_DIAGNOSIS,7,16807,LOCAL_HOTSPOT,,10,21589,283351,250126,250126,250126,250161,283351,-1,5,INSERT_SPLIT_PRESSURE,SLACKEN,ROLLBACK,tail-latency guard failed,10,11,56,3,5.04765982378259E-5,1.2950571983595942E-4,0.01608242241487624,608760.5226787284,2990.0,3438.4999999999995,112.96724645906967,31700,512,28,4900.0,2000.0,4900.0,6100.0,SEARCH=0.2314453125;INSERT=0.4560546875;DELETE=0.1103515625;UPDATE=0.16015625;RANGE_SEARCH=0.0419921875,SEARCH=0.26171875;INSERT=0.435546875;DELETE=0.1015625;UPDATE=0.158203125;RANGE_SEARCH=0.04296875,0.5918367346938775,0.571723509247449,0.03125
PUBLICATION,LOCAL_HOTSPOT,LARS_NO_DIAGNOSIS,7,16807,LOCAL_HOTSPOT,,11,21179,300000,291954,291954,291954,291968,299996,-1,8,INSERT_SPLIT_PRESSURE,SLACKEN,ROLLBACK,trial censored at RUN_END before a terminal live-trial decision,3,4,63,3,5.644003157058274E-5,1.2837519791176344E-4,0.01567258980363347,309549.36957619723,3270.0,3760.4999999999995,242.9660900391097,28500,135,0,NaN,NaN,4100.0,1600.0,SEARCH=0.2431640625;INSERT=0.4482421875;DELETE=0.103515625;UPDATE=0.154296875;RANGE_SEARCH=0.05078125,SEARCH=0.2740740740740741;INSERT=0.4222222222222222;DELETE=0.08888888888888889;UPDATE=0.14074074074074075;RANGE_SEARCH=0.07407407407407407,NaN,NaN,0.054202835648148144
PUBLICATION,LOCAL_HOTSPOT,LARS_NO_DIAGNOSIS,8,2147483647,LOCAL_HOTSPOT,,1,21001,133248,116908,116908,116908,116957,133248,133248,7,INSERT_SPLIT_PRESSURE,SLACKEN,COMMIT,trial acceptance rule satisfied,34,35,52,3,4.957380825041637E-5,1.3650634754516086E-4,0.035684415946473376,127589.21103986619,2830.0,3254.4999999999995,510.15285281184276,31500,512,32,1300.0,1000.0,1300.0,1000.0,SEARCH=0.23828125;INSERT=0.458984375;DELETE=0.095703125;UPDATE=0.166015625;RANGE_SEARCH=0.041015625,SEARCH=0.2421875;INSERT=0.447265625;DELETE=0.09375;UPDATE=0.169921875;RANGE_SEARCH=0.046875,0.23076923076923078,0.19681775841346155,0.013671875
PUBLICATION,LOCAL_HOTSPOT,LARS_NO_DIAGNOSIS,8,2147483647,LOCAL_HOTSPOT,,2,21180,154463,137643,137643,137643,137662,154463,154463,6,INSERT_SPLIT_PRESSURE,SLACKEN,COMMIT,trial acceptance rule satisfied,42,43,61,3,5.770094828197791E-5,1.3597425554095092E-4,0.03133606707876859,126213.5381602301,3190.0,3668.4999999999995,581.3164028953504,29600,512,29,2000.0,700.0,4500.0,900.0,SEARCH=0.2607421875;INSERT=0.4267578125;DELETE=0.1025390625;UPDATE=0.15234375;RANGE_SEARCH=0.0576171875,SEARCH=0.244140625;INSERT=0.431640625;DELETE=0.083984375;UPDATE=0.16796875;RANGE_SEARCH=0.072265625,0.65,0.6263850390625,0.03515625
PUBLICATION,LOCAL_HOTSPOT,LARS_NO_DIAGNOSIS,8,2147483647,LOCAL_HOTSPOT,,3,20997,157554,-1,-1,-1,-1,-1,-1,-1,NO_CONFIDENT_DIAGNOSIS,,ABSTAIN,no cost-admissible candidate without explicit diagnosis,-1,-1,0,0,0.0,0.0,NaN,NaN,NaN,NaN,NaN,0,0,0,NaN,NaN,NaN,NaN,,,NaN,NaN,NaN
PUBLICATION,LOCAL_HOTSPOT,LARS_NO_DIAGNOSIS,8,2147483647,LOCAL_HOTSPOT,,4,20999,176623,159816,159816,159816,159888,176623,176623,8,INSERT_SPLIT_PRESSURE,SLACKEN,COMMIT,trial acceptance rule satisfied,30,31,46,3,4.3152091422396125E-5,1.3578961662064908E-4,0.03247185666719518,4285500.808625338,2590.0,2978.4999999999995,13.900359061910502,31400,512,36,21800.0,900.0,21800.0,1400.0,SEARCH=0.255859375;INSERT=0.431640625;DELETE=0.1162109375;UPDATE=0.1474609375;RANGE_SEARCH=0.048828125,SEARCH=0.255859375;INSERT=0.451171875;DELETE=0.087890625;UPDATE=0.138671875;RANGE_SEARCH=0.06640625,0.9587155963302753,0.9564977265804187,0.037109375
PUBLICATION,LOCAL_HOTSPOT,LARS_NO_DIAGNOSIS,8,2147483647,LOCAL_HOTSPOT,,5,21000,189779,186564,186564,186564,186572,189773,-1,9,INSERT_SPLIT_PRESSURE,SLACKEN,ROLLBACK,trial mutation would escape the monitored leaf-level region,7,8,64,3,5.97480313490452E-5,1.3563613346595534E-4,0.03072675988717518,1195167.9889575706,3310.0,3806.4999999999995,63.698158504396375,26600,112,0,NaN,NaN,NaN,NaN,SEARCH=0.216796875;INSERT=0.501953125;DELETE=0.09375;UPDATE=0.12890625;RANGE_SEARCH=0.05859375,SEARCH=0.22321428571428573;INSERT=0.48214285714285715;DELETE=0.11607142857142858;UPDATE=0.125;RANGE_SEARCH=0.05357142857142857,NaN,NaN,NaN
PUBLICATION,LOCAL_HOTSPOT,LARS_NO_DIAGNOSIS,8,2147483647,LOCAL_HOTSPOT,,6,20997,226220,192150,192150,192150,192271,226220,226220,9,INSERT_SPLIT_PRESSURE,SLACKEN,COMMIT,trial acceptance rule satisfied,17,18,53,3,4.881589224398367E-5,1.3418015922712228E-4,0.029635632217173618,623264.7816397996,2870.0,3300.4999999999995,105.91004328261374,22000,512,30,6700.0,1600.0,6700.0,1600.0,SEARCH=0.2431640625;INSERT=0.451171875;DELETE=0.08984375;UPDATE=0.1611328125;RANGE_SEARCH=0.0546875,SEARCH=0.24609375;INSERT=0.4375;DELETE=0.11328125;UPDATE=0.13671875;RANGE_SEARCH=0.06640625,0.7611940298507462,0.7556541073927239,0.0380859375
PUBLICATION,LOCAL_HOTSPOT,LARS_NO_DIAGNOSIS,8,2147483647,LOCAL_HOTSPOT,,7,21524,257946,227508,227508,227508,227522,257946,-1,5,INSERT_SPLIT_PRESSURE,SLACKEN,ROLLBACK,tail-latency guard failed,14,15,61,3,5.553416124753396E-5,1.315962626661403E-4,0.016529192426272377,35047.053316330646,3190.0,3668.4999999999995,2093.471292372881,25800,512,27,1000.0,1600.0,1000.0,1600.0,SEARCH=0.2265625;INSERT=0.4609375;DELETE=0.1083984375;UPDATE=0.154296875;RANGE_SEARCH=0.0498046875,SEARCH=0.2265625;INSERT=0.46484375;DELETE=0.099609375;UPDATE=0.166015625;RANGE_SEARCH=0.04296875,-0.6,-0.678043740234375,0.015625
PUBLICATION,LOCAL_HOTSPOT,LARS_NO_DIAGNOSIS,8,2147483647,LOCAL_HOTSPOT,,8,21613,300000,270240,270240,270240,270583,300000,-1,5,INSERT_SPLIT_PRESSURE,SLACKEN,ROLLBACK,trial censored at RUN_END before a terminal live-trial decision,27,28,61,3,5.4683017785427426E-5,1.2845215157353886E-4,0.01756673299938242,197349.5505386674,3190.0,3668.4999999999995,371.77687914533334,31100,474,30,2300.0,11100.0,2300.0,11100.0,SEARCH=0.2314453125;INSERT=0.4931640625;DELETE=0.0927734375;UPDATE=0.138671875;RANGE_SEARCH=0.0439453125,SEARCH=0.20042194092827004;INSERT=0.4831223628691983;DELETE=0.10548523206751055;UPDATE=0.16033755274261605;RANGE_SEARCH=0.05063291139240506,-3.8260869565217392,-3.864573734714674,0.04106507120253167
PUBLICATION,LOCAL_HOTSPOT,LARS_NO_DIAGNOSIS,9,6364136223846793005,LOCAL_HOTSPOT,,1,20997,50832,-1,-1,-1,-1,-1,-1,-1,NO_CONFIDENT_DIAGNOSIS,,ABSTAIN,no cost-admissible candidate without explicit diagnosis,-1,-1,0,0,0.0,0.0,NaN,NaN,NaN,NaN,NaN,0,0,0,NaN,NaN,NaN,NaN,,,NaN,NaN,NaN
PUBLICATION,LOCAL_HOTSPOT,LARS_NO_DIAGNOSIS,9,6364136223846793005,LOCAL_HOTSPOT,,2,21000,107877,91309,91309,91309,91328,107877,107877,6,INSERT_SPLIT_PRESSURE,SLACKEN,COMMIT,trial acceptance rule satisfied,33,34,59,3,5.676100538171295E-5,1.384083044982699E-4,0.04428491112744886,3033858.0634000776,3110.0,3576.4999999999995,23.577240103261634,30700,512,24,9400.0,1600.0,9400.0,1600.0,SEARCH=0.2373046875;INSERT=0.4443359375;DELETE=0.111328125;UPDATE=0.162109375;RANGE_SEARCH=0.044921875,SEARCH=0.265625;INSERT=0.41796875;DELETE=0.095703125;UPDATE=0.16015625;RANGE_SEARCH=0.060546875,0.8297872340425532,0.8260997958568816,0.0439453125
PUBLICATION,LOCAL_HOTSPOT,LARS_NO_DIAGNOSIS,9,6364136223846793005,LOCAL_HOTSPOT,,3,20996,133309,115594,115594,115594,115607,133309,-1,7,INSERT_SPLIT_PRESSURE,SLACKEN,ROLLBACK,minimum net-gain threshold not met,38,39,59,3,5.623106966743611E-5,1.3653119737860102E-4,0.0320490751463178,105261.86973803636,3110.0,3576.4999999999995,679.5433159036186,28900,512,32,1800.0,2300.0,3800.0,4000.0,SEARCH=0.236328125;INSERT=0.4755859375;DELETE=0.09375;UPDATE=0.1494140625;RANGE_SEARCH=0.044921875,SEARCH=0.2265625;INSERT=0.451171875;DELETE=0.11328125;UPDATE=0.16015625;RANGE_SEARCH=0.048828125,-0.2777777777777778,-0.3028261691623264,0.0341796875
PUBLICATION,LOCAL_HOTSPOT,LARS_NO_DIAGNOSIS,9,6364136223846793005,LOCAL_HOTSPOT,,4,21173,152040,136250,136250,136250,136269,152040,152040,6,INSERT_SPLIT_PRESSURE,SLACKEN,COMMIT,trial acceptance rule satisfied,17,18,36,3,3.406797128070021E-5,1.3601741022850925E-4,0.03304824915281588,49895.368726803266,2190.0,2518.5,1009.5125316298496,31600,512,32,1500.0,1000.0,1500.0,1000.0,SEARCH=0.265625;INSERT=0.43359375;DELETE=0.0947265625;UPDATE=0.13671875;RANGE_SEARCH=0.0693359375,SEARCH=0.25390625;INSERT=0.451171875;DELETE=0.109375;UPDATE=0.138671875;RANGE_SEARCH=0.046875,0.3333333333333333,0.30146074218749996,0.0341796875
PUBLICATION,LOCAL_HOTSPOT,LARS_NO_DIAGNOSIS,9,6364136223846793005,LOCAL_HOTSPOT,,5,21540,155131,153156,153156,153156,153163,155072,-1,4,INSERT_SPLIT_PRESSURE,SLACKEN,ROLLBACK,trial mutation would escape the monitored leaf-level region,3,4,55,3,5.1989840239947294E-5,1.3598041881968996E-4,0.033259711575938676,1041678.5760685982,2950.0,3392.4999999999995,65.13525530694204,29600,65,0,NaN,NaN,NaN,NaN,SEARCH=0.2451171875;INSERT=0.4716796875;DELETE=0.087890625;UPDATE=0.1591796875;RANGE_SEARCH=0.0361328125,SEARCH=0.27692307692307694;INSERT=0.4;DELETE=0.07692307692307693;UPDATE=0.2;RANGE_SEARCH=0.046153846153846156,NaN,NaN,NaN
PUBLICATION,LOCAL_HOTSPOT,LARS_NO_DIAGNOSIS,9,6364136223846793005,LOCAL_HOTSPOT,,6,21538,186913,156743,156743,156743,156748,186913,186913,4,INSERT_SPLIT_PRESSURE,SLACKEN,COMMIT,trial acceptance rule satisfied,22,23,47,3,4.390623496561768E-5,1.3565453312231517E-4,0.029668260176734754,110879.32782848037,2630.0,3024.4999999999995,545.5480402403971,35200,512,25,1200.0,1000.0,5100.0,1100.0,SEARCH=0.2373046875;INSERT=0.4345703125;DELETE=0.1025390625;UPDATE=0.1787109375;RANGE_SEARCH=0.046875,SEARCH=0.271484375;INSERT=0.4140625;DELETE=0.09375;UPDATE=0.166015625;RANGE_SEARCH=0.0546875,0.16666666666666666,0.11723111979166666,0.0419921875
PUBLICATION,LOCAL_HOTSPOT,LARS_NO_DIAGNOSIS,9,6364136223846793005,LOCAL_HOTSPOT,,7,21625,248947,215480,215480,215480,215727,248947,248947,4,INSERT_SPLIT_PRESSURE,SLACKEN,COMMIT,trial acceptance rule satisfied,14,15,63,3,5.750399789699665E-5,1.321644125291863E-4,0.021869126943447805,53165.043567401335,3270.0,3760.4999999999995,1414.6513376717278,24700,512,36,1500.0,1100.0,3600.0,3600.0,SEARCH=0.2509765625;INSERT=0.4501953125;DELETE=0.099609375;UPDATE=0.1513671875;RANGE_SEARCH=0.0478515625,SEARCH=0.279296875;INSERT=0.4453125;DELETE=0.08203125;UPDATE=0.13671875;RANGE_SEARCH=0.056640625,0.26666666666666666,0.22901846354166666,0.037109375
PUBLICATION,LOCAL_HOTSPOT,LARS_NO_DIAGNOSIS,9,6364136223846793005,LOCAL_HOTSPOT,,8,21661,275006,-1,-1,-1,-1,-1,-1,-1,NO_CONFIDENT_DIAGNOSIS,,ABSTAIN,no cost-admissible candidate without explicit diagnosis,-1,-1,0,0,0.0,0.0,NaN,NaN,NaN,NaN,NaN,0,0,0,NaN,NaN,NaN,NaN,,,NaN,NaN,NaN
PUBLICATION,LOCAL_HOTSPOT,LARS_NO_DIAGNOSIS,9,6364136223846793005,LOCAL_HOTSPOT,,9,21605,275960,-1,-1,-1,-1,-1,-1,-1,NO_CONFIDENT_DIAGNOSIS,,ABSTAIN,no cost-admissible candidate without explicit diagnosis,-1,-1,0,0,0.0,0.0,NaN,NaN,NaN,NaN,NaN,0,0,0,NaN,NaN,NaN,NaN,,,NaN,NaN,NaN
PUBLICATION,LOCAL_HOTSPOT,LARS_NO_DIAGNOSIS,9,6364136223846793005,LOCAL_HOTSPOT,,10,21000,300000,277345,277345,277345,277397,299991,-1,10,INSERT_SPLIT_PRESSURE,SLACKEN,ROLLBACK,trial censored at RUN_END before a terminal live-trial decision,10,11,58,3,5.19486102851083E-5,1.284191601386927E-4,0.015662761173483433,915866.8053473646,3070.0,3530.4999999999995,77.09636334425228,28300,313,22,8300.0,1300.0,8300.0,1300.0,SEARCH=0.2314453125;INSERT=0.4423828125;DELETE=0.1103515625;UPDATE=0.1591796875;RANGE_SEARCH=0.056640625,SEARCH=0.24600638977635783;INSERT=0.4472843450479233;DELETE=0.1182108626198083;UPDATE=0.1501597444089457;RANGE_SEARCH=0.038338658146964855,0.8433734939759037,0.8324889554310995,0.027321909944089444
PUBLICATION,LOCAL_HOTSPOT,LARS_NO_LOCALITY,0,1103515245,LOCAL_HOTSPOT,,1,20997,53330,-1,-1,-1,-1,-1,-1,-1,NO_CONFIDENT_DIAGNOSIS,,ABSTAIN,"diagnostic confidence not satisfied: insertScore=0.11358627012634599, scanScore=0.049863708572676885",-1,-1,0,0,0.0,0.0,NaN,NaN,NaN,NaN,NaN,0,0,0,NaN,NaN,NaN,NaN,,,NaN,NaN,NaN
PUBLICATION,LOCAL_HOTSPOT,LARS_NO_LOCALITY,0,1103515245,LOCAL_HOTSPOT,,2,21000,54535,-1,-1,-1,-1,-1,-1,-1,NO_CONFIDENT_DIAGNOSIS,,ABSTAIN,"diagnostic confidence not satisfied: insertScore=0.7089913623409911, scanScore=0.03994874056831488",-1,-1,0,0,0.0,0.0,NaN,NaN,NaN,NaN,NaN,0,0,0,NaN,NaN,NaN,NaN,,,NaN,NaN,NaN
PUBLICATION,LOCAL_HOTSPOT,LARS_NO_LOCALITY,0,1103515245,LOCAL_HOTSPOT,,3,20997,69724,-1,-1,-1,-1,-1,-1,-1,NO_CONFIDENT_DIAGNOSIS,,ABSTAIN,"diagnostic confidence not satisfied: insertScore=0.23430506409387022, scanScore=0.013192968068440945",-1,-1,0,0,0.0,0.0,NaN,NaN,NaN,NaN,NaN,0,0,0,NaN,NaN,NaN,NaN,,,NaN,NaN,NaN
PUBLICATION,LOCAL_HOTSPOT,LARS_NO_LOCALITY,0,1103515245,LOCAL_HOTSPOT,,4,20997,113483,96656,96656,96656,96668,113483,-1,6,INSERT_SPLIT_PRESSURE,SLACKEN,ROLLBACK,tail-latency guard failed,20,22,91,4,8.732878519901846E-5,1.8379818958783257E-4,0.03803722001411537,169637.08628951377,4640.0,5336.0,629.1077165630202,681600,512,19,1500.0,6600.0,1500.0,6600.0,SEARCH=0.25;INSERT=0.455078125;DELETE=0.0947265625;UPDATE=0.1396484375;RANGE_SEARCH=0.060546875,SEARCH=0.23828125;INSERT=0.4375;DELETE=0.115234375;UPDATE=0.154296875;RANGE_SEARCH=0.0546875,-3.4,-3.9973096875,0.03515625
PUBLICATION,LOCAL_HOTSPOT,LARS_NO_LOCALITY,0,1103515245,LOCAL_HOTSPOT,,5,20996,141476,124483,124483,124483,124491,141476,141476,7,INSERT_SPLIT_PRESSURE,SLACKEN,COMMIT,trial acceptance rule satisfied,10,11,64,3,6.078807945761836E-5,1.3604825177996463E-4,0.03219417109441318,475164.27201559406,3310.0,3806.4999999999995,160.21827499164652,29500,512,37,2600.0,900.0,2600.0,1000.0,SEARCH=0.2412109375;INSERT=0.4638671875;DELETE=0.1044921875;UPDATE=0.138671875;RANGE_SEARCH=0.0517578125,SEARCH=0.251953125;INSERT=0.486328125;DELETE=0.072265625;UPDATE=0.142578125;RANGE_SEARCH=0.046875,0.6538461538461539,0.6362247126652645,0.037109375
PUBLICATION,LOCAL_HOTSPOT,LARS_NO_LOCALITY,0,1103515245,LOCAL_HOTSPOT,,6,21185,149378,-1,-1,-1,-1,-1,-1,-1,NO_CONFIDENT_DIAGNOSIS,,ABSTAIN,"diagnostic confidence not satisfied: insertScore=0.4315687510236598, scanScore=0.01174592440056605",-1,-1,0,0,0.0,0.0,NaN,NaN,NaN,NaN,NaN,0,0,0,NaN,NaN,NaN,NaN,,,NaN,NaN,NaN
PUBLICATION,LOCAL_HOTSPOT,LARS_NO_LOCALITY,0,1103515245,LOCAL_HOTSPOT,,7,21170,164311,-1,-1,-1,-1,-1,-1,-1,NO_CONFIDENT_DIAGNOSIS,,ABSTAIN,"diagnostic confidence not satisfied: insertScore=0.22710400779126422, scanScore=0.0",-1,-1,0,0,0.0,0.0,NaN,NaN,NaN,NaN,NaN,0,0,0,NaN,NaN,NaN,NaN,,,NaN,NaN,NaN
PUBLICATION,LOCAL_HOTSPOT,LARS_NO_LOCALITY,0,1103515245,LOCAL_HOTSPOT,,8,21574,194311,166241,166241,166241,166335,194311,194311,4,INSERT_SPLIT_PRESSURE,SLACKEN,COMMIT,trial acceptance rule satisfied,22,23,51,3,4.7504079762144275E-5,1.355258402602096E-4,0.02586707757597191,1254684.618687953,2790.0,3208.4999999999995,51.14432666521706,30000,512,25,7400.0,900.0,7400.0,1200.0,SEARCH=0.2490234375;INSERT=0.427734375;DELETE=0.0986328125;UPDATE=0.177734375;RANGE_SEARCH=0.046875,SEARCH=0.291015625;INSERT=0.408203125;DELETE=0.083984375;UPDATE=0.16015625;RANGE_SEARCH=0.056640625,0.8783783783783784,0.8705420581714527,0.0517578125
PUBLICATION,LOCAL_HOTSPOT,LARS_NO_LOCALITY,0,1103515245,LOCAL_HOTSPOT,,9,20999,208610,-1,-1,-1,-1,-1,-1,-1,NO_CONFIDENT_DIAGNOSIS,,ABSTAIN,"diagnostic confidence not satisfied: insertScore=0.04706323749825831, scanScore=0.011838625628232345",-1,-1,0,0,0.0,0.0,NaN,NaN,NaN,NaN,NaN,0,0,0,NaN,NaN,NaN,NaN,,,NaN,NaN,NaN
PUBLICATION,LOCAL_HOTSPOT,LARS_NO_LOCALITY,0,1103515245,LOCAL_HOTSPOT,,10,21561,268460,236167,236167,236167,236267,268460,-1,5,INSERT_SPLIT_PRESSURE,SLACKEN,ROLLBACK,tail-latency guard failed,14,15,63,3,5.7083986854373314E-5,1.3066771200836272E-4,0.015992003998001,80459.77011494253,3270.0,3760.4999999999995,934.752857142857,26900,512,39,1600.0,3200.0,1800.0,7300.0,SEARCH=0.2470703125;INSERT=0.44921875;DELETE=0.095703125;UPDATE=0.158203125;RANGE_SEARCH=0.0498046875,SEARCH=0.263671875;INSERT=0.45703125;DELETE=0.09375;UPDATE=0.1328125;RANGE_SEARCH=0.052734375,-1.0,-1.05256533203125,0.02734375
PUBLICATION,LOCAL_HOTSPOT,LARS_NO_LOCALITY,0,1103515245,LOCAL_HOTSPOT,,11,20999,300000,272810,272810,272810,272898,299979,-1,10,INSERT_SPLIT_PRESSURE,SLACKEN,ROLLBACK,trial censored at RUN_END before a terminal live-trial decision,9,10,58,3,5.194065511494557E-5,1.2851267991775188E-4,0.015959602256787508,36640.69075153517,3070.0,3530.4999999999995,1927.0924906633093,29800,434,20,1800.0,1600.0,4200.0,1600.0,SEARCH=0.2626953125;INSERT=0.458984375;DELETE=0.0888671875;UPDATE=0.1474609375;RANGE_SEARCH=0.0419921875,SEARCH=0.2465437788018433;INSERT=0.4447004608294931;DELETE=0.11059907834101383;UPDATE=0.1543778801843318;RANGE_SEARCH=0.04377880184331797,0.1111111111111111,0.05924404296875,0.030435447868663593
PUBLICATION,LOCAL_HOTSPOT,LARS_NO_LOCALITY,1,214013,LOCAL_HOTSPOT,,1,20997,50895,-1,-1,-1,-1,-1,-1,-1,NO_CONFIDENT_DIAGNOSIS,,ABSTAIN,"diagnostic confidence not satisfied: insertScore=0.3040007555033232, scanScore=0.054782006723197586",-1,-1,0,0,0.0,0.0,NaN,NaN,NaN,NaN,NaN,0,0,0,NaN,NaN,NaN,NaN,,,NaN,NaN,NaN
PUBLICATION,LOCAL_HOTSPOT,LARS_NO_LOCALITY,1,214013,LOCAL_HOTSPOT,,2,21000,51364,-1,-1,-1,-1,-1,-1,-1,INSERT_SPLIT_PRESSURE,,ABSTAIN,no feasible bounded repair window for SLACKEN,-1,-1,0,0,0.0,0.0,NaN,NaN,NaN,NaN,NaN,0,0,0,NaN,NaN,NaN,NaN,,,NaN,NaN,NaN
PUBLICATION,LOCAL_HOTSPOT,LARS_NO_LOCALITY,1,214013,LOCAL_HOTSPOT,,3,21001,52761,-1,-1,-1,-1,-1,-1,-1,NO_CONFIDENT_DIAGNOSIS,,ABSTAIN,"diagnostic confidence not satisfied: insertScore=0.6340919056555442, scanScore=0.05890596437928158",-1,-1,0,0,0.0,0.0,NaN,NaN,NaN,NaN,NaN,0,0,0,NaN,NaN,NaN,NaN,,,NaN,NaN,NaN
PUBLICATION,LOCAL_HOTSPOT,LARS_NO_LOCALITY,1,214013,LOCAL_HOTSPOT,,4,20996,55271,-1,-1,-1,-1,-1,-1,-1,NO_CONFIDENT_DIAGNOSIS,,ABSTAIN,"diagnostic confidence not satisfied: insertScore=0.14143307443639158, scanScore=0.03661722802872539",-1,-1,0,0,0.0,0.0,NaN,NaN,NaN,NaN,NaN,0,0,0,NaN,NaN,NaN,NaN,,,NaN,NaN,NaN
PUBLICATION,LOCAL_HOTSPOT,LARS_NO_LOCALITY,1,214013,LOCAL_HOTSPOT,,5,20997,65175,-1,-1,-1,-1,-1,-1,-1,NO_CONFIDENT_DIAGNOSIS,,ABSTAIN,"diagnostic confidence not satisfied: insertScore=0.08998942141464168, scanScore=0.022463235652482535",-1,-1,0,0,0.0,0.0,NaN,NaN,NaN,NaN,NaN,0,0,0,NaN,NaN,NaN,NaN,,,NaN,NaN,NaN
PUBLICATION,LOCAL_HOTSPOT,LARS_NO_LOCALITY,1,214013,LOCAL_HOTSPOT,,6,21000,67390,-1,-1,-1,-1,-1,-1,-1,NO_CONFIDENT_DIAGNOSIS,,ABSTAIN,"diagnostic confidence not satisfied: insertScore=0.21701351309474934, scanScore=0.02402440621843986",-1,-1,0,0,0.0,0.0,NaN,NaN,NaN,NaN,NaN,0,0,0,NaN,NaN,NaN,NaN,,,NaN,NaN,NaN
PUBLICATION,LOCAL_HOTSPOT,LARS_NO_LOCALITY,1,214013,LOCAL_HOTSPOT,,7,21000,88242,-1,-1,-1,-1,-1,-1,-1,NO_CONFIDENT_DIAGNOSIS,,ABSTAIN,"diagnostic confidence not satisfied: insertScore=0.06934314303910051, scanScore=0.019700253178454953",-1,-1,0,0,0.0,0.0,NaN,NaN,NaN,NaN,NaN,0,0,0,NaN,NaN,NaN,NaN,,,NaN,NaN,NaN
PUBLICATION,LOCAL_HOTSPOT,LARS_NO_LOCALITY,1,214013,LOCAL_HOTSPOT,,8,20997,92218,-1,-1,-1,-1,-1,-1,-1,NO_CONFIDENT_DIAGNOSIS,,ABSTAIN,"diagnostic confidence not satisfied: insertScore=0.0649944062312245, scanScore=0.014475669401102453",-1,-1,0,0,0.0,0.0,NaN,NaN,NaN,NaN,NaN,0,0,0,NaN,NaN,NaN,NaN,,,NaN,NaN,NaN
PUBLICATION,LOCAL_HOTSPOT,LARS_NO_LOCALITY,1,214013,LOCAL_HOTSPOT,,9,21186,109943,-1,-1,-1,-1,-1,-1,-1,NO_CONFIDENT_DIAGNOSIS,,ABSTAIN,"diagnostic confidence not satisfied: insertScore=0.09302245654907244, scanScore=0.0",-1,-1,0,0,0.0,0.0,NaN,NaN,NaN,NaN,NaN,0,0,0,NaN,NaN,NaN,NaN,,,NaN,NaN,NaN
PUBLICATION,LOCAL_HOTSPOT,LARS_NO_LOCALITY,1,214013,LOCAL_HOTSPOT,,10,20999,116267,-1,-1,-1,-1,-1,-1,-1,INSERT_SPLIT_PRESSURE,,ABSTAIN,predicted benefit does not repay estimated adaptation cost within configured horizon,-1,-1,0,0,0.0,0.0,NaN,NaN,NaN,NaN,NaN,0,0,0,NaN,NaN,NaN,NaN,,,NaN,NaN,NaN
PUBLICATION,LOCAL_HOTSPOT,LARS_NO_LOCALITY,1,214013,LOCAL_HOTSPOT,,11,21000,134640,119975,119975,119975,119977,134640,-1,7,INSERT_SPLIT_PRESSURE,SLACKEN,ROLLBACK,minimum net-gain threshold not met,44,45,63,3,6.000702939487197E-5,1.362769146906514E-4,0.03232323232323232,364444.44444444444,3270.0,3760.4999999999995,206.36890243902437,794700,512,24,2700.0,1800.0,2700.0,1800.0,SEARCH=0.26171875;INSERT=0.4404296875;DELETE=0.091796875;UPDATE=0.1572265625;RANGE_SEARCH=0.048828125,SEARCH=0.265625;INSERT=0.4453125;DELETE=0.087890625;UPDATE=0.158203125;RANGE_SEARCH=0.04296875,0.3333333333333333,-0.12196354166666667,0.009765625
PUBLICATION,LOCAL_HOTSPOT,LARS_NO_LOCALITY,1,214013,LOCAL_HOTSPOT,,12,21001,146027,-1,-1,-1,-1,-1,-1,-1,NO_CONFIDENT_DIAGNOSIS,,ABSTAIN,"diagnostic confidence not satisfied: insertScore=0.1076569476060224, scanScore=0.07346027200155461",-1,-1,0,0,0.0,0.0,NaN,NaN,NaN,NaN,NaN,0,0,0,NaN,NaN,NaN,NaN,,,NaN,NaN,NaN
PUBLICATION,LOCAL_HOTSPOT,LARS_NO_LOCALITY,1,214013,LOCAL_HOTSPOT,,13,20999,166018,148700,148700,148700,148712,166018,166018,8,INSERT_SPLIT_PRESSURE,SLACKEN,COMMIT,trial acceptance rule satisfied,55,56,53,3,4.9900340546286334E-5,1.3584495562398116E-4,0.03169493623870249,2.6828174693574347E7,2870.0,3300.4999999999995,2.4604730196501268,31800,512,28,101400.0,800.0,101400.0,900.0,SEARCH=0.259765625;INSERT=0.451171875;DELETE=0.09375;UPDATE=0.14453125;RANGE_SEARCH=0.05078125,SEARCH=0.244140625;INSERT=0.44921875;DELETE=0.1015625;UPDATE=0.130859375;RANGE_SEARCH=0.07421875,0.9921104536489151,0.991615722463634,0.03125
PUBLICATION,LOCAL_HOTSPOT,LARS_NO_LOCALITY,1,214013,LOCAL_HOTSPOT,,14,21568,173087,-1,-1,-1,-1,-1,-1,-1,NO_CONFIDENT_DIAGNOSIS,,ABSTAIN,"diagnostic confidence not satisfied: insertScore=0.07219894883329836, scanScore=0.014686108605975927",-1,-1,0,0,0.0,0.0,NaN,NaN,NaN,NaN,NaN,0,0,0,NaN,NaN,NaN,NaN,,,NaN,NaN,NaN
PUBLICATION,LOCAL_HOTSPOT,LARS_NO_LOCALITY,1,214013,LOCAL_HOTSPOT,,15,21554,176570,-1,-1,-1,-1,-1,-1,-1,NO_CONFIDENT_DIAGNOSIS,,ABSTAIN,"diagnostic confidence not satisfied: insertScore=0.05803828607431194, scanScore=0.0",-1,-1,0,0,0.0,0.0,NaN,NaN,NaN,NaN,NaN,0,0,0,NaN,NaN,NaN,NaN,,,NaN,NaN,NaN
PUBLICATION,LOCAL_HOTSPOT,LARS_NO_LOCALITY,1,214013,LOCAL_HOTSPOT,,16,20997,189543,-1,-1,-1,-1,-1,-1,-1,NO_CONFIDENT_DIAGNOSIS,,ABSTAIN,"diagnostic confidence not satisfied: insertScore=0.5843649513151036, scanScore=0.02251012549416787",-1,-1,0,0,0.0,0.0,NaN,NaN,NaN,NaN,NaN,0,0,0,NaN,NaN,NaN,NaN,,,NaN,NaN,NaN
PUBLICATION,LOCAL_HOTSPOT,LARS_NO_LOCALITY,1,214013,LOCAL_HOTSPOT,,17,21170,225713,194715,194715,194715,194729,225713,225713,7,INSERT_SPLIT_PRESSURE,SLACKEN,COMMIT,trial acceptance rule satisfied,20,21,60,3,5.526841566638511E-5,1.3419816595839856E-4,0.03133606707876859,462344.6967378665,3150.0,3622.4999999999995,156.701267498428,25500,512,29,3400.0,1000.0,3400.0,1000.0,SEARCH=0.255859375;INSERT=0.4404296875;DELETE=0.08984375;UPDATE=0.1630859375;RANGE_SEARCH=0.05078125,SEARCH=0.25390625;INSERT=0.46484375;DELETE=0.083984375;UPDATE=0.14453125;RANGE_SEARCH=0.052734375,0.7058823529411765,0.6939153119255516,0.0263671875
PUBLICATION,LOCAL_HOTSPOT,LARS_NO_LOCALITY,1,214013,LOCAL_HOTSPOT,,18,21568,265689,234738,234738,234738,234758,265689,265689,5,INSERT_SPLIT_PRESSURE,SLACKEN,COMMIT,trial acceptance rule satisfied,4,6,91,4,8.259467073770655E-5,1.747411646498624E-4,0.016631206249695475,46983.15765538972,4640.0,5336.0,2271.4522676991146,27700,512,21,1700.0,1400.0,4000.0,4400.0,SEARCH=0.2421875;INSERT=0.44140625;DELETE=0.1142578125;UPDATE=0.15234375;RANGE_SEARCH=0.0498046875,SEARCH=0.22265625;INSERT=0.43359375;DELETE=0.1171875;UPDATE=0.16015625;RANGE_SEARCH=0.06640625,0.17647058823529413,0.12748401022518385,0.02734375
PUBLICATION,LOCAL_HOTSPOT,LARS_NO_LOCALITY,1,214013,LOCAL_HOTSPOT,,19,21604,269798,-1,-1,-1,-1,-1,-1,-1,NO_CONFIDENT_DIAGNOSIS,,ABSTAIN,"diagnostic confidence not satisfied: insertScore=0.14690798910327818, scanScore=0.0",-1,-1,0,0,0.0,0.0,NaN,NaN,NaN,NaN,NaN,0,0,0,NaN,NaN,NaN,NaN,,,NaN,NaN,NaN
PUBLICATION,LOCAL_HOTSPOT,LARS_NO_LOCALITY,1,214013,LOCAL_HOTSPOT,,20,21001,286931,-1,-1,-1,-1,-1,-1,-1,INSERT_SPLIT_PRESSURE,,ABSTAIN,predicted benefit does not repay estimated adaptation cost within configured horizon,-1,-1,0,0,0.0,0.0,NaN,NaN,NaN,NaN,NaN,0,0,0,NaN,NaN,NaN,NaN,,,NaN,NaN,NaN
PUBLICATION,LOCAL_HOTSPOT,LARS_NO_LOCALITY,1,214013,LOCAL_HOTSPOT,,21,21554,296098,-1,-1,-1,-1,-1,-1,-1,INSERT_SPLIT_PRESSURE,,ABSTAIN,predicted benefit does not repay estimated adaptation cost within configured horizon,-1,-1,0,0,0.0,0.0,NaN,NaN,NaN,NaN,NaN,0,0,0,NaN,NaN,NaN,NaN,,,NaN,NaN,NaN
PUBLICATION,LOCAL_HOTSPOT,LARS_NO_LOCALITY,1,214013,LOCAL_HOTSPOT,,22,20998,298709,-1,-1,-1,-1,-1,-1,-1,INSERT_SPLIT_PRESSURE,,ABSTAIN,predicted benefit does not repay estimated adaptation cost within configured horizon,-1,-1,0,0,0.0,0.0,NaN,NaN,NaN,NaN,NaN,0,0,0,NaN,NaN,NaN,NaN,,,NaN,NaN,NaN
PUBLICATION,LOCAL_HOTSPOT,LARS_NO_LOCALITY,2,1664525,LOCAL_HOTSPOT,,1,20999,53117,-1,-1,-1,-1,-1,-1,-1,NO_CONFIDENT_DIAGNOSIS,,ABSTAIN,"diagnostic confidence not satisfied: insertScore=0.09420760313178501, scanScore=0.05075224827657209",-1,-1,0,0,0.0,0.0,NaN,NaN,NaN,NaN,NaN,0,0,0,NaN,NaN,NaN,NaN,,,NaN,NaN,NaN
PUBLICATION,LOCAL_HOTSPOT,LARS_NO_LOCALITY,2,1664525,LOCAL_HOTSPOT,,2,20999,68586,-1,-1,-1,-1,-1,-1,-1,NO_CONFIDENT_DIAGNOSIS,,ABSTAIN,"diagnostic confidence not satisfied: insertScore=0.5448594462281348, scanScore=0.017707879594879107",-1,-1,0,0,0.0,0.0,NaN,NaN,NaN,NaN,NaN,0,0,0,NaN,NaN,NaN,NaN,,,NaN,NaN,NaN
PUBLICATION,LOCAL_HOTSPOT,LARS_NO_LOCALITY,2,1664525,LOCAL_HOTSPOT,,3,20999,103637,87112,87112,87112,87114,103637,103637,6,INSERT_SPLIT_PRESSURE,SLACKEN,COMMIT,trial acceptance rule satisfied,31,32,58,3,5.587975447592016E-5,1.389210465385506E-4,0.055276653171390015,2552658.5695006745,3070.0,3530.4999999999995,27.661357003891048,746400,512,23,6600.0,3400.0,6600.0,3400.0,SEARCH=0.2451171875;INSERT=0.44921875;DELETE=0.0966796875;UPDATE=0.1533203125;RANGE_SEARCH=0.0556640625,SEARCH=0.251953125;INSERT=0.4453125;DELETE=0.125;UPDATE=0.12890625;RANGE_SEARCH=0.048828125,0.48484848484848486,0.3825531190814394,0.03515625
PUBLICATION,LOCAL_HOTSPOT,LARS_NO_LOCALITY,2,1664525,LOCAL_HOTSPOT,,4,21173,122959,108235,108235,108235,108293,122959,-1,4,INSERT_SPLIT_PRESSURE,SLACKEN,ROLLBACK,tail-latency guard failed,1,2,59,3,5.643259891247687E-5,1.3700506918755994E-4,0.03433131055754853,229570.523351326,3110.0,3576.4999999999995,311.5818135350644,30700,512,27,2400.0,3200.0,2400.0,3200.0,SEARCH=0.2548828125;INSERT=0.4580078125;DELETE=0.091796875;UPDATE=0.154296875;RANGE_SEARCH=0.041015625,SEARCH=0.25390625;INSERT=0.439453125;DELETE=0.095703125;UPDATE=0.16015625;RANGE_SEARCH=0.05078125,-0.3333333333333333,-0.3519630716959635,0.01953125
PUBLICATION,LOCAL_HOTSPOT,LARS_NO_LOCALITY,2,1664525,LOCAL_HOTSPOT,,5,21001,124829,-1,-1,-1,-1,-1,-1,-1,INSERT_SPLIT_PRESSURE,,ABSTAIN,predicted benefit does not repay estimated adaptation cost within configured horizon,-1,-1,0,0,0.0,0.0,NaN,NaN,NaN,NaN,NaN,0,0,0,NaN,NaN,NaN,NaN,,,NaN,NaN,NaN
PUBLICATION,LOCAL_HOTSPOT,LARS_NO_LOCALITY,2,1664525,LOCAL_HOTSPOT,,6,20998,124832,-1,-1,-1,-1,-1,-1,-1,INSERT_SPLIT_PRESSURE,,ABSTAIN,predicted benefit does not repay estimated adaptation cost within configured horizon,-1,-1,0,0,0.0,0.0,NaN,NaN,NaN,NaN,NaN,0,0,0,NaN,NaN,NaN,NaN,,,NaN,NaN,NaN
PUBLICATION,LOCAL_HOTSPOT,LARS_NO_LOCALITY,2,1664525,LOCAL_HOTSPOT,,7,21000,126068,-1,-1,-1,-1,-1,-1,-1,INSERT_SPLIT_PRESSURE,,ABSTAIN,predicted benefit does not repay estimated adaptation cost within configured horizon,-1,-1,0,0,0.0,0.0,NaN,NaN,NaN,NaN,NaN,0,0,0,NaN,NaN,NaN,NaN,,,NaN,NaN,NaN
PUBLICATION,LOCAL_HOTSPOT,LARS_NO_LOCALITY,2,1664525,LOCAL_HOTSPOT,,8,20997,127326,-1,-1,-1,-1,-1,-1,-1,INSERT_SPLIT_PRESSURE,,ABSTAIN,predicted benefit does not repay estimated adaptation cost within configured horizon,-1,-1,0,0,0.0,0.0,NaN,NaN,NaN,NaN,NaN,0,0,0,NaN,NaN,NaN,NaN,,,NaN,NaN,NaN
PUBLICATION,LOCAL_HOTSPOT,LARS_NO_LOCALITY,2,1664525,LOCAL_HOTSPOT,,9,20996,127781,-1,-1,-1,-1,-1,-1,-1,NO_CONFIDENT_DIAGNOSIS,,ABSTAIN,"diagnostic confidence not satisfied: insertScore=0.1465739181815719, scanScore=0.0639298851063667",-1,-1,0,0,0.0,0.0,NaN,NaN,NaN,NaN,NaN,0,0,0,NaN,NaN,NaN,NaN,,,NaN,NaN,NaN
PUBLICATION,LOCAL_HOTSPOT,LARS_NO_LOCALITY,2,1664525,LOCAL_HOTSPOT,,10,21187,149191,-1,-1,-1,-1,-1,-1,-1,NO_CONFIDENT_DIAGNOSIS,,ABSTAIN,"diagnostic confidence not satisfied: insertScore=0.7696933365319921, scanScore=0.0",-1,-1,0,0,0.0,0.0,NaN,NaN,NaN,NaN,NaN,0,0,0,NaN,NaN,NaN,NaN,,,NaN,NaN,NaN
PUBLICATION,LOCAL_HOTSPOT,LARS_NO_LOCALITY,2,1664525,LOCAL_HOTSPOT,,11,21000,156850,-1,-1,-1,-1,-1,-1,-1,NO_CONFIDENT_DIAGNOSIS,,ABSTAIN,"diagnostic confidence not satisfied: insertScore=0.0650325848774642, scanScore=0.0551845314008734",-1,-1,0,0,0.0,0.0,NaN,NaN,NaN,NaN,NaN,0,0,0,NaN,NaN,NaN,NaN,,,NaN,NaN,NaN
PUBLICATION,LOCAL_HOTSPOT,LARS_NO_LOCALITY,2,1664525,LOCAL_HOTSPOT,,12,20996,158541,-1,-1,-1,-1,-1,-1,-1,INSERT_SPLIT_PRESSURE,,ABSTAIN,no feasible bounded repair window for SLACKEN,-1,-1,0,0,0.0,0.0,NaN,NaN,NaN,NaN,NaN,0,0,0,NaN,NaN,NaN,NaN,,,NaN,NaN,NaN
PUBLICATION,LOCAL_HOTSPOT,LARS_NO_LOCALITY,2,1664525,LOCAL_HOTSPOT,,13,20997,159238,-1,-1,-1,-1,-1,-1,-1,NO_CONFIDENT_DIAGNOSIS,,ABSTAIN,"diagnostic confidence not satisfied: insertScore=0.042053298053595645, scanScore=0.04871987603023604",-1,-1,0,0,0.0,0.0,NaN,NaN,NaN,NaN,NaN,0,0,0,NaN,NaN,NaN,NaN,,,NaN,NaN,NaN
PUBLICATION,LOCAL_HOTSPOT,LARS_NO_LOCALITY,2,1664525,LOCAL_HOTSPOT,,14,20998,159728,-1,-1,-1,-1,-1,-1,-1,NO_CONFIDENT_DIAGNOSIS,,ABSTAIN,"diagnostic confidence not satisfied: insertScore=0.057668038768166695, scanScore=0.04956476037206765",-1,-1,0,0,0.0,0.0,NaN,NaN,NaN,NaN,NaN,0,0,0,NaN,NaN,NaN,NaN,,,NaN,NaN,NaN
PUBLICATION,LOCAL_HOTSPOT,LARS_NO_LOCALITY,2,1664525,LOCAL_HOTSPOT,,15,21588,191671,161100,161100,161100,161124,191671,191671,4,INSERT_SPLIT_PRESSURE,SLACKEN,COMMIT,trial acceptance rule satisfied,23,25,80,4,7.46107185758306E-5,1.807909604519774E-4,0.029319971367215463,2489780.9591982826,4200.0,4830.0,38.798593765093905,31000,512,29,10400.0,800.0,10400.0,1700.0,SEARCH=0.255859375;INSERT=0.455078125;DELETE=0.1044921875;UPDATE=0.140625;RANGE_SEARCH=0.0439453125,SEARCH=0.244140625;INSERT=0.48828125;DELETE=0.087890625;UPDATE=0.13671875;RANGE_SEARCH=0.04296875,0.9230769230769231,0.9179937509390025,0.033203125
PUBLICATION,LOCAL_HOTSPOT,LARS_NO_LOCALITY,2,1664525,LOCAL_HOTSPOT,,16,21177,225046,193392,193392,193392,193486,225046,225046,6,INSERT_SPLIT_PRESSURE,SLACKEN,COMMIT,trial acceptance rule satisfied,15,16,49,3,4.51338772119054E-5,1.341381623071764E-4,0.018772113145978844,437030.92632312234,2710.0,3116.4999999999995,142.6214856792899,24500,512,24,4700.0,4200.0,4700.0,4200.0,SEARCH=0.2666015625;INSERT=0.41796875;DELETE=0.1220703125;UPDATE=0.134765625;RANGE_SEARCH=0.05859375,SEARCH=0.24609375;INSERT=0.478515625;DELETE=0.095703125;UPDATE=0.130859375;RANGE_SEARCH=0.048828125,0.10638297872340426,0.09249864424035904,0.060546875
PUBLICATION,LOCAL_HOTSPOT,LARS_NO_LOCALITY,2,1664525,LOCAL_HOTSPOT,,17,21627,257093,226871,226871,226871,226896,257093,257093,4,INSERT_SPLIT_PRESSURE,SLACKEN,COMMIT,trial acceptance rule satisfied,1,2,63,3,5.7338457995938984E-5,1.3156740636786248E-4,0.017750658715850784,874441.8249895992,3270.0,3760.4999999999995,86.00915218218725,27700,512,28,8700.0,1900.0,8700.0,5400.0,SEARCH=0.2626953125;INSERT=0.4375;DELETE=0.09765625;UPDATE=0.1376953125;RANGE_SEARCH=0.064453125,SEARCH=0.220703125;INSERT=0.455078125;DELETE=0.115234375;UPDATE=0.16015625;RANGE_SEARCH=0.048828125,0.7816091954022989,0.7726407731681035,0.0576171875
PUBLICATION,LOCAL_HOTSPOT,LARS_NO_LOCALITY,2,1664525,LOCAL_HOTSPOT,,18,21606,268520,-1,-1,-1,-1,-1,-1,-1,NO_CONFIDENT_DIAGNOSIS,,ABSTAIN,"diagnostic confidence not satisfied: insertScore=0.0848693370247531, scanScore=0.034267090830420475",-1,-1,0,0,0.0,0.0,NaN,NaN,NaN,NaN,NaN,0,0,0,NaN,NaN,NaN,NaN,,,NaN,NaN,NaN
PUBLICATION,LOCAL_HOTSPOT,LARS_NO_LOCALITY,2,1664525,LOCAL_HOTSPOT,,19,21608,300000,270419,270419,270419,270450,299965,-1,5,INSERT_SPLIT_PRESSURE,SLACKEN,ROLLBACK,trial censored at RUN_END before a terminal live-trial decision,42,43,63,3,5.643699794587244E-5,1.2842465753424656E-4,0.01553916659079183,73598.59176302771,3270.0,3760.4999999999995,1021.8945525773194,26400,483,21,2100.0,800.0,2100.0,3900.0,SEARCH=0.25;INSERT=0.4736328125;DELETE=0.0869140625;UPDATE=0.138671875;RANGE_SEARCH=0.05078125,SEARCH=0.2401656314699793;INSERT=0.432712215320911;DELETE=0.09937888198757763;UPDATE=0.14699792960662525;RANGE_SEARCH=0.08074534161490683,0.6190476190476191,0.5785968377976191,0.05075496570910972
PUBLICATION,LOCAL_HOTSPOT,LARS_NO_LOCALITY,3,22695477,LOCAL_HOTSPOT,,1,20997,52687,-1,-1,-1,-1,-1,-1,-1,NO_CONFIDENT_DIAGNOSIS,,ABSTAIN,"diagnostic confidence not satisfied: insertScore=0.040877225307820515, scanScore=0.05552582801755652",-1,-1,0,0,0.0,0.0,NaN,NaN,NaN,NaN,NaN,0,0,0,NaN,NaN,NaN,NaN,,,NaN,NaN,NaN
PUBLICATION,LOCAL_HOTSPOT,LARS_NO_LOCALITY,3,22695477,LOCAL_HOTSPOT,,2,21000,121559,-1,-1,-1,-1,-1,-1,-1,INSERT_SPLIT_PRESSURE,,ABSTAIN,predicted benefit does not repay estimated adaptation cost within configured horizon,-1,-1,0,0,0.0,0.0,NaN,NaN,NaN,NaN,NaN,0,0,0,NaN,NaN,NaN,NaN,,,NaN,NaN,NaN
PUBLICATION,LOCAL_HOTSPOT,LARS_NO_LOCALITY,3,22695477,LOCAL_HOTSPOT,,3,20997,123987,-1,-1,-1,-1,-1,-1,-1,INSERT_SPLIT_PRESSURE,,ABSTAIN,predicted benefit does not repay estimated adaptation cost within configured horizon,-1,-1,0,0,0.0,0.0,NaN,NaN,NaN,NaN,NaN,0,0,0,NaN,NaN,NaN,NaN,,,NaN,NaN,NaN
PUBLICATION,LOCAL_HOTSPOT,LARS_NO_LOCALITY,3,22695477,LOCAL_HOTSPOT,,4,20999,125749,-1,-1,-1,-1,-1,-1,-1,INSERT_SPLIT_PRESSURE,,ABSTAIN,predicted benefit does not repay estimated adaptation cost within configured horizon,-1,-1,0,0,0.0,0.0,NaN,NaN,NaN,NaN,NaN,0,0,0,NaN,NaN,NaN,NaN,,,NaN,NaN,NaN
PUBLICATION,LOCAL_HOTSPOT,LARS_NO_LOCALITY,3,22695477,LOCAL_HOTSPOT,,5,20998,130656,-1,-1,-1,-1,-1,-1,-1,INSERT_SPLIT_PRESSURE,,ABSTAIN,predicted benefit does not repay estimated adaptation cost within configured horizon,-1,-1,0,0,0.0,0.0,NaN,NaN,NaN,NaN,NaN,0,0,0,NaN,NaN,NaN,NaN,,,NaN,NaN,NaN
PUBLICATION,LOCAL_HOTSPOT,LARS_NO_LOCALITY,3,22695477,LOCAL_HOTSPOT,,6,21001,133833,-1,-1,-1,-1,-1,-1,-1,INSERT_SPLIT_PRESSURE,,ABSTAIN,predicted benefit does not repay estimated adaptation cost within configured horizon,-1,-1,0,0,0.0,0.0,NaN,NaN,NaN,NaN,NaN,0,0,0,NaN,NaN,NaN,NaN,,,NaN,NaN,NaN
PUBLICATION,LOCAL_HOTSPOT,LARS_NO_LOCALITY,3,22695477,LOCAL_HOTSPOT,,7,21172,144847,-1,-1,-1,-1,-1,-1,-1,NO_CONFIDENT_DIAGNOSIS,,ABSTAIN,"diagnostic confidence not satisfied: insertScore=0.05966371206707435, scanScore=0.016893955521436903",-1,-1,0,0,0.0,0.0,NaN,NaN,NaN,NaN,NaN,0,0,0,NaN,NaN,NaN,NaN,,,NaN,NaN,NaN
PUBLICATION,LOCAL_HOTSPOT,LARS_NO_LOCALITY,3,22695477,LOCAL_HOTSPOT,,8,21560,152637,-1,-1,-1,-1,-1,-1,-1,NO_CONFIDENT_DIAGNOSIS,,ABSTAIN,"diagnostic confidence not satisfied: insertScore=0.07638822966644086, scanScore=0.0205897684447431",-1,-1,0,0,0.0,0.0,NaN,NaN,NaN,NaN,NaN,0,0,0,NaN,NaN,NaN,NaN,,,NaN,NaN,NaN
PUBLICATION,LOCAL_HOTSPOT,LARS_NO_LOCALITY,3,22695477,LOCAL_HOTSPOT,,9,20996,154714,-1,-1,-1,-1,-1,-1,-1,NO_CONFIDENT_DIAGNOSIS,,ABSTAIN,"diagnostic confidence not satisfied: insertScore=0.11144670229862702, scanScore=0.0600276771075793",-1,-1,0,0,0.0,0.0,NaN,NaN,NaN,NaN,NaN,0,0,0,NaN,NaN,NaN,NaN,,,NaN,NaN,NaN
PUBLICATION,LOCAL_HOTSPOT,LARS_NO_LOCALITY,3,22695477,LOCAL_HOTSPOT,,10,21000,155276,-1,-1,-1,-1,-1,-1,-1,NO_CONFIDENT_DIAGNOSIS,,ABSTAIN,"diagnostic confidence not satisfied: insertScore=0.07497631498956106, scanScore=0.0515317485627913",-1,-1,0,0,0.0,0.0,NaN,NaN,NaN,NaN,NaN,0,0,0,NaN,NaN,NaN,NaN,,,NaN,NaN,NaN
PUBLICATION,LOCAL_HOTSPOT,LARS_NO_LOCALITY,3,22695477,LOCAL_HOTSPOT,,11,20997,157284,-1,-1,-1,-1,-1,-1,-1,NO_CONFIDENT_DIAGNOSIS,,ABSTAIN,"diagnostic confidence not satisfied: insertScore=0.04164163295357385, scanScore=0.051449400397074026",-1,-1,0,0,0.0,0.0,NaN,NaN,NaN,NaN,NaN,0,0,0,NaN,NaN,NaN,NaN,,,NaN,NaN,NaN
PUBLICATION,LOCAL_HOTSPOT,LARS_NO_LOCALITY,3,22695477,LOCAL_HOTSPOT,,12,20998,160775,-1,-1,-1,-1,-1,-1,-1,NO_CONFIDENT_DIAGNOSIS,,ABSTAIN,"diagnostic confidence not satisfied: insertScore=0.0397931363297637, scanScore=0.045506808156750955",-1,-1,0,0,0.0,0.0,NaN,NaN,NaN,NaN,NaN,0,0,0,NaN,NaN,NaN,NaN,,,NaN,NaN,NaN
PUBLICATION,LOCAL_HOTSPOT,LARS_NO_LOCALITY,3,22695477,LOCAL_HOTSPOT,,13,21576,207814,175213,175213,175213,175244,207814,-1,4,INSERT_SPLIT_PRESSURE,SLACKEN,ROLLBACK,minimum net-gain threshold not met,6,7,52,3,4.821573947181512E-5,1.3521431468878172E-4,0.020445651305806247,180560.65809440144,2830.0,3254.4999999999995,360.4882740622788,814900,512,29,2100.0,2500.0,4900.0,4600.0,SEARCH=0.2421875;INSERT=0.4599609375;DELETE=0.1005859375;UPDATE=0.1484375;RANGE_SEARCH=0.048828125,SEARCH=0.203125;INSERT=0.498046875;DELETE=0.103515625;UPDATE=0.12109375;RANGE_SEARCH=0.07421875,-0.19047619047619047,-1.1394496744791665,0.06640625
PUBLICATION,LOCAL_HOTSPOT,LARS_NO_LOCALITY,3,22695477,LOCAL_HOTSPOT,,14,21642,273129,239561,239561,239561,239629,273129,273129,4,INSERT_SPLIT_PRESSURE,SLACKEN,COMMIT,trial acceptance rule satisfied,16,17,63,3,5.7006455302414724E-5,1.3018573164381183E-4,0.014949341586615667,638079.9439399691,3270.0,3760.4999999999995,117.86924305377602,29700,512,29,5600.0,700.0,5600.0,1700.0,SEARCH=0.2451171875;INSERT=0.4521484375;DELETE=0.1044921875;UPDATE=0.1474609375;RANGE_SEARCH=0.05078125,SEARCH=0.271484375;INSERT=0.4375;DELETE=0.09765625;UPDATE=0.140625;RANGE_SEARCH=0.052734375,0.875,0.8572615216936383,0.0283203125
PUBLICATION,LOCAL_HOTSPOT,LARS_NO_LOCALITY,3,22695477,LOCAL_HOTSPOT,,15,20996,289935,-1,-1,-1,-1,-1,-1,-1,INSERT_SPLIT_PRESSURE,,ABSTAIN,predicted benefit does not repay estimated adaptation cost within configured horizon,-1,-1,0,0,0.0,0.0,NaN,NaN,NaN,NaN,NaN,0,0,0,NaN,NaN,NaN,NaN,,,NaN,NaN,NaN
PUBLICATION,LOCAL_HOTSPOT,LARS_NO_LOCALITY,4,69069,LOCAL_HOTSPOT,,1,20996,88562,-1,-1,-1,-1,-1,-1,-1,NO_CONFIDENT_DIAGNOSIS,,ABSTAIN,"diagnostic confidence not satisfied: insertScore=0.04143237266880361, scanScore=0.0017138205087827293",-1,-1,0,0,0.0,0.0,NaN,NaN,NaN,NaN,NaN,0,0,0,NaN,NaN,NaN,NaN,,,NaN,NaN,NaN
PUBLICATION,LOCAL_HOTSPOT,LARS_NO_LOCALITY,4,69069,LOCAL_HOTSPOT,,2,21000,94087,-1,-1,-1,-1,-1,-1,-1,NO_CONFIDENT_DIAGNOSIS,,ABSTAIN,"diagnostic confidence not satisfied: insertScore=0.09270708506533497, scanScore=0.025247757203795896",-1,-1,0,0,0.0,0.0,NaN,NaN,NaN,NaN,NaN,0,0,0,NaN,NaN,NaN,NaN,,,NaN,NaN,NaN
PUBLICATION,LOCAL_HOTSPOT,LARS_NO_LOCALITY,4,69069,LOCAL_HOTSPOT,,3,20997,117978,101437,101437,101437,101469,117978,-1,6,INSERT_SPLIT_PRESSURE,SLACKEN,ROLLBACK,tail-latency guard failed,32,33,59,3,5.65390800037565E-5,1.3731862498283517E-4,0.0338322265173291,1140230.614200284,3110.0,3576.4999999999995,62.73292359385431,807000,512,27,5500.0,8400.0,5500.0,8400.0,SEARCH=0.263671875;INSERT=0.431640625;DELETE=0.1005859375;UPDATE=0.1494140625;RANGE_SEARCH=0.0546875,SEARCH=0.263671875;INSERT=0.421875;DELETE=0.115234375;UPDATE=0.1484375;RANGE_SEARCH=0.05078125,-0.5272727272727272,-0.7441181551846591,0.0146484375
PUBLICATION,LOCAL_HOTSPOT,LARS_NO_LOCALITY,4,69069,LOCAL_HOTSPOT,,4,20998,118058,-1,-1,-1,-1,-1,-1,-1,INSERT_SPLIT_PRESSURE,,ABSTAIN,predicted benefit does not repay estimated adaptation cost within configured horizon,-1,-1,0,0,0.0,0.0,NaN,NaN,NaN,NaN,NaN,0,0,0,NaN,NaN,NaN,NaN,,,NaN,NaN,NaN
PUBLICATION,LOCAL_HOTSPOT,LARS_NO_LOCALITY,4,69069,LOCAL_HOTSPOT,,5,20999,134434,118446,118446,118446,118464,134434,134434,7,INSERT_SPLIT_PRESSURE,SLACKEN,COMMIT,trial acceptance rule satisfied,55,56,33,3,3.142827211169417E-5,1.36332651670075E-4,0.03295041348907552,5466784.438652379,2070.0,2380.5,8.708958718653331,43400,512,22,20800.0,1900.0,20800.0,1900.0,SEARCH=0.228515625;INSERT=0.451171875;DELETE=0.1044921875;UPDATE=0.166015625;RANGE_SEARCH=0.0498046875,SEARCH=0.25390625;INSERT=0.4296875;DELETE=0.095703125;UPDATE=0.16015625;RANGE_SEARCH=0.060546875,0.9086538461538461,0.9054876666729267,0.0361328125
PUBLICATION,LOCAL_HOTSPOT,LARS_NO_LOCALITY,4,69069,LOCAL_HOTSPOT,,6,21174,140356,-1,-1,-1,-1,-1,-1,-1,NO_CONFIDENT_DIAGNOSIS,,ABSTAIN,"diagnostic confidence not satisfied: insertScore=0.4161178464956916, scanScore=0.015613795732263883",-1,-1,0,0,0.0,0.0,NaN,NaN,NaN,NaN,NaN,0,0,0,NaN,NaN,NaN,NaN,,,NaN,NaN,NaN
PUBLICATION,LOCAL_HOTSPOT,LARS_NO_LOCALITY,4,69069,LOCAL_HOTSPOT,,7,21001,142777,-1,-1,-1,-1,-1,-1,-1,NO_CONFIDENT_DIAGNOSIS,,ABSTAIN,"diagnostic confidence not satisfied: insertScore=0.10810944261041452, scanScore=0.062052605538373995",-1,-1,0,0,0.0,0.0,NaN,NaN,NaN,NaN,NaN,0,0,0,NaN,NaN,NaN,NaN,,,NaN,NaN,NaN
PUBLICATION,LOCAL_HOTSPOT,LARS_NO_LOCALITY,4,69069,LOCAL_HOTSPOT,,8,20998,149856,-1,-1,-1,-1,-1,-1,-1,NO_CONFIDENT_DIAGNOSIS,,ABSTAIN,"diagnostic confidence not satisfied: insertScore=0.12775840383394738, scanScore=0.07077523771979939",-1,-1,0,0,0.0,0.0,NaN,NaN,NaN,NaN,NaN,0,0,0,NaN,NaN,NaN,NaN,,,NaN,NaN,NaN
PUBLICATION,LOCAL_HOTSPOT,LARS_NO_LOCALITY,4,69069,LOCAL_HOTSPOT,,9,20996,169693,153377,153377,153377,153401,169693,169693,8,INSERT_SPLIT_PRESSURE,SLACKEN,COMMIT,trial acceptance rule satisfied,11,12,41,3,3.85451010586741E-5,1.3583265417006248E-4,0.03191323588992427,80855.17499298781,2390.0,2748.5,679.857535460993,30400,512,34,1900.0,800.0,1900.0,800.0,SEARCH=0.255859375;INSERT=0.458984375;DELETE=0.099609375;UPDATE=0.1376953125;RANGE_SEARCH=0.0478515625,SEARCH=0.2734375;INSERT=0.447265625;DELETE=0.076171875;UPDATE=0.16015625;RANGE_SEARCH=0.04296875,0.5789473684210527,0.5538793996710527,0.0400390625
PUBLICATION,LOCAL_HOTSPOT,LARS_NO_LOCALITY,4,69069,LOCAL_HOTSPOT,,10,21602,181862,-1,-1,-1,-1,-1,-1,-1,NO_CONFIDENT_DIAGNOSIS,,ABSTAIN,"diagnostic confidence not satisfied: insertScore=0.08597485654317796, scanScore=0.007127405631474155",-1,-1,0,0,0.0,0.0,NaN,NaN,NaN,NaN,NaN,0,0,0,NaN,NaN,NaN,NaN,,,NaN,NaN,NaN
PUBLICATION,LOCAL_HOTSPOT,LARS_NO_LOCALITY,4,69069,LOCAL_HOTSPOT,,11,21574,214114,183182,183182,183182,183412,214114,214114,4,INSERT_SPLIT_PRESSURE,SLACKEN,COMMIT,trial acceptance rule satisfied,11,12,49,3,4.5306940653455535E-5,1.3480116827679174E-4,0.017795387796951844,183056.1493144257,2710.0,3116.4999999999995,340.4966193893825,26900,512,29,3400.0,2100.0,3900.0,2100.0,SEARCH=0.2255859375;INSERT=0.451171875;DELETE=0.1162109375;UPDATE=0.150390625;RANGE_SEARCH=0.056640625,SEARCH=0.265625;INSERT=0.470703125;DELETE=0.078125;UPDATE=0.14453125;RANGE_SEARCH=0.041015625,0.38235294117647056,0.3601231229894301,0.0595703125
PUBLICATION,LOCAL_HOTSPOT,LARS_NO_LOCALITY,4,69069,LOCAL_HOTSPOT,,12,21000,216843,-1,-1,-1,-1,-1,-1,-1,NO_CONFIDENT_DIAGNOSIS,,ABSTAIN,"diagnostic confidence not satisfied: insertScore=0.06705828527439814, scanScore=0.019554031205787328",-1,-1,0,0,0.0,0.0,NaN,NaN,NaN,NaN,NaN,0,0,0,NaN,NaN,NaN,NaN,,,NaN,NaN,NaN
PUBLICATION,LOCAL_HOTSPOT,LARS_NO_LOCALITY,4,69069,LOCAL_HOTSPOT,,13,21607,236920,-1,-1,-1,-1,-1,-1,-1,NO_CONFIDENT_DIAGNOSIS,,ABSTAIN,"diagnostic confidence not satisfied: insertScore=0.1557926585785721, scanScore=0.005848228795388432",-1,-1,0,0,0.0,0.0,NaN,NaN,NaN,NaN,NaN,0,0,0,NaN,NaN,NaN,NaN,,,NaN,NaN,NaN
PUBLICATION,LOCAL_HOTSPOT,LARS_NO_LOCALITY,4,69069,LOCAL_HOTSPOT,,14,21602,241149,-1,-1,-1,-1,-1,-1,-1,NO_CONFIDENT_DIAGNOSIS,,ABSTAIN,"diagnostic confidence not satisfied: insertScore=0.04136147060971436, scanScore=0.002495574813513452",-1,-1,0,0,0.0,0.0,NaN,NaN,NaN,NaN,NaN,0,0,0,NaN,NaN,NaN,NaN,,,NaN,NaN,NaN
PUBLICATION,LOCAL_HOTSPOT,LARS_NO_LOCALITY,4,69069,LOCAL_HOTSPOT,,15,21000,278116,-1,-1,-1,-1,-1,-1,-1,NO_CONFIDENT_DIAGNOSIS,,ABSTAIN,"diagnostic confidence not satisfied: insertScore=0.14492844161480967, scanScore=0.0460335567638328",-1,-1,0,0,0.0,0.0,NaN,NaN,NaN,NaN,NaN,0,0,0,NaN,NaN,NaN,NaN,,,NaN,NaN,NaN
PUBLICATION,LOCAL_HOTSPOT,LARS_NO_LOCALITY,4,69069,LOCAL_HOTSPOT,,16,21681,300000,290925,290925,290925,290949,299931,-1,5,INSERT_SPLIT_PRESSURE,SLACKEN,ROLLBACK,trial censored at RUN_END before a terminal live-trial decision,7,8,56,3,5.0154448833953844E-5,1.282818780466946E-4,0.015113052718578428,113893.3821358994,2990.0,3438.4999999999995,603.8103242727706,44600,142,16,3000.0,1600.0,4100.0,1600.0,SEARCH=0.2451171875;INSERT=0.455078125;DELETE=0.1025390625;UPDATE=0.1435546875;RANGE_SEARCH=0.0537109375,SEARCH=0.19014084507042253;INSERT=0.5;DELETE=0.11971830985915492;UPDATE=0.14788732394366197;RANGE_SEARCH=0.04225352112676056,0.4666666666666667,0.41748180989583333,0.0664337588028169
PUBLICATION,LOCAL_HOTSPOT,LARS_NO_LOCALITY,5,48271,LOCAL_HOTSPOT,,1,20997,60930,52995,52995,52995,53003,60930,60930,4,INSERT_SPLIT_PRESSURE,SLACKEN,COMMIT,trial acceptance rule satisfied,2,3,53,3,5.18689965306492E-5,1.4114990119506917E-4,0.06726663601129869,2852998.75188859,2870.0,3300.4999999999995,23.13705884249111,812300,512,28,6200.0,1400.0,6200.0,1400.0,SEARCH=0.2177734375;INSERT=0.455078125;DELETE=0.1171875;UPDATE=0.1640625;RANGE_SEARCH=0.0458984375,SEARCH=0.234375;INSERT=0.451171875;DELETE=0.09375;UPDATE=0.166015625;RANGE_SEARCH=0.0546875,0.7741935483870968,0.6768078778666835,0.02734375
PUBLICATION,LOCAL_HOTSPOT,LARS_NO_LOCALITY,5,48271,LOCAL_HOTSPOT,,2,21177,119529,104093,104093,104093,104102,119529,119529,4,INSERT_SPLIT_PRESSURE,SLACKEN,COMMIT,trial acceptance rule satisfied,13,14,62,3,5.9396417438021756E-5,1.3726207906295754E-4,0.03372081535877762,239733.92169130966,3230.0,3714.4999999999995,309.88522390109887,28400,512,30,1700.0,900.0,1700.0,900.0,SEARCH=0.26171875;INSERT=0.4443359375;DELETE=0.0869140625;UPDATE=0.1513671875;RANGE_SEARCH=0.0556640625,SEARCH=0.224609375;INSERT=0.458984375;DELETE=0.091796875;UPDATE=0.16796875;RANGE_SEARCH=0.056640625,0.47058823529411764,0.44581735983455884,0.037109375
PUBLICATION,LOCAL_HOTSPOT,LARS_NO_LOCALITY,5,48271,LOCAL_HOTSPOT,,3,20996,128216,-1,-1,-1,-1,-1,-1,-1,INSERT_SPLIT_PRESSURE,,ABSTAIN,predicted benefit does not repay estimated adaptation cost within configured horizon,-1,-1,0,0,0.0,0.0,NaN,NaN,NaN,NaN,NaN,0,0,0,NaN,NaN,NaN,NaN,,,NaN,NaN,NaN
PUBLICATION,LOCAL_HOTSPOT,LARS_NO_LOCALITY,5,48271,LOCAL_HOTSPOT,,4,21000,129349,-1,-1,-1,-1,-1,-1,-1,INSERT_SPLIT_PRESSURE,,ABSTAIN,predicted benefit does not repay estimated adaptation cost within configured horizon,-1,-1,0,0,0.0,0.0,NaN,NaN,NaN,NaN,NaN,0,0,0,NaN,NaN,NaN,NaN,,,NaN,NaN,NaN
PUBLICATION,LOCAL_HOTSPOT,LARS_NO_LOCALITY,5,48271,LOCAL_HOTSPOT,,5,20998,129365,-1,-1,-1,-1,-1,-1,-1,INSERT_SPLIT_PRESSURE,,ABSTAIN,predicted benefit does not repay estimated adaptation cost within configured horizon,-1,-1,0,0,0.0,0.0,NaN,NaN,NaN,NaN,NaN,0,0,0,NaN,NaN,NaN,NaN,,,NaN,NaN,NaN
PUBLICATION,LOCAL_HOTSPOT,LARS_NO_LOCALITY,5,48271,LOCAL_HOTSPOT,,6,21172,129817,-1,-1,-1,-1,-1,-1,-1,NO_CONFIDENT_DIAGNOSIS,,ABSTAIN,"diagnostic confidence not satisfied: insertScore=0.17647539758610287, scanScore=0.01319721315074579",-1,-1,0,0,0.0,0.0,NaN,NaN,NaN,NaN,NaN,0,0,0,NaN,NaN,NaN,NaN,,,NaN,NaN,NaN
PUBLICATION,LOCAL_HOTSPOT,LARS_NO_LOCALITY,5,48271,LOCAL_HOTSPOT,,7,21170,132693,-1,-1,-1,-1,-1,-1,-1,NO_CONFIDENT_DIAGNOSIS,,ABSTAIN,"diagnostic confidence not satisfied: insertScore=0.1489010058482476, scanScore=0.04089381976232706",-1,-1,0,0,0.0,0.0,NaN,NaN,NaN,NaN,NaN,0,0,0,NaN,NaN,NaN,NaN,,,NaN,NaN,NaN
PUBLICATION,LOCAL_HOTSPOT,LARS_NO_LOCALITY,5,48271,LOCAL_HOTSPOT,,8,21184,133305,-1,-1,-1,-1,-1,-1,-1,NO_CONFIDENT_DIAGNOSIS,,ABSTAIN,"diagnostic confidence not satisfied: insertScore=0.3100353704991792, scanScore=0.0",-1,-1,0,0,0.0,0.0,NaN,NaN,NaN,NaN,NaN,0,0,0,NaN,NaN,NaN,NaN,,,NaN,NaN,NaN
PUBLICATION,LOCAL_HOTSPOT,LARS_NO_LOCALITY,5,48271,LOCAL_HOTSPOT,,9,20999,148616,-1,-1,-1,-1,-1,-1,-1,NO_CONFIDENT_DIAGNOSIS,,ABSTAIN,"diagnostic confidence not satisfied: insertScore=0.10531486561578933, scanScore=0.054001370848050394",-1,-1,0,0,0.0,0.0,NaN,NaN,NaN,NaN,NaN,0,0,0,NaN,NaN,NaN,NaN,,,NaN,NaN,NaN
PUBLICATION,LOCAL_HOTSPOT,LARS_NO_LOCALITY,5,48271,LOCAL_HOTSPOT,,10,21001,150180,-1,-1,-1,-1,-1,-1,-1,NO_CONFIDENT_DIAGNOSIS,,ABSTAIN,"diagnostic confidence not satisfied: insertScore=0.14554705406875473, scanScore=0.057941536301685505",-1,-1,0,0,0.0,0.0,NaN,NaN,NaN,NaN,NaN,0,0,0,NaN,NaN,NaN,NaN,,,NaN,NaN,NaN
PUBLICATION,LOCAL_HOTSPOT,LARS_NO_LOCALITY,5,48271,LOCAL_HOTSPOT,,11,20996,159607,-1,-1,-1,-1,-1,-1,-1,NO_CONFIDENT_DIAGNOSIS,,ABSTAIN,"diagnostic confidence not satisfied: insertScore=0.059488240861815436, scanScore=0.051645297088688945",-1,-1,0,0,0.0,0.0,NaN,NaN,NaN,NaN,NaN,0,0,0,NaN,NaN,NaN,NaN,,,NaN,NaN,NaN
PUBLICATION,LOCAL_HOTSPOT,LARS_NO_LOCALITY,5,48271,LOCAL_HOTSPOT,,12,21172,160533,-1,-1,-1,-1,-1,-1,-1,INSERT_SPLIT_PRESSURE,,ABSTAIN,no feasible bounded repair window for SLACKEN,-1,-1,0,0,0.0,0.0,NaN,NaN,NaN,NaN,NaN,0,0,0,NaN,NaN,NaN,NaN,,,NaN,NaN,NaN
PUBLICATION,LOCAL_HOTSPOT,LARS_NO_LOCALITY,5,48271,LOCAL_HOTSPOT,,13,21580,180601,-1,-1,-1,-1,-1,-1,-1,NO_CONFIDENT_DIAGNOSIS,,ABSTAIN,"diagnostic confidence not satisfied: insertScore=0.08324842514217293, scanScore=0.01633064546115246",-1,-1,0,0,0.0,0.0,NaN,NaN,NaN,NaN,NaN,0,0,0,NaN,NaN,NaN,NaN,,,NaN,NaN,NaN
PUBLICATION,LOCAL_HOTSPOT,LARS_NO_LOCALITY,5,48271,LOCAL_HOTSPOT,,14,20997,198213,181440,181440,181440,181447,198213,-1,8,INSERT_SPLIT_PRESSURE,SLACKEN,ROLLBACK,tail-latency guard failed,12,13,57,3,5.303410930609055E-5,1.3536073636240582E-4,0.030500699967235576,154123.84952193726,3030.0,3484.4999999999995,452.1688253710575,32900,512,30,2100.0,800.0,2100.0,3600.0,SEARCH=0.26171875;INSERT=0.451171875;DELETE=0.1044921875;UPDATE=0.1298828125;RANGE_SEARCH=0.052734375,SEARCH=0.267578125;INSERT=0.44921875;DELETE=0.095703125;UPDATE=0.130859375;RANGE_SEARCH=0.056640625,0.6190476190476191,0.593365148344494,0.0107421875
PUBLICATION,LOCAL_HOTSPOT,LARS_NO_LOCALITY,5,48271,LOCAL_HOTSPOT,,15,21610,210757,-1,-1,-1,-1,-1,-1,-1,NO_CONFIDENT_DIAGNOSIS,,ABSTAIN,"diagnostic confidence not satisfied: insertScore=0.9818806973419902, scanScore=0.0038837694619613707",-1,-1,0,0,0.0,0.0,NaN,NaN,NaN,NaN,NaN,0,0,0,NaN,NaN,NaN,NaN,,,NaN,NaN,NaN
PUBLICATION,LOCAL_HOTSPOT,LARS_NO_LOCALITY,5,48271,LOCAL_HOTSPOT,,16,21603,217840,-1,-1,-1,-1,-1,-1,-1,NO_CONFIDENT_DIAGNOSIS,,ABSTAIN,"diagnostic confidence not satisfied: insertScore=0.3728856708548969, scanScore=0.017415763615550736",-1,-1,0,0,0.0,0.0,NaN,NaN,NaN,NaN,NaN,0,0,0,NaN,NaN,NaN,NaN,,,NaN,NaN,NaN
PUBLICATION,LOCAL_HOTSPOT,LARS_NO_LOCALITY,5,48271,LOCAL_HOTSPOT,,17,21639,271577,239190,239190,239190,239198,271577,271577,4,INSERT_SPLIT_PRESSURE,SLACKEN,COMMIT,trial acceptance rule satisfied,16,17,59,3,5.342663979035024E-5,1.303044781305651E-4,0.015841339088194798,101186.55342584426,3110.0,3576.4999999999995,706.9121101394323,27900,512,18,2800.0,700.0,9700.0,900.0,SEARCH=0.259765625;INSERT=0.4375;DELETE=0.0947265625;UPDATE=0.16015625;RANGE_SEARCH=0.0478515625,SEARCH=0.232421875;INSERT=0.482421875;DELETE=0.087890625;UPDATE=0.14453125;RANGE_SEARCH=0.052734375,0.75,0.7185497366768974,0.0498046875
PUBLICATION,LOCAL_HOTSPOT,LARS_NO_LOCALITY,5,48271,LOCAL_HOTSPOT,,18,21610,300000,272369,272369,272369,272381,299980,-1,5,INSERT_SPLIT_PRESSURE,SLACKEN,ROLLBACK,trial censored at RUN_END before a terminal live-trial decision,32,34,94,4,8.421890105085478E-5,1.712182176183546E-4,0.01664364079642422,182429.90654205607,4760.0,5474.0,600.1209016393442,34900,455,22,2100.0,800.0,4700.0,1300.0,SEARCH=0.263671875;INSERT=0.44921875;DELETE=0.095703125;UPDATE=0.13671875;RANGE_SEARCH=0.0546875,SEARCH=0.21318681318681318;INSERT=0.47692307692307695;DELETE=0.11868131868131868;UPDATE=0.16043956043956045;RANGE_SEARCH=0.03076923076923077,0.6190476190476191,0.5691215006510417,0.07440333104395606
PUBLICATION,LOCAL_HOTSPOT,LARS_NO_LOCALITY,6,134775813,LOCAL_HOTSPOT,,1,21000,121487,-1,-1,-1,-1,-1,-1,-1,INSERT_SPLIT_PRESSURE,,ABSTAIN,predicted benefit does not repay estimated adaptation cost within configured horizon,-1,-1,0,0,0.0,0.0,NaN,NaN,NaN,NaN,NaN,0,0,0,NaN,NaN,NaN,NaN,,,NaN,NaN,NaN
PUBLICATION,LOCAL_HOTSPOT,LARS_NO_LOCALITY,6,134775813,LOCAL_HOTSPOT,,2,20999,124442,-1,-1,-1,-1,-1,-1,-1,INSERT_SPLIT_PRESSURE,,ABSTAIN,predicted benefit does not repay estimated adaptation cost within configured horizon,-1,-1,0,0,0.0,0.0,NaN,NaN,NaN,NaN,NaN,0,0,0,NaN,NaN,NaN,NaN,,,NaN,NaN,NaN
PUBLICATION,LOCAL_HOTSPOT,LARS_NO_LOCALITY,6,134775813,LOCAL_HOTSPOT,,3,21001,127946,-1,-1,-1,-1,-1,-1,-1,INSERT_SPLIT_PRESSURE,,ABSTAIN,predicted benefit does not repay estimated adaptation cost within configured horizon,-1,-1,0,0,0.0,0.0,NaN,NaN,NaN,NaN,NaN,0,0,0,NaN,NaN,NaN,NaN,,,NaN,NaN,NaN
PUBLICATION,LOCAL_HOTSPOT,LARS_NO_LOCALITY,6,134775813,LOCAL_HOTSPOT,,4,20997,128877,-1,-1,-1,-1,-1,-1,-1,INSERT_SPLIT_PRESSURE,,ABSTAIN,predicted benefit does not repay estimated adaptation cost within configured horizon,-1,-1,0,0,0.0,0.0,NaN,NaN,NaN,NaN,NaN,0,0,0,NaN,NaN,NaN,NaN,,,NaN,NaN,NaN
PUBLICATION,LOCAL_HOTSPOT,LARS_NO_LOCALITY,6,134775813,LOCAL_HOTSPOT,,5,20998,133926,-1,-1,-1,-1,-1,-1,-1,INSERT_SPLIT_PRESSURE,,ABSTAIN,predicted benefit does not repay estimated adaptation cost within configured horizon,-1,-1,0,0,0.0,0.0,NaN,NaN,NaN,NaN,NaN,0,0,0,NaN,NaN,NaN,NaN,,,NaN,NaN,NaN
PUBLICATION,LOCAL_HOTSPOT,LARS_NO_LOCALITY,6,134775813,LOCAL_HOTSPOT,,6,20996,149628,-1,-1,-1,-1,-1,-1,-1,NO_CONFIDENT_DIAGNOSIS,,ABSTAIN,"diagnostic confidence not satisfied: insertScore=0.09778469386041228, scanScore=0.06533568996640554",-1,-1,0,0,0.0,0.0,NaN,NaN,NaN,NaN,NaN,0,0,0,NaN,NaN,NaN,NaN,,,NaN,NaN,NaN
PUBLICATION,LOCAL_HOTSPOT,LARS_NO_LOCALITY,6,134775813,LOCAL_HOTSPOT,,7,21000,167302,151326,151326,151326,151350,167302,167302,8,INSERT_SPLIT_PRESSURE,SLACKEN,COMMIT,trial acceptance rule satisfied,12,13,60,3,5.64587916689407E-5,1.3585725930622227E-4,0.034322104910340205,1450695.6259426845,3150.0,3622.4999999999995,49.941558176906234,30100,512,30,7600.0,900.0,7600.0,1800.0,SEARCH=0.27734375;INSERT=0.4306640625;DELETE=0.0888671875;UPDATE=0.1533203125;RANGE_SEARCH=0.0498046875,SEARCH=0.23046875;INSERT=0.474609375;DELETE=0.09765625;UPDATE=0.1484375;RANGE_SEARCH=0.048828125,0.881578947368421,0.8758093036852385,0.052734375
PUBLICATION,LOCAL_HOTSPOT,LARS_NO_LOCALITY,6,134775813,LOCAL_HOTSPOT,,8,21585,174158,-1,-1,-1,-1,-1,-1,-1,NO_CONFIDENT_DIAGNOSIS,,ABSTAIN,"diagnostic confidence not satisfied: insertScore=0.0564735153834369, scanScore=0.010104070947164376",-1,-1,0,0,0.0,0.0,NaN,NaN,NaN,NaN,NaN,0,0,0,NaN,NaN,NaN,NaN,,,NaN,NaN,NaN
PUBLICATION,LOCAL_HOTSPOT,LARS_NO_LOCALITY,6,134775813,LOCAL_HOTSPOT,,9,21601,180761,-1,-1,-1,-1,-1,-1,-1,NO_CONFIDENT_DIAGNOSIS,,ABSTAIN,"diagnostic confidence not satisfied: insertScore=0.2055412811229477, scanScore=0.005389713908241177",-1,-1,0,0,0.0,0.0,NaN,NaN,NaN,NaN,NaN,0,0,0,NaN,NaN,NaN,NaN,,,NaN,NaN,NaN
PUBLICATION,LOCAL_HOTSPOT,LARS_NO_LOCALITY,6,134775813,LOCAL_HOTSPOT,,10,20999,188110,-1,-1,-1,-1,-1,-1,-1,INSERT_SPLIT_PRESSURE,,ABSTAIN,no feasible bounded repair window for SLACKEN,-1,-1,0,0,0.0,0.0,NaN,NaN,NaN,NaN,NaN,0,0,0,NaN,NaN,NaN,NaN,,,NaN,NaN,NaN
PUBLICATION,LOCAL_HOTSPOT,LARS_NO_LOCALITY,6,134775813,LOCAL_HOTSPOT,,11,21001,213143,-1,-1,-1,-1,-1,-1,-1,NO_CONFIDENT_DIAGNOSIS,,ABSTAIN,"diagnostic confidence not satisfied: insertScore=0.05736440033034761, scanScore=0.01964911651502925",-1,-1,0,0,0.0,0.0,NaN,NaN,NaN,NaN,NaN,0,0,0,NaN,NaN,NaN,NaN,,,NaN,NaN,NaN
PUBLICATION,LOCAL_HOTSPOT,LARS_NO_LOCALITY,6,134775813,LOCAL_HOTSPOT,,12,21553,224857,-1,-1,-1,-1,-1,-1,-1,NO_CONFIDENT_DIAGNOSIS,,ABSTAIN,"diagnostic confidence not satisfied: insertScore=0.04939548496456815, scanScore=0.0",-1,-1,0,0,0.0,0.0,NaN,NaN,NaN,NaN,NaN,0,0,0,NaN,NaN,NaN,NaN,,,NaN,NaN,NaN
PUBLICATION,LOCAL_HOTSPOT,LARS_NO_LOCALITY,6,134775813,LOCAL_HOTSPOT,,13,21585,264379,234342,234342,234342,234345,264379,264379,5,INSERT_SPLIT_PRESSURE,SLACKEN,COMMIT,trial acceptance rule satisfied,35,36,56,3,5.083990242370156E-5,1.310558734873968E-4,0.017036001863312705,113262.79363811808,2990.0,3438.4999999999995,607.1720270270268,32000,512,25,1800.0,1000.0,1800.0,1500.0,SEARCH=0.251953125;INSERT=0.44921875;DELETE=0.1005859375;UPDATE=0.154296875;RANGE_SEARCH=0.0439453125,SEARCH=0.259765625;INSERT=0.45703125;DELETE=0.095703125;UPDATE=0.130859375;RANGE_SEARCH=0.056640625,0.4444444444444444,0.3922673611111111,0.0283203125
PUBLICATION,LOCAL_HOTSPOT,LARS_NO_LOCALITY,6,134775813,LOCAL_HOTSPOT,,14,21001,274809,-1,-1,-1,-1,-1,-1,-1,NO_CONFIDENT_DIAGNOSIS,,ABSTAIN,"diagnostic confidence not satisfied: insertScore=0.14765014358992043, scanScore=0.0452354241850727",-1,-1,0,0,0.0,0.0,NaN,NaN,NaN,NaN,NaN,0,0,0,NaN,NaN,NaN,NaN,,,NaN,NaN,NaN
PUBLICATION,LOCAL_HOTSPOT,LARS_NO_LOCALITY,6,134775813,LOCAL_HOTSPOT,,15,21614,275161,-1,-1,-1,-1,-1,-1,-1,NO_CONFIDENT_DIAGNOSIS,,ABSTAIN,"diagnostic confidence not satisfied: insertScore=0.2292792177825997, scanScore=0.00727664463056768",-1,-1,0,0,0.0,0.0,NaN,NaN,NaN,NaN,NaN,0,0,0,NaN,NaN,NaN,NaN,,,NaN,NaN,NaN
PUBLICATION,LOCAL_HOTSPOT,LARS_NO_LOCALITY,6,134775813,LOCAL_HOTSPOT,,16,21627,300000,275937,275937,275937,276019,299991,-1,5,INSERT_SPLIT_PRESSURE,SLACKEN,ROLLBACK,trial censored at RUN_END before a terminal live-trial decision,44,45,60,3,5.376204381785778E-5,1.2839717526214425E-4,0.015953634749010688,53061.103667466436,3150.0,3622.4999999999995,1365.4069552349238,27800,386,20,1600.0,1700.0,5000.0,2450.0,SEARCH=0.22265625;INSERT=0.4658203125;DELETE=0.115234375;UPDATE=0.15234375;RANGE_SEARCH=0.0439453125,SEARCH=0.27202072538860106;INSERT=0.4067357512953368;DELETE=0.10362694300518134;UPDATE=0.14507772020725387;RANGE_SEARCH=0.07253886010362694,-0.0625,-0.11695467529296874,0.07795802299222798
PUBLICATION,LOCAL_HOTSPOT,LARS_NO_LOCALITY,7,16807,LOCAL_HOTSPOT,,1,21170,94849,78817,78817,78817,78838,94849,94849,4,INSERT_SPLIT_PRESSURE,SLACKEN,COMMIT,trial acceptance rule satisfied,17,18,56,3,5.411658064385202E-5,1.3982102908277405E-4,0.04442130834634739,2545601.2493492975,2990.0,3438.4999999999995,27.015228727428887,877400,512,33,10300.0,1600.0,10300.0,1600.0,SEARCH=0.23828125;INSERT=0.462890625;DELETE=0.10546875;UPDATE=0.1455078125;RANGE_SEARCH=0.0478515625,SEARCH=0.234375;INSERT=0.47265625;DELETE=0.095703125;UPDATE=0.162109375;RANGE_SEARCH=0.03515625,0.8446601941747572,0.7487777571298543,0.0263671875
PUBLICATION,LOCAL_HOTSPOT,LARS_NO_LOCALITY,7,16807,LOCAL_HOTSPOT,,2,20999,103501,-1,-1,-1,-1,-1,-1,-1,NO_CONFIDENT_DIAGNOSIS,,ABSTAIN,"diagnostic confidence not satisfied: insertScore=0.10748963817673968, scanScore=0.024521893700368034",-1,-1,0,0,0.0,0.0,NaN,NaN,NaN,NaN,NaN,0,0,0,NaN,NaN,NaN,NaN,,,NaN,NaN,NaN
PUBLICATION,LOCAL_HOTSPOT,LARS_NO_LOCALITY,7,16807,LOCAL_HOTSPOT,,3,21182,106939,-1,-1,-1,-1,-1,-1,-1,NO_CONFIDENT_DIAGNOSIS,,ABSTAIN,"diagnostic confidence not satisfied: insertScore=0.17022666798777628, scanScore=0.0",-1,-1,0,0,0.0,0.0,NaN,NaN,NaN,NaN,NaN,0,0,0,NaN,NaN,NaN,NaN,,,NaN,NaN,NaN
PUBLICATION,LOCAL_HOTSPOT,LARS_NO_LOCALITY,7,16807,LOCAL_HOTSPOT,,4,20997,123600,-1,-1,-1,-1,-1,-1,-1,INSERT_SPLIT_PRESSURE,,ABSTAIN,predicted benefit does not repay estimated adaptation cost within configured horizon,-1,-1,0,0,0.0,0.0,NaN,NaN,NaN,NaN,NaN,0,0,0,NaN,NaN,NaN,NaN,,,NaN,NaN,NaN
PUBLICATION,LOCAL_HOTSPOT,LARS_NO_LOCALITY,7,16807,LOCAL_HOTSPOT,,5,21001,127535,-1,-1,-1,-1,-1,-1,-1,INSERT_SPLIT_PRESSURE,,ABSTAIN,predicted benefit does not repay estimated adaptation cost within configured horizon,-1,-1,0,0,0.0,0.0,NaN,NaN,NaN,NaN,NaN,0,0,0,NaN,NaN,NaN,NaN,,,NaN,NaN,NaN
PUBLICATION,LOCAL_HOTSPOT,LARS_NO_LOCALITY,7,16807,LOCAL_HOTSPOT,,6,20996,128634,-1,-1,-1,-1,-1,-1,-1,INSERT_SPLIT_PRESSURE,,ABSTAIN,predicted benefit does not repay estimated adaptation cost within configured horizon,-1,-1,0,0,0.0,0.0,NaN,NaN,NaN,NaN,NaN,0,0,0,NaN,NaN,NaN,NaN,,,NaN,NaN,NaN
PUBLICATION,LOCAL_HOTSPOT,LARS_NO_LOCALITY,7,16807,LOCAL_HOTSPOT,,7,20998,132536,-1,-1,-1,-1,-1,-1,-1,INSERT_SPLIT_PRESSURE,,ABSTAIN,predicted benefit does not repay estimated adaptation cost within configured horizon,-1,-1,0,0,0.0,0.0,NaN,NaN,NaN,NaN,NaN,0,0,0,NaN,NaN,NaN,NaN,,,NaN,NaN,NaN
PUBLICATION,LOCAL_HOTSPOT,LARS_NO_LOCALITY,7,16807,LOCAL_HOTSPOT,,8,20999,133093,-1,-1,-1,-1,-1,-1,-1,INSERT_SPLIT_PRESSURE,,ABSTAIN,predicted benefit does not repay estimated adaptation cost within configured horizon,-1,-1,0,0,0.0,0.0,NaN,NaN,NaN,NaN,NaN,0,0,0,NaN,NaN,NaN,NaN,,,NaN,NaN,NaN
PUBLICATION,LOCAL_HOTSPOT,LARS_NO_LOCALITY,7,16807,LOCAL_HOTSPOT,,9,21000,137739,-1,-1,-1,-1,-1,-1,-1,NO_CONFIDENT_DIAGNOSIS,,ABSTAIN,"diagnostic confidence not satisfied: insertScore=0.14235273651805788, scanScore=0.06782915167074437",-1,-1,0,0,0.0,0.0,NaN,NaN,NaN,NaN,NaN,0,0,0,NaN,NaN,NaN,NaN,,,NaN,NaN,NaN
PUBLICATION,LOCAL_HOTSPOT,LARS_NO_LOCALITY,7,16807,LOCAL_HOTSPOT,,10,21182,138814,-1,-1,-1,-1,-1,-1,-1,NO_CONFIDENT_DIAGNOSIS,,ABSTAIN,"diagnostic confidence not satisfied: insertScore=0.16797929660201388, scanScore=0.0",-1,-1,0,0,0.0,0.0,NaN,NaN,NaN,NaN,NaN,0,0,0,NaN,NaN,NaN,NaN,,,NaN,NaN,NaN
PUBLICATION,LOCAL_HOTSPOT,LARS_NO_LOCALITY,7,16807,LOCAL_HOTSPOT,,11,21001,160111,-1,-1,-1,-1,-1,-1,-1,NO_CONFIDENT_DIAGNOSIS,,ABSTAIN,"diagnostic confidence not satisfied: insertScore=0.05130890022738153, scanScore=0.046706025080101445",-1,-1,0,0,0.0,0.0,NaN,NaN,NaN,NaN,NaN,0,0,0,NaN,NaN,NaN,NaN,,,NaN,NaN,NaN
PUBLICATION,LOCAL_HOTSPOT,LARS_NO_LOCALITY,7,16807,LOCAL_HOTSPOT,,12,21000,169923,-1,-1,-1,-1,-1,-1,-1,NO_CONFIDENT_DIAGNOSIS,,ABSTAIN,"diagnostic confidence not satisfied: insertScore=0.4027133116136515, scanScore=0.0350787308069605",-1,-1,0,0,0.0,0.0,NaN,NaN,NaN,NaN,NaN,0,0,0,NaN,NaN,NaN,NaN,,,NaN,NaN,NaN
PUBLICATION,LOCAL_HOTSPOT,LARS_NO_LOCALITY,7,16807,LOCAL_HOTSPOT,,13,21182,187869,170746,170746,170746,170795,187869,187869,7,INSERT_SPLIT_PRESSURE,SLACKEN,COMMIT,trial acceptance rule satisfied,34,35,60,3,5.6022095114313086E-5,1.3566066745048386E-4,0.03209930723174822,807095.7023290806,3150.0,3622.4999999999995,89.76630626445791,30100,512,36,4500.0,800.0,6000.0,800.0,SEARCH=0.2568359375;INSERT=0.4326171875;DELETE=0.1103515625;UPDATE=0.146484375;RANGE_SEARCH=0.0537109375,SEARCH=0.267578125;INSERT=0.439453125;DELETE=0.09375;UPDATE=0.14453125;RANGE_SEARCH=0.0546875,0.8222222222222222,0.8118031673177083,0.0185546875
PUBLICATION,LOCAL_HOTSPOT,LARS_NO_LOCALITY,7,16807,LOCAL_HOTSPOT,,14,21000,211957,-1,-1,-1,-1,-1,-1,-1,NO_CONFIDENT_DIAGNOSIS,,ABSTAIN,"diagnostic confidence not satisfied: insertScore=0.07514984052678217, scanScore=0.038748724409191145",-1,-1,0,0,0.0,0.0,NaN,NaN,NaN,NaN,NaN,0,0,0,NaN,NaN,NaN,NaN,,,NaN,NaN,NaN
PUBLICATION,LOCAL_HOTSPOT,LARS_NO_LOCALITY,7,16807,LOCAL_HOTSPOT,,15,21573,234334,-1,-1,-1,-1,-1,-1,-1,NO_CONFIDENT_DIAGNOSIS,,ABSTAIN,"diagnostic confidence not satisfied: insertScore=0.06324994534053777, scanScore=0.0",-1,-1,0,0,0.0,0.0,NaN,NaN,NaN,NaN,NaN,0,0,0,NaN,NaN,NaN,NaN,,,NaN,NaN,NaN
PUBLICATION,LOCAL_HOTSPOT,LARS_NO_LOCALITY,7,16807,LOCAL_HOTSPOT,,16,21589,283351,250126,250126,250126,250161,283351,-1,5,INSERT_SPLIT_PRESSURE,SLACKEN,ROLLBACK,tail-latency guard failed,10,11,56,3,5.04765982378259E-5,1.2951690195570523E-4,0.01608242241487624,200964.31712526697,2990.0,3438.4999999999995,342.20005314243735,27900,512,28,2200.0,2600.0,2200.0,2600.0,SEARCH=0.2314453125;INSERT=0.4560546875;DELETE=0.1103515625;UPDATE=0.16015625;RANGE_SEARCH=0.0419921875,SEARCH=0.26171875;INSERT=0.435546875;DELETE=0.1015625;UPDATE=0.158203125;RANGE_SEARCH=0.04296875,-0.18181818181818182,-0.22124575639204547,0.03125
PUBLICATION,LOCAL_HOTSPOT,LARS_NO_LOCALITY,7,16807,LOCAL_HOTSPOT,,17,21573,300000,292911,292911,292911,292918,299908,-1,6,INSERT_SPLIT_PRESSURE,SLACKEN,ROLLBACK,trial censored at RUN_END before a terminal live-trial decision,40,41,59,3,5.285653750260923E-5,1.283806915439918E-4,0.017495899398578457,228499.17987971564,3110.0,3576.4999999999995,313.0426990488724,27800,116,0,NaN,NaN,2400.0,800.0,SEARCH=0.2529296875;INSERT=0.447265625;DELETE=0.1044921875;UPDATE=0.14453125;RANGE_SEARCH=0.05078125,SEARCH=0.2672413793103448;INSERT=0.4396551724137931;DELETE=0.06896551724137931;UPDATE=0.13793103448275862;RANGE_SEARCH=0.08620689655172414,NaN,NaN,0.049737338362068964
PUBLICATION,LOCAL_HOTSPOT,LARS_NO_LOCALITY,8,2147483647,LOCAL_HOTSPOT,,1,21000,52228,-1,-1,-1,-1,-1,-1,-1,NO_CONFIDENT_DIAGNOSIS,,ABSTAIN,"diagnostic confidence not satisfied: insertScore=0.07956876583795705, scanScore=0.052809120349889806",-1,-1,0,0,0.0,0.0,NaN,NaN,NaN,NaN,NaN,0,0,0,NaN,NaN,NaN,NaN,,,NaN,NaN,NaN
PUBLICATION,LOCAL_HOTSPOT,LARS_NO_LOCALITY,8,2147483647,LOCAL_HOTSPOT,,2,21001,116908,-1,-1,-1,-1,-1,-1,-1,INSERT_SPLIT_PRESSURE,,ABSTAIN,predicted benefit does not repay estimated adaptation cost within configured horizon,-1,-1,0,0,0.0,0.0,NaN,NaN,NaN,NaN,NaN,0,0,0,NaN,NaN,NaN,NaN,,,NaN,NaN,NaN
PUBLICATION,LOCAL_HOTSPOT,LARS_NO_LOCALITY,8,2147483647,LOCAL_HOTSPOT,,3,20997,127099,-1,-1,-1,-1,-1,-1,-1,INSERT_SPLIT_PRESSURE,,ABSTAIN,predicted benefit does not repay estimated adaptation cost within configured horizon,-1,-1,0,0,0.0,0.0,NaN,NaN,NaN,NaN,NaN,0,0,0,NaN,NaN,NaN,NaN,,,NaN,NaN,NaN
PUBLICATION,LOCAL_HOTSPOT,LARS_NO_LOCALITY,8,2147483647,LOCAL_HOTSPOT,,4,20999,143161,128281,128281,128281,128282,143161,143161,7,INSERT_SPLIT_PRESSURE,SLACKEN,COMMIT,trial acceptance rule satisfied,41,42,44,3,4.179541713251142E-5,1.3612232859930125E-4,0.029864675688287448,1436591.51889874,2510.0,2886.5,40.18539664236259,738400,512,25,10500.0,2300.0,10500.0,2300.0,SEARCH=0.248046875;INSERT=0.4501953125;DELETE=0.1005859375;UPDATE=0.1552734375;RANGE_SEARCH=0.0458984375,SEARCH=0.259765625;INSERT=0.40625;DELETE=0.11328125;UPDATE=0.16796875;RANGE_SEARCH=0.052734375,0.780952380952381,0.6632149404761905,0.0439453125
PUBLICATION,LOCAL_HOTSPOT,LARS_NO_LOCALITY,8,2147483647,LOCAL_HOTSPOT,,5,20998,148201,-1,-1,-1,-1,-1,-1,-1,NO_CONFIDENT_DIAGNOSIS,,ABSTAIN,"diagnostic confidence not satisfied: insertScore=0.09324831856997765, scanScore=0.0631261763096977",-1,-1,0,0,0.0,0.0,NaN,NaN,NaN,NaN,NaN,0,0,0,NaN,NaN,NaN,NaN,,,NaN,NaN,NaN
PUBLICATION,LOCAL_HOTSPOT,LARS_NO_LOCALITY,8,2147483647,LOCAL_HOTSPOT,,6,21001,149718,-1,-1,-1,-1,-1,-1,-1,NO_CONFIDENT_DIAGNOSIS,,ABSTAIN,"diagnostic confidence not satisfied: insertScore=0.3625788730717254, scanScore=0.049996411406259565",-1,-1,0,0,0.0,0.0,NaN,NaN,NaN,NaN,NaN,0,0,0,NaN,NaN,NaN,NaN,,,NaN,NaN,NaN
PUBLICATION,LOCAL_HOTSPOT,LARS_NO_LOCALITY,8,2147483647,LOCAL_HOTSPOT,,7,21000,153181,-1,-1,-1,-1,-1,-1,-1,NO_CONFIDENT_DIAGNOSIS,,ABSTAIN,"diagnostic confidence not satisfied: insertScore=0.0986745871179398, scanScore=0.060708400967231284",-1,-1,0,0,0.0,0.0,NaN,NaN,NaN,NaN,NaN,0,0,0,NaN,NaN,NaN,NaN,,,NaN,NaN,NaN
PUBLICATION,LOCAL_HOTSPOT,LARS_NO_LOCALITY,8,2147483647,LOCAL_HOTSPOT,,8,20997,157554,-1,-1,-1,-1,-1,-1,-1,INSERT_SPLIT_PRESSURE,,ABSTAIN,no feasible bounded repair window for SLACKEN,-1,-1,0,0,0.0,0.0,NaN,NaN,NaN,NaN,NaN,0,0,0,NaN,NaN,NaN,NaN,,,NaN,NaN,NaN
PUBLICATION,LOCAL_HOTSPOT,LARS_NO_LOCALITY,8,2147483647,LOCAL_HOTSPOT,,9,21582,190487,160459,160459,160459,160477,190487,190487,4,INSERT_SPLIT_PRESSURE,SLACKEN,COMMIT,trial acceptance rule satisfied,8,9,58,3,5.413134129997349E-5,1.35623869801085E-4,0.02845630123662637,1847330.8322912324,3070.0,3530.4999999999995,38.22271504688896,33100,512,27,10100.0,800.0,10100.0,4700.0,SEARCH=0.232421875;INSERT=0.4501953125;DELETE=0.09765625;UPDATE=0.1708984375;RANGE_SEARCH=0.048828125,SEARCH=0.251953125;INSERT=0.462890625;DELETE=0.1015625;UPDATE=0.125;RANGE_SEARCH=0.05859375,0.9207920792079208,0.9150337276647587,0.0458984375
PUBLICATION,LOCAL_HOTSPOT,LARS_NO_LOCALITY,8,2147483647,LOCAL_HOTSPOT,,10,20997,192150,-1,-1,-1,-1,-1,-1,-1,NO_CONFIDENT_DIAGNOSIS,,ABSTAIN,"diagnostic confidence not satisfied: insertScore=0.4387442382790867, scanScore=0.008701906949918627",-1,-1,0,0,0.0,0.0,NaN,NaN,NaN,NaN,NaN,0,0,0,NaN,NaN,NaN,NaN,,,NaN,NaN,NaN
PUBLICATION,LOCAL_HOTSPOT,LARS_NO_LOCALITY,8,2147483647,LOCAL_HOTSPOT,,11,21600,250196,220359,220359,220359,220412,250196,-1,4,INSERT_SPLIT_PRESSURE,SLACKEN,ROLLBACK,tail-latency guard failed,7,8,63,3,5.7516177566134474E-5,1.3236267372600927E-4,0.01747022895553963,129934.827856826,3270.0,3760.4999999999995,578.8286423319328,295800,512,35,1800.0,16700.0,5600.0,16700.0,SEARCH=0.228515625;INSERT=0.46484375;DELETE=0.0947265625;UPDATE=0.1591796875;RANGE_SEARCH=0.052734375,SEARCH=0.234375;INSERT=0.4609375;DELETE=0.109375;UPDATE=0.14453125;RANGE_SEARCH=0.05078125,-8.277777777777779,-8.748101703559028,0.0205078125
PUBLICATION,LOCAL_HOTSPOT,LARS_NO_LOCALITY,8,2147483647,LOCAL_HOTSPOT,,12,21645,253186,-1,-1,-1,-1,-1,-1,-1,NO_CONFIDENT_DIAGNOSIS,,ABSTAIN,"diagnostic confidence not satisfied: insertScore=0.2803243148488957, scanScore=0.005686614850811868",-1,-1,0,0,0.0,0.0,NaN,NaN,NaN,NaN,NaN,0,0,0,NaN,NaN,NaN,NaN,,,NaN,NaN,NaN
PUBLICATION,LOCAL_HOTSPOT,LARS_NO_LOCALITY,8,2147483647,LOCAL_HOTSPOT,,13,20997,257527,-1,-1,-1,-1,-1,-1,-1,INSERT_SPLIT_PRESSURE,,ABSTAIN,predicted benefit does not repay estimated adaptation cost within configured horizon,-1,-1,0,0,0.0,0.0,NaN,NaN,NaN,NaN,NaN,0,0,0,NaN,NaN,NaN,NaN,,,NaN,NaN,NaN
PUBLICATION,LOCAL_HOTSPOT,LARS_NO_LOCALITY,8,2147483647,LOCAL_HOTSPOT,,14,21183,275205,-1,-1,-1,-1,-1,-1,-1,NO_CONFIDENT_DIAGNOSIS,,ABSTAIN,"diagnostic confidence not satisfied: insertScore=0.0918255636995239, scanScore=0.009368662650623036",-1,-1,0,0,0.0,0.0,NaN,NaN,NaN,NaN,NaN,0,0,0,NaN,NaN,NaN,NaN,,,NaN,NaN,NaN
PUBLICATION,LOCAL_HOTSPOT,LARS_NO_LOCALITY,8,2147483647,LOCAL_HOTSPOT,,15,21579,300000,285241,285241,285241,285381,299980,-1,6,INSERT_SPLIT_PRESSURE,SLACKEN,ROLLBACK,trial censored at RUN_END before a terminal live-trial decision,32,33,61,3,5.4683017785427426E-5,1.2842465753424656E-4,0.01714180491152887,299981.58595175523,3190.0,3668.4999999999995,244.58167912946425,29000,270,0,NaN,NaN,6800.0,4200.0,SEARCH=0.24609375;INSERT=0.4375;DELETE=0.0986328125;UPDATE=0.166015625;RANGE_SEARCH=0.0517578125,SEARCH=0.2518518518518518;INSERT=0.44074074074074077;DELETE=0.09259259259259259;UPDATE=0.15925925925925927;RANGE_SEARCH=0.05555555555555555,NaN,NaN,0.012796585648148145
PUBLICATION,LOCAL_HOTSPOT,LARS_NO_LOCALITY,9,6364136223846793005,LOCAL_HOTSPOT,,1,20997,50832,-1,-1,-1,-1,-1,-1,-1,NO_CONFIDENT_DIAGNOSIS,,ABSTAIN,"diagnostic confidence not satisfied: insertScore=0.048787107179420044, scanScore=0.05374262364123076",-1,-1,0,0,0.0,0.0,NaN,NaN,NaN,NaN,NaN,0,0,0,NaN,NaN,NaN,NaN,,,NaN,NaN,NaN
PUBLICATION,LOCAL_HOTSPOT,LARS_NO_LOCALITY,9,6364136223846793005,LOCAL_HOTSPOT,,2,21001,59869,51476,51476,51476,51523,59869,59869,4,INSERT_SPLIT_PRESSURE,SLACKEN,COMMIT,trial acceptance rule satisfied,0,1,47,3,4.600973252682514E-5,1.411631846414455E-4,0.06118546845124283,781309.7514340344,2630.0,3024.4999999999995,77.42127867849494,32200,512,27,2200.0,700.0,4400.0,700.0,SEARCH=0.2548828125;INSERT=0.4560546875;DELETE=0.09765625;UPDATE=0.1357421875;RANGE_SEARCH=0.0556640625,SEARCH=0.2578125;INSERT=0.453125;DELETE=0.09765625;UPDATE=0.1484375;RANGE_SEARCH=0.04296875,0.6818181818181818,0.6698575284090909,0.015625
PUBLICATION,LOCAL_HOTSPOT,LARS_NO_LOCALITY,9,6364136223846793005,LOCAL_HOTSPOT,,3,21000,68156,-1,-1,-1,-1,-1,-1,-1,NO_CONFIDENT_DIAGNOSIS,,ABSTAIN,"diagnostic confidence not satisfied: insertScore=0.5851948817306598, scanScore=0.021291079635461948",-1,-1,0,0,0.0,0.0,NaN,NaN,NaN,NaN,NaN,0,0,0,NaN,NaN,NaN,NaN,,,NaN,NaN,NaN
PUBLICATION,LOCAL_HOTSPOT,LARS_NO_LOCALITY,9,6364136223846793005,LOCAL_HOTSPOT,,4,20999,87363,-1,-1,-1,-1,-1,-1,-1,NO_CONFIDENT_DIAGNOSIS,,ABSTAIN,"diagnostic confidence not satisfied: insertScore=0.8977399650715842, scanScore=0.0",-1,-1,0,0,0.0,0.0,NaN,NaN,NaN,NaN,NaN,0,0,0,NaN,NaN,NaN,NaN,,,NaN,NaN,NaN
PUBLICATION,LOCAL_HOTSPOT,LARS_NO_LOCALITY,9,6364136223846793005,LOCAL_HOTSPOT,,5,21000,107877,91309,91309,91309,91328,107877,107877,6,INSERT_SPLIT_PRESSURE,SLACKEN,COMMIT,trial acceptance rule satisfied,33,34,59,3,5.676100538171295E-5,1.3841469041247579E-4,0.04428491112744886,2247156.5108333696,3110.0,3576.4999999999995,31.831338696329937,30200,512,24,6500.0,2300.0,6500.0,2300.0,SEARCH=0.2373046875;INSERT=0.4443359375;DELETE=0.111328125;UPDATE=0.162109375;RANGE_SEARCH=0.044921875,SEARCH=0.265625;INSERT=0.41796875;DELETE=0.095703125;UPDATE=0.16015625;RANGE_SEARCH=0.060546875,0.6461538461538462,0.6409080934495193,0.0439453125
PUBLICATION,LOCAL_HOTSPOT,LARS_NO_LOCALITY,9,6364136223846793005,LOCAL_HOTSPOT,,6,20999,133298,118135,118135,118135,118137,133298,133298,7,INSERT_SPLIT_PRESSURE,SLACKEN,COMMIT,trial acceptance rule satisfied,12,13,59,3,5.623101607539912E-5,1.3653741125068268E-4,0.033277005069543744,277746.0028597426,3110.0,3576.4999999999995,257.537459634015,29600,512,32,2000.0,1400.0,2000.0,1400.0,SEARCH=0.2451171875;INSERT=0.44921875;DELETE=0.1083984375;UPDATE=0.142578125;RANGE_SEARCH=0.0546875,SEARCH=0.29296875;INSERT=0.4375;DELETE=0.080078125;UPDATE=0.154296875;RANGE_SEARCH=0.03515625,0.3,0.277762421875,0.0595703125
PUBLICATION,LOCAL_HOTSPOT,LARS_NO_LOCALITY,9,6364136223846793005,LOCAL_HOTSPOT,,7,20996,150259,-1,-1,-1,-1,-1,-1,-1,NO_CONFIDENT_DIAGNOSIS,,ABSTAIN,"diagnostic confidence not satisfied: insertScore=0.07659047769346013, scanScore=0.06298706504140977",-1,-1,0,0,0.0,0.0,NaN,NaN,NaN,NaN,NaN,0,0,0,NaN,NaN,NaN,NaN,,,NaN,NaN,NaN
PUBLICATION,LOCAL_HOTSPOT,LARS_NO_LOCALITY,9,6364136223846793005,LOCAL_HOTSPOT,,8,20998,169147,151827,151827,151827,151857,169147,-1,8,INSERT_SPLIT_PRESSURE,SLACKEN,ROLLBACK,tail-latency guard failed,35,36,44,3,4.137551002368748E-5,1.3585110718652356E-4,0.029955534753100865,140096.65340510174,2510.0,2886.5,412.072655533524,29400,512,23,1500.0,1300.0,1700.0,4000.0,SEARCH=0.2431640625;INSERT=0.478515625;DELETE=0.09375;UPDATE=0.1416015625;RANGE_SEARCH=0.04296875,SEARCH=0.248046875;INSERT=0.443359375;DELETE=0.109375;UPDATE=0.162109375;RANGE_SEARCH=0.037109375,0.13333333333333333,0.10061817708333333,0.041015625
PUBLICATION,LOCAL_HOTSPOT,LARS_NO_LOCALITY,9,6364136223846793005,LOCAL_HOTSPOT,,9,21001,188662,171994,171994,171994,172018,188662,188662,8,INSERT_SPLIT_PRESSURE,SLACKEN,COMMIT,trial acceptance rule satisfied,0,1,63,3,5.881655489965242E-5,1.3561773880023506E-4,0.033077072162284386,319077.45978422376,3270.0,3760.4999999999995,235.71078963352903,26700,512,29,1900.0,900.0,4200.0,1000.0,SEARCH=0.251953125;INSERT=0.4384765625;DELETE=0.1103515625;UPDATE=0.1435546875;RANGE_SEARCH=0.0556640625,SEARCH=0.24609375;INSERT=0.46875;DELETE=0.07421875;UPDATE=0.158203125;RANGE_SEARCH=0.052734375,0.5263157894736842,0.50507353515625,0.044921875
PUBLICATION,LOCAL_HOTSPOT,LARS_NO_LOCALITY,9,6364136223846793005,LOCAL_HOTSPOT,,10,21632,203029,-1,-1,-1,-1,-1,-1,-1,INSERT_SPLIT_PRESSURE,,ABSTAIN,no feasible bounded repair window for SLACKEN,-1,-1,0,0,0.0,0.0,NaN,NaN,NaN,NaN,NaN,0,0,0,NaN,NaN,NaN,NaN,,,NaN,NaN,NaN
PUBLICATION,LOCAL_HOTSPOT,LARS_NO_LOCALITY,9,6364136223846793005,LOCAL_HOTSPOT,,11,21540,206633,-1,-1,-1,-1,-1,-1,-1,NO_CONFIDENT_DIAGNOSIS,,ABSTAIN,"diagnostic confidence not satisfied: insertScore=0.10026340572047998, scanScore=0.0",-1,-1,0,0,0.0,0.0,NaN,NaN,NaN,NaN,NaN,0,0,0,NaN,NaN,NaN,NaN,,,NaN,NaN,NaN
PUBLICATION,LOCAL_HOTSPOT,LARS_NO_LOCALITY,9,6364136223846793005,LOCAL_HOTSPOT,,12,21626,248947,215480,215480,215480,215727,248947,248947,4,INSERT_SPLIT_PRESSURE,SLACKEN,COMMIT,trial acceptance rule satisfied,14,15,63,3,5.750399789699665E-5,1.321644125291863E-4,0.021869126943447805,494237.99760806427,3270.0,3760.4999999999995,152.17364986907035,27300,512,36,3700.0,1000.0,3700.0,1400.0,SEARCH=0.2509765625;INSERT=0.4501953125;DELETE=0.099609375;UPDATE=0.1513671875;RANGE_SEARCH=0.0478515625,SEARCH=0.279296875;INSERT=0.4453125;DELETE=0.08203125;UPDATE=0.13671875;RANGE_SEARCH=0.056640625,0.7297297297297297,0.7128603357263513,0.037109375
PUBLICATION,LOCAL_HOTSPOT,LARS_NO_LOCALITY,9,6364136223846793005,LOCAL_HOTSPOT,,13,21540,261846,-1,-1,-1,-1,-1,-1,-1,INSERT_SPLIT_PRESSURE,,ABSTAIN,predicted benefit does not repay estimated adaptation cost within configured horizon,-1,-1,0,0,0.0,0.0,NaN,NaN,NaN,NaN,NaN,0,0,0,NaN,NaN,NaN,NaN,,,NaN,NaN,NaN
PUBLICATION,LOCAL_HOTSPOT,LARS_NO_LOCALITY,9,6364136223846793005,LOCAL_HOTSPOT,,14,21606,275960,-1,-1,-1,-1,-1,-1,-1,NO_CONFIDENT_DIAGNOSIS,,ABSTAIN,"diagnostic confidence not satisfied: insertScore=0.04798627193551598, scanScore=0.016977213203653096",-1,-1,0,0,0.0,0.0,NaN,NaN,NaN,NaN,NaN,0,0,0,NaN,NaN,NaN,NaN,,,NaN,NaN,NaN
PUBLICATION,LOCAL_HOTSPOT,LARS_NO_LOCALITY,9,6364136223846793005,LOCAL_HOTSPOT,,15,21000,300000,277345,277345,277345,277397,299991,-1,10,INSERT_SPLIT_PRESSURE,SLACKEN,ROLLBACK,trial censored at RUN_END before a terminal live-trial decision,10,11,58,3,5.19486102851083E-5,1.2841366321376593E-4,0.015662761173483433,42959.405304536696,3070.0,3530.4999999999995,1643.6447269102046,24100,313,22,1100.0,1400.0,2400.0,1400.0,SEARCH=0.2314453125;INSERT=0.4423828125;DELETE=0.1103515625;UPDATE=0.1591796875;RANGE_SEARCH=0.056640625,SEARCH=0.24600638977635783;INSERT=0.4472843450479233;DELETE=0.1182108626198083;UPDATE=0.1501597444089457;RANGE_SEARCH=0.038338658146964855,-0.2727272727272727,-0.34266733842329544,0.027321909944089444
PUBLICATION,LOCAL_HOTSPOT,LARS_NO_ROLLBACK,0,1103515245,LOCAL_HOTSPOT,,1,20997,96656,-1,-1,-1,-1,-1,-1,-1,NO_CONFIDENT_DIAGNOSIS,,ABSTAIN,"diagnostic confidence not satisfied: insertScore=0.06602687717552241, scanScore=0.0033613803230927984",-1,-1,0,0,0.0,0.0,NaN,NaN,NaN,NaN,NaN,0,0,0,NaN,NaN,NaN,NaN,,,NaN,NaN,NaN
PUBLICATION,LOCAL_HOTSPOT,LARS_NO_ROLLBACK,0,1103515245,LOCAL_HOTSPOT,,2,21181,105429,-1,-1,-1,-1,-1,-1,-1,NO_CONFIDENT_DIAGNOSIS,,ABSTAIN,"diagnostic confidence not satisfied: insertScore=0.13671545188966014, scanScore=0.0",-1,-1,0,0,0.0,0.0,NaN,NaN,NaN,NaN,NaN,0,0,0,NaN,NaN,NaN,NaN,,,NaN,NaN,NaN
PUBLICATION,LOCAL_HOTSPOT,LARS_NO_ROLLBACK,0,1103515245,LOCAL_HOTSPOT,,3,20996,124483,-1,-1,-1,-1,-1,-1,-1,INSERT_SPLIT_PRESSURE,,ABSTAIN,predicted benefit does not repay estimated adaptation cost within configured horizon,-1,-1,0,0,0.0,0.0,NaN,NaN,NaN,NaN,NaN,0,0,0,NaN,NaN,NaN,NaN,,,NaN,NaN,NaN
PUBLICATION,LOCAL_HOTSPOT,LARS_NO_ROLLBACK,0,1103515245,LOCAL_HOTSPOT,,4,21000,128417,-1,-1,-1,-1,-1,-1,-1,INSERT_SPLIT_PRESSURE,,ABSTAIN,predicted benefit does not repay estimated adaptation cost within configured horizon,-1,-1,0,0,0.0,0.0,NaN,NaN,NaN,NaN,NaN,0,0,0,NaN,NaN,NaN,NaN,,,NaN,NaN,NaN
PUBLICATION,LOCAL_HOTSPOT,LARS_NO_ROLLBACK,0,1103515245,LOCAL_HOTSPOT,,5,20998,145406,128709,128709,128709,128735,145406,-1,7,INSERT_SPLIT_PRESSURE,SLACKEN,KEEP_FAILED_TRIAL,minimum net-gain threshold not met,10,11,42,3,3.9829907329082284E-5,1.3598658265717782E-4,0.029153854914018906,34280.83361803886,2430.0,2794.5,1630.3570859079173,991900,512,36,4700.0,3600.0,5100.0,3600.0,SEARCH=0.25390625;INSERT=0.4248046875;DELETE=0.1171875;UPDATE=0.1396484375;RANGE_SEARCH=0.064453125,SEARCH=0.25;INSERT=0.439453125;DELETE=0.11328125;UPDATE=0.142578125;RANGE_SEARCH=0.0546875,0.23404255319148937,-0.12790366938164893,0.017578125
PUBLICATION,LOCAL_HOTSPOT,LARS_NO_ROLLBACK,0,1103515245,LOCAL_HOTSPOT,,6,20996,157011,-1,-1,-1,-1,-1,-1,-1,NO_CONFIDENT_DIAGNOSIS,,ABSTAIN,"diagnostic confidence not satisfied: insertScore=0.06630088923941924, scanScore=0.04505507582715785",-1,-1,0,0,0.0,0.0,NaN,NaN,NaN,NaN,NaN,0,0,0,NaN,NaN,NaN,NaN,,,NaN,NaN,NaN
PUBLICATION,LOCAL_HOTSPOT,LARS_NO_ROLLBACK,0,1103515245,LOCAL_HOTSPOT,,7,20997,182083,165012,165012,165012,165093,182083,182083,8,INSERT_SPLIT_PRESSURE,SLACKEN,COMMIT,trial acceptance rule satisfied,12,13,55,3,5.145948454437772E-5,1.357343226857298E-4,0.029273870783304744,3422202.4013722125,2950.0,3392.4999999999995,19.82641353205583,36800,512,48,16800.0,1100.0,16800.0,1100.0,SEARCH=0.2470703125;INSERT=0.4609375;DELETE=0.0908203125;UPDATE=0.1552734375;RANGE_SEARCH=0.0458984375,SEARCH=0.21875;INSERT=0.4921875;DELETE=0.103515625;UPDATE=0.134765625;RANGE_SEARCH=0.05078125,0.9345238095238095,0.930782459077381,0.048828125
PUBLICATION,LOCAL_HOTSPOT,LARS_NO_ROLLBACK,0,1103515245,LOCAL_HOTSPOT,,8,21561,236167,-1,-1,-1,-1,-1,-1,-1,NO_CONFIDENT_DIAGNOSIS,,ABSTAIN,"diagnostic confidence not satisfied: insertScore=0.06931367316680744, scanScore=0.0",-1,-1,0,0,0.0,0.0,NaN,NaN,NaN,NaN,NaN,0,0,0,NaN,NaN,NaN,NaN,,,NaN,NaN,NaN
PUBLICATION,LOCAL_HOTSPOT,LARS_NO_ROLLBACK,0,1103515245,LOCAL_HOTSPOT,,9,21587,237578,-1,-1,-1,-1,-1,-1,-1,NO_CONFIDENT_DIAGNOSIS,,ABSTAIN,"diagnostic confidence not satisfied: insertScore=0.08622728067403872, scanScore=0.01098907717305154",-1,-1,0,0,0.0,0.0,NaN,NaN,NaN,NaN,NaN,0,0,0,NaN,NaN,NaN,NaN,,,NaN,NaN,NaN
PUBLICATION,LOCAL_HOTSPOT,LARS_NO_ROLLBACK,0,1103515245,LOCAL_HOTSPOT,,10,21609,242135,-1,-1,-1,-1,-1,-1,-1,NO_CONFIDENT_DIAGNOSIS,,ABSTAIN,"diagnostic confidence not satisfied: insertScore=0.6250030884037011, scanScore=0.0",-1,-1,0,0,0.0,0.0,NaN,NaN,NaN,NaN,NaN,0,0,0,NaN,NaN,NaN,NaN,,,NaN,NaN,NaN
PUBLICATION,LOCAL_HOTSPOT,LARS_NO_ROLLBACK,0,1103515245,LOCAL_HOTSPOT,,11,20999,272810,-1,-1,-1,-1,-1,-1,-1,INSERT_SPLIT_PRESSURE,,ABSTAIN,predicted benefit does not repay estimated adaptation cost within configured horizon,-1,-1,0,0,0.0,0.0,NaN,NaN,NaN,NaN,NaN,0,0,0,NaN,NaN,NaN,NaN,,,NaN,NaN,NaN
PUBLICATION,LOCAL_HOTSPOT,LARS_NO_ROLLBACK,0,1103515245,LOCAL_HOTSPOT,,12,21633,280839,-1,-1,-1,-1,-1,-1,-1,NO_CONFIDENT_DIAGNOSIS,,ABSTAIN,"diagnostic confidence not satisfied: insertScore=0.04352025309424092, scanScore=0.012103353144485525",-1,-1,0,0,0.0,0.0,NaN,NaN,NaN,NaN,NaN,0,0,0,NaN,NaN,NaN,NaN,,,NaN,NaN,NaN
PUBLICATION,LOCAL_HOTSPOT,LARS_NO_ROLLBACK,0,1103515245,LOCAL_HOTSPOT,,13,21001,281098,-1,-1,-1,-1,-1,-1,-1,INSERT_SPLIT_PRESSURE,,ABSTAIN,predicted benefit does not repay estimated adaptation cost within configured horizon,-1,-1,0,0,0.0,0.0,NaN,NaN,NaN,NaN,NaN,0,0,0,NaN,NaN,NaN,NaN,,,NaN,NaN,NaN
PUBLICATION,LOCAL_HOTSPOT,LARS_NO_ROLLBACK,0,1103515245,LOCAL_HOTSPOT,,14,21587,300000,295228,295228,295228,295305,299948,-1,6,INSERT_SPLIT_PRESSURE,SLACKEN,KEEP_FAILED_TRIAL,trial censored at RUN_END before a terminal live-trial decision,17,18,58,3,5.194065511494557E-5,1.285071749839366E-4,0.017785188272891484,67066.13866888982,3070.0,3530.4999999999995,1052.8412907235715,28000,83,0,NaN,NaN,1900.0,1000.0,SEARCH=0.24609375;INSERT=0.4384765625;DELETE=0.1142578125;UPDATE=0.1455078125;RANGE_SEARCH=0.0556640625,SEARCH=0.2289156626506024;INSERT=0.42168674698795183;DELETE=0.13253012048192772;UPDATE=0.13253012048192772;RANGE_SEARCH=0.08433734939759036,NaN,NaN,0.04694559487951806
PUBLICATION,LOCAL_HOTSPOT,LARS_NO_ROLLBACK,1,214013,LOCAL_HOTSPOT,,1,20997,50895,-1,-1,-1,-1,-1,-1,-1,NO_CONFIDENT_DIAGNOSIS,,ABSTAIN,"diagnostic confidence not satisfied: insertScore=0.39216437977996016, scanScore=0.054782006723197586",-1,-1,0,0,0.0,0.0,NaN,NaN,NaN,NaN,NaN,0,0,0,NaN,NaN,NaN,NaN,,,NaN,NaN,NaN
PUBLICATION,LOCAL_HOTSPOT,LARS_NO_ROLLBACK,1,214013,LOCAL_HOTSPOT,,2,20996,55271,-1,-1,-1,-1,-1,-1,-1,NO_CONFIDENT_DIAGNOSIS,,ABSTAIN,"diagnostic confidence not satisfied: insertScore=0.9588306762299066, scanScore=0.03661722802872539",-1,-1,0,0,0.0,0.0,NaN,NaN,NaN,NaN,NaN,0,0,0,NaN,NaN,NaN,NaN,,,NaN,NaN,NaN
PUBLICATION,LOCAL_HOTSPOT,LARS_NO_ROLLBACK,1,214013,LOCAL_HOTSPOT,,3,20997,65175,-1,-1,-1,-1,-1,-1,-1,NO_CONFIDENT_DIAGNOSIS,,ABSTAIN,"diagnostic confidence not satisfied: insertScore=0.4997010358415312, scanScore=0.022463235652482535",-1,-1,0,0,0.0,0.0,NaN,NaN,NaN,NaN,NaN,0,0,0,NaN,NaN,NaN,NaN,,,NaN,NaN,NaN
PUBLICATION,LOCAL_HOTSPOT,LARS_NO_ROLLBACK,1,214013,LOCAL_HOTSPOT,,4,20996,70613,-1,-1,-1,-1,-1,-1,-1,NO_CONFIDENT_DIAGNOSIS,,ABSTAIN,"diagnostic confidence not satisfied: insertScore=0.624115528325655, scanScore=0.0",-1,-1,0,0,0.0,0.0,NaN,NaN,NaN,NaN,NaN,0,0,0,NaN,NaN,NaN,NaN,,,NaN,NaN,NaN
PUBLICATION,LOCAL_HOTSPOT,LARS_NO_ROLLBACK,1,214013,LOCAL_HOTSPOT,,5,20997,108608,92218,92218,92218,92252,108608,-1,6,INSERT_SPLIT_PRESSURE,SLACKEN,KEEP_FAILED_TRIAL,tail-latency guard failed,8,9,61,3,5.8662814795723576E-5,1.384402399630826E-4,0.037867021669994824,775519.5621625619,3190.0,3668.4999999999995,94.60754258139578,1003300,512,23,3300.0,4700.0,3300.0,4700.0,SEARCH=0.2392578125;INSERT=0.4697265625;DELETE=0.091796875;UPDATE=0.1611328125;RANGE_SEARCH=0.0380859375,SEARCH=0.271484375;INSERT=0.421875;DELETE=0.09375;UPDATE=0.154296875;RANGE_SEARCH=0.05859375,-0.42424242424242425,-0.8256871241714014,0.0546875
PUBLICATION,LOCAL_HOTSPOT,LARS_NO_ROLLBACK,1,214013,LOCAL_HOTSPOT,,6,21186,109943,-1,-1,-1,-1,-1,-1,-1,NO_CONFIDENT_DIAGNOSIS,,ABSTAIN,"diagnostic confidence not satisfied: insertScore=0.1606494479212406, scanScore=0.0",-1,-1,0,0,0.0,0.0,NaN,NaN,NaN,NaN,NaN,0,0,0,NaN,NaN,NaN,NaN,,,NaN,NaN,NaN
PUBLICATION,LOCAL_HOTSPOT,LARS_NO_ROLLBACK,1,214013,LOCAL_HOTSPOT,,7,21176,114594,-1,-1,-1,-1,-1,-1,-1,NO_CONFIDENT_DIAGNOSIS,,ABSTAIN,"diagnostic confidence not satisfied: insertScore=1.0641168135677677, scanScore=0.0",-1,-1,0,0,0.0,0.0,NaN,NaN,NaN,NaN,NaN,0,0,0,NaN,NaN,NaN,NaN,,,NaN,NaN,NaN
PUBLICATION,LOCAL_HOTSPOT,LARS_NO_ROLLBACK,1,214013,LOCAL_HOTSPOT,,8,20999,116267,-1,-1,-1,-1,-1,-1,-1,INSERT_SPLIT_PRESSURE,,ABSTAIN,predicted benefit does not repay estimated adaptation cost within configured horizon,-1,-1,0,0,0.0,0.0,NaN,NaN,NaN,NaN,NaN,0,0,0,NaN,NaN,NaN,NaN,,,NaN,NaN,NaN
PUBLICATION,LOCAL_HOTSPOT,LARS_NO_ROLLBACK,1,214013,LOCAL_HOTSPOT,,9,21000,134640,119975,119975,119975,119977,134640,134640,7,INSERT_SPLIT_PRESSURE,SLACKEN,COMMIT,trial acceptance rule satisfied,44,45,63,3,6.000702939487197E-5,1.3628929674722878E-4,0.03232323232323232,645721.5277777776,3270.0,3760.4999999999995,116.47435738875227,31300,512,24,3400.0,1100.0,3400.0,1100.0,SEARCH=0.26171875;INSERT=0.4404296875;DELETE=0.091796875;UPDATE=0.1572265625;RANGE_SEARCH=0.048828125,SEARCH=0.265625;INSERT=0.4453125;DELETE=0.087890625;UPDATE=0.158203125;RANGE_SEARCH=0.04296875,0.6764705882352942,0.6622302389705883,0.009765625
PUBLICATION,LOCAL_HOTSPOT,LARS_NO_ROLLBACK,1,214013,LOCAL_HOTSPOT,,10,21001,146027,-1,-1,-1,-1,-1,-1,-1,NO_CONFIDENT_DIAGNOSIS,,ABSTAIN,"diagnostic confidence not satisfied: insertScore=0.10633597442559889, scanScore=0.06911254724224705",-1,-1,0,0,0.0,0.0,NaN,NaN,NaN,NaN,NaN,0,0,0,NaN,NaN,NaN,NaN,,,NaN,NaN,NaN
PUBLICATION,LOCAL_HOTSPOT,LARS_NO_ROLLBACK,1,214013,LOCAL_HOTSPOT,,11,21176,150349,146055,146055,146055,146060,150319,-1,5,INSERT_SPLIT_PRESSURE,SLACKEN,KEEP_FAILED_TRIAL,trial mutation would escape the monitored leaf-level region,39,40,47,3,4.450947246805025E-5,1.3593112822836428E-4,0.03255961844197138,1289513.5135135136,2630.0,3024.4999999999995,46.9091633132126,30200,118,0,NaN,NaN,NaN,NaN,SEARCH=0.21875;INSERT=0.46484375;DELETE=0.107421875;UPDATE=0.15625;RANGE_SEARCH=0.052734375,SEARCH=0.2796610169491525;INSERT=0.4322033898305085;DELETE=0.09322033898305085;UPDATE=0.15254237288135594;RANGE_SEARCH=0.0423728813559322,NaN,NaN,NaN
PUBLICATION,LOCAL_HOTSPOT,LARS_NO_ROLLBACK,1,214013,LOCAL_HOTSPOT,,12,20998,157249,-1,-1,-1,-1,-1,-1,-1,INSERT_SPLIT_PRESSURE,,ABSTAIN,no feasible bounded repair window for SLACKEN,-1,-1,0,0,0.0,0.0,NaN,NaN,NaN,NaN,NaN,0,0,0,NaN,NaN,NaN,NaN,,,NaN,NaN,NaN
PUBLICATION,LOCAL_HOTSPOT,LARS_NO_ROLLBACK,1,214013,LOCAL_HOTSPOT,,13,21170,161998,-1,-1,-1,-1,-1,-1,-1,NO_CONFIDENT_DIAGNOSIS,,ABSTAIN,"diagnostic confidence not satisfied: insertScore=0.3295758016663818, scanScore=0.0",-1,-1,0,0,0.0,0.0,NaN,NaN,NaN,NaN,NaN,0,0,0,NaN,NaN,NaN,NaN,,,NaN,NaN,NaN
PUBLICATION,LOCAL_HOTSPOT,LARS_NO_ROLLBACK,1,214013,LOCAL_HOTSPOT,,14,21587,163476,-1,-1,-1,-1,-1,-1,-1,NO_CONFIDENT_DIAGNOSIS,,ABSTAIN,"diagnostic confidence not satisfied: insertScore=0.08337868589082005, scanScore=0.042996277249148535",-1,-1,0,0,0.0,0.0,NaN,NaN,NaN,NaN,NaN,0,0,0,NaN,NaN,NaN,NaN,,,NaN,NaN,NaN
PUBLICATION,LOCAL_HOTSPOT,LARS_NO_ROLLBACK,1,214013,LOCAL_HOTSPOT,,15,21568,173087,-1,-1,-1,-1,-1,-1,-1,NO_CONFIDENT_DIAGNOSIS,,ABSTAIN,"diagnostic confidence not satisfied: insertScore=0.07219894883329836, scanScore=0.014686108605975927",-1,-1,0,0,0.0,0.0,NaN,NaN,NaN,NaN,NaN,0,0,0,NaN,NaN,NaN,NaN,,,NaN,NaN,NaN
PUBLICATION,LOCAL_HOTSPOT,LARS_NO_ROLLBACK,1,214013,LOCAL_HOTSPOT,,16,21554,176570,-1,-1,-1,-1,-1,-1,-1,NO_CONFIDENT_DIAGNOSIS,,ABSTAIN,"diagnostic confidence not satisfied: insertScore=0.05803828607431194, scanScore=0.0",-1,-1,0,0,0.0,0.0,NaN,NaN,NaN,NaN,NaN,0,0,0,NaN,NaN,NaN,NaN,,,NaN,NaN,NaN
PUBLICATION,LOCAL_HOTSPOT,LARS_NO_ROLLBACK,1,214013,LOCAL_HOTSPOT,,17,21587,252847,224899,224899,224899,225020,252847,252847,5,INSERT_SPLIT_PRESSURE,SLACKEN,COMMIT,trial acceptance rule satisfied,15,16,55,3,5.0158043435041686E-5,1.3214112672334051E-4,0.016675894863694102,708660.391492688,2950.0,3392.4999999999995,95.74402748414376,24200,512,37,5900.0,900.0,5900.0,1000.0,SEARCH=0.236328125;INSERT=0.44921875;DELETE=0.107421875;UPDATE=0.1513671875;RANGE_SEARCH=0.0556640625,SEARCH=0.232421875;INSERT=0.4921875;DELETE=0.091796875;UPDATE=0.134765625;RANGE_SEARCH=0.048828125,0.847457627118644,0.8351593518273305,0.04296875
PUBLICATION,LOCAL_HOTSPOT,LARS_NO_ROLLBACK,1,214013,LOCAL_HOTSPOT,,18,20996,293261,256623,256623,256623,256779,293261,293261,10,INSERT_SPLIT_PRESSURE,SLACKEN,COMMIT,trial acceptance rule satisfied,35,36,60,3,5.3906466889300376E-5,1.2887151509944586E-4,0.018681358776954794,125617.5429634765,3150.0,3622.4999999999995,576.7506535378179,34300,512,33,1700.0,700.0,1700.0,1200.0,SEARCH=0.2587890625;INSERT=0.4453125;DELETE=0.1005859375;UPDATE=0.1435546875;RANGE_SEARCH=0.0517578125,SEARCH=0.240234375;INSERT=0.43359375;DELETE=0.09765625;UPDATE=0.162109375;RANGE_SEARCH=0.06640625,0.5882352941176471,0.5342336799172794,0.033203125
PUBLICATION,LOCAL_HOTSPOT,LARS_NO_ROLLBACK,1,214013,LOCAL_HOTSPOT,,19,21554,300000,296098,296098,296098,296156,299875,-1,6,INSERT_SPLIT_PRESSURE,SLACKEN,KEEP_FAILED_TRIAL,trial censored at RUN_END before a terminal live-trial decision,16,17,58,3,5.1982318841618836E-5,1.2844665182394245E-4,0.01717458027942237,7430.018616976669,3070.0,3530.4999999999995,9503.3409255079,25000,58,0,NaN,NaN,4400.0,1000.0,SEARCH=0.2431640625;INSERT=0.4326171875;DELETE=0.12109375;UPDATE=0.1572265625;RANGE_SEARCH=0.0458984375,SEARCH=0.1896551724137931;INSERT=0.5689655172413793;DELETE=0.08620689655172414;UPDATE=0.13793103448275862;RANGE_SEARCH=0.017241379310344827,NaN,NaN,0.13634832974137934
PUBLICATION,LOCAL_HOTSPOT,LARS_NO_ROLLBACK,2,1664525,LOCAL_HOTSPOT,,1,20997,52838,-1,-1,-1,-1,-1,-1,-1,NO_CONFIDENT_DIAGNOSIS,,ABSTAIN,"diagnostic confidence not satisfied: insertScore=0.38264974383695133, scanScore=0.04819993768526912",-1,-1,0,0,0.0,0.0,NaN,NaN,NaN,NaN,NaN,0,0,0,NaN,NaN,NaN,NaN,,,NaN,NaN,NaN
PUBLICATION,LOCAL_HOTSPOT,LARS_NO_ROLLBACK,2,1664525,LOCAL_HOTSPOT,,2,20997,69510,-1,-1,-1,-1,-1,-1,-1,NO_CONFIDENT_DIAGNOSIS,,ABSTAIN,"diagnostic confidence not satisfied: insertScore=0.09463293397632598, scanScore=0.01243212440970074",-1,-1,0,0,0.0,0.0,NaN,NaN,NaN,NaN,NaN,0,0,0,NaN,NaN,NaN,NaN,,,NaN,NaN,NaN
PUBLICATION,LOCAL_HOTSPOT,LARS_NO_ROLLBACK,2,1664525,LOCAL_HOTSPOT,,3,21000,92917,-1,-1,-1,-1,-1,-1,-1,NO_CONFIDENT_DIAGNOSIS,,ABSTAIN,"diagnostic confidence not satisfied: insertScore=0.10010109005775394, scanScore=0.027160906869983365",-1,-1,0,0,0.0,0.0,NaN,NaN,NaN,NaN,NaN,0,0,0,NaN,NaN,NaN,NaN,,,NaN,NaN,NaN
PUBLICATION,LOCAL_HOTSPOT,LARS_NO_ROLLBACK,2,1664525,LOCAL_HOTSPOT,,4,20997,93745,-1,-1,-1,-1,-1,-1,-1,NO_CONFIDENT_DIAGNOSIS,,ABSTAIN,"diagnostic confidence not satisfied: insertScore=0.10283735356374185, scanScore=0.022025617426349883",-1,-1,0,0,0.0,0.0,NaN,NaN,NaN,NaN,NaN,0,0,0,NaN,NaN,NaN,NaN,,,NaN,NaN,NaN
PUBLICATION,LOCAL_HOTSPOT,LARS_NO_ROLLBACK,2,1664525,LOCAL_HOTSPOT,,5,20999,119024,-1,-1,-1,-1,-1,-1,-1,INSERT_SPLIT_PRESSURE,,ABSTAIN,predicted benefit does not repay estimated adaptation cost within configured horizon,-1,-1,0,0,0.0,0.0,NaN,NaN,NaN,NaN,NaN,0,0,0,NaN,NaN,NaN,NaN,,,NaN,NaN,NaN
PUBLICATION,LOCAL_HOTSPOT,LARS_NO_ROLLBACK,2,1664525,LOCAL_HOTSPOT,,6,21001,124829,-1,-1,-1,-1,-1,-1,-1,INSERT_SPLIT_PRESSURE,,ABSTAIN,predicted benefit does not repay estimated adaptation cost within configured horizon,-1,-1,0,0,0.0,0.0,NaN,NaN,NaN,NaN,NaN,0,0,0,NaN,NaN,NaN,NaN,,,NaN,NaN,NaN
PUBLICATION,LOCAL_HOTSPOT,LARS_NO_ROLLBACK,2,1664525,LOCAL_HOTSPOT,,7,20998,124832,-1,-1,-1,-1,-1,-1,-1,INSERT_SPLIT_PRESSURE,,ABSTAIN,predicted benefit does not repay estimated adaptation cost within configured horizon,-1,-1,0,0,0.0,0.0,NaN,NaN,NaN,NaN,NaN,0,0,0,NaN,NaN,NaN,NaN,,,NaN,NaN,NaN
PUBLICATION,LOCAL_HOTSPOT,LARS_NO_ROLLBACK,2,1664525,LOCAL_HOTSPOT,,8,21000,126068,-1,-1,-1,-1,-1,-1,-1,INSERT_SPLIT_PRESSURE,,ABSTAIN,predicted benefit does not repay estimated adaptation cost within configured horizon,-1,-1,0,0,0.0,0.0,NaN,NaN,NaN,NaN,NaN,0,0,0,NaN,NaN,NaN,NaN,,,NaN,NaN,NaN
PUBLICATION,LOCAL_HOTSPOT,LARS_NO_ROLLBACK,2,1664525,LOCAL_HOTSPOT,,9,20997,127326,-1,-1,-1,-1,-1,-1,-1,INSERT_SPLIT_PRESSURE,,ABSTAIN,predicted benefit does not repay estimated adaptation cost within configured horizon,-1,-1,0,0,0.0,0.0,NaN,NaN,NaN,NaN,NaN,0,0,0,NaN,NaN,NaN,NaN,,,NaN,NaN,NaN
PUBLICATION,LOCAL_HOTSPOT,LARS_NO_ROLLBACK,2,1664525,LOCAL_HOTSPOT,,10,20996,127781,-1,-1,-1,-1,-1,-1,-1,NO_CONFIDENT_DIAGNOSIS,,ABSTAIN,"diagnostic confidence not satisfied: insertScore=0.1465739181815719, scanScore=0.0639298851063667",-1,-1,0,0,0.0,0.0,NaN,NaN,NaN,NaN,NaN,0,0,0,NaN,NaN,NaN,NaN,,,NaN,NaN,NaN
PUBLICATION,LOCAL_HOTSPOT,LARS_NO_ROLLBACK,2,1664525,LOCAL_HOTSPOT,,11,20999,150705,-1,-1,-1,-1,-1,-1,-1,NO_CONFIDENT_DIAGNOSIS,,ABSTAIN,"diagnostic confidence not satisfied: insertScore=0.09274247288019875, scanScore=0.0633787069242779",-1,-1,0,0,0.0,0.0,NaN,NaN,NaN,NaN,NaN,0,0,0,NaN,NaN,NaN,NaN,,,NaN,NaN,NaN
PUBLICATION,LOCAL_HOTSPOT,LARS_NO_ROLLBACK,2,1664525,LOCAL_HOTSPOT,,12,21000,156850,-1,-1,-1,-1,-1,-1,-1,NO_CONFIDENT_DIAGNOSIS,,ABSTAIN,"diagnostic confidence not satisfied: insertScore=0.06326314307641277, scanScore=0.05633069034607464",-1,-1,0,0,0.0,0.0,NaN,NaN,NaN,NaN,NaN,0,0,0,NaN,NaN,NaN,NaN,,,NaN,NaN,NaN
PUBLICATION,LOCAL_HOTSPOT,LARS_NO_ROLLBACK,2,1664525,LOCAL_HOTSPOT,,13,20996,158541,-1,-1,-1,-1,-1,-1,-1,NO_CONFIDENT_DIAGNOSIS,,ABSTAIN,"diagnostic confidence not satisfied: insertScore=0.07367843612419857, scanScore=0.04944711649774636",-1,-1,0,0,0.0,0.0,NaN,NaN,NaN,NaN,NaN,0,0,0,NaN,NaN,NaN,NaN,,,NaN,NaN,NaN
PUBLICATION,LOCAL_HOTSPOT,LARS_NO_ROLLBACK,2,1664525,LOCAL_HOTSPOT,,14,20997,159238,-1,-1,-1,-1,-1,-1,-1,NO_CONFIDENT_DIAGNOSIS,,ABSTAIN,"diagnostic confidence not satisfied: insertScore=0.039848203079119786, scanScore=0.05395412919232826",-1,-1,0,0,0.0,0.0,NaN,NaN,NaN,NaN,NaN,0,0,0,NaN,NaN,NaN,NaN,,,NaN,NaN,NaN
PUBLICATION,LOCAL_HOTSPOT,LARS_NO_ROLLBACK,2,1664525,LOCAL_HOTSPOT,,15,20998,159728,-1,-1,-1,-1,-1,-1,-1,NO_CONFIDENT_DIAGNOSIS,,ABSTAIN,"diagnostic confidence not satisfied: insertScore=0.057668038768166695, scanScore=0.04956476037206765",-1,-1,0,0,0.0,0.0,NaN,NaN,NaN,NaN,NaN,0,0,0,NaN,NaN,NaN,NaN,,,NaN,NaN,NaN
PUBLICATION,LOCAL_HOTSPOT,LARS_NO_ROLLBACK,2,1664525,LOCAL_HOTSPOT,,16,21588,191671,161100,161100,161100,161124,191671,191671,4,INSERT_SPLIT_PRESSURE,SLACKEN,COMMIT,trial acceptance rule satisfied,23,25,80,4,7.46107185758306E-5,1.807991321641656E-4,0.029319971367215463,1478390.837508948,4200.0,4830.0,65.34131404843433,843800,512,29,7400.0,900.0,7400.0,4600.0,SEARCH=0.255859375;INSERT=0.455078125;DELETE=0.1044921875;UPDATE=0.140625;RANGE_SEARCH=0.0439453125,SEARCH=0.244140625;INSERT=0.48828125;DELETE=0.087890625;UPDATE=0.13671875;RANGE_SEARCH=0.04296875,0.8783783783783784,0.6839255503061656,0.033203125
PUBLICATION,LOCAL_HOTSPOT,LARS_NO_ROLLBACK,2,1664525,LOCAL_HOTSPOT,,17,21606,237919,208101,208101,208101,208113,237919,237919,4,INSERT_SPLIT_PRESSURE,SLACKEN,COMMIT,trial acceptance rule satisfied,7,8,63,3,5.7751910625709864E-5,1.3326818000088846E-4,0.02108080288214102,619248.5846628925,3270.0,3760.4999999999995,121.45364860372338,29100,512,29,4700.0,1600.0,4700.0,1600.0,SEARCH=0.26171875;INSERT=0.458984375;DELETE=0.0888671875;UPDATE=0.13671875;RANGE_SEARCH=0.0537109375,SEARCH=0.2734375;INSERT=0.43359375;DELETE=0.06640625;UPDATE=0.166015625;RANGE_SEARCH=0.060546875,0.6595744680851063,0.6448893315741356,0.0478515625
PUBLICATION,LOCAL_HOTSPOT,LARS_NO_ROLLBACK,2,1664525,LOCAL_HOTSPOT,,18,21173,268335,238018,238018,238018,238041,268335,268335,7,INSERT_SPLIT_PRESSURE,SLACKEN,COMMIT,trial acceptance rule satisfied,20,21,53,3,4.8036311826358706E-5,1.3071325868153894E-4,0.017882714540183718,326640.494568824,2870.0,3300.4999999999995,202.0876195620978,29700,512,31,4500.0,600.0,4500.0,1400.0,SEARCH=0.2470703125;INSERT=0.45703125;DELETE=0.083984375;UPDATE=0.1611328125;RANGE_SEARCH=0.05078125,SEARCH=0.283203125;INSERT=0.423828125;DELETE=0.09375;UPDATE=0.150390625;RANGE_SEARCH=0.048828125,0.8666666666666667,0.8482130924479167,0.0458984375
PUBLICATION,LOCAL_HOTSPOT,LARS_NO_ROLLBACK,2,1664525,LOCAL_HOTSPOT,,19,21630,284588,-1,-1,-1,-1,-1,-1,-1,NO_CONFIDENT_DIAGNOSIS,,ABSTAIN,"diagnostic confidence not satisfied: insertScore=0.5951439086837548, scanScore=0.0",-1,-1,0,0,0.0,0.0,NaN,NaN,NaN,NaN,NaN,0,0,0,NaN,NaN,NaN,NaN,,,NaN,NaN,NaN
PUBLICATION,LOCAL_HOTSPOT,LARS_NO_ROLLBACK,2,1664525,LOCAL_HOTSPOT,,20,21541,300000,287662,287662,287662,287689,299974,-1,6,INSERT_SPLIT_PRESSURE,SLACKEN,KEEP_FAILED_TRIAL,trial censored at RUN_END before a terminal live-trial decision,40,41,53,3,4.747874430367046E-5,1.2841366321376593E-4,0.0175054704595186,528658.3698030635,2870.0,3300.4999999999995,124.86324585117254,27100,220,0,NaN,NaN,2500.0,1900.0,SEARCH=0.240234375;INSERT=0.482421875;DELETE=0.0947265625;UPDATE=0.1337890625;RANGE_SEARCH=0.048828125,SEARCH=0.21363636363636362;INSERT=0.4772727272727273;DELETE=0.11363636363636363;UPDATE=0.15;RANGE_SEARCH=0.045454545454545456,NaN,NaN,0.03512073863636363
PUBLICATION,LOCAL_HOTSPOT,LARS_NO_ROLLBACK,3,22695477,LOCAL_HOTSPOT,,1,20999,50741,-1,-1,-1,-1,-1,-1,-1,NO_CONFIDENT_DIAGNOSIS,,ABSTAIN,"diagnostic confidence not satisfied: insertScore=0.07809897340984416, scanScore=0.05528578583508632",-1,-1,0,0,0.0,0.0,NaN,NaN,NaN,NaN,NaN,0,0,0,NaN,NaN,NaN,NaN,,,NaN,NaN,NaN
PUBLICATION,LOCAL_HOTSPOT,LARS_NO_ROLLBACK,3,22695477,LOCAL_HOTSPOT,,2,20997,52687,-1,-1,-1,-1,-1,-1,-1,NO_CONFIDENT_DIAGNOSIS,,ABSTAIN,"diagnostic confidence not satisfied: insertScore=0.040877225307820515, scanScore=0.05552582801755652",-1,-1,0,0,0.0,0.0,NaN,NaN,NaN,NaN,NaN,0,0,0,NaN,NaN,NaN,NaN,,,NaN,NaN,NaN
PUBLICATION,LOCAL_HOTSPOT,LARS_NO_ROLLBACK,3,22695477,LOCAL_HOTSPOT,,3,20999,66537,-1,-1,-1,-1,-1,-1,-1,NO_CONFIDENT_DIAGNOSIS,,ABSTAIN,"diagnostic confidence not satisfied: insertScore=0.05412877464348755, scanScore=0.01857144175362452",-1,-1,0,0,0.0,0.0,NaN,NaN,NaN,NaN,NaN,0,0,0,NaN,NaN,NaN,NaN,,,NaN,NaN,NaN
PUBLICATION,LOCAL_HOTSPOT,LARS_NO_ROLLBACK,3,22695477,LOCAL_HOTSPOT,,4,20997,68487,-1,-1,-1,-1,-1,-1,-1,NO_CONFIDENT_DIAGNOSIS,,ABSTAIN,"diagnostic confidence not satisfied: insertScore=0.5487646458876905, scanScore=0.021042412042596697",-1,-1,0,0,0.0,0.0,NaN,NaN,NaN,NaN,NaN,0,0,0,NaN,NaN,NaN,NaN,,,NaN,NaN,NaN
PUBLICATION,LOCAL_HOTSPOT,LARS_NO_ROLLBACK,3,22695477,LOCAL_HOTSPOT,,5,20997,90985,-1,-1,-1,-1,-1,-1,-1,NO_CONFIDENT_DIAGNOSIS,,ABSTAIN,"diagnostic confidence not satisfied: insertScore=0.10030888361455342, scanScore=0.03958290727259687",-1,-1,0,0,0.0,0.0,NaN,NaN,NaN,NaN,NaN,0,0,0,NaN,NaN,NaN,NaN,,,NaN,NaN,NaN
PUBLICATION,LOCAL_HOTSPOT,LARS_NO_ROLLBACK,3,22695477,LOCAL_HOTSPOT,,6,20999,111105,94097,94097,94097,94103,111105,111105,6,INSERT_SPLIT_PRESSURE,SLACKEN,COMMIT,trial acceptance rule satisfied,4,5,60,3,5.765654954379255E-5,1.3800082800496802E-4,0.03715529753265602,685014.5137880986,3150.0,3622.4999999999995,105.76418242491657,867500,512,25,3500.0,1800.0,3500.0,2000.0,SEARCH=0.263671875;INSERT=0.4248046875;DELETE=0.119140625;UPDATE=0.150390625;RANGE_SEARCH=0.0419921875,SEARCH=0.263671875;INSERT=0.423828125;DELETE=0.099609375;UPDATE=0.158203125;RANGE_SEARCH=0.0546875,0.4857142857142857,0.15217215401785716,0.0205078125
PUBLICATION,LOCAL_HOTSPOT,LARS_NO_ROLLBACK,3,22695477,LOCAL_HOTSPOT,,7,21000,121559,-1,-1,-1,-1,-1,-1,-1,INSERT_SPLIT_PRESSURE,,ABSTAIN,predicted benefit does not repay estimated adaptation cost within configured horizon,-1,-1,0,0,0.0,0.0,NaN,NaN,NaN,NaN,NaN,0,0,0,NaN,NaN,NaN,NaN,,,NaN,NaN,NaN
PUBLICATION,LOCAL_HOTSPOT,LARS_NO_ROLLBACK,3,22695477,LOCAL_HOTSPOT,,8,20996,122181,-1,-1,-1,-1,-1,-1,-1,INSERT_SPLIT_PRESSURE,,ABSTAIN,predicted benefit does not repay estimated adaptation cost within configured horizon,-1,-1,0,0,0.0,0.0,NaN,NaN,NaN,NaN,NaN,0,0,0,NaN,NaN,NaN,NaN,,,NaN,NaN,NaN
PUBLICATION,LOCAL_HOTSPOT,LARS_NO_ROLLBACK,3,22695477,LOCAL_HOTSPOT,,9,20997,140668,123987,123987,123987,123998,140668,140668,7,INSERT_SPLIT_PRESSURE,SLACKEN,COMMIT,trial acceptance rule satisfied,37,38,42,3,3.992463749379742E-5,1.362088535754824E-4,0.031087768298976897,1169434.4090591702,2430.0,2794.5,47.79233411214953,29100,512,28,6200.0,1800.0,6200.0,1800.0,SEARCH=0.25;INSERT=0.439453125;DELETE=0.1015625;UPDATE=0.1455078125;RANGE_SEARCH=0.0634765625,SEARCH=0.244140625;INSERT=0.455078125;DELETE=0.083984375;UPDATE=0.169921875;RANGE_SEARCH=0.046875,0.7096774193548387,0.702128552639869,0.0400390625
PUBLICATION,LOCAL_HOTSPOT,LARS_NO_ROLLBACK,3,22695477,LOCAL_HOTSPOT,,10,21183,151211,-1,-1,-1,-1,-1,-1,-1,NO_CONFIDENT_DIAGNOSIS,,ABSTAIN,"diagnostic confidence not satisfied: insertScore=1.138135848416681, scanScore=0.0",-1,-1,0,0,0.0,0.0,NaN,NaN,NaN,NaN,NaN,0,0,0,NaN,NaN,NaN,NaN,,,NaN,NaN,NaN
PUBLICATION,LOCAL_HOTSPOT,LARS_NO_ROLLBACK,3,22695477,LOCAL_HOTSPOT,,11,21560,152637,-1,-1,-1,-1,-1,-1,-1,NO_CONFIDENT_DIAGNOSIS,,ABSTAIN,"diagnostic confidence not satisfied: insertScore=0.07638822966644086, scanScore=0.0205897684447431",-1,-1,0,0,0.0,0.0,NaN,NaN,NaN,NaN,NaN,0,0,0,NaN,NaN,NaN,NaN,,,NaN,NaN,NaN
PUBLICATION,LOCAL_HOTSPOT,LARS_NO_ROLLBACK,3,22695477,LOCAL_HOTSPOT,,12,20996,169913,154714,154714,154714,154935,169913,169913,8,INSERT_SPLIT_PRESSURE,SLACKEN,COMMIT,trial acceptance rule satisfied,29,30,45,3,4.231610127653572E-5,1.358695652173913E-4,0.031537774492592936,7357251.532230743,2550.0,2932.5,7.971726906857175,31700,512,28,31800.0,800.0,31800.0,4600.0,SEARCH=0.244140625;INSERT=0.44921875;DELETE=0.0986328125;UPDATE=0.1513671875;RANGE_SEARCH=0.056640625,SEARCH=0.271484375;INSERT=0.3984375;DELETE=0.109375;UPDATE=0.17578125;RANGE_SEARCH=0.044921875,0.9748427672955975,0.9732623524407921,0.0625
PUBLICATION,LOCAL_HOTSPOT,LARS_NO_ROLLBACK,3,22695477,LOCAL_HOTSPOT,,13,21576,207814,175213,175213,175213,175244,207814,207814,4,INSERT_SPLIT_PRESSURE,SLACKEN,COMMIT,trial acceptance rule satisfied,6,7,52,3,4.821573947181512E-5,1.3520822065981613E-4,0.020445651305806247,225700.8226180018,2830.0,3254.4999999999995,288.39061924982303,32700,512,29,2400.0,800.0,2400.0,1900.0,SEARCH=0.2421875;INSERT=0.4599609375;DELETE=0.1005859375;UPDATE=0.1484375;RANGE_SEARCH=0.048828125,SEARCH=0.203125;INSERT=0.498046875;DELETE=0.103515625;UPDATE=0.12109375;RANGE_SEARCH=0.07421875,0.6666666666666666,0.6333466227213541,0.06640625
PUBLICATION,LOCAL_HOTSPOT,LARS_NO_ROLLBACK,3,22695477,LOCAL_HOTSPOT,,14,21183,246103,-1,-1,-1,-1,-1,-1,-1,NO_CONFIDENT_DIAGNOSIS,,ABSTAIN,"diagnostic confidence not satisfied: insertScore=0.09353518226080695, scanScore=0.0",-1,-1,0,0,0.0,0.0,NaN,NaN,NaN,NaN,NaN,0,0,0,NaN,NaN,NaN,NaN,,,NaN,NaN,NaN
PUBLICATION,LOCAL_HOTSPOT,LARS_NO_ROLLBACK,3,22695477,LOCAL_HOTSPOT,,15,21613,258404,-1,-1,-1,-1,-1,-1,-1,NO_CONFIDENT_DIAGNOSIS,,ABSTAIN,"diagnostic confidence not satisfied: insertScore=0.7999691753904138, scanScore=0.0",-1,-1,0,0,0.0,0.0,NaN,NaN,NaN,NaN,NaN,0,0,0,NaN,NaN,NaN,NaN,,,NaN,NaN,NaN
PUBLICATION,LOCAL_HOTSPOT,LARS_NO_ROLLBACK,3,22695477,LOCAL_HOTSPOT,,16,21560,258649,-1,-1,-1,-1,-1,-1,-1,NO_CONFIDENT_DIAGNOSIS,,ABSTAIN,"diagnostic confidence not satisfied: insertScore=0.13332879058736644, scanScore=0.0052173690950673415",-1,-1,0,0,0.0,0.0,NaN,NaN,NaN,NaN,NaN,0,0,0,NaN,NaN,NaN,NaN,,,NaN,NaN,NaN
PUBLICATION,LOCAL_HOTSPOT,LARS_NO_ROLLBACK,3,22695477,LOCAL_HOTSPOT,,17,21651,282834,-1,-1,-1,-1,-1,-1,-1,NO_CONFIDENT_DIAGNOSIS,,ABSTAIN,"diagnostic confidence not satisfied: insertScore=0.11682113783854954, scanScore=0.010310659346492878",-1,-1,0,0,0.0,0.0,NaN,NaN,NaN,NaN,NaN,0,0,0,NaN,NaN,NaN,NaN,,,NaN,NaN,NaN
PUBLICATION,LOCAL_HOTSPOT,LARS_NO_ROLLBACK,4,69069,LOCAL_HOTSPOT,,1,20998,85082,-1,-1,-1,-1,-1,-1,-1,NO_CONFIDENT_DIAGNOSIS,,ABSTAIN,"diagnostic confidence not satisfied: insertScore=0.04403063466450801, scanScore=0.0012846596819625702",-1,-1,0,0,0.0,0.0,NaN,NaN,NaN,NaN,NaN,0,0,0,NaN,NaN,NaN,NaN,,,NaN,NaN,NaN
PUBLICATION,LOCAL_HOTSPOT,LARS_NO_ROLLBACK,4,69069,LOCAL_HOTSPOT,,2,20999,103307,87329,87329,87329,87370,103307,103307,6,INSERT_SPLIT_PRESSURE,SLACKEN,COMMIT,trial acceptance rule satisfied,19,20,63,3,6.0697208602817696E-5,1.3889531922774202E-4,0.058587939123469504,1373248.655452569,3270.0,3760.4999999999995,54.767940024098344,774100,512,28,5000.0,800.0,5000.0,1000.0,SEARCH=0.2548828125;INSERT=0.4462890625;DELETE=0.0830078125;UPDATE=0.1630859375;RANGE_SEARCH=0.052734375,SEARCH=0.232421875;INSERT=0.447265625;DELETE=0.103515625;UPDATE=0.162109375;RANGE_SEARCH=0.0546875,0.84,0.707873830078125,0.0234375
PUBLICATION,LOCAL_HOTSPOT,LARS_NO_ROLLBACK,4,69069,LOCAL_HOTSPOT,,3,21182,109594,-1,-1,-1,-1,-1,-1,-1,NO_CONFIDENT_DIAGNOSIS,,ABSTAIN,"diagnostic confidence not satisfied: insertScore=0.11341735627750374, scanScore=0.0",-1,-1,0,0,0.0,0.0,NaN,NaN,NaN,NaN,NaN,0,0,0,NaN,NaN,NaN,NaN,,,NaN,NaN,NaN
PUBLICATION,LOCAL_HOTSPOT,LARS_NO_ROLLBACK,4,69069,LOCAL_HOTSPOT,,4,20998,118058,-1,-1,-1,-1,-1,-1,-1,INSERT_SPLIT_PRESSURE,,ABSTAIN,predicted benefit does not repay estimated adaptation cost within configured horizon,-1,-1,0,0,0.0,0.0,NaN,NaN,NaN,NaN,NaN,0,0,0,NaN,NaN,NaN,NaN,,,NaN,NaN,NaN
PUBLICATION,LOCAL_HOTSPOT,LARS_NO_ROLLBACK,4,69069,LOCAL_HOTSPOT,,5,20996,121284,-1,-1,-1,-1,-1,-1,-1,INSERT_SPLIT_PRESSURE,,ABSTAIN,predicted benefit does not repay estimated adaptation cost within configured horizon,-1,-1,0,0,0.0,0.0,NaN,NaN,NaN,NaN,NaN,0,0,0,NaN,NaN,NaN,NaN,,,NaN,NaN,NaN
PUBLICATION,LOCAL_HOTSPOT,LARS_NO_ROLLBACK,4,69069,LOCAL_HOTSPOT,,6,21000,141753,125686,125686,125686,125699,141753,141753,7,INSERT_SPLIT_PRESSURE,SLACKEN,COMMIT,trial acceptance rule satisfied,40,41,59,3,5.604098020423613E-5,1.360852801088682E-4,0.03243380210312936,1204785.2527556063,3110.0,3576.4999999999995,59.37157666596208,31200,512,24,6400.0,2000.0,6400.0,2000.0,SEARCH=0.2373046875;INSERT=0.4697265625;DELETE=0.0869140625;UPDATE=0.1474609375;RANGE_SEARCH=0.05859375,SEARCH=0.2265625;INSERT=0.451171875;DELETE=0.08984375;UPDATE=0.16796875;RANGE_SEARCH=0.064453125,0.6875,0.6799846923828125,0.029296875
PUBLICATION,LOCAL_HOTSPOT,LARS_NO_ROLLBACK,4,69069,LOCAL_HOTSPOT,,7,21001,142777,-1,-1,-1,-1,-1,-1,-1,NO_CONFIDENT_DIAGNOSIS,,ABSTAIN,"diagnostic confidence not satisfied: insertScore=0.10810944261041452, scanScore=0.062052605538373995",-1,-1,0,0,0.0,0.0,NaN,NaN,NaN,NaN,NaN,0,0,0,NaN,NaN,NaN,NaN,,,NaN,NaN,NaN
PUBLICATION,LOCAL_HOTSPOT,LARS_NO_ROLLBACK,4,69069,LOCAL_HOTSPOT,,8,20998,165748,149856,149856,149856,149941,165748,165748,8,INSERT_SPLIT_PRESSURE,SLACKEN,COMMIT,trial acceptance rule satisfied,59,61,63,4,5.931454976490725E-5,1.8113480958203144E-4,0.0322316650928549,724698.7724268178,3520.0,4047.9999999999995,111.71538172872448,33700,512,24,4500.0,700.0,4500.0,700.0,SEARCH=0.2490234375;INSERT=0.453125;DELETE=0.0888671875;UPDATE=0.1572265625;RANGE_SEARCH=0.0517578125,SEARCH=0.23046875;INSERT=0.44140625;DELETE=0.119140625;UPDATE=0.142578125;RANGE_SEARCH=0.06640625,0.8444444444444444,0.8328271592881944,0.044921875
PUBLICATION,LOCAL_HOTSPOT,LARS_NO_ROLLBACK,4,69069,LOCAL_HOTSPOT,,9,20997,166291,-1,-1,-1,-1,-1,-1,-1,NO_CONFIDENT_DIAGNOSIS,,ABSTAIN,"diagnostic confidence not satisfied: insertScore=0.04548863282252009, scanScore=0.04141082500675663",-1,-1,0,0,0.0,0.0,NaN,NaN,NaN,NaN,NaN,0,0,0,NaN,NaN,NaN,NaN,,,NaN,NaN,NaN
PUBLICATION,LOCAL_HOTSPOT,LARS_NO_ROLLBACK,4,69069,LOCAL_HOTSPOT,,10,21574,214114,183182,183182,183182,183412,214114,214114,4,INSERT_SPLIT_PRESSURE,SLACKEN,COMMIT,trial acceptance rule satisfied,11,12,49,3,4.5306940653455535E-5,1.3478905512872354E-4,0.017795387796951844,340420.2074970022,2710.0,3116.4999999999995,183.09723872825288,28100,512,29,3600.0,900.0,3600.0,1200.0,SEARCH=0.2255859375;INSERT=0.451171875;DELETE=0.1162109375;UPDATE=0.150390625;RANGE_SEARCH=0.056640625,SEARCH=0.265625;INSERT=0.470703125;DELETE=0.078125;UPDATE=0.14453125;RANGE_SEARCH=0.041015625,0.75,0.7280685994466146,0.0595703125
PUBLICATION,LOCAL_HOTSPOT,LARS_NO_ROLLBACK,4,69069,LOCAL_HOTSPOT,,11,21172,262841,231548,231548,231548,231554,262841,262841,8,INSERT_SPLIT_PRESSURE,SLACKEN,COMMIT,trial acceptance rule satisfied,20,21,63,3,5.720693929254085E-5,1.312106368089573E-4,0.017501880084774733,231935.4618171874,3270.0,3760.4999999999995,324.2712408475116,31400,512,27,4100.0,2300.0,4100.0,2300.0,SEARCH=0.25390625;INSERT=0.46875;DELETE=0.0986328125;UPDATE=0.1279296875;RANGE_SEARCH=0.05078125,SEARCH=0.2890625;INSERT=0.4453125;DELETE=0.091796875;UPDATE=0.134765625;RANGE_SEARCH=0.0390625,0.43902439024390244,0.41714520769817076,0.0419921875
PUBLICATION,LOCAL_HOTSPOT,LARS_NO_ROLLBACK,4,69069,LOCAL_HOTSPOT,,12,21182,295738,264828,264828,264828,264864,295738,295738,7,INSERT_SPLIT_PRESSURE,SLACKEN,COMMIT,trial acceptance rule satisfied,24,25,62,3,5.561535701471116E-5,1.2857877593005313E-4,0.016577089943663796,100705.82140775755,3230.0,3714.4999999999995,737.6932034465019,29500,512,27,1900.0,1400.0,6800.0,1400.0,SEARCH=0.2548828125;INSERT=0.474609375;DELETE=0.0830078125;UPDATE=0.1357421875;RANGE_SEARCH=0.0517578125,SEARCH=0.26171875;INSERT=0.455078125;DELETE=0.080078125;UPDATE=0.1640625;RANGE_SEARCH=0.0390625,0.2631578947368421,0.21632725123355262,0.03515625
PUBLICATION,LOCAL_HOTSPOT,LARS_NO_ROLLBACK,4,69069,LOCAL_HOTSPOT,,13,21178,298391,-1,-1,-1,-1,-1,-1,-1,NO_CONFIDENT_DIAGNOSIS,,ABSTAIN,"diagnostic confidence not satisfied: insertScore=0.04587234537909296, scanScore=0.021153794560418323",-1,-1,0,0,0.0,0.0,NaN,NaN,NaN,NaN,NaN,0,0,0,NaN,NaN,NaN,NaN,,,NaN,NaN,NaN
PUBLICATION,LOCAL_HOTSPOT,LARS_NO_ROLLBACK,5,48271,LOCAL_HOTSPOT,,1,20999,118692,-1,-1,-1,-1,-1,-1,-1,INSERT_SPLIT_PRESSURE,,ABSTAIN,predicted benefit does not repay estimated adaptation cost within configured horizon,-1,-1,0,0,0.0,0.0,NaN,NaN,NaN,NaN,NaN,0,0,0,NaN,NaN,NaN,NaN,,,NaN,NaN,NaN
PUBLICATION,LOCAL_HOTSPOT,LARS_NO_ROLLBACK,5,48271,LOCAL_HOTSPOT,,2,20996,128216,-1,-1,-1,-1,-1,-1,-1,INSERT_SPLIT_PRESSURE,,ABSTAIN,predicted benefit does not repay estimated adaptation cost within configured horizon,-1,-1,0,0,0.0,0.0,NaN,NaN,NaN,NaN,NaN,0,0,0,NaN,NaN,NaN,NaN,,,NaN,NaN,NaN
PUBLICATION,LOCAL_HOTSPOT,LARS_NO_ROLLBACK,5,48271,LOCAL_HOTSPOT,,3,20997,128354,-1,-1,-1,-1,-1,-1,-1,INSERT_SPLIT_PRESSURE,,ABSTAIN,predicted benefit does not repay estimated adaptation cost within configured horizon,-1,-1,0,0,0.0,0.0,NaN,NaN,NaN,NaN,NaN,0,0,0,NaN,NaN,NaN,NaN,,,NaN,NaN,NaN
PUBLICATION,LOCAL_HOTSPOT,LARS_NO_ROLLBACK,5,48271,LOCAL_HOTSPOT,,4,21000,129349,-1,-1,-1,-1,-1,-1,-1,INSERT_SPLIT_PRESSURE,,ABSTAIN,predicted benefit does not repay estimated adaptation cost within configured horizon,-1,-1,0,0,0.0,0.0,NaN,NaN,NaN,NaN,NaN,0,0,0,NaN,NaN,NaN,NaN,,,NaN,NaN,NaN
PUBLICATION,LOCAL_HOTSPOT,LARS_NO_ROLLBACK,5,48271,LOCAL_HOTSPOT,,5,20998,129365,-1,-1,-1,-1,-1,-1,-1,INSERT_SPLIT_PRESSURE,,ABSTAIN,predicted benefit does not repay estimated adaptation cost within configured horizon,-1,-1,0,0,0.0,0.0,NaN,NaN,NaN,NaN,NaN,0,0,0,NaN,NaN,NaN,NaN,,,NaN,NaN,NaN
PUBLICATION,LOCAL_HOTSPOT,LARS_NO_ROLLBACK,5,48271,LOCAL_HOTSPOT,,6,21172,129817,-1,-1,-1,-1,-1,-1,-1,NO_CONFIDENT_DIAGNOSIS,,ABSTAIN,"diagnostic confidence not satisfied: insertScore=0.4007049658477986, scanScore=0.01319721315074579",-1,-1,0,0,0.0,0.0,NaN,NaN,NaN,NaN,NaN,0,0,0,NaN,NaN,NaN,NaN,,,NaN,NaN,NaN
PUBLICATION,LOCAL_HOTSPOT,LARS_NO_ROLLBACK,5,48271,LOCAL_HOTSPOT,,7,21170,132693,-1,-1,-1,-1,-1,-1,-1,INSERT_SPLIT_PRESSURE,,ABSTAIN,no feasible bounded repair window for SLACKEN,-1,-1,0,0,0.0,0.0,NaN,NaN,NaN,NaN,NaN,0,0,0,NaN,NaN,NaN,NaN,,,NaN,NaN,NaN
PUBLICATION,LOCAL_HOTSPOT,LARS_NO_ROLLBACK,5,48271,LOCAL_HOTSPOT,,8,21177,134820,-1,-1,-1,-1,-1,-1,-1,NO_CONFIDENT_DIAGNOSIS,,ABSTAIN,"diagnostic confidence not satisfied: insertScore=0.24285104807125443, scanScore=3.4172961093464976E-5",-1,-1,0,0,0.0,0.0,NaN,NaN,NaN,NaN,NaN,0,0,0,NaN,NaN,NaN,NaN,,,NaN,NaN,NaN
PUBLICATION,LOCAL_HOTSPOT,LARS_NO_ROLLBACK,5,48271,LOCAL_HOTSPOT,,9,20999,148616,-1,-1,-1,-1,-1,-1,-1,NO_CONFIDENT_DIAGNOSIS,,ABSTAIN,"diagnostic confidence not satisfied: insertScore=0.10531486561578933, scanScore=0.054001370848050394",-1,-1,0,0,0.0,0.0,NaN,NaN,NaN,NaN,NaN,0,0,0,NaN,NaN,NaN,NaN,,,NaN,NaN,NaN
PUBLICATION,LOCAL_HOTSPOT,LARS_NO_ROLLBACK,5,48271,LOCAL_HOTSPOT,,10,21001,150180,-1,-1,-1,-1,-1,-1,-1,NO_CONFIDENT_DIAGNOSIS,,ABSTAIN,"diagnostic confidence not satisfied: insertScore=0.07670426784135423, scanScore=0.057941536301685505",-1,-1,0,0,0.0,0.0,NaN,NaN,NaN,NaN,NaN,0,0,0,NaN,NaN,NaN,NaN,,,NaN,NaN,NaN
PUBLICATION,LOCAL_HOTSPOT,LARS_NO_ROLLBACK,5,48271,LOCAL_HOTSPOT,,11,20996,159607,-1,-1,-1,-1,-1,-1,-1,NO_CONFIDENT_DIAGNOSIS,,ABSTAIN,"diagnostic confidence not satisfied: insertScore=0.059488240861815436, scanScore=0.051645297088688945",-1,-1,0,0,0.0,0.0,NaN,NaN,NaN,NaN,NaN,0,0,0,NaN,NaN,NaN,NaN,,,NaN,NaN,NaN
PUBLICATION,LOCAL_HOTSPOT,LARS_NO_ROLLBACK,5,48271,LOCAL_HOTSPOT,,12,21172,160533,-1,-1,-1,-1,-1,-1,-1,NO_CONFIDENT_DIAGNOSIS,,ABSTAIN,"diagnostic confidence not satisfied: insertScore=0.1287163844627749, scanScore=0.0",-1,-1,0,0,0.0,0.0,NaN,NaN,NaN,NaN,NaN,0,0,0,NaN,NaN,NaN,NaN,,,NaN,NaN,NaN
PUBLICATION,LOCAL_HOTSPOT,LARS_NO_ROLLBACK,5,48271,LOCAL_HOTSPOT,,13,20997,163673,-1,-1,-1,-1,-1,-1,-1,NO_CONFIDENT_DIAGNOSIS,,ABSTAIN,"diagnostic confidence not satisfied: insertScore=0.06558754850416736, scanScore=0.04705471666655454",-1,-1,0,0,0.0,0.0,NaN,NaN,NaN,NaN,NaN,0,0,0,NaN,NaN,NaN,NaN,,,NaN,NaN,NaN
PUBLICATION,LOCAL_HOTSPOT,LARS_NO_ROLLBACK,5,48271,LOCAL_HOTSPOT,,14,21177,208762,175589,175589,175589,175595,208762,-1,6,INSERT_SPLIT_PRESSURE,SLACKEN,KEEP_FAILED_TRIAL,minimum net-gain threshold not met,14,15,58,3,5.3758806480346056E-5,1.3508037282182898E-4,0.025120820351789613,199358.73218359787,3070.0,3530.4999999999995,354.18563925743797,713500,512,22,1900.0,1000.0,1900.0,1100.0,SEARCH=0.26953125;INSERT=0.4365234375;DELETE=0.091796875;UPDATE=0.158203125;RANGE_SEARCH=0.0439453125,SEARCH=0.220703125;INSERT=0.48046875;DELETE=0.103515625;UPDATE=0.150390625;RANGE_SEARCH=0.044921875,0.47368421052631576,-0.27375618061266455,0.056640625
PUBLICATION,LOCAL_HOTSPOT,LARS_NO_ROLLBACK,5,48271,LOCAL_HOTSPOT,,15,21580,274651,242161,242161,242161,242211,274651,274651,5,INSERT_SPLIT_PRESSURE,SLACKEN,COMMIT,trial acceptance rule satisfied,16,17,61,3,5.5175757400335395E-5,1.3006156247290384E-4,0.016672093780527517,911755.1286225986,3190.0,3668.4999999999995,80.47116785714285,25100,512,36,7400.0,1000.0,7400.0,4000.0,SEARCH=0.25390625;INSERT=0.4375;DELETE=0.107421875;UPDATE=0.16015625;RANGE_SEARCH=0.041015625,SEARCH=0.234375;INSERT=0.474609375;DELETE=0.1015625;UPDATE=0.1484375;RANGE_SEARCH=0.041015625,0.8648648648648649,0.8546925015836149,0.037109375
PUBLICATION,LOCAL_HOTSPOT,LARS_NO_ROLLBACK,5,48271,LOCAL_HOTSPOT,,16,21635,300000,284459,284459,284459,284532,299981,-1,5,INSERT_SPLIT_PRESSURE,SLACKEN,KEEP_FAILED_TRIAL,trial censored at RUN_END before a terminal live-trial decision,16,17,62,3,5.554863686332975E-5,1.2840267077555214E-4,0.015821513550261117,110550.35382095732,3230.0,3714.4999999999995,672.001467497037,25500,248,0,NaN,NaN,2300.0,1100.0,SEARCH=0.244140625;INSERT=0.443359375;DELETE=0.0849609375;UPDATE=0.1591796875;RANGE_SEARCH=0.068359375,SEARCH=0.24193548387096775;INSERT=0.4274193548387097;DELETE=0.12096774193548387;UPDATE=0.14919354838709678;RANGE_SEARCH=0.06048387096774194,NaN,NaN,0.03600680443548386
PUBLICATION,LOCAL_HOTSPOT,LARS_NO_ROLLBACK,6,134775813,LOCAL_HOTSPOT,,1,21000,106329,91601,91601,91601,91628,106329,106329,6,INSERT_SPLIT_PRESSURE,SLACKEN,COMMIT,trial acceptance rule satisfied,32,33,62,3,5.966523951263123E-5,1.387860843819393E-4,0.04018049833235236,1241824.602707475,3230.0,3714.4999999999995,59.82326315490127,36300,512,33,5500.0,900.0,5500.0,1300.0,SEARCH=0.2490234375;INSERT=0.4541015625;DELETE=0.0947265625;UPDATE=0.1494140625;RANGE_SEARCH=0.052734375,SEARCH=0.2421875;INSERT=0.46875;DELETE=0.083984375;UPDATE=0.16015625;RANGE_SEARCH=0.044921875,0.8363636363636363,0.8281506969105114,0.025390625
PUBLICATION,LOCAL_HOTSPOT,LARS_NO_ROLLBACK,6,134775813,LOCAL_HOTSPOT,,2,20999,124442,-1,-1,-1,-1,-1,-1,-1,INSERT_SPLIT_PRESSURE,,ABSTAIN,predicted benefit does not repay estimated adaptation cost within configured horizon,-1,-1,0,0,0.0,0.0,NaN,NaN,NaN,NaN,NaN,0,0,0,NaN,NaN,NaN,NaN,,,NaN,NaN,NaN
PUBLICATION,LOCAL_HOTSPOT,LARS_NO_ROLLBACK,6,134775813,LOCAL_HOTSPOT,,3,21001,127946,-1,-1,-1,-1,-1,-1,-1,INSERT_SPLIT_PRESSURE,,ABSTAIN,predicted benefit does not repay estimated adaptation cost within configured horizon,-1,-1,0,0,0.0,0.0,NaN,NaN,NaN,NaN,NaN,0,0,0,NaN,NaN,NaN,NaN,,,NaN,NaN,NaN
PUBLICATION,LOCAL_HOTSPOT,LARS_NO_ROLLBACK,6,134775813,LOCAL_HOTSPOT,,4,20997,128877,-1,-1,-1,-1,-1,-1,-1,INSERT_SPLIT_PRESSURE,,ABSTAIN,predicted benefit does not repay estimated adaptation cost within configured horizon,-1,-1,0,0,0.0,0.0,NaN,NaN,NaN,NaN,NaN,0,0,0,NaN,NaN,NaN,NaN,,,NaN,NaN,NaN
PUBLICATION,LOCAL_HOTSPOT,LARS_NO_ROLLBACK,6,134775813,LOCAL_HOTSPOT,,5,20998,133926,-1,-1,-1,-1,-1,-1,-1,INSERT_SPLIT_PRESSURE,,ABSTAIN,predicted benefit does not repay estimated adaptation cost within configured horizon,-1,-1,0,0,0.0,0.0,NaN,NaN,NaN,NaN,NaN,0,0,0,NaN,NaN,NaN,NaN,,,NaN,NaN,NaN
PUBLICATION,LOCAL_HOTSPOT,LARS_NO_ROLLBACK,6,134775813,LOCAL_HOTSPOT,,6,21184,143910,-1,-1,-1,-1,-1,-1,-1,NO_CONFIDENT_DIAGNOSIS,,ABSTAIN,"diagnostic confidence not satisfied: insertScore=0.13708539123004643, scanScore=0.0",-1,-1,0,0,0.0,0.0,NaN,NaN,NaN,NaN,NaN,0,0,0,NaN,NaN,NaN,NaN,,,NaN,NaN,NaN
PUBLICATION,LOCAL_HOTSPOT,LARS_NO_ROLLBACK,6,134775813,LOCAL_HOTSPOT,,7,20996,149628,-1,-1,-1,-1,-1,-1,-1,NO_CONFIDENT_DIAGNOSIS,,ABSTAIN,"diagnostic confidence not satisfied: insertScore=0.09778469386041228, scanScore=0.06533568996640554",-1,-1,0,0,0.0,0.0,NaN,NaN,NaN,NaN,NaN,0,0,0,NaN,NaN,NaN,NaN,,,NaN,NaN,NaN
PUBLICATION,LOCAL_HOTSPOT,LARS_NO_ROLLBACK,6,134775813,LOCAL_HOTSPOT,,8,20999,157116,-1,-1,-1,-1,-1,-1,-1,NO_CONFIDENT_DIAGNOSIS,,ABSTAIN,"diagnostic confidence not satisfied: insertScore=0.08404178146471067, scanScore=0.05016285717290716",-1,-1,0,0,0.0,0.0,NaN,NaN,NaN,NaN,NaN,0,0,0,NaN,NaN,NaN,NaN,,,NaN,NaN,NaN
PUBLICATION,LOCAL_HOTSPOT,LARS_NO_ROLLBACK,6,134775813,LOCAL_HOTSPOT,,9,21001,158297,-1,-1,-1,-1,-1,-1,-1,NO_CONFIDENT_DIAGNOSIS,,ABSTAIN,"diagnostic confidence not satisfied: insertScore=0.04304777760302466, scanScore=0.05062670145310805",-1,-1,0,0,0.0,0.0,NaN,NaN,NaN,NaN,NaN,0,0,0,NaN,NaN,NaN,NaN,,,NaN,NaN,NaN
PUBLICATION,LOCAL_HOTSPOT,LARS_NO_ROLLBACK,6,134775813,LOCAL_HOTSPOT,,10,21553,192027,160586,160586,160586,160615,192027,192027,4,INSERT_SPLIT_PRESSURE,SLACKEN,COMMIT,trial acceptance rule satisfied,28,29,49,3,4.569062782652481E-5,1.3563613346595534E-4,0.030393873734825324,1921154.0173933695,2710.0,3116.4999999999995,32.444041152187076,24400,512,29,8300.0,700.0,8300.0,3700.0,SEARCH=0.2548828125;INSERT=0.4365234375;DELETE=0.1015625;UPDATE=0.15234375;RANGE_SEARCH=0.0546875,SEARCH=0.234375;INSERT=0.455078125;DELETE=0.08984375;UPDATE=0.166015625;RANGE_SEARCH=0.0546875,0.9156626506024096,0.9108265460278614,0.0322265625
PUBLICATION,LOCAL_HOTSPOT,LARS_NO_ROLLBACK,6,134775813,LOCAL_HOTSPOT,,11,21001,213143,-1,-1,-1,-1,-1,-1,-1,NO_CONFIDENT_DIAGNOSIS,,ABSTAIN,"diagnostic confidence not satisfied: insertScore=0.05736440033034761, scanScore=0.01964911651502925",-1,-1,0,0,0.0,0.0,NaN,NaN,NaN,NaN,NaN,0,0,0,NaN,NaN,NaN,NaN,,,NaN,NaN,NaN
PUBLICATION,LOCAL_HOTSPOT,LARS_NO_ROLLBACK,6,134775813,LOCAL_HOTSPOT,,12,21640,228582,-1,-1,-1,-1,-1,-1,-1,NO_CONFIDENT_DIAGNOSIS,,ABSTAIN,"diagnostic confidence not satisfied: insertScore=0.10653662625611555, scanScore=0.0",-1,-1,0,0,0.0,0.0,NaN,NaN,NaN,NaN,NaN,0,0,0,NaN,NaN,NaN,NaN,,,NaN,NaN,NaN
PUBLICATION,LOCAL_HOTSPOT,LARS_NO_ROLLBACK,6,134775813,LOCAL_HOTSPOT,,13,21585,264379,234342,234342,234342,234345,264379,264379,5,INSERT_SPLIT_PRESSURE,SLACKEN,COMMIT,trial acceptance rule satisfied,35,36,56,3,5.083990242370156E-5,1.3107305138063615E-4,0.017036001863312705,431623.0784587743,2990.0,3438.4999999999995,159.328829787234,31600,512,25,3700.0,1100.0,3700.0,1200.0,SEARCH=0.251953125;INSERT=0.44921875;DELETE=0.1005859375;UPDATE=0.154296875;RANGE_SEARCH=0.0439453125,SEARCH=0.259765625;INSERT=0.45703125;DELETE=0.095703125;UPDATE=0.130859375;RANGE_SEARCH=0.056640625,0.7027027027027027,0.6776365498310811,0.0283203125
PUBLICATION,LOCAL_HOTSPOT,LARS_NO_ROLLBACK,6,134775813,LOCAL_HOTSPOT,,14,21001,274809,-1,-1,-1,-1,-1,-1,-1,NO_CONFIDENT_DIAGNOSIS,,ABSTAIN,"diagnostic confidence not satisfied: insertScore=0.14765014358992043, scanScore=0.0452354241850727",-1,-1,0,0,0.0,0.0,NaN,NaN,NaN,NaN,NaN,0,0,0,NaN,NaN,NaN,NaN,,,NaN,NaN,NaN
PUBLICATION,LOCAL_HOTSPOT,LARS_NO_ROLLBACK,6,134775813,LOCAL_HOTSPOT,,15,21627,275937,-1,-1,-1,-1,-1,-1,-1,NO_CONFIDENT_DIAGNOSIS,,ABSTAIN,"diagnostic confidence not satisfied: insertScore=0.07074553933375081, scanScore=0.031073961435469654",-1,-1,0,0,0.0,0.0,NaN,NaN,NaN,NaN,NaN,0,0,0,NaN,NaN,NaN,NaN,,,NaN,NaN,NaN
PUBLICATION,LOCAL_HOTSPOT,LARS_NO_ROLLBACK,6,134775813,LOCAL_HOTSPOT,,16,21621,300000,278687,278687,278687,278734,299987,-1,5,INSERT_SPLIT_PRESSURE,SLACKEN,KEEP_FAILED_TRIAL,trial censored at RUN_END before a terminal live-trial decision,25,26,55,3,4.928187349970297E-5,1.284081667594059E-4,0.016180002528125396,803009.1012514221,2950.0,3392.4999999999995,84.49468367701122,28900,309,16,6300.0,800.0,6300.0,1800.0,SEARCH=0.2509765625;INSERT=0.4580078125;DELETE=0.087890625;UPDATE=0.14453125;RANGE_SEARCH=0.05859375,SEARCH=0.24271844660194175;INSERT=0.47249190938511326;DELETE=0.10679611650485436;UPDATE=0.13915857605177995;RANGE_SEARCH=0.038834951456310676,0.873015873015873,0.8588400359623016,0.033389588389967625
PUBLICATION,LOCAL_HOTSPOT,LARS_NO_ROLLBACK,7,16807,LOCAL_HOTSPOT,,1,20997,51768,-1,-1,-1,-1,-1,-1,-1,NO_CONFIDENT_DIAGNOSIS,,ABSTAIN,"diagnostic confidence not satisfied: insertScore=0.06597156338627931, scanScore=0.05575130293044203",-1,-1,0,0,0.0,0.0,NaN,NaN,NaN,NaN,NaN,0,0,0,NaN,NaN,NaN,NaN,,,NaN,NaN,NaN
PUBLICATION,LOCAL_HOTSPOT,LARS_NO_ROLLBACK,7,16807,LOCAL_HOTSPOT,,2,20999,52533,-1,-1,-1,-1,-1,-1,-1,NO_CONFIDENT_DIAGNOSIS,,ABSTAIN,"diagnostic confidence not satisfied: insertScore=0.13219250333753368, scanScore=0.04863735002198264",-1,-1,0,0,0.0,0.0,NaN,NaN,NaN,NaN,NaN,0,0,0,NaN,NaN,NaN,NaN,,,NaN,NaN,NaN
PUBLICATION,LOCAL_HOTSPOT,LARS_NO_ROLLBACK,7,16807,LOCAL_HOTSPOT,,3,21000,53794,-1,-1,-1,-1,-1,-1,-1,NO_CONFIDENT_DIAGNOSIS,,ABSTAIN,"diagnostic confidence not satisfied: insertScore=0.5107409697772038, scanScore=0.05072079854481021",-1,-1,0,0,0.0,0.0,NaN,NaN,NaN,NaN,NaN,0,0,0,NaN,NaN,NaN,NaN,,,NaN,NaN,NaN
PUBLICATION,LOCAL_HOTSPOT,LARS_NO_ROLLBACK,7,16807,LOCAL_HOTSPOT,,4,20997,66877,-1,-1,-1,-1,-1,-1,-1,NO_CONFIDENT_DIAGNOSIS,,ABSTAIN,"diagnostic confidence not satisfied: insertScore=0.10512668303157865, scanScore=0.019790752072850283",-1,-1,0,0,0.0,0.0,NaN,NaN,NaN,NaN,NaN,0,0,0,NaN,NaN,NaN,NaN,,,NaN,NaN,NaN
PUBLICATION,LOCAL_HOTSPOT,LARS_NO_ROLLBACK,7,16807,LOCAL_HOTSPOT,,5,21000,71512,-1,-1,-1,-1,-1,-1,-1,NO_CONFIDENT_DIAGNOSIS,,ABSTAIN,"diagnostic confidence not satisfied: insertScore=0.5503553724378205, scanScore=0.02978375085834763",-1,-1,0,0,0.0,0.0,NaN,NaN,NaN,NaN,NaN,0,0,0,NaN,NaN,NaN,NaN,,,NaN,NaN,NaN
PUBLICATION,LOCAL_HOTSPOT,LARS_NO_ROLLBACK,7,16807,LOCAL_HOTSPOT,,6,20999,72498,-1,-1,-1,-1,-1,-1,-1,NO_CONFIDENT_DIAGNOSIS,,ABSTAIN,"diagnostic confidence not satisfied: insertScore=1.2258808123639293, scanScore=0.015322077747150858",-1,-1,0,0,0.0,0.0,NaN,NaN,NaN,NaN,NaN,0,0,0,NaN,NaN,NaN,NaN,,,NaN,NaN,NaN
PUBLICATION,LOCAL_HOTSPOT,LARS_NO_ROLLBACK,7,16807,LOCAL_HOTSPOT,,7,21170,94849,78817,78817,78817,78838,94849,94849,4,INSERT_SPLIT_PRESSURE,SLACKEN,COMMIT,trial acceptance rule satisfied,17,18,56,3,5.411658064385202E-5,1.3982102908277405E-4,0.04442130834634739,4350963.04008329,2990.0,3438.4999999999995,15.805696202531644,24900,512,33,11400.0,800.0,11400.0,2500.0,SEARCH=0.23828125;INSERT=0.462890625;DELETE=0.10546875;UPDATE=0.1455078125;RANGE_SEARCH=0.0478515625,SEARCH=0.234375;INSERT=0.47265625;DELETE=0.095703125;UPDATE=0.162109375;RANGE_SEARCH=0.03515625,0.9298245614035088,0.9273660447505483,0.0263671875
PUBLICATION,LOCAL_HOTSPOT,LARS_NO_ROLLBACK,7,16807,LOCAL_HOTSPOT,,8,20999,118027,103501,103501,103501,103548,118027,118027,6,INSERT_SPLIT_PRESSURE,SLACKEN,COMMIT,trial acceptance rule satisfied,22,23,62,3,5.9402278939688484E-5,1.3729348771223285E-4,0.03304718259859291,1.7117820951397404E7,3230.0,3714.4999999999995,4.33992154789628,27900,512,27,58100.0,600.0,58100.0,1700.0,SEARCH=0.2470703125;INSERT=0.4521484375;DELETE=0.1123046875;UPDATE=0.1416015625;RANGE_SEARCH=0.046875,SEARCH=0.26953125;INSERT=0.458984375;DELETE=0.08203125;UPDATE=0.134765625;RANGE_SEARCH=0.0546875,0.9896729776247849,0.9889464307565082,0.037109375
PUBLICATION,LOCAL_HOTSPOT,LARS_NO_ROLLBACK,7,16807,LOCAL_HOTSPOT,,9,20997,139291,123600,123600,123600,123602,139291,-1,7,INSERT_SPLIT_PRESSURE,SLACKEN,KEEP_FAILED_TRIAL,tail-latency guard failed,12,13,60,3,5.703611812180063E-5,1.3620266957232362E-4,0.031686109477983726,259275.30401955632,3150.0,3622.4999999999995,279.43270676691725,28100,512,35,1900.0,900.0,3700.0,4200.0,SEARCH=0.263671875;INSERT=0.4306640625;DELETE=0.1064453125;UPDATE=0.150390625;RANGE_SEARCH=0.048828125,SEARCH=0.263671875;INSERT=0.44921875;DELETE=0.095703125;UPDATE=0.140625;RANGE_SEARCH=0.05078125,0.5263157894736842,0.5029783177425986,0.0205078125
PUBLICATION,LOCAL_HOTSPOT,LARS_NO_ROLLBACK,7,16807,LOCAL_HOTSPOT,,10,21001,160111,-1,-1,-1,-1,-1,-1,-1,NO_CONFIDENT_DIAGNOSIS,,ABSTAIN,"diagnostic confidence not satisfied: insertScore=0.05130890022738153, scanScore=0.046706025080101445",-1,-1,0,0,0.0,0.0,NaN,NaN,NaN,NaN,NaN,0,0,0,NaN,NaN,NaN,NaN,,,NaN,NaN,NaN
PUBLICATION,LOCAL_HOTSPOT,LARS_NO_ROLLBACK,7,16807,LOCAL_HOTSPOT,,11,20998,165225,-1,-1,-1,-1,-1,-1,-1,NO_CONFIDENT_DIAGNOSIS,,ABSTAIN,"diagnostic confidence not satisfied: insertScore=0.4304496837111904, scanScore=0.036010022794529806",-1,-1,0,0,0.0,0.0,NaN,NaN,NaN,NaN,NaN,0,0,0,NaN,NaN,NaN,NaN,,,NaN,NaN,NaN
PUBLICATION,LOCAL_HOTSPOT,LARS_NO_ROLLBACK,7,16807,LOCAL_HOTSPOT,,12,21186,167560,-1,-1,-1,-1,-1,-1,-1,INSERT_SPLIT_PRESSURE,,ABSTAIN,no feasible bounded repair window for SLACKEN,-1,-1,0,0,0.0,0.0,NaN,NaN,NaN,NaN,NaN,0,0,0,NaN,NaN,NaN,NaN,,,NaN,NaN,NaN
PUBLICATION,LOCAL_HOTSPOT,LARS_NO_ROLLBACK,7,16807,LOCAL_HOTSPOT,,13,21573,205143,175788,175788,175788,175800,205143,205143,4,INSERT_SPLIT_PRESSURE,SLACKEN,COMMIT,trial acceptance rule satisfied,13,14,48,3,4.4534255192415814E-5,1.351473105685197E-4,0.021953049630185444,377335.19133883587,2670.0,3070.4999999999995,162.74654845234303,27200,512,31,2900.0,800.0,3700.0,1400.0,SEARCH=0.23046875;INSERT=0.4384765625;DELETE=0.0859375;UPDATE=0.18359375;RANGE_SEARCH=0.0615234375,SEARCH=0.23046875;INSERT=0.494140625;DELETE=0.08984375;UPDATE=0.134765625;RANGE_SEARCH=0.05078125,0.7241379310344828,0.7027757273706896,0.0595703125
PUBLICATION,LOCAL_HOTSPOT,LARS_NO_ROLLBACK,7,16807,LOCAL_HOTSPOT,,14,21613,274512,242036,242036,242036,242080,274512,274512,4,INSERT_SPLIT_PRESSURE,SLACKEN,COMMIT,trial acceptance rule satisfied,0,1,63,3,5.697098820248393E-5,1.301461975619279E-4,0.01587203174406349,579781.7595635192,3270.0,3760.4999999999995,129.72122485643703,28700,512,29,5900.0,1500.0,4200.0,1500.0,SEARCH=0.24609375;INSERT=0.4169921875;DELETE=0.1123046875;UPDATE=0.1572265625;RANGE_SEARCH=0.0673828125,SEARCH=0.234375;INSERT=0.46875;DELETE=0.091796875;UPDATE=0.158203125;RANGE_SEARCH=0.046875,0.7457627118644068,0.7304388804290254,0.052734375
PUBLICATION,LOCAL_HOTSPOT,LARS_NO_ROLLBACK,7,16807,LOCAL_HOTSPOT,,15,21000,300000,280276,280276,280276,280344,299925,-1,10,INSERT_SPLIT_PRESSURE,SLACKEN,KEEP_FAILED_TRIAL,trial censored at RUN_END before a terminal live-trial decision,4,5,63,3,5.644003157058274E-5,1.2838618564642445E-4,0.014992898871140133,51848.489728985776,3270.0,3760.4999999999995,1450.5726279227379,31600,284,0,NaN,NaN,7000.0,900.0,SEARCH=0.271484375;INSERT=0.443359375;DELETE=0.095703125;UPDATE=0.1435546875;RANGE_SEARCH=0.0458984375,SEARCH=0.25704225352112675;INSERT=0.4225352112676056;DELETE=0.11267605633802817;UPDATE=0.176056338028169;RANGE_SEARCH=0.03169014084507042,NaN,NaN,0.04947458186619719
PUBLICATION,LOCAL_HOTSPOT,LARS_NO_ROLLBACK,8,2147483647,LOCAL_HOTSPOT,,1,21001,116908,-1,-1,-1,-1,-1,-1,-1,INSERT_SPLIT_PRESSURE,,ABSTAIN,predicted benefit does not repay estimated adaptation cost within configured horizon,-1,-1,0,0,0.0,0.0,NaN,NaN,NaN,NaN,NaN,0,0,0,NaN,NaN,NaN,NaN,,,NaN,NaN,NaN
PUBLICATION,LOCAL_HOTSPOT,LARS_NO_ROLLBACK,8,2147483647,LOCAL_HOTSPOT,,2,20997,127099,-1,-1,-1,-1,-1,-1,-1,INSERT_SPLIT_PRESSURE,,ABSTAIN,predicted benefit does not repay estimated adaptation cost within configured horizon,-1,-1,0,0,0.0,0.0,NaN,NaN,NaN,NaN,NaN,0,0,0,NaN,NaN,NaN,NaN,,,NaN,NaN,NaN
PUBLICATION,LOCAL_HOTSPOT,LARS_NO_ROLLBACK,8,2147483647,LOCAL_HOTSPOT,,3,20999,128281,-1,-1,-1,-1,-1,-1,-1,INSERT_SPLIT_PRESSURE,,ABSTAIN,predicted benefit does not repay estimated adaptation cost within configured horizon,-1,-1,0,0,0.0,0.0,NaN,NaN,NaN,NaN,NaN,0,0,0,NaN,NaN,NaN,NaN,,,NaN,NaN,NaN
PUBLICATION,LOCAL_HOTSPOT,LARS_NO_ROLLBACK,8,2147483647,LOCAL_HOTSPOT,,4,20996,130199,-1,-1,-1,-1,-1,-1,-1,INSERT_SPLIT_PRESSURE,,ABSTAIN,predicted benefit does not repay estimated adaptation cost within configured horizon,-1,-1,0,0,0.0,0.0,NaN,NaN,NaN,NaN,NaN,0,0,0,NaN,NaN,NaN,NaN,,,NaN,NaN,NaN
PUBLICATION,LOCAL_HOTSPOT,LARS_NO_ROLLBACK,8,2147483647,LOCAL_HOTSPOT,,5,21172,139550,-1,-1,-1,-1,-1,-1,-1,NO_CONFIDENT_DIAGNOSIS,,ABSTAIN,"diagnostic confidence not satisfied: insertScore=0.5549943800093803, scanScore=0.0032475796137143684",-1,-1,0,0,0.0,0.0,NaN,NaN,NaN,NaN,NaN,0,0,0,NaN,NaN,NaN,NaN,,,NaN,NaN,NaN
PUBLICATION,LOCAL_HOTSPOT,LARS_NO_ROLLBACK,8,2147483647,LOCAL_HOTSPOT,,6,21177,140524,-1,-1,-1,-1,-1,-1,-1,NO_CONFIDENT_DIAGNOSIS,,ABSTAIN,"diagnostic confidence not satisfied: insertScore=0.4953046256085807, scanScore=0.0",-1,-1,0,0,0.0,0.0,NaN,NaN,NaN,NaN,NaN,0,0,0,NaN,NaN,NaN,NaN,,,NaN,NaN,NaN
PUBLICATION,LOCAL_HOTSPOT,LARS_NO_ROLLBACK,8,2147483647,LOCAL_HOTSPOT,,7,20998,148201,-1,-1,-1,-1,-1,-1,-1,NO_CONFIDENT_DIAGNOSIS,,ABSTAIN,"diagnostic confidence not satisfied: insertScore=0.09324831856997765, scanScore=0.0631261763096977",-1,-1,0,0,0.0,0.0,NaN,NaN,NaN,NaN,NaN,0,0,0,NaN,NaN,NaN,NaN,,,NaN,NaN,NaN
PUBLICATION,LOCAL_HOTSPOT,LARS_NO_ROLLBACK,8,2147483647,LOCAL_HOTSPOT,,8,21000,153181,-1,-1,-1,-1,-1,-1,-1,NO_CONFIDENT_DIAGNOSIS,,ABSTAIN,"diagnostic confidence not satisfied: insertScore=0.07218876654663509, scanScore=0.05677790620277028",-1,-1,0,0,0.0,0.0,NaN,NaN,NaN,NaN,NaN,0,0,0,NaN,NaN,NaN,NaN,,,NaN,NaN,NaN
PUBLICATION,LOCAL_HOTSPOT,LARS_NO_ROLLBACK,8,2147483647,LOCAL_HOTSPOT,,9,20997,157554,-1,-1,-1,-1,-1,-1,-1,NO_CONFIDENT_DIAGNOSIS,,ABSTAIN,"diagnostic confidence not satisfied: insertScore=0.0673972393523411, scanScore=0.05162986622716961",-1,-1,0,0,0.0,0.0,NaN,NaN,NaN,NaN,NaN,0,0,0,NaN,NaN,NaN,NaN,,,NaN,NaN,NaN
PUBLICATION,LOCAL_HOTSPOT,LARS_NO_ROLLBACK,8,2147483647,LOCAL_HOTSPOT,,10,20999,159816,-1,-1,-1,-1,-1,-1,-1,NO_CONFIDENT_DIAGNOSIS,,ABSTAIN,"diagnostic confidence not satisfied: insertScore=0.04223485485637757, scanScore=0.04858783432292637",-1,-1,0,0,0.0,0.0,NaN,NaN,NaN,NaN,NaN,0,0,0,NaN,NaN,NaN,NaN,,,NaN,NaN,NaN
PUBLICATION,LOCAL_HOTSPOT,LARS_NO_ROLLBACK,8,2147483647,LOCAL_HOTSPOT,,11,21582,190487,160459,160459,160459,160477,190487,190487,4,INSERT_SPLIT_PRESSURE,SLACKEN,COMMIT,trial acceptance rule satisfied,8,9,58,3,5.413134129997349E-5,1.35623869801085E-4,0.02845630123662637,1242656.6624982632,3070.0,3530.4999999999995,56.82180937898338,899500,512,27,6300.0,1200.0,6300.0,1900.0,SEARCH=0.232421875;INSERT=0.4501953125;DELETE=0.09765625;UPDATE=0.1708984375;RANGE_SEARCH=0.048828125,SEARCH=0.251953125;INSERT=0.462890625;DELETE=0.1015625;UPDATE=0.125;RANGE_SEARCH=0.05859375,0.8095238095238095,0.5586518205915179,0.0458984375
PUBLICATION,LOCAL_HOTSPOT,LARS_NO_ROLLBACK,8,2147483647,LOCAL_HOTSPOT,,12,21603,256322,225263,225263,225263,225300,256322,256322,4,INSERT_SPLIT_PRESSURE,SLACKEN,COMMIT,trial acceptance rule satisfied,26,27,62,3,5.6478081494227846E-5,1.3176966662274345E-4,0.017809005374006506,1.080637576305675E7,3230.0,3714.4999999999995,6.874645267655021,27800,512,34,66100.0,1400.0,66100.0,1400.0,SEARCH=0.22265625;INSERT=0.4697265625;DELETE=0.0986328125;UPDATE=0.1474609375;RANGE_SEARCH=0.0615234375,SEARCH=0.240234375;INSERT=0.46875;DELETE=0.095703125;UPDATE=0.140625;RANGE_SEARCH=0.0546875,0.9788199697428139,0.977639176998629,0.017578125
PUBLICATION,LOCAL_HOTSPOT,LARS_NO_ROLLBACK,8,2147483647,LOCAL_HOTSPOT,,13,21183,275205,-1,-1,-1,-1,-1,-1,-1,NO_CONFIDENT_DIAGNOSIS,,ABSTAIN,"diagnostic confidence not satisfied: insertScore=0.050341191038792484, scanScore=0.008961652471226683",-1,-1,0,0,0.0,0.0,NaN,NaN,NaN,NaN,NaN,0,0,0,NaN,NaN,NaN,NaN,,,NaN,NaN,NaN
PUBLICATION,LOCAL_HOTSPOT,LARS_NO_ROLLBACK,8,2147483647,LOCAL_HOTSPOT,,14,21600,280198,-1,-1,-1,-1,-1,-1,-1,NO_CONFIDENT_DIAGNOSIS,,ABSTAIN,"diagnostic confidence not satisfied: insertScore=0.14421326946128943, scanScore=0.018284315376248673",-1,-1,0,0,0.0,0.0,NaN,NaN,NaN,NaN,NaN,0,0,0,NaN,NaN,NaN,NaN,,,NaN,NaN,NaN
PUBLICATION,LOCAL_HOTSPOT,LARS_NO_ROLLBACK,8,2147483647,LOCAL_HOTSPOT,,15,21579,300000,285241,285241,285241,285381,299980,-1,6,INSERT_SPLIT_PRESSURE,SLACKEN,KEEP_FAILED_TRIAL,trial censored at RUN_END before a terminal live-trial decision,32,33,61,3,5.4683017785427426E-5,1.2842465753424656E-4,0.01714180491152887,614962.2512010982,3190.0,3668.4999999999995,119.30813616071426,34500,270,0,NaN,NaN,5100.0,1500.0,SEARCH=0.24609375;INSERT=0.4375;DELETE=0.0986328125;UPDATE=0.166015625;RANGE_SEARCH=0.0517578125,SEARCH=0.2518518518518518;INSERT=0.44074074074074077;DELETE=0.09259259259259259;UPDATE=0.15925925925925927;RANGE_SEARCH=0.05555555555555555,NaN,NaN,0.012796585648148145
PUBLICATION,LOCAL_HOTSPOT,LARS_NO_ROLLBACK,9,6364136223846793005,LOCAL_HOTSPOT,,1,20997,50832,-1,-1,-1,-1,-1,-1,-1,NO_CONFIDENT_DIAGNOSIS,,ABSTAIN,"diagnostic confidence not satisfied: insertScore=0.048787107179420044, scanScore=0.05374262364123076",-1,-1,0,0,0.0,0.0,NaN,NaN,NaN,NaN,NaN,0,0,0,NaN,NaN,NaN,NaN,,,NaN,NaN,NaN
PUBLICATION,LOCAL_HOTSPOT,LARS_NO_ROLLBACK,9,6364136223846793005,LOCAL_HOTSPOT,,2,20996,50987,-1,-1,-1,-1,-1,-1,-1,NO_CONFIDENT_DIAGNOSIS,,ABSTAIN,"diagnostic confidence not satisfied: insertScore=0.29524677022909246, scanScore=0.05512684713647246",-1,-1,0,0,0.0,0.0,NaN,NaN,NaN,NaN,NaN,0,0,0,NaN,NaN,NaN,NaN,,,NaN,NaN,NaN
PUBLICATION,LOCAL_HOTSPOT,LARS_NO_ROLLBACK,9,6364136223846793005,LOCAL_HOTSPOT,,3,21000,59624,51928,51928,51928,51942,59624,59624,4,INSERT_SPLIT_PRESSURE,SLACKEN,COMMIT,trial acceptance rule satisfied,4,5,56,3,5.482515182161462E-5,1.411631846414455E-4,0.062177424251624265,389641.14396745403,2990.0,3438.4999999999995,176.49573476702506,34800,512,26,1600.0,1200.0,1600.0,1200.0,SEARCH=0.2197265625;INSERT=0.4541015625;DELETE=0.1103515625;UPDATE=0.1533203125;RANGE_SEARCH=0.0625,SEARCH=0.251953125;INSERT=0.421875;DELETE=0.11328125;UPDATE=0.16015625;RANGE_SEARCH=0.052734375,0.25,0.23250972900390626,0.0419921875
PUBLICATION,LOCAL_HOTSPOT,LARS_NO_ROLLBACK,9,6364136223846793005,LOCAL_HOTSPOT,,4,20996,67586,-1,-1,-1,-1,-1,-1,-1,NO_CONFIDENT_DIAGNOSIS,,ABSTAIN,"diagnostic confidence not satisfied: insertScore=0.5931387499916486, scanScore=0.02126941228935361",-1,-1,0,0,0.0,0.0,NaN,NaN,NaN,NaN,NaN,0,0,0,NaN,NaN,NaN,NaN,,,NaN,NaN,NaN
PUBLICATION,LOCAL_HOTSPOT,LARS_NO_ROLLBACK,9,6364136223846793005,LOCAL_HOTSPOT,,5,20996,83632,-1,-1,-1,-1,-1,-1,-1,NO_CONFIDENT_DIAGNOSIS,,ABSTAIN,"diagnostic confidence not satisfied: insertScore=0.7652326669834306, scanScore=0.0",-1,-1,0,0,0.0,0.0,NaN,NaN,NaN,NaN,NaN,0,0,0,NaN,NaN,NaN,NaN,,,NaN,NaN,NaN
PUBLICATION,LOCAL_HOTSPOT,LARS_NO_ROLLBACK,9,6364136223846793005,LOCAL_HOTSPOT,,6,21001,104476,88353,88353,88353,88363,104476,104476,6,INSERT_SPLIT_PRESSURE,SLACKEN,COMMIT,trial acceptance rule satisfied,0,1,57,3,5.490652405098408E-5,1.387604070305273E-4,0.051366942563330825,419051.9187358917,3030.0,3484.4999999999995,166.3039754363284,60800,512,27,1800.0,700.0,1800.0,700.0,SEARCH=0.2392578125;INSERT=0.4443359375;DELETE=0.1103515625;UPDATE=0.1435546875;RANGE_SEARCH=0.0625,SEARCH=0.259765625;INSERT=0.41015625;DELETE=0.1015625;UPDATE=0.185546875;RANGE_SEARCH=0.04296875,0.6111111111111112,0.5782322048611112,0.0625
PUBLICATION,LOCAL_HOTSPOT,LARS_NO_ROLLBACK,9,6364136223846793005,LOCAL_HOTSPOT,,7,20996,133309,115594,115594,115594,115607,133309,133309,7,INSERT_SPLIT_PRESSURE,SLACKEN,COMMIT,trial acceptance rule satisfied,38,39,59,3,5.623106966743611E-5,1.3653741125068268E-4,0.0320490751463178,1155350.3802697882,3110.0,3576.4999999999995,61.91195434868588,25600,512,32,4700.0,1600.0,4700.0,1600.0,SEARCH=0.236328125;INSERT=0.4755859375;DELETE=0.09375;UPDATE=0.1494140625;RANGE_SEARCH=0.044921875,SEARCH=0.2265625;INSERT=0.451171875;DELETE=0.11328125;UPDATE=0.16015625;RANGE_SEARCH=0.048828125,0.6595744680851063,0.6510768617021276,0.0341796875
PUBLICATION,LOCAL_HOTSPOT,LARS_NO_ROLLBACK,9,6364136223846793005,LOCAL_HOTSPOT,,8,20999,164045,147945,147945,147945,148014,164045,-1,8,INSERT_SPLIT_PRESSURE,SLACKEN,KEEP_FAILED_TRIAL,tail-latency guard failed,1,2,41,3,3.8626552834529503E-5,1.3590033975084939E-4,0.03435204132979972,646459.7940219396,2390.0,2748.5,85.03235701327223,26000,512,25,3200.0,1000.0,3200.0,5600.0,SEARCH=0.2724609375;INSERT=0.44921875;DELETE=0.0908203125;UPDATE=0.1416015625;RANGE_SEARCH=0.0458984375,SEARCH=0.205078125;INSERT=0.48046875;DELETE=0.09765625;UPDATE=0.16796875;RANGE_SEARCH=0.048828125,0.6875,0.6756739196777344,0.0673828125
PUBLICATION,LOCAL_HOTSPOT,LARS_NO_ROLLBACK,9,6364136223846793005,LOCAL_HOTSPOT,,9,21565,199896,172915,172915,172915,172949,199896,-1,4,INSERT_SPLIT_PRESSURE,SLACKEN,KEEP_FAILED_TRIAL,tail-latency guard failed,7,8,52,3,4.8346413207496296E-5,1.353729524840937E-4,0.020036394231709942,1307272.9763046158,2830.0,3254.4999999999995,49.79067201709903,22900,512,27,9100.0,57300.0,9100.0,57300.0,SEARCH=0.2705078125;INSERT=0.435546875;DELETE=0.080078125;UPDATE=0.15625;RANGE_SEARCH=0.0576171875,SEARCH=0.25;INSERT=0.4375;DELETE=0.12890625;UPDATE=0.12890625;RANGE_SEARCH=0.0546875,-5.2967032967032965,-5.302983078103537,0.05078125
PUBLICATION,LOCAL_HOTSPOT,LARS_NO_ROLLBACK,9,6364136223846793005,LOCAL_HOTSPOT,,10,21540,233998,206633,206633,206633,206653,233998,233998,5,INSERT_SPLIT_PRESSURE,SLACKEN,COMMIT,trial acceptance rule satisfied,22,23,54,3,4.956511203551065E-5,1.335113484646195E-4,0.01915056759738924,862890.1647622075,2910.0,3346.4999999999995,77.56491235294625,24600,512,32,5800.0,800.0,5800.0,1500.0,SEARCH=0.2626953125;INSERT=0.4560546875;DELETE=0.0908203125;UPDATE=0.1435546875;RANGE_SEARCH=0.046875,SEARCH=0.259765625;INSERT=0.462890625;DELETE=0.08984375;UPDATE=0.13671875;RANGE_SEARCH=0.05078125,0.8620689655172413,0.850995196322737,0.0107421875
PUBLICATION,LOCAL_HOTSPOT,LARS_NO_ROLLBACK,9,6364136223846793005,LOCAL_HOTSPOT,,11,21649,234628,-1,-1,-1,-1,-1,-1,-1,NO_CONFIDENT_DIAGNOSIS,,ABSTAIN,"diagnostic confidence not satisfied: insertScore=0.14613461924552018, scanScore=0.0",-1,-1,0,0,0.0,0.0,NaN,NaN,NaN,NaN,NaN,0,0,0,NaN,NaN,NaN,NaN,,,NaN,NaN,NaN
PUBLICATION,LOCAL_HOTSPOT,LARS_NO_ROLLBACK,9,6364136223846793005,LOCAL_HOTSPOT,,12,21576,270164,239144,239144,239144,239186,270164,270164,5,INSERT_SPLIT_PRESSURE,SLACKEN,COMMIT,trial acceptance rule satisfied,3,4,63,3,5.706061739588022E-5,1.3036110024768608E-4,0.016591862857883565,158193.04243563363,3270.0,3760.4999999999995,475.43178158800384,24400,512,25,2000.0,1300.0,2000.0,1300.0,SEARCH=0.2373046875;INSERT=0.44140625;DELETE=0.119140625;UPDATE=0.1513671875;RANGE_SEARCH=0.05078125,SEARCH=0.201171875;INSERT=0.451171875;DELETE=0.1328125;UPDATE=0.15625;RANGE_SEARCH=0.05859375,0.35,0.31323499023437495,0.0361328125
PUBLICATION,LOCAL_HOTSPOT,LARS_NO_ROLLBACK,9,6364136223846793005,LOCAL_HOTSPOT,,13,21000,300000,273872,273872,273872,274007,299991,-1,10,INSERT_SPLIT_PRESSURE,SLACKEN,KEEP_FAILED_TRIAL,trial censored at RUN_END before a terminal live-trial decision,24,25,57,3,5.1052944590537473E-5,1.2842465753424656E-4,0.016541474840481383,264285.5989015427,3030.0,3484.4999999999995,263.69200701685753,27100,362,25,2700.0,1699.9999999999998,4500.0,1700.0,SEARCH=0.2353515625;INSERT=0.4462890625;DELETE=0.10546875;UPDATE=0.15625;RANGE_SEARCH=0.056640625,SEARCH=0.23480662983425415;INSERT=0.43646408839779005;DELETE=0.1270718232044199;UPDATE=0.16298342541436464;RANGE_SEARCH=0.03867403314917127,0.37037037037037046,0.3400313675491899,0.028336498618784532
PUBLICATION,LOCAL_HOTSPOT,LARS_NO_RUNTIME_VALIDATION,0,1103515245,LOCAL_HOTSPOT,,1,20996,50521,-1,-1,-1,-1,-1,-1,-1,INSERT_SPLIT_PRESSURE,,ABSTAIN,no feasible bounded repair window for SLACKEN,-1,-1,0,0,0.0,0.0,NaN,NaN,NaN,NaN,NaN,0,0,0,NaN,NaN,NaN,NaN,,,NaN,NaN,NaN
PUBLICATION,LOCAL_HOTSPOT,LARS_NO_RUNTIME_VALIDATION,0,1103515245,LOCAL_HOTSPOT,,2,21000,54535,-1,-1,-1,-1,-1,-1,-1,NO_CONFIDENT_DIAGNOSIS,,ABSTAIN,"diagnostic confidence not satisfied: insertScore=0.2447489187120162, scanScore=0.03994874056831488",-1,-1,0,0,0.0,0.0,NaN,NaN,NaN,NaN,NaN,0,0,0,NaN,NaN,NaN,NaN,,,NaN,NaN,NaN
PUBLICATION,LOCAL_HOTSPOT,LARS_NO_RUNTIME_VALIDATION,0,1103515245,LOCAL_HOTSPOT,,3,20996,65897,-1,-1,-1,-1,-1,-1,-1,NO_CONFIDENT_DIAGNOSIS,,ABSTAIN,"diagnostic confidence not satisfied: insertScore=0.08299306761003575, scanScore=0.03224428744344491",-1,-1,0,0,0.0,0.0,NaN,NaN,NaN,NaN,NaN,0,0,0,NaN,NaN,NaN,NaN,,,NaN,NaN,NaN
PUBLICATION,LOCAL_HOTSPOT,LARS_NO_RUNTIME_VALIDATION,0,1103515245,LOCAL_HOTSPOT,,4,20996,92661,92661,92661,92661,-1,-1,92661,6,INSERT_SPLIT_PRESSURE,SLACKEN,COMMIT_NO_TRIAL,runtime validation disabled by evaluation policy,20,21,62,3,5.996061941254067E-5,1.3991884706870015E-4,0.03832622202260648,1094153.7540235047,3230.0,3714.4999999999995,67.89722169011002,888800,0,0,NaN,NaN,NaN,NaN,,,NaN,NaN,NaN
PUBLICATION,LOCAL_HOTSPOT,LARS_NO_RUNTIME_VALIDATION,0,1103515245,LOCAL_HOTSPOT,,5,20997,96656,-1,-1,-1,-1,-1,-1,-1,NO_CONFIDENT_DIAGNOSIS,,ABSTAIN,"diagnostic confidence not satisfied: insertScore=0.06602687717552241, scanScore=0.0033613803230927984",-1,-1,0,0,0.0,0.0,NaN,NaN,NaN,NaN,NaN,0,0,0,NaN,NaN,NaN,NaN,,,NaN,NaN,NaN
PUBLICATION,LOCAL_HOTSPOT,LARS_NO_RUNTIME_VALIDATION,0,1103515245,LOCAL_HOTSPOT,,6,21177,110962,-1,-1,-1,-1,-1,-1,-1,NO_CONFIDENT_DIAGNOSIS,,ABSTAIN,"diagnostic confidence not satisfied: insertScore=0.11885352954209656, scanScore=0.0",-1,-1,0,0,0.0,0.0,NaN,NaN,NaN,NaN,NaN,0,0,0,NaN,NaN,NaN,NaN,,,NaN,NaN,NaN
PUBLICATION,LOCAL_HOTSPOT,LARS_NO_RUNTIME_VALIDATION,0,1103515245,LOCAL_HOTSPOT,,7,21000,128417,128417,128417,128417,-1,-1,128417,7,INSERT_SPLIT_PRESSURE,SLACKEN,COMMIT_NO_TRIAL,runtime validation disabled by evaluation policy,45,46,41,3,3.913203243186493E-5,1.3658714259697687E-4,0.03206412825651302,415844.1883767535,2390.0,2748.5,132.18893406825097,30000,0,0,NaN,NaN,NaN,NaN,,,NaN,NaN,NaN
PUBLICATION,LOCAL_HOTSPOT,LARS_NO_RUNTIME_VALIDATION,0,1103515245,LOCAL_HOTSPOT,,8,20998,128709,-1,-1,-1,-1,-1,-1,-1,INSERT_SPLIT_PRESSURE,,ABSTAIN,predicted benefit does not repay estimated adaptation cost within configured horizon,-1,-1,0,0,0.0,0.0,NaN,NaN,NaN,NaN,NaN,0,0,0,NaN,NaN,NaN,NaN,,,NaN,NaN,NaN
PUBLICATION,LOCAL_HOTSPOT,LARS_NO_RUNTIME_VALIDATION,0,1103515245,LOCAL_HOTSPOT,,9,20997,129974,-1,-1,-1,-1,-1,-1,-1,INSERT_SPLIT_PRESSURE,,ABSTAIN,predicted benefit does not repay estimated adaptation cost within configured horizon,-1,-1,0,0,0.0,0.0,NaN,NaN,NaN,NaN,NaN,0,0,0,NaN,NaN,NaN,NaN,,,NaN,NaN,NaN
PUBLICATION,LOCAL_HOTSPOT,LARS_NO_RUNTIME_VALIDATION,0,1103515245,LOCAL_HOTSPOT,,10,21001,130000,-1,-1,-1,-1,-1,-1,-1,NO_CONFIDENT_DIAGNOSIS,,ABSTAIN,"diagnostic confidence not satisfied: insertScore=0.14111019614784343, scanScore=0.06861556125891626",-1,-1,0,0,0.0,0.0,NaN,NaN,NaN,NaN,NaN,0,0,0,NaN,NaN,NaN,NaN,,,NaN,NaN,NaN
PUBLICATION,LOCAL_HOTSPOT,LARS_NO_RUNTIME_VALIDATION,0,1103515245,LOCAL_HOTSPOT,,11,20999,136176,-1,-1,-1,-1,-1,-1,-1,INSERT_SPLIT_PRESSURE,,ABSTAIN,predicted benefit does not repay estimated adaptation cost within configured horizon,-1,-1,0,0,0.0,0.0,NaN,NaN,NaN,NaN,NaN,0,0,0,NaN,NaN,NaN,NaN,,,NaN,NaN,NaN
PUBLICATION,LOCAL_HOTSPOT,LARS_NO_RUNTIME_VALIDATION,0,1103515245,LOCAL_HOTSPOT,,12,20997,165012,165012,165012,165012,-1,-1,165012,8,INSERT_SPLIT_PRESSURE,SLACKEN,COMMIT_NO_TRIAL,runtime validation disabled by evaluation policy,12,13,55,3,5.178171465262472E-5,1.3583880461851935E-4,0.029273870783304744,143300.1715265866,2950.0,3392.4999999999995,473.48163841807906,28700,0,0,NaN,NaN,NaN,NaN,,,NaN,NaN,NaN
PUBLICATION,LOCAL_HOTSPOT,LARS_NO_RUNTIME_VALIDATION,0,1103515245,LOCAL_HOTSPOT,,13,21574,166241,166241,166241,166241,-1,-1,166241,4,INSERT_SPLIT_PRESSURE,SLACKEN,COMMIT_NO_TRIAL,runtime validation disabled by evaluation policy,22,23,51,3,4.799448910336884E-5,1.3583265417006248E-4,0.02586707757597191,407163.9679692828,2790.0,3208.4999999999995,157.60235445205475,20100,0,0,NaN,NaN,NaN,NaN,,,NaN,NaN,NaN
PUBLICATION,LOCAL_HOTSPOT,LARS_NO_RUNTIME_VALIDATION,0,1103515245,LOCAL_HOTSPOT,,14,21561,172031,-1,-1,-1,-1,-1,-1,-1,NO_CONFIDENT_DIAGNOSIS,,ABSTAIN,"diagnostic confidence not satisfied: insertScore=0.06054864583492855, scanScore=0.015487478546971509",-1,-1,0,0,0.0,0.0,NaN,NaN,NaN,NaN,NaN,0,0,0,NaN,NaN,NaN,NaN,,,NaN,NaN,NaN
PUBLICATION,LOCAL_HOTSPOT,LARS_NO_RUNTIME_VALIDATION,0,1103515245,LOCAL_HOTSPOT,,15,21587,180375,-1,-1,-1,-1,-1,-1,-1,NO_CONFIDENT_DIAGNOSIS,,ABSTAIN,"diagnostic confidence not satisfied: insertScore=0.08331272023228116, scanScore=0.018910737963714556",-1,-1,0,0,0.0,0.0,NaN,NaN,NaN,NaN,NaN,0,0,0,NaN,NaN,NaN,NaN,,,NaN,NaN,NaN
PUBLICATION,LOCAL_HOTSPOT,LARS_NO_RUNTIME_VALIDATION,0,1103515245,LOCAL_HOTSPOT,,16,21644,206628,206628,206628,206628,-1,-1,206628,4,INSERT_SPLIT_PRESSURE,SLACKEN,COMMIT_NO_TRIAL,runtime validation disabled by evaluation policy,18,19,63,3,5.841565613763099E-5,1.351473105685197E-4,0.028911036449363336,592664.9538383354,3270.0,3760.4999999999995,126.90137912307779,24400,0,0,NaN,NaN,NaN,NaN,,,NaN,NaN,NaN
PUBLICATION,LOCAL_HOTSPOT,LARS_NO_RUNTIME_VALIDATION,0,1103515245,LOCAL_HOTSPOT,,17,21561,236167,-1,-1,-1,-1,-1,-1,-1,NO_CONFIDENT_DIAGNOSIS,,ABSTAIN,"diagnostic confidence not satisfied: insertScore=0.06931367316680744, scanScore=0.0",-1,-1,0,0,0.0,0.0,NaN,NaN,NaN,NaN,NaN,0,0,0,NaN,NaN,NaN,NaN,,,NaN,NaN,NaN
PUBLICATION,LOCAL_HOTSPOT,LARS_NO_RUNTIME_VALIDATION,0,1103515245,LOCAL_HOTSPOT,,18,21587,237578,-1,-1,-1,-1,-1,-1,-1,NO_CONFIDENT_DIAGNOSIS,,ABSTAIN,"diagnostic confidence not satisfied: insertScore=0.08622728067403872, scanScore=0.01098907717305154",-1,-1,0,0,0.0,0.0,NaN,NaN,NaN,NaN,NaN,0,0,0,NaN,NaN,NaN,NaN,,,NaN,NaN,NaN
PUBLICATION,LOCAL_HOTSPOT,LARS_NO_RUNTIME_VALIDATION,0,1103515245,LOCAL_HOTSPOT,,19,21609,242135,-1,-1,-1,-1,-1,-1,-1,NO_CONFIDENT_DIAGNOSIS,,ABSTAIN,"diagnostic confidence not satisfied: insertScore=0.2670613750477408, scanScore=0.0",-1,-1,0,0,0.0,0.0,NaN,NaN,NaN,NaN,NaN,0,0,0,NaN,NaN,NaN,NaN,,,NaN,NaN,NaN
PUBLICATION,LOCAL_HOTSPOT,LARS_NO_RUNTIME_VALIDATION,0,1103515245,LOCAL_HOTSPOT,,20,20999,272810,-1,-1,-1,-1,-1,-1,-1,INSERT_SPLIT_PRESSURE,,ABSTAIN,predicted benefit does not repay estimated adaptation cost within configured horizon,-1,-1,0,0,0.0,0.0,NaN,NaN,NaN,NaN,NaN,0,0,0,NaN,NaN,NaN,NaN,,,NaN,NaN,NaN
PUBLICATION,LOCAL_HOTSPOT,LARS_NO_RUNTIME_VALIDATION,0,1103515245,LOCAL_HOTSPOT,,21,21612,276473,-1,-1,-1,-1,-1,-1,-1,NO_CONFIDENT_DIAGNOSIS,,ABSTAIN,"diagnostic confidence not satisfied: insertScore=0.21773026489241354, scanScore=0.0",-1,-1,0,0,0.0,0.0,NaN,NaN,NaN,NaN,NaN,0,0,0,NaN,NaN,NaN,NaN,,,NaN,NaN,NaN
PUBLICATION,LOCAL_HOTSPOT,LARS_NO_RUNTIME_VALIDATION,0,1103515245,LOCAL_HOTSPOT,,22,21001,281098,-1,-1,-1,-1,-1,-1,-1,INSERT_SPLIT_PRESSURE,,ABSTAIN,predicted benefit does not repay estimated adaptation cost within configured horizon,-1,-1,0,0,0.0,0.0,NaN,NaN,NaN,NaN,NaN,0,0,0,NaN,NaN,NaN,NaN,,,NaN,NaN,NaN
PUBLICATION,LOCAL_HOTSPOT,LARS_NO_RUNTIME_VALIDATION,0,1103515245,LOCAL_HOTSPOT,,23,21587,295228,295228,295228,295228,-1,-1,295228,6,INSERT_SPLIT_PRESSURE,SLACKEN,COMMIT_NO_TRIAL,runtime validation disabled by evaluation policy,17,18,58,3,5.2033290540437495E-5,1.2879958784131891E-4,0.017785188272891484,503775.8788384049,3070.0,3530.4999999999995,140.16153405917515,27000,0,0,NaN,NaN,NaN,NaN,,,NaN,NaN,NaN
PUBLICATION,LOCAL_HOTSPOT,LARS_NO_RUNTIME_VALIDATION,0,1103515245,LOCAL_HOTSPOT,,24,21607,298531,-1,-1,-1,-1,-1,-1,-1,NO_CONFIDENT_DIAGNOSIS,,ABSTAIN,"diagnostic confidence not satisfied: insertScore=0.09165501606969398, scanScore=0.025094233493296942",-1,-1,0,0,0.0,0.0,NaN,NaN,NaN,NaN,NaN,0,0,0,NaN,NaN,NaN,NaN,,,NaN,NaN,NaN
PUBLICATION,LOCAL_HOTSPOT,LARS_NO_RUNTIME_VALIDATION,0,1103515245,LOCAL_HOTSPOT,,25,21561,298638,298638,298638,298638,-1,-1,298638,6,INSERT_SPLIT_PRESSURE,SLACKEN,COMMIT_NO_TRIAL,runtime validation disabled by evaluation policy,39,40,63,3,5.644685841873534E-5,1.285732653323619E-4,0.016417623292503045,74004.36093118707,3270.0,3760.4999999999995,1016.2914597686207,26900,0,0,NaN,NaN,NaN,NaN,,,NaN,NaN,NaN
PUBLICATION,LOCAL_HOTSPOT,LARS_NO_RUNTIME_VALIDATION,1,214013,LOCAL_HOTSPOT,,1,20997,50895,-1,-1,-1,-1,-1,-1,-1,NO_CONFIDENT_DIAGNOSIS,,ABSTAIN,"diagnostic confidence not satisfied: insertScore=0.2713648900353609, scanScore=0.054782006723197586",-1,-1,0,0,0.0,0.0,NaN,NaN,NaN,NaN,NaN,0,0,0,NaN,NaN,NaN,NaN,,,NaN,NaN,NaN
PUBLICATION,LOCAL_HOTSPOT,LARS_NO_RUNTIME_VALIDATION,1,214013,LOCAL_HOTSPOT,,2,20997,65175,-1,-1,-1,-1,-1,-1,-1,NO_CONFIDENT_DIAGNOSIS,,ABSTAIN,"diagnostic confidence not satisfied: insertScore=0.23567806287077495, scanScore=0.022463235652482535",-1,-1,0,0,0.0,0.0,NaN,NaN,NaN,NaN,NaN,0,0,0,NaN,NaN,NaN,NaN,,,NaN,NaN,NaN
PUBLICATION,LOCAL_HOTSPOT,LARS_NO_RUNTIME_VALIDATION,1,214013,LOCAL_HOTSPOT,,3,20999,84145,-1,-1,-1,-1,-1,-1,-1,NO_CONFIDENT_DIAGNOSIS,,ABSTAIN,"diagnostic confidence not satisfied: insertScore=0.053992948871366034, scanScore=0.007183716084155918",-1,-1,0,0,0.0,0.0,NaN,NaN,NaN,NaN,NaN,0,0,0,NaN,NaN,NaN,NaN,,,NaN,NaN,NaN
PUBLICATION,LOCAL_HOTSPOT,LARS_NO_RUNTIME_VALIDATION,1,214013,LOCAL_HOTSPOT,,4,20997,92218,-1,-1,-1,-1,-1,-1,-1,NO_CONFIDENT_DIAGNOSIS,,ABSTAIN,"diagnostic confidence not satisfied: insertScore=0.0649944062312245, scanScore=0.014475669401102453",-1,-1,0,0,0.0,0.0,NaN,NaN,NaN,NaN,NaN,0,0,0,NaN,NaN,NaN,NaN,,,NaN,NaN,NaN
PUBLICATION,LOCAL_HOTSPOT,LARS_NO_RUNTIME_VALIDATION,1,214013,LOCAL_HOTSPOT,,5,20998,95110,95110,95110,95110,-1,-1,95110,6,INSERT_SPLIT_PRESSURE,SLACKEN,COMMIT_NO_TRIAL,runtime validation disabled by evaluation policy,12,13,61,3,5.895069692287026E-5,1.3982102908277405E-4,0.03627860837525686,477067.2429674768,3190.0,3668.4999999999995,153.79383322070146,29300,0,0,NaN,NaN,NaN,NaN,,,NaN,NaN,NaN
PUBLICATION,LOCAL_HOTSPOT,LARS_NO_RUNTIME_VALIDATION,1,214013,LOCAL_HOTSPOT,,6,21186,109943,-1,-1,-1,-1,-1,-1,-1,NO_CONFIDENT_DIAGNOSIS,,ABSTAIN,"diagnostic confidence not satisfied: insertScore=0.07437756000277447, scanScore=0.0",-1,-1,0,0,0.0,0.0,NaN,NaN,NaN,NaN,NaN,0,0,0,NaN,NaN,NaN,NaN,,,NaN,NaN,NaN
PUBLICATION,LOCAL_HOTSPOT,LARS_NO_RUNTIME_VALIDATION,1,214013,LOCAL_HOTSPOT,,7,21001,114118,114118,114118,114118,-1,-1,114118,7,INSERT_SPLIT_PRESSURE,SLACKEN,COMMIT_NO_TRIAL,runtime validation disabled by evaluation policy,19,20,63,3,6.0458853911256E-5,1.377283995959967E-4,0.03368088675459659,360003.1575831333,3270.0,3760.4999999999995,208.9148342612307,30000,0,0,NaN,NaN,NaN,NaN,,,NaN,NaN,NaN
PUBLICATION,LOCAL_HOTSPOT,LARS_NO_RUNTIME_VALIDATION,1,214013,LOCAL_HOTSPOT,,8,20999,116267,-1,-1,-1,-1,-1,-1,-1,INSERT_SPLIT_PRESSURE,,ABSTAIN,predicted benefit does not repay estimated adaptation cost within configured horizon,-1,-1,0,0,0.0,0.0,NaN,NaN,NaN,NaN,NaN,0,0,0,NaN,NaN,NaN,NaN,,,NaN,NaN,NaN
PUBLICATION,LOCAL_HOTSPOT,LARS_NO_RUNTIME_VALIDATION,1,214013,LOCAL_HOTSPOT,,9,21000,119975,-1,-1,-1,-1,-1,-1,-1,INSERT_SPLIT_PRESSURE,,ABSTAIN,predicted benefit does not repay estimated adaptation cost within configured horizon,-1,-1,0,0,0.0,0.0,NaN,NaN,NaN,NaN,NaN,0,0,0,NaN,NaN,NaN,NaN,,,NaN,NaN,NaN
PUBLICATION,LOCAL_HOTSPOT,LARS_NO_RUNTIME_VALIDATION,1,214013,LOCAL_HOTSPOT,,10,20997,124982,124982,124982,124982,-1,-1,124982,7,INSERT_SPLIT_PRESSURE,SLACKEN,COMMIT_NO_TRIAL,runtime validation disabled by evaluation policy,21,22,59,3,5.6397158347926496E-5,1.3681138270704122E-4,0.03128532583789068,3958302.5266566863,3110.0,3576.4999999999995,18.07087748303478,34800,0,0,NaN,NaN,NaN,NaN,,,NaN,NaN,NaN
PUBLICATION,LOCAL_HOTSPOT,LARS_NO_RUNTIME_VALIDATION,1,214013,LOCAL_HOTSPOT,,11,20996,134458,134458,134458,134458,-1,-1,134458,7,INSERT_SPLIT_PRESSURE,SLACKEN,COMMIT_NO_TRIAL,runtime validation disabled by evaluation policy,26,27,46,3,4.3817577897651666E-5,1.362831054376959E-4,0.028832887512318738,754408.5597634802,2590.0,2978.4999999999995,78.96251868970867,31700,0,0,NaN,NaN,NaN,NaN,,,NaN,NaN,NaN
PUBLICATION,LOCAL_HOTSPOT,LARS_NO_RUNTIME_VALIDATION,1,214013,LOCAL_HOTSPOT,,12,20999,148700,-1,-1,-1,-1,-1,-1,-1,NO_CONFIDENT_DIAGNOSIS,,ABSTAIN,"diagnostic confidence not satisfied: insertScore=0.12616218594055428, scanScore=0.06052105020422324",-1,-1,0,0,0.0,0.0,NaN,NaN,NaN,NaN,NaN,0,0,0,NaN,NaN,NaN,NaN,,,NaN,NaN,NaN
PUBLICATION,LOCAL_HOTSPOT,LARS_NO_RUNTIME_VALIDATION,1,214013,LOCAL_HOTSPOT,,13,21000,150423,-1,-1,-1,-1,-1,-1,-1,NO_CONFIDENT_DIAGNOSIS,,ABSTAIN,"diagnostic confidence not satisfied: insertScore=0.1415791729121067, scanScore=0.06437154565477354",-1,-1,0,0,0.0,0.0,NaN,NaN,NaN,NaN,NaN,0,0,0,NaN,NaN,NaN,NaN,,,NaN,NaN,NaN
PUBLICATION,LOCAL_HOTSPOT,LARS_NO_RUNTIME_VALIDATION,1,214013,LOCAL_HOTSPOT,,14,21587,163476,163476,163476,163476,-1,-1,163476,4,INSERT_SPLIT_PRESSURE,SLACKEN,COMMIT_NO_TRIAL,runtime validation disabled by evaluation policy,14,15,51,3,4.8062424607961396E-5,1.3585725930622227E-4,0.02669377753447512,910919.9447355387,2790.0,3208.4999999999995,70.44526840240614,26100,0,0,NaN,NaN,NaN,NaN,,,NaN,NaN,NaN
PUBLICATION,LOCAL_HOTSPOT,LARS_NO_RUNTIME_VALIDATION,1,214013,LOCAL_HOTSPOT,,15,21568,173087,-1,-1,-1,-1,-1,-1,-1,NO_CONFIDENT_DIAGNOSIS,,ABSTAIN,"diagnostic confidence not satisfied: insertScore=0.07219894883329836, scanScore=0.014686108605975927",-1,-1,0,0,0.0,0.0,NaN,NaN,NaN,NaN,NaN,0,0,0,NaN,NaN,NaN,NaN,,,NaN,NaN,NaN
PUBLICATION,LOCAL_HOTSPOT,LARS_NO_RUNTIME_VALIDATION,1,214013,LOCAL_HOTSPOT,,16,21554,176570,-1,-1,-1,-1,-1,-1,-1,NO_CONFIDENT_DIAGNOSIS,,ABSTAIN,"diagnostic confidence not satisfied: insertScore=0.05803828607431194, scanScore=0.0",-1,-1,0,0,0.0,0.0,NaN,NaN,NaN,NaN,NaN,0,0,0,NaN,NaN,NaN,NaN,,,NaN,NaN,NaN
PUBLICATION,LOCAL_HOTSPOT,LARS_NO_RUNTIME_VALIDATION,1,214013,LOCAL_HOTSPOT,,17,21172,179056,-1,-1,-1,-1,-1,-1,-1,INSERT_SPLIT_PRESSURE,,ABSTAIN,no feasible bounded repair window for SLACKEN,-1,-1,0,0,0.0,0.0,NaN,NaN,NaN,NaN,NaN,0,0,0,NaN,NaN,NaN,NaN,,,NaN,NaN,NaN
PUBLICATION,LOCAL_HOTSPOT,LARS_NO_RUNTIME_VALIDATION,1,214013,LOCAL_HOTSPOT,,18,21172,219469,219469,219469,219469,-1,-1,219469,8,INSERT_SPLIT_PRESSURE,SLACKEN,COMMIT_NO_TRIAL,runtime validation disabled by evaluation policy,24,25,63,3,5.816401143338282E-5,1.3454121445869585E-4,0.02534904445984751,794503.8122586395,3270.0,3760.4999999999995,94.66285603613497,33900,0,0,NaN,NaN,NaN,NaN,,,NaN,NaN,NaN
PUBLICATION,LOCAL_HOTSPOT,LARS_NO_RUNTIME_VALIDATION,1,214013,LOCAL_HOTSPOT,,19,21690,226359,226359,226359,226359,-1,-1,226359,4,INSERT_SPLIT_PRESSURE,SLACKEN,COMMIT_NO_TRIAL,runtime validation disabled by evaluation policy,5,6,63,3,5.8016605641792585E-5,1.341501587443545E-4,0.020766578787264248,116430.74427093897,3270.0,3760.4999999999995,645.9634048630948,24700,0,0,NaN,NaN,NaN,NaN,,,NaN,NaN,NaN
PUBLICATION,LOCAL_HOTSPOT,LARS_NO_RUNTIME_VALIDATION,1,214013,LOCAL_HOTSPOT,,20,21568,234738,-1,-1,-1,-1,-1,-1,-1,NO_CONFIDENT_DIAGNOSIS,,ABSTAIN,"diagnostic confidence not satisfied: insertScore=0.12175363759551214, scanScore=0.0",-1,-1,0,0,0.0,0.0,NaN,NaN,NaN,NaN,NaN,0,0,0,NaN,NaN,NaN,NaN,,,NaN,NaN,NaN
PUBLICATION,LOCAL_HOTSPOT,LARS_NO_RUNTIME_VALIDATION,1,214013,LOCAL_HOTSPOT,,21,21554,236452,-1,-1,-1,-1,-1,-1,-1,NO_CONFIDENT_DIAGNOSIS,,ABSTAIN,"diagnostic confidence not satisfied: insertScore=0.10333556804006774, scanScore=0.0012433208512913128",-1,-1,0,0,0.0,0.0,NaN,NaN,NaN,NaN,NaN,0,0,0,NaN,NaN,NaN,NaN,,,NaN,NaN,NaN
PUBLICATION,LOCAL_HOTSPOT,LARS_NO_RUNTIME_VALIDATION,1,214013,LOCAL_HOTSPOT,,22,21609,243092,-1,-1,-1,-1,-1,-1,-1,NO_CONFIDENT_DIAGNOSIS,,ABSTAIN,"diagnostic confidence not satisfied: insertScore=0.07236552223783765, scanScore=0.0",-1,-1,0,0,0.0,0.0,NaN,NaN,NaN,NaN,NaN,0,0,0,NaN,NaN,NaN,NaN,,,NaN,NaN,NaN
PUBLICATION,LOCAL_HOTSPOT,LARS_NO_RUNTIME_VALIDATION,1,214013,LOCAL_HOTSPOT,,23,21604,269798,269798,269798,269798,-1,-1,269798,5,INSERT_SPLIT_PRESSURE,SLACKEN,COMMIT_NO_TRIAL,runtime validation disabled by evaluation policy,26,27,60,3,5.437417589139665E-5,1.3070186903672723E-4,0.016340860129258755,100901.93888135323,3150.0,3622.4999999999995,718.0238635968254,28100,0,0,NaN,NaN,NaN,NaN,,,NaN,NaN,NaN
PUBLICATION,LOCAL_HOTSPOT,LARS_NO_RUNTIME_VALIDATION,1,214013,LOCAL_HOTSPOT,,24,21001,286931,286931,286931,286931,-1,-1,286931,11,INSERT_SPLIT_PRESSURE,SLACKEN,COMMIT_NO_TRIAL,runtime validation disabled by evaluation policy,4,5,64,3,5.7632631596009664E-5,1.2934379580926102E-4,0.015385077676612879,265131.13374800934,3310.0,3806.4999999999995,287.14092880678754,27400,0,0,NaN,NaN,NaN,NaN,,,NaN,NaN,NaN
PUBLICATION,LOCAL_HOTSPOT,LARS_NO_RUNTIME_VALIDATION,1,214013,LOCAL_HOTSPOT,,25,21554,296098,-1,-1,-1,-1,-1,-1,-1,INSERT_SPLIT_PRESSURE,,ABSTAIN,predicted benefit does not repay estimated adaptation cost within configured horizon,-1,-1,0,0,0.0,0.0,NaN,NaN,NaN,NaN,NaN,0,0,0,NaN,NaN,NaN,NaN,,,NaN,NaN,NaN
PUBLICATION,LOCAL_HOTSPOT,LARS_NO_RUNTIME_VALIDATION,1,214013,LOCAL_HOTSPOT,,26,21568,296880,-1,-1,-1,-1,-1,-1,-1,INSERT_SPLIT_PRESSURE,,ABSTAIN,predicted benefit does not repay estimated adaptation cost within configured horizon,-1,-1,0,0,0.0,0.0,NaN,NaN,NaN,NaN,NaN,0,0,0,NaN,NaN,NaN,NaN,,,NaN,NaN,NaN
PUBLICATION,LOCAL_HOTSPOT,LARS_NO_RUNTIME_VALIDATION,2,1664525,LOCAL_HOTSPOT,,1,20999,53117,-1,-1,-1,-1,-1,-1,-1,NO_CONFIDENT_DIAGNOSIS,,ABSTAIN,"diagnostic confidence not satisfied: insertScore=0.6882278421420073, scanScore=0.05075224827657209",-1,-1,0,0,0.0,0.0,NaN,NaN,NaN,NaN,NaN,0,0,0,NaN,NaN,NaN,NaN,,,NaN,NaN,NaN
PUBLICATION,LOCAL_HOTSPOT,LARS_NO_RUNTIME_VALIDATION,2,1664525,LOCAL_HOTSPOT,,2,20999,119024,119024,119024,119024,-1,-1,119024,7,INSERT_SPLIT_PRESSURE,SLACKEN,COMMIT_NO_TRIAL,runtime validation disabled by evaluation policy,48,49,57,3,5.4597387371336945E-5,1.3725579905751018E-4,0.03208924822161637,57889.12914042181,3030.0,3484.4999999999995,1203.8529691982892,702600,0,0,NaN,NaN,NaN,NaN,,,NaN,NaN,NaN
PUBLICATION,LOCAL_HOTSPOT,LARS_NO_RUNTIME_VALIDATION,2,1664525,LOCAL_HOTSPOT,,3,21001,124829,-1,-1,-1,-1,-1,-1,-1,INSERT_SPLIT_PRESSURE,,ABSTAIN,predicted benefit does not repay estimated adaptation cost within configured horizon,-1,-1,0,0,0.0,0.0,NaN,NaN,NaN,NaN,NaN,0,0,0,NaN,NaN,NaN,NaN,,,NaN,NaN,NaN
PUBLICATION,LOCAL_HOTSPOT,LARS_NO_RUNTIME_VALIDATION,2,1664525,LOCAL_HOTSPOT,,4,20998,124832,-1,-1,-1,-1,-1,-1,-1,INSERT_SPLIT_PRESSURE,,ABSTAIN,predicted benefit does not repay estimated adaptation cost within configured horizon,-1,-1,0,0,0.0,0.0,NaN,NaN,NaN,NaN,NaN,0,0,0,NaN,NaN,NaN,NaN,,,NaN,NaN,NaN
PUBLICATION,LOCAL_HOTSPOT,LARS_NO_RUNTIME_VALIDATION,2,1664525,LOCAL_HOTSPOT,,5,21000,126068,126068,126068,126068,-1,-1,126068,7,INSERT_SPLIT_PRESSURE,SLACKEN,COMMIT_NO_TRIAL,runtime validation disabled by evaluation policy,12,13,53,3,5.063905532364567E-5,1.3679266791299987E-4,0.030899215449607723,1.3844218587809294E7,2870.0,3300.4999999999995,4.7680553135823756,23300,0,0,NaN,NaN,NaN,NaN,,,NaN,NaN,NaN
PUBLICATION,LOCAL_HOTSPOT,LARS_NO_RUNTIME_VALIDATION,2,1664525,LOCAL_HOTSPOT,,6,20997,127326,-1,-1,-1,-1,-1,-1,-1,INSERT_SPLIT_PRESSURE,,ABSTAIN,predicted benefit does not repay estimated adaptation cost within configured horizon,-1,-1,0,0,0.0,0.0,NaN,NaN,NaN,NaN,NaN,0,0,0,NaN,NaN,NaN,NaN,,,NaN,NaN,NaN
PUBLICATION,LOCAL_HOTSPOT,LARS_NO_RUNTIME_VALIDATION,2,1664525,LOCAL_HOTSPOT,,7,20996,127781,-1,-1,-1,-1,-1,-1,-1,NO_CONFIDENT_DIAGNOSIS,,ABSTAIN,"diagnostic confidence not satisfied: insertScore=0.1465739181815719, scanScore=0.0639298851063667",-1,-1,0,0,0.0,0.0,NaN,NaN,NaN,NaN,NaN,0,0,0,NaN,NaN,NaN,NaN,,,NaN,NaN,NaN
PUBLICATION,LOCAL_HOTSPOT,LARS_NO_RUNTIME_VALIDATION,2,1664525,LOCAL_HOTSPOT,,8,21179,142740,-1,-1,-1,-1,-1,-1,-1,NO_CONFIDENT_DIAGNOSIS,,ABSTAIN,"diagnostic confidence not satisfied: insertScore=0.4076376460095122, scanScore=0.006636033010722874",-1,-1,0,0,0.0,0.0,NaN,NaN,NaN,NaN,NaN,0,0,0,NaN,NaN,NaN,NaN,,,NaN,NaN,NaN
PUBLICATION,LOCAL_HOTSPOT,LARS_NO_RUNTIME_VALIDATION,2,1664525,LOCAL_HOTSPOT,,9,20996,158541,-1,-1,-1,-1,-1,-1,-1,NO_CONFIDENT_DIAGNOSIS,,ABSTAIN,"diagnostic confidence not satisfied: insertScore=0.07367843612419857, scanScore=0.04944711649774636",-1,-1,0,0,0.0,0.0,NaN,NaN,NaN,NaN,NaN,0,0,0,NaN,NaN,NaN,NaN,,,NaN,NaN,NaN
PUBLICATION,LOCAL_HOTSPOT,LARS_NO_RUNTIME_VALIDATION,2,1664525,LOCAL_HOTSPOT,,10,20997,159238,-1,-1,-1,-1,-1,-1,-1,NO_CONFIDENT_DIAGNOSIS,,ABSTAIN,"diagnostic confidence not satisfied: insertScore=0.042053298053595645, scanScore=0.04871987603023604",-1,-1,0,0,0.0,0.0,NaN,NaN,NaN,NaN,NaN,0,0,0,NaN,NaN,NaN,NaN,,,NaN,NaN,NaN
PUBLICATION,LOCAL_HOTSPOT,LARS_NO_RUNTIME_VALIDATION,2,1664525,LOCAL_HOTSPOT,,11,20998,159728,-1,-1,-1,-1,-1,-1,-1,NO_CONFIDENT_DIAGNOSIS,,ABSTAIN,"diagnostic confidence not satisfied: insertScore=0.057668038768166695, scanScore=0.04956476037206765",-1,-1,0,0,0.0,0.0,NaN,NaN,NaN,NaN,NaN,0,0,0,NaN,NaN,NaN,NaN,,,NaN,NaN,NaN
PUBLICATION,LOCAL_HOTSPOT,LARS_NO_RUNTIME_VALIDATION,2,1664525,LOCAL_HOTSPOT,,12,21588,161100,161100,161100,161100,-1,-1,161100,4,INSERT_SPLIT_PRESSURE,SLACKEN,COMMIT_NO_TRIAL,runtime validation disabled by evaluation policy,23,25,80,4,7.545803024357852E-5,1.8117583114412537E-4,0.029319971367215463,1539768.07444524,4200.0,4830.0,62.73672094078443,34000,0,0,NaN,NaN,NaN,NaN,,,NaN,NaN,NaN
PUBLICATION,LOCAL_HOTSPOT,LARS_NO_RUNTIME_VALIDATION,2,1664525,LOCAL_HOTSPOT,,13,21567,165294,-1,-1,-1,-1,-1,-1,-1,NO_CONFIDENT_DIAGNOSIS,,ABSTAIN,"diagnostic confidence not satisfied: insertScore=0.10397355629944757, scanScore=0.027246978824135407",-1,-1,0,0,0.0,0.0,NaN,NaN,NaN,NaN,NaN,0,0,0,NaN,NaN,NaN,NaN,,,NaN,NaN,NaN
PUBLICATION,LOCAL_HOTSPOT,LARS_NO_RUNTIME_VALIDATION,2,1664525,LOCAL_HOTSPOT,,14,21541,170209,-1,-1,-1,-1,-1,-1,-1,NO_CONFIDENT_DIAGNOSIS,,ABSTAIN,"diagnostic confidence not satisfied: insertScore=0.07327904153859179, scanScore=0.013966543574056094",-1,-1,0,0,0.0,0.0,NaN,NaN,NaN,NaN,NaN,0,0,0,NaN,NaN,NaN,NaN,,,NaN,NaN,NaN
PUBLICATION,LOCAL_HOTSPOT,LARS_NO_RUNTIME_VALIDATION,2,1664525,LOCAL_HOTSPOT,,15,21575,170768,170768,170768,170768,-1,-1,170768,4,INSERT_SPLIT_PRESSURE,SLACKEN,COMMIT_NO_TRIAL,runtime validation disabled by evaluation policy,29,30,48,3,4.5115622882267965E-5,1.3584495562398116E-4,0.02250895742202097,1511573.209065131,2670.0,3070.4999999999995,40.62654698542884,25700,0,0,NaN,NaN,NaN,NaN,,,NaN,NaN,NaN
PUBLICATION,LOCAL_HOTSPOT,LARS_NO_RUNTIME_VALIDATION,2,1664525,LOCAL_HOTSPOT,,16,21577,176802,176802,176802,176802,-1,-1,176802,4,INSERT_SPLIT_PRESSURE,SLACKEN,COMMIT_NO_TRIAL,runtime validation disabled by evaluation policy,11,12,47,3,4.407876782024866E-5,1.358080579447714E-4,0.01871858148249703,314823.14230874693,2630.0,3024.4999999999995,192.13962339743586,19700,0,0,NaN,NaN,NaN,NaN,,,NaN,NaN,NaN
PUBLICATION,LOCAL_HOTSPOT,LARS_NO_RUNTIME_VALIDATION,2,1664525,LOCAL_HOTSPOT,,17,21606,208101,208101,208101,208101,-1,-1,208101,4,INSERT_SPLIT_PRESSURE,SLACKEN,COMMIT_NO_TRIAL,runtime validation disabled by evaluation policy,7,8,63,3,5.839296985717821E-5,1.3510470614726413E-4,0.02108080288214102,145136.38703036544,3270.0,3760.4999999999995,518.2022340425532,23700,0,0,NaN,NaN,NaN,NaN,,,NaN,NaN,NaN
PUBLICATION,LOCAL_HOTSPOT,LARS_NO_RUNTIME_VALIDATION,2,1664525,LOCAL_HOTSPOT,,18,21619,224308,-1,-1,-1,-1,-1,-1,-1,NO_CONFIDENT_DIAGNOSIS,,ABSTAIN,"diagnostic confidence not satisfied: insertScore=0.0870035786396248, scanScore=0.0",-1,-1,0,0,0.0,0.0,NaN,NaN,NaN,NaN,NaN,0,0,0,NaN,NaN,NaN,NaN,,,NaN,NaN,NaN
PUBLICATION,LOCAL_HOTSPOT,LARS_NO_RUNTIME_VALIDATION,2,1664525,LOCAL_HOTSPOT,,19,21567,228836,-1,-1,-1,-1,-1,-1,-1,NO_CONFIDENT_DIAGNOSIS,,ABSTAIN,"diagnostic confidence not satisfied: insertScore=0.07345585983769397, scanScore=0.004449465680539095",-1,-1,0,0,0.0,0.0,NaN,NaN,NaN,NaN,NaN,0,0,0,NaN,NaN,NaN,NaN,,,NaN,NaN,NaN
PUBLICATION,LOCAL_HOTSPOT,LARS_NO_RUNTIME_VALIDATION,2,1664525,LOCAL_HOTSPOT,,20,21541,229145,-1,-1,-1,-1,-1,-1,-1,NO_CONFIDENT_DIAGNOSIS,,ABSTAIN,"diagnostic confidence not satisfied: insertScore=0.07379850441574298, scanScore=0.0",-1,-1,0,0,0.0,0.0,NaN,NaN,NaN,NaN,NaN,0,0,0,NaN,NaN,NaN,NaN,,,NaN,NaN,NaN
PUBLICATION,LOCAL_HOTSPOT,LARS_NO_RUNTIME_VALIDATION,2,1664525,LOCAL_HOTSPOT,,21,21619,286918,286918,286918,286918,-1,-1,286918,5,INSERT_SPLIT_PRESSURE,SLACKEN,COMMIT_NO_TRIAL,runtime validation disabled by evaluation policy,25,26,62,3,5.581296535185123E-5,1.292824822236587E-4,0.016392655322010022,218073.5428306146,3230.0,3714.4999999999995,340.66489238313363,42100,0,0,NaN,NaN,NaN,NaN,,,NaN,NaN,NaN
PUBLICATION,LOCAL_HOTSPOT,LARS_NO_RUNTIME_VALIDATION,2,1664525,LOCAL_HOTSPOT,,22,21541,287662,-1,-1,-1,-1,-1,-1,-1,INSERT_SPLIT_PRESSURE,,ABSTAIN,predicted benefit does not repay estimated adaptation cost within configured horizon,-1,-1,0,0,0.0,0.0,NaN,NaN,NaN,NaN,NaN,0,0,0,NaN,NaN,NaN,NaN,,,NaN,NaN,NaN
PUBLICATION,LOCAL_HOTSPOT,LARS_NO_RUNTIME_VALIDATION,2,1664525,LOCAL_HOTSPOT,,23,21627,288226,-1,-1,-1,-1,-1,-1,-1,NO_CONFIDENT_DIAGNOSIS,,ABSTAIN,"diagnostic confidence not satisfied: insertScore=0.04878467944071864, scanScore=0.011149856891927839",-1,-1,0,0,0.0,0.0,NaN,NaN,NaN,NaN,NaN,0,0,0,NaN,NaN,NaN,NaN,,,NaN,NaN,NaN
PUBLICATION,LOCAL_HOTSPOT,LARS_NO_RUNTIME_VALIDATION,2,1664525,LOCAL_HOTSPOT,,24,21567,288603,288603,288603,288603,-1,-1,288603,6,INSERT_SPLIT_PRESSURE,SLACKEN,COMMIT_NO_TRIAL,runtime validation disabled by evaluation policy,9,10,56,3,5.037955597618486E-5,1.2914334911752045E-4,0.01713606774101779,733296.5175627961,2990.0,3438.4999999999995,93.78198089439427,23800,0,0,NaN,NaN,NaN,NaN,,,NaN,NaN,NaN
PUBLICATION,LOCAL_HOTSPOT,LARS_NO_RUNTIME_VALIDATION,2,1664525,LOCAL_HOTSPOT,,25,20999,296848,296848,296848,296848,-1,-1,296848,11,INSERT_SPLIT_PRESSURE,SLACKEN,COMMIT_NO_TRIAL,runtime validation disabled by evaluation policy,43,44,56,3,5.022547651420843E-5,1.2857877593005313E-4,0.01542703044729349,866013.2274733718,2990.0,3438.4999999999995,79.40987252658856,33900,0,0,NaN,NaN,NaN,NaN,,,NaN,NaN,NaN
PUBLICATION,LOCAL_HOTSPOT,LARS_NO_RUNTIME_VALIDATION,3,22695477,LOCAL_HOTSPOT,,1,20999,50741,-1,-1,-1,-1,-1,-1,-1,INSERT_SPLIT_PRESSURE,,ABSTAIN,no feasible bounded repair window for SLACKEN,-1,-1,0,0,0.0,0.0,NaN,NaN,NaN,NaN,NaN,0,0,0,NaN,NaN,NaN,NaN,,,NaN,NaN,NaN
PUBLICATION,LOCAL_HOTSPOT,LARS_NO_RUNTIME_VALIDATION,3,22695477,LOCAL_HOTSPOT,,2,20997,52687,-1,-1,-1,-1,-1,-1,-1,NO_CONFIDENT_DIAGNOSIS,,ABSTAIN,"diagnostic confidence not satisfied: insertScore=0.040877225307820515, scanScore=0.05552582801755652",-1,-1,0,0,0.0,0.0,NaN,NaN,NaN,NaN,NaN,0,0,0,NaN,NaN,NaN,NaN,,,NaN,NaN,NaN
PUBLICATION,LOCAL_HOTSPOT,LARS_NO_RUNTIME_VALIDATION,3,22695477,LOCAL_HOTSPOT,,3,20997,68487,-1,-1,-1,-1,-1,-1,-1,NO_CONFIDENT_DIAGNOSIS,,ABSTAIN,"diagnostic confidence not satisfied: insertScore=0.38365871286946196, scanScore=0.021042412042596697",-1,-1,0,0,0.0,0.0,NaN,NaN,NaN,NaN,NaN,0,0,0,NaN,NaN,NaN,NaN,,,NaN,NaN,NaN
PUBLICATION,LOCAL_HOTSPOT,LARS_NO_RUNTIME_VALIDATION,3,22695477,LOCAL_HOTSPOT,,4,21170,73226,-1,-1,-1,-1,-1,-1,-1,NO_CONFIDENT_DIAGNOSIS,,ABSTAIN,"diagnostic confidence not satisfied: insertScore=0.13140804006823978, scanScore=0.0",-1,-1,0,0,0.0,0.0,NaN,NaN,NaN,NaN,NaN,0,0,0,NaN,NaN,NaN,NaN,,,NaN,NaN,NaN
PUBLICATION,LOCAL_HOTSPOT,LARS_NO_RUNTIME_VALIDATION,3,22695477,LOCAL_HOTSPOT,,5,21174,74080,-1,-1,-1,-1,-1,-1,-1,INSERT_SPLIT_PRESSURE,,ABSTAIN,no feasible bounded repair window for SLACKEN,-1,-1,0,0,0.0,0.0,NaN,NaN,NaN,NaN,NaN,0,0,0,NaN,NaN,NaN,NaN,,,NaN,NaN,NaN
PUBLICATION,LOCAL_HOTSPOT,LARS_NO_RUNTIME_VALIDATION,3,22695477,LOCAL_HOTSPOT,,6,21189,87485,-1,-1,-1,-1,-1,-1,-1,NO_CONFIDENT_DIAGNOSIS,,ABSTAIN,"diagnostic confidence not satisfied: insertScore=0.11597458399370913, scanScore=0.0",-1,-1,0,0,0.0,0.0,NaN,NaN,NaN,NaN,NaN,0,0,0,NaN,NaN,NaN,NaN,,,NaN,NaN,NaN
PUBLICATION,LOCAL_HOTSPOT,LARS_NO_RUNTIME_VALIDATION,3,22695477,LOCAL_HOTSPOT,,7,21000,88383,-1,-1,-1,-1,-1,-1,-1,NO_CONFIDENT_DIAGNOSIS,,ABSTAIN,"diagnostic confidence not satisfied: insertScore=0.07327365925705336, scanScore=0.008778866883077925",-1,-1,0,0,0.0,0.0,NaN,NaN,NaN,NaN,NaN,0,0,0,NaN,NaN,NaN,NaN,,,NaN,NaN,NaN
PUBLICATION,LOCAL_HOTSPOT,LARS_NO_RUNTIME_VALIDATION,3,22695477,LOCAL_HOTSPOT,,8,20997,90985,-1,-1,-1,-1,-1,-1,-1,NO_CONFIDENT_DIAGNOSIS,,ABSTAIN,"diagnostic confidence not satisfied: insertScore=0.10030888361455342, scanScore=0.03958290727259687",-1,-1,0,0,0.0,0.0,NaN,NaN,NaN,NaN,NaN,0,0,0,NaN,NaN,NaN,NaN,,,NaN,NaN,NaN
PUBLICATION,LOCAL_HOTSPOT,LARS_NO_RUNTIME_VALIDATION,3,22695477,LOCAL_HOTSPOT,,9,21170,97853,97853,97853,97853,-1,-1,97853,5,INSERT_SPLIT_PRESSURE,SLACKEN,COMMIT_NO_TRIAL,runtime validation disabled by evaluation policy,7,8,62,3,5.986665186093556E-5,1.3945704722945332E-4,0.04160910199106054,809232.0195042666,3230.0,3714.4999999999995,91.80309010203261,27800,0,0,NaN,NaN,NaN,NaN,,,NaN,NaN,NaN
PUBLICATION,LOCAL_HOTSPOT,LARS_NO_RUNTIME_VALIDATION,3,22695477,LOCAL_HOTSPOT,,10,21001,102144,102144,102144,102144,-1,-1,102144,6,INSERT_SPLIT_PRESSURE,SLACKEN,COMMIT_NO_TRIAL,runtime validation disabled by evaluation policy,3,4,63,3,6.0735887582692396E-5,1.3897252976328346E-4,0.03273238716276691,1991455.6962025317,3270.0,3760.4999999999995,37.76634355633242,26100,0,0,NaN,NaN,NaN,NaN,,,NaN,NaN,NaN
PUBLICATION,LOCAL_HOTSPOT,LARS_NO_RUNTIME_VALIDATION,3,22695477,LOCAL_HOTSPOT,,11,21180,111728,-1,-1,-1,-1,-1,-1,-1,NO_CONFIDENT_DIAGNOSIS,,ABSTAIN,"diagnostic confidence not satisfied: insertScore=0.06611425120036257, scanScore=0.0",-1,-1,0,0,0.0,0.0,NaN,NaN,NaN,NaN,NaN,0,0,0,NaN,NaN,NaN,NaN,,,NaN,NaN,NaN
PUBLICATION,LOCAL_HOTSPOT,LARS_NO_RUNTIME_VALIDATION,3,22695477,LOCAL_HOTSPOT,,12,21000,121559,-1,-1,-1,-1,-1,-1,-1,INSERT_SPLIT_PRESSURE,,ABSTAIN,predicted benefit does not repay estimated adaptation cost within configured horizon,-1,-1,0,0,0.0,0.0,NaN,NaN,NaN,NaN,NaN,0,0,0,NaN,NaN,NaN,NaN,,,NaN,NaN,NaN
PUBLICATION,LOCAL_HOTSPOT,LARS_NO_RUNTIME_VALIDATION,3,22695477,LOCAL_HOTSPOT,,13,20997,123987,123987,123987,123987,-1,-1,123987,7,INSERT_SPLIT_PRESSURE,SLACKEN,COMMIT_NO_TRIAL,runtime validation disabled by evaluation policy,37,38,42,3,4.016947693602533E-5,1.3691753000775867E-4,0.031087768298976897,267767.6917939221,2430.0,2794.5,208.72570408163264,26700,0,0,NaN,NaN,NaN,NaN,,,NaN,NaN,NaN
PUBLICATION,LOCAL_HOTSPOT,LARS_NO_RUNTIME_VALIDATION,3,22695477,LOCAL_HOTSPOT,,14,20999,125749,-1,-1,-1,-1,-1,-1,-1,INSERT_SPLIT_PRESSURE,,ABSTAIN,predicted benefit does not repay estimated adaptation cost within configured horizon,-1,-1,0,0,0.0,0.0,NaN,NaN,NaN,NaN,NaN,0,0,0,NaN,NaN,NaN,NaN,,,NaN,NaN,NaN
PUBLICATION,LOCAL_HOTSPOT,LARS_NO_RUNTIME_VALIDATION,3,22695477,LOCAL_HOTSPOT,,15,20998,130656,-1,-1,-1,-1,-1,-1,-1,INSERT_SPLIT_PRESSURE,,ABSTAIN,predicted benefit does not repay estimated adaptation cost within configured horizon,-1,-1,0,0,0.0,0.0,NaN,NaN,NaN,NaN,NaN,0,0,0,NaN,NaN,NaN,NaN,,,NaN,NaN,NaN
PUBLICATION,LOCAL_HOTSPOT,LARS_NO_RUNTIME_VALIDATION,3,22695477,LOCAL_HOTSPOT,,16,21560,152637,-1,-1,-1,-1,-1,-1,-1,NO_CONFIDENT_DIAGNOSIS,,ABSTAIN,"diagnostic confidence not satisfied: insertScore=0.07638822966644086, scanScore=0.0205897684447431",-1,-1,0,0,0.0,0.0,NaN,NaN,NaN,NaN,NaN,0,0,0,NaN,NaN,NaN,NaN,,,NaN,NaN,NaN
PUBLICATION,LOCAL_HOTSPOT,LARS_NO_RUNTIME_VALIDATION,3,22695477,LOCAL_HOTSPOT,,17,20996,154714,-1,-1,-1,-1,-1,-1,-1,NO_CONFIDENT_DIAGNOSIS,,ABSTAIN,"diagnostic confidence not satisfied: insertScore=0.11144670229862702, scanScore=0.0600276771075793",-1,-1,0,0,0.0,0.0,NaN,NaN,NaN,NaN,NaN,0,0,0,NaN,NaN,NaN,NaN,,,NaN,NaN,NaN
PUBLICATION,LOCAL_HOTSPOT,LARS_NO_RUNTIME_VALIDATION,3,22695477,LOCAL_HOTSPOT,,18,21000,155276,-1,-1,-1,-1,-1,-1,-1,NO_CONFIDENT_DIAGNOSIS,,ABSTAIN,"diagnostic confidence not satisfied: insertScore=0.07371276373430155, scanScore=0.053057169205198255",-1,-1,0,0,0.0,0.0,NaN,NaN,NaN,NaN,NaN,0,0,0,NaN,NaN,NaN,NaN,,,NaN,NaN,NaN
PUBLICATION,LOCAL_HOTSPOT,LARS_NO_RUNTIME_VALIDATION,3,22695477,LOCAL_HOTSPOT,,19,20999,156365,-1,-1,-1,-1,-1,-1,-1,NO_CONFIDENT_DIAGNOSIS,,ABSTAIN,"diagnostic confidence not satisfied: insertScore=0.04047792748304097, scanScore=0.0568191499563944",-1,-1,0,0,0.0,0.0,NaN,NaN,NaN,NaN,NaN,0,0,0,NaN,NaN,NaN,NaN,,,NaN,NaN,NaN
PUBLICATION,LOCAL_HOTSPOT,LARS_NO_RUNTIME_VALIDATION,3,22695477,LOCAL_HOTSPOT,,20,20998,160775,-1,-1,-1,-1,-1,-1,-1,NO_CONFIDENT_DIAGNOSIS,,ABSTAIN,"diagnostic confidence not satisfied: insertScore=0.0397931363297637, scanScore=0.045506808156750955",-1,-1,0,0,0.0,0.0,NaN,NaN,NaN,NaN,NaN,0,0,0,NaN,NaN,NaN,NaN,,,NaN,NaN,NaN
PUBLICATION,LOCAL_HOTSPOT,LARS_NO_RUNTIME_VALIDATION,3,22695477,LOCAL_HOTSPOT,,21,21174,168402,168402,168402,168402,-1,-1,168402,7,INSERT_SPLIT_PRESSURE,SLACKEN,COMMIT_NO_TRIAL,runtime validation disabled by evaluation policy,60,61,48,3,4.516065904455099E-5,1.358757190090131E-4,0.03163716130626873,662825.0996385206,2670.0,3070.4999999999995,92.64887529680249,31700,0,0,NaN,NaN,NaN,NaN,,,NaN,NaN,NaN
PUBLICATION,LOCAL_HOTSPOT,LARS_NO_RUNTIME_VALIDATION,3,22695477,LOCAL_HOTSPOT,,22,21576,175213,-1,-1,-1,-1,-1,-1,-1,NO_CONFIDENT_DIAGNOSIS,,ABSTAIN,"diagnostic confidence not satisfied: insertScore=0.053003863813398486, scanScore=0.0",-1,-1,0,0,0.0,0.0,NaN,NaN,NaN,NaN,NaN,0,0,0,NaN,NaN,NaN,NaN,,,NaN,NaN,NaN
PUBLICATION,LOCAL_HOTSPOT,LARS_NO_RUNTIME_VALIDATION,3,22695477,LOCAL_HOTSPOT,,23,20999,189642,-1,-1,-1,-1,-1,-1,-1,NO_CONFIDENT_DIAGNOSIS,,ABSTAIN,"diagnostic confidence not satisfied: insertScore=0.2336372430463262, scanScore=0.027423925184878812",-1,-1,0,0,0.0,0.0,NaN,NaN,NaN,NaN,NaN,0,0,0,NaN,NaN,NaN,NaN,,,NaN,NaN,NaN
PUBLICATION,LOCAL_HOTSPOT,LARS_NO_RUNTIME_VALIDATION,3,22695477,LOCAL_HOTSPOT,,24,21603,192027,-1,-1,-1,-1,-1,-1,-1,NO_CONFIDENT_DIAGNOSIS,,ABSTAIN,"diagnostic confidence not satisfied: insertScore=0.6228002239073581, scanScore=0.0",-1,-1,0,0,0.0,0.0,NaN,NaN,NaN,NaN,NaN,0,0,0,NaN,NaN,NaN,NaN,,,NaN,NaN,NaN
PUBLICATION,LOCAL_HOTSPOT,LARS_NO_RUNTIME_VALIDATION,3,22695477,LOCAL_HOTSPOT,,25,21600,193327,-1,-1,-1,-1,-1,-1,-1,NO_CONFIDENT_DIAGNOSIS,,ABSTAIN,"diagnostic confidence not satisfied: insertScore=0.33162741144790203, scanScore=0.0027261652151537303",-1,-1,0,0,0.0,0.0,NaN,NaN,NaN,NaN,NaN,0,0,0,NaN,NaN,NaN,NaN,,,NaN,NaN,NaN
PUBLICATION,LOCAL_HOTSPOT,LARS_NO_RUNTIME_VALIDATION,3,22695477,LOCAL_HOTSPOT,,26,21560,199370,-1,-1,-1,-1,-1,-1,-1,NO_CONFIDENT_DIAGNOSIS,,ABSTAIN,"diagnostic confidence not satisfied: insertScore=0.09366263412148933, scanScore=0.0",-1,-1,0,0,0.0,0.0,NaN,NaN,NaN,NaN,NaN,0,0,0,NaN,NaN,NaN,NaN,,,NaN,NaN,NaN
PUBLICATION,LOCAL_HOTSPOT,LARS_NO_RUNTIME_VALIDATION,3,22695477,LOCAL_HOTSPOT,,27,21576,236142,-1,-1,-1,-1,-1,-1,-1,NO_CONFIDENT_DIAGNOSIS,,ABSTAIN,"diagnostic confidence not satisfied: insertScore=0.10447929397295695, scanScore=0.012295318307859819",-1,-1,0,0,0.0,0.0,NaN,NaN,NaN,NaN,NaN,0,0,0,NaN,NaN,NaN,NaN,,,NaN,NaN,NaN
PUBLICATION,LOCAL_HOTSPOT,LARS_NO_RUNTIME_VALIDATION,3,22695477,LOCAL_HOTSPOT,,28,21642,239561,239561,239561,239561,-1,-1,239561,4,INSERT_SPLIT_PRESSURE,SLACKEN,COMMIT_NO_TRIAL,runtime validation disabled by evaluation policy,16,17,63,3,5.772661591000512E-5,1.332090049287332E-4,0.014949341586615667,56778.30009635318,3270.0,3760.4999999999995,1324.6257790805305,26300,0,0,NaN,NaN,NaN,NaN,,,NaN,NaN,NaN
PUBLICATION,LOCAL_HOTSPOT,LARS_NO_RUNTIME_VALIDATION,3,22695477,LOCAL_HOTSPOT,,29,21603,250487,250487,250487,250487,-1,-1,250487,5,INSERT_SPLIT_PRESSURE,SLACKEN,COMMIT_NO_TRIAL,runtime validation disabled by evaluation policy,6,7,58,3,5.292429544531688E-5,1.3217023526301876E-4,0.017522844724323215,1568852.4590163934,3070.0,3530.4999999999995,45.00741901776383,24700,0,0,NaN,NaN,NaN,NaN,,,NaN,NaN,NaN
PUBLICATION,LOCAL_HOTSPOT,LARS_NO_RUNTIME_VALIDATION,3,22695477,LOCAL_HOTSPOT,,30,20999,254018,-1,-1,-1,-1,-1,-1,-1,NO_CONFIDENT_DIAGNOSIS,,ABSTAIN,"diagnostic confidence not satisfied: insertScore=0.06659595617905179, scanScore=0.008184491433120627",-1,-1,0,0,0.0,0.0,NaN,NaN,NaN,NaN,NaN,0,0,0,NaN,NaN,NaN,NaN,,,NaN,NaN,NaN
PUBLICATION,LOCAL_HOTSPOT,LARS_NO_RUNTIME_VALIDATION,3,22695477,LOCAL_HOTSPOT,,31,21600,254436,254436,254436,254436,-1,-1,254436,5,INSERT_SPLIT_PRESSURE,SLACKEN,COMMIT_NO_TRIAL,runtime validation disabled by evaluation policy,29,30,61,3,5.558167590598132E-5,1.3175809214282578E-4,0.01676489849377865,193722.9862475442,3190.0,3668.4999999999995,378.7366766391156,24800,0,0,NaN,NaN,NaN,NaN,,,NaN,NaN,NaN
PUBLICATION,LOCAL_HOTSPOT,LARS_NO_RUNTIME_VALIDATION,3,22695477,LOCAL_HOTSPOT,,32,21560,258649,-1,-1,-1,-1,-1,-1,-1,NO_CONFIDENT_DIAGNOSIS,,ABSTAIN,"diagnostic confidence not satisfied: insertScore=0.13332879058736644, scanScore=0.0052173690950673415",-1,-1,0,0,0.0,0.0,NaN,NaN,NaN,NaN,NaN,0,0,0,NaN,NaN,NaN,NaN,,,NaN,NaN,NaN
PUBLICATION,LOCAL_HOTSPOT,LARS_NO_RUNTIME_VALIDATION,3,22695477,LOCAL_HOTSPOT,,33,21608,265060,265060,265060,265060,-1,-1,265060,5,INSERT_SPLIT_PRESSURE,SLACKEN,COMMIT_NO_TRIAL,runtime validation disabled by evaluation policy,26,27,57,3,5.173117938013341E-5,1.3087863188203472E-4,0.015465941700649449,92398.42924029604,3030.0,3484.4999999999995,754.2336008630693,27000,0,0,NaN,NaN,NaN,NaN,,,NaN,NaN,NaN
PUBLICATION,LOCAL_HOTSPOT,LARS_NO_RUNTIME_VALIDATION,3,22695477,LOCAL_HOTSPOT,,34,20996,289935,-1,-1,-1,-1,-1,-1,-1,INSERT_SPLIT_PRESSURE,,ABSTAIN,predicted benefit does not repay estimated adaptation cost within configured horizon,-1,-1,0,0,0.0,0.0,NaN,NaN,NaN,NaN,NaN,0,0,0,NaN,NaN,NaN,NaN,,,NaN,NaN,NaN
PUBLICATION,LOCAL_HOTSPOT,LARS_NO_RUNTIME_VALIDATION,3,22695477,LOCAL_HOTSPOT,,35,21576,292726,-1,-1,-1,-1,-1,-1,-1,NO_CONFIDENT_DIAGNOSIS,,ABSTAIN,"diagnostic confidence not satisfied: insertScore=0.14565373209017773, scanScore=0.04277572532707766",-1,-1,0,0,0.0,0.0,NaN,NaN,NaN,NaN,NaN,0,0,0,NaN,NaN,NaN,NaN,,,NaN,NaN,NaN
PUBLICATION,LOCAL_HOTSPOT,LARS_NO_RUNTIME_VALIDATION,4,69069,LOCAL_HOTSPOT,,1,20996,88562,-1,-1,-1,-1,-1,-1,-1,NO_CONFIDENT_DIAGNOSIS,,ABSTAIN,"diagnostic confidence not satisfied: insertScore=0.08975461513612454, scanScore=0.0017138205087827293",-1,-1,0,0,0.0,0.0,NaN,NaN,NaN,NaN,NaN,0,0,0,NaN,NaN,NaN,NaN,,,NaN,NaN,NaN
PUBLICATION,LOCAL_HOTSPOT,LARS_NO_RUNTIME_VALIDATION,4,69069,LOCAL_HOTSPOT,,2,21000,94087,-1,-1,-1,-1,-1,-1,-1,NO_CONFIDENT_DIAGNOSIS,,ABSTAIN,"diagnostic confidence not satisfied: insertScore=0.1323738591148263, scanScore=0.025247757203795896",-1,-1,0,0,0.0,0.0,NaN,NaN,NaN,NaN,NaN,0,0,0,NaN,NaN,NaN,NaN,,,NaN,NaN,NaN
PUBLICATION,LOCAL_HOTSPOT,LARS_NO_RUNTIME_VALIDATION,4,69069,LOCAL_HOTSPOT,,3,20997,101437,101437,101437,101437,-1,-1,101437,6,INSERT_SPLIT_PRESSURE,SLACKEN,COMMIT_NO_TRIAL,runtime validation disabled by evaluation policy,32,33,59,3,5.688128586413278E-5,1.3909495548961425E-4,0.0338322265173291,56661.04998843625,3110.0,3576.4999999999995,1262.419245929934,842900,0,0,NaN,NaN,NaN,NaN,,,NaN,NaN,NaN
PUBLICATION,LOCAL_HOTSPOT,LARS_NO_RUNTIME_VALIDATION,4,69069,LOCAL_HOTSPOT,,4,20998,118058,-1,-1,-1,-1,-1,-1,-1,INSERT_SPLIT_PRESSURE,,ABSTAIN,predicted benefit does not repay estimated adaptation cost within configured horizon,-1,-1,0,0,0.0,0.0,NaN,NaN,NaN,NaN,NaN,0,0,0,NaN,NaN,NaN,NaN,,,NaN,NaN,NaN
PUBLICATION,LOCAL_HOTSPOT,LARS_NO_RUNTIME_VALIDATION,4,69069,LOCAL_HOTSPOT,,5,21178,118458,118458,118458,118458,-1,-1,118458,5,INSERT_SPLIT_PRESSURE,SLACKEN,COMMIT_NO_TRIAL,runtime validation disabled by evaluation policy,49,50,62,3,5.940358797671379E-5,1.372872048325096E-4,0.03297906602254428,331884.0579710145,3230.0,3714.4999999999995,223.84323144104803,28200,0,0,NaN,NaN,NaN,NaN,,,NaN,NaN,NaN
PUBLICATION,LOCAL_HOTSPOT,LARS_NO_RUNTIME_VALIDATION,4,69069,LOCAL_HOTSPOT,,6,20996,121284,121284,121284,121284,-1,-1,121284,7,INSERT_SPLIT_PRESSURE,SLACKEN,COMMIT_NO_TRIAL,runtime validation disabled by evaluation policy,0,1,60,3,5.742643434483617E-5,1.3707392853879192E-4,0.031327439043044636,83996.69593416344,3150.0,3622.4999999999995,862.5339270104894,24800,0,0,NaN,NaN,NaN,NaN,,,NaN,NaN,NaN
PUBLICATION,LOCAL_HOTSPOT,LARS_NO_RUNTIME_VALIDATION,4,69069,LOCAL_HOTSPOT,,7,21000,125686,125686,125686,125686,-1,-1,125686,7,INSERT_SPLIT_PRESSURE,SLACKEN,COMMIT_NO_TRIAL,runtime validation disabled by evaluation policy,40,41,59,3,5.637921231551336E-5,1.3674901996535692E-4,0.03243380210312936,10664.512859495757,3110.0,3576.4999999999995,6707.291832491831,22500,0,0,NaN,NaN,NaN,NaN,,,NaN,NaN,NaN
PUBLICATION,LOCAL_HOTSPOT,LARS_NO_RUNTIME_VALIDATION,4,69069,LOCAL_HOTSPOT,,8,21176,135293,-1,-1,-1,-1,-1,-1,-1,NO_CONFIDENT_DIAGNOSIS,,ABSTAIN,"diagnostic confidence not satisfied: insertScore=0.09789044064730998, scanScore=0.001544093993860172",-1,-1,0,0,0.0,0.0,NaN,NaN,NaN,NaN,NaN,0,0,0,NaN,NaN,NaN,NaN,,,NaN,NaN,NaN
PUBLICATION,LOCAL_HOTSPOT,LARS_NO_RUNTIME_VALIDATION,4,69069,LOCAL_HOTSPOT,,9,21174,140356,-1,-1,-1,-1,-1,-1,-1,NO_CONFIDENT_DIAGNOSIS,,ABSTAIN,"diagnostic confidence not satisfied: insertScore=0.7102003018885682, scanScore=0.011973073716433302",-1,-1,0,0,0.0,0.0,NaN,NaN,NaN,NaN,NaN,0,0,0,NaN,NaN,NaN,NaN,,,NaN,NaN,NaN
PUBLICATION,LOCAL_HOTSPOT,LARS_NO_RUNTIME_VALIDATION,4,69069,LOCAL_HOTSPOT,,10,21001,142777,-1,-1,-1,-1,-1,-1,-1,NO_CONFIDENT_DIAGNOSIS,,ABSTAIN,"diagnostic confidence not satisfied: insertScore=0.10810944261041452, scanScore=0.062052605538373995",-1,-1,0,0,0.0,0.0,NaN,NaN,NaN,NaN,NaN,0,0,0,NaN,NaN,NaN,NaN,,,NaN,NaN,NaN
PUBLICATION,LOCAL_HOTSPOT,LARS_NO_RUNTIME_VALIDATION,4,69069,LOCAL_HOTSPOT,,11,21170,149848,-1,-1,-1,-1,-1,-1,-1,NO_CONFIDENT_DIAGNOSIS,,ABSTAIN,"diagnostic confidence not satisfied: insertScore=0.16275936859292647, scanScore=0.004088793199045347",-1,-1,0,0,0.0,0.0,NaN,NaN,NaN,NaN,NaN,0,0,0,NaN,NaN,NaN,NaN,,,NaN,NaN,NaN
PUBLICATION,LOCAL_HOTSPOT,LARS_NO_RUNTIME_VALIDATION,4,69069,LOCAL_HOTSPOT,,12,20998,149856,149856,149856,149856,-1,-1,149856,8,INSERT_SPLIT_PRESSURE,SLACKEN,COMMIT_NO_TRIAL,runtime validation disabled by evaluation policy,59,61,63,4,5.966089881511561E-5,1.8131544354290378E-4,0.0322316650928549,138513.56625747556,3520.0,4047.9999999999995,584.4914847510872,26700,0,0,NaN,NaN,NaN,NaN,,,NaN,NaN,NaN
PUBLICATION,LOCAL_HOTSPOT,LARS_NO_RUNTIME_VALIDATION,4,69069,LOCAL_HOTSPOT,,13,20999,150008,-1,-1,-1,-1,-1,-1,-1,NO_CONFIDENT_DIAGNOSIS,,ABSTAIN,"diagnostic confidence not satisfied: insertScore=0.07404270788438858, scanScore=0.06401779409763866",-1,-1,0,0,0.0,0.0,NaN,NaN,NaN,NaN,NaN,0,0,0,NaN,NaN,NaN,NaN,,,NaN,NaN,NaN
PUBLICATION,LOCAL_HOTSPOT,LARS_NO_RUNTIME_VALIDATION,4,69069,LOCAL_HOTSPOT,,14,20999,181399,-1,-1,-1,-1,-1,-1,-1,NO_CONFIDENT_DIAGNOSIS,,ABSTAIN,"diagnostic confidence not satisfied: insertScore=0.11664321666513965, scanScore=0.026739044917154564",-1,-1,0,0,0.0,0.0,NaN,NaN,NaN,NaN,NaN,0,0,0,NaN,NaN,NaN,NaN,,,NaN,NaN,NaN
PUBLICATION,LOCAL_HOTSPOT,LARS_NO_RUNTIME_VALIDATION,4,69069,LOCAL_HOTSPOT,,15,21602,181862,-1,-1,-1,-1,-1,-1,-1,NO_CONFIDENT_DIAGNOSIS,,ABSTAIN,"diagnostic confidence not satisfied: insertScore=0.07020191181437715, scanScore=0.007127405631474155",-1,-1,0,0,0.0,0.0,NaN,NaN,NaN,NaN,NaN,0,0,0,NaN,NaN,NaN,NaN,,,NaN,NaN,NaN
PUBLICATION,LOCAL_HOTSPOT,LARS_NO_RUNTIME_VALIDATION,4,69069,LOCAL_HOTSPOT,,16,21574,183182,-1,-1,-1,-1,-1,-1,-1,NO_CONFIDENT_DIAGNOSIS,,ABSTAIN,"diagnostic confidence not satisfied: insertScore=0.05176632050832619, scanScore=0.012853654221888056",-1,-1,0,0,0.0,0.0,NaN,NaN,NaN,NaN,NaN,0,0,0,NaN,NaN,NaN,NaN,,,NaN,NaN,NaN
PUBLICATION,LOCAL_HOTSPOT,LARS_NO_RUNTIME_VALIDATION,4,69069,LOCAL_HOTSPOT,,17,21176,186524,186524,186524,186524,-1,-1,186524,6,INSERT_SPLIT_PRESSURE,SLACKEN,COMMIT_NO_TRIAL,runtime validation disabled by evaluation policy,0,1,53,3,4.951910409663139E-5,1.3567293777134589E-4,0.01998828811243412,1183406.9880929142,2870.0,3300.4999999999995,55.779626674654445,23600,0,0,NaN,NaN,NaN,NaN,,,NaN,NaN,NaN
PUBLICATION,LOCAL_HOTSPOT,LARS_NO_RUNTIME_VALIDATION,4,69069,LOCAL_HOTSPOT,,18,20999,231895,-1,-1,-1,-1,-1,-1,-1,NO_CONFIDENT_DIAGNOSIS,,ABSTAIN,"diagnostic confidence not satisfied: insertScore=0.06074330008346397, scanScore=0.02499645615480596",-1,-1,0,0,0.0,0.0,NaN,NaN,NaN,NaN,NaN,0,0,0,NaN,NaN,NaN,NaN,,,NaN,NaN,NaN
PUBLICATION,LOCAL_HOTSPOT,LARS_NO_RUNTIME_VALIDATION,4,69069,LOCAL_HOTSPOT,,19,21602,241149,-1,-1,-1,-1,-1,-1,-1,NO_CONFIDENT_DIAGNOSIS,,ABSTAIN,"diagnostic confidence not satisfied: insertScore=0.05856101637878148, scanScore=0.002495574813513452",-1,-1,0,0,0.0,0.0,NaN,NaN,NaN,NaN,NaN,0,0,0,NaN,NaN,NaN,NaN,,,NaN,NaN,NaN
PUBLICATION,LOCAL_HOTSPOT,LARS_NO_RUNTIME_VALIDATION,4,69069,LOCAL_HOTSPOT,,20,21574,244575,-1,-1,-1,-1,-1,-1,-1,NO_CONFIDENT_DIAGNOSIS,,ABSTAIN,"diagnostic confidence not satisfied: insertScore=0.14001489712725232, scanScore=0.004834045287008435",-1,-1,0,0,0.0,0.0,NaN,NaN,NaN,NaN,NaN,0,0,0,NaN,NaN,NaN,NaN,,,NaN,NaN,NaN
PUBLICATION,LOCAL_HOTSPOT,LARS_NO_RUNTIME_VALIDATION,4,69069,LOCAL_HOTSPOT,,21,21600,251315,-1,-1,-1,-1,-1,-1,-1,NO_CONFIDENT_DIAGNOSIS,,ABSTAIN,"diagnostic confidence not satisfied: insertScore=0.10703782057949542, scanScore=0.04112627456231322",-1,-1,0,0,0.0,0.0,NaN,NaN,NaN,NaN,NaN,0,0,0,NaN,NaN,NaN,NaN,,,NaN,NaN,NaN
PUBLICATION,LOCAL_HOTSPOT,LARS_NO_RUNTIME_VALIDATION,4,69069,LOCAL_HOTSPOT,,22,21605,259805,259805,259805,259805,-1,-1,259805,5,INSERT_SPLIT_PRESSURE,SLACKEN,COMMIT_NO_TRIAL,runtime validation disabled by evaluation policy,21,22,62,3,5.6364814900675196E-5,1.3145786775338504E-4,0.01605242118794187,25058.707341160978,3230.0,3714.4999999999995,2964.6381590471187,23800,0,0,NaN,NaN,NaN,NaN,,,NaN,NaN,NaN
PUBLICATION,LOCAL_HOTSPOT,LARS_NO_RUNTIME_VALIDATION,4,69069,LOCAL_HOTSPOT,,23,21001,293950,-1,-1,-1,-1,-1,-1,-1,INSERT_SPLIT_PRESSURE,,ABSTAIN,predicted benefit does not repay estimated adaptation cost within configured horizon,-1,-1,0,0,0.0,0.0,NaN,NaN,NaN,NaN,NaN,0,0,0,NaN,NaN,NaN,NaN,,,NaN,NaN,NaN
PUBLICATION,LOCAL_HOTSPOT,LARS_NO_RUNTIME_VALIDATION,4,69069,LOCAL_HOTSPOT,,24,20999,298183,298183,298183,298183,-1,-1,298183,11,INSERT_SPLIT_PRESSURE,SLACKEN,COMMIT_NO_TRIAL,runtime validation disabled by evaluation policy,35,36,60,3,5.3773607734078755E-5,1.2839717526214425E-4,0.015475057049160508,19660.044430339563,3150.0,3622.4999999999995,3685.1391794514197,26600,0,0,NaN,NaN,NaN,NaN,,,NaN,NaN,NaN
PUBLICATION,LOCAL_HOTSPOT,LARS_NO_RUNTIME_VALIDATION,5,48271,LOCAL_HOTSPOT,,1,21001,50308,-1,-1,-1,-1,-1,-1,-1,NO_CONFIDENT_DIAGNOSIS,,ABSTAIN,"diagnostic confidence not satisfied: insertScore=0.13017809595933297, scanScore=0.05816186380509413",-1,-1,0,0,0.0,0.0,NaN,NaN,NaN,NaN,NaN,0,0,0,NaN,NaN,NaN,NaN,,,NaN,NaN,NaN
PUBLICATION,LOCAL_HOTSPOT,LARS_NO_RUNTIME_VALIDATION,5,48271,LOCAL_HOTSPOT,,2,20996,52671,-1,-1,-1,-1,-1,-1,-1,NO_CONFIDENT_DIAGNOSIS,,ABSTAIN,"diagnostic confidence not satisfied: insertScore=0.16530584337206367, scanScore=0.0455782640209837",-1,-1,0,0,0.0,0.0,NaN,NaN,NaN,NaN,NaN,0,0,0,NaN,NaN,NaN,NaN,,,NaN,NaN,NaN
PUBLICATION,LOCAL_HOTSPOT,LARS_NO_RUNTIME_VALIDATION,5,48271,LOCAL_HOTSPOT,,3,20997,52995,-1,-1,-1,-1,-1,-1,-1,NO_CONFIDENT_DIAGNOSIS,,ABSTAIN,"diagnostic confidence not satisfied: insertScore=0.13370952043692128, scanScore=0.05456217195194002",-1,-1,0,0,0.0,0.0,NaN,NaN,NaN,NaN,NaN,0,0,0,NaN,NaN,NaN,NaN,,,NaN,NaN,NaN
PUBLICATION,LOCAL_HOTSPOT,LARS_NO_RUNTIME_VALIDATION,5,48271,LOCAL_HOTSPOT,,4,20996,68835,-1,-1,-1,-1,-1,-1,-1,NO_CONFIDENT_DIAGNOSIS,,ABSTAIN,"diagnostic confidence not satisfied: insertScore=0.19334429684406187, scanScore=0.020920758142152093",-1,-1,0,0,0.0,0.0,NaN,NaN,NaN,NaN,NaN,0,0,0,NaN,NaN,NaN,NaN,,,NaN,NaN,NaN
PUBLICATION,LOCAL_HOTSPOT,LARS_NO_RUNTIME_VALIDATION,5,48271,LOCAL_HOTSPOT,,5,21172,73044,-1,-1,-1,-1,-1,-1,-1,INSERT_SPLIT_PRESSURE,,ABSTAIN,no feasible bounded repair window for SLACKEN,-1,-1,0,0,0.0,0.0,NaN,NaN,NaN,NaN,NaN,0,0,0,NaN,NaN,NaN,NaN,,,NaN,NaN,NaN
PUBLICATION,LOCAL_HOTSPOT,LARS_NO_RUNTIME_VALIDATION,5,48271,LOCAL_HOTSPOT,,6,20996,96401,-1,-1,-1,-1,-1,-1,-1,NO_CONFIDENT_DIAGNOSIS,,ABSTAIN,"diagnostic confidence not satisfied: insertScore=0.07480075609697759, scanScore=0.007582112587456981",-1,-1,0,0,0.0,0.0,NaN,NaN,NaN,NaN,NaN,0,0,0,NaN,NaN,NaN,NaN,,,NaN,NaN,NaN
PUBLICATION,LOCAL_HOTSPOT,LARS_NO_RUNTIME_VALIDATION,5,48271,LOCAL_HOTSPOT,,7,21177,104093,104093,104093,104093,-1,-1,104093,4,INSERT_SPLIT_PRESSURE,SLACKEN,COMMIT_NO_TRIAL,runtime validation disabled by evaluation policy,13,14,62,3,5.973013539472949E-5,1.388631734863914E-4,0.03372081535877762,446504.42915006424,3230.0,3714.4999999999995,166.38132826904638,74400,0,0,NaN,NaN,NaN,NaN,,,NaN,NaN,NaN
PUBLICATION,LOCAL_HOTSPOT,LARS_NO_RUNTIME_VALIDATION,5,48271,LOCAL_HOTSPOT,,8,21001,116287,-1,-1,-1,-1,-1,-1,-1,INSERT_SPLIT_PRESSURE,,ABSTAIN,predicted benefit does not repay estimated adaptation cost within configured horizon,-1,-1,0,0,0.0,0.0,NaN,NaN,NaN,NaN,NaN,0,0,0,NaN,NaN,NaN,NaN,,,NaN,NaN,NaN
PUBLICATION,LOCAL_HOTSPOT,LARS_NO_RUNTIME_VALIDATION,5,48271,LOCAL_HOTSPOT,,9,20999,118692,-1,-1,-1,-1,-1,-1,-1,INSERT_SPLIT_PRESSURE,,ABSTAIN,predicted benefit does not repay estimated adaptation cost within configured horizon,-1,-1,0,0,0.0,0.0,NaN,NaN,NaN,NaN,NaN,0,0,0,NaN,NaN,NaN,NaN,,,NaN,NaN,NaN
PUBLICATION,LOCAL_HOTSPOT,LARS_NO_RUNTIME_VALIDATION,5,48271,LOCAL_HOTSPOT,,10,20996,128216,-1,-1,-1,-1,-1,-1,-1,INSERT_SPLIT_PRESSURE,,ABSTAIN,predicted benefit does not repay estimated adaptation cost within configured horizon,-1,-1,0,0,0.0,0.0,NaN,NaN,NaN,NaN,NaN,0,0,0,NaN,NaN,NaN,NaN,,,NaN,NaN,NaN
PUBLICATION,LOCAL_HOTSPOT,LARS_NO_RUNTIME_VALIDATION,5,48271,LOCAL_HOTSPOT,,11,20997,128354,-1,-1,-1,-1,-1,-1,-1,INSERT_SPLIT_PRESSURE,,ABSTAIN,predicted benefit does not repay estimated adaptation cost within configured horizon,-1,-1,0,0,0.0,0.0,NaN,NaN,NaN,NaN,NaN,0,0,0,NaN,NaN,NaN,NaN,,,NaN,NaN,NaN
PUBLICATION,LOCAL_HOTSPOT,LARS_NO_RUNTIME_VALIDATION,5,48271,LOCAL_HOTSPOT,,12,21000,129349,-1,-1,-1,-1,-1,-1,-1,INSERT_SPLIT_PRESSURE,,ABSTAIN,predicted benefit does not repay estimated adaptation cost within configured horizon,-1,-1,0,0,0.0,0.0,NaN,NaN,NaN,NaN,NaN,0,0,0,NaN,NaN,NaN,NaN,,,NaN,NaN,NaN
PUBLICATION,LOCAL_HOTSPOT,LARS_NO_RUNTIME_VALIDATION,5,48271,LOCAL_HOTSPOT,,13,20998,129365,-1,-1,-1,-1,-1,-1,-1,INSERT_SPLIT_PRESSURE,,ABSTAIN,predicted benefit does not repay estimated adaptation cost within configured horizon,-1,-1,0,0,0.0,0.0,NaN,NaN,NaN,NaN,NaN,0,0,0,NaN,NaN,NaN,NaN,,,NaN,NaN,NaN
PUBLICATION,LOCAL_HOTSPOT,LARS_NO_RUNTIME_VALIDATION,5,48271,LOCAL_HOTSPOT,,14,21170,132693,-1,-1,-1,-1,-1,-1,-1,INSERT_SPLIT_PRESSURE,,ABSTAIN,no feasible bounded repair window for SLACKEN,-1,-1,0,0,0.0,0.0,NaN,NaN,NaN,NaN,NaN,0,0,0,NaN,NaN,NaN,NaN,,,NaN,NaN,NaN
PUBLICATION,LOCAL_HOTSPOT,LARS_NO_RUNTIME_VALIDATION,5,48271,LOCAL_HOTSPOT,,15,20999,148616,-1,-1,-1,-1,-1,-1,-1,NO_CONFIDENT_DIAGNOSIS,,ABSTAIN,"diagnostic confidence not satisfied: insertScore=0.13021631088354044, scanScore=0.054001370848050394",-1,-1,0,0,0.0,0.0,NaN,NaN,NaN,NaN,NaN,0,0,0,NaN,NaN,NaN,NaN,,,NaN,NaN,NaN
PUBLICATION,LOCAL_HOTSPOT,LARS_NO_RUNTIME_VALIDATION,5,48271,LOCAL_HOTSPOT,,16,21001,150180,-1,-1,-1,-1,-1,-1,-1,NO_CONFIDENT_DIAGNOSIS,,ABSTAIN,"diagnostic confidence not satisfied: insertScore=0.12720382921276643, scanScore=0.06185838658140528",-1,-1,0,0,0.0,0.0,NaN,NaN,NaN,NaN,NaN,0,0,0,NaN,NaN,NaN,NaN,,,NaN,NaN,NaN
PUBLICATION,LOCAL_HOTSPOT,LARS_NO_RUNTIME_VALIDATION,5,48271,LOCAL_HOTSPOT,,17,20996,159607,-1,-1,-1,-1,-1,-1,-1,INSERT_SPLIT_PRESSURE,,ABSTAIN,no feasible bounded repair window for SLACKEN,-1,-1,0,0,0.0,0.0,NaN,NaN,NaN,NaN,NaN,0,0,0,NaN,NaN,NaN,NaN,,,NaN,NaN,NaN
PUBLICATION,LOCAL_HOTSPOT,LARS_NO_RUNTIME_VALIDATION,5,48271,LOCAL_HOTSPOT,,18,20997,163673,-1,-1,-1,-1,-1,-1,-1,NO_CONFIDENT_DIAGNOSIS,,ABSTAIN,"diagnostic confidence not satisfied: insertScore=0.06781062073248728, scanScore=0.05156387183768026",-1,-1,0,0,0.0,0.0,NaN,NaN,NaN,NaN,NaN,0,0,0,NaN,NaN,NaN,NaN,,,NaN,NaN,NaN
PUBLICATION,LOCAL_HOTSPOT,LARS_NO_RUNTIME_VALIDATION,5,48271,LOCAL_HOTSPOT,,19,21580,180601,180601,180601,180601,-1,-1,180601,4,INSERT_SPLIT_PRESSURE,SLACKEN,COMMIT_NO_TRIAL,runtime validation disabled by evaluation policy,15,16,47,3,4.401795932740558E-5,1.3571590137977834E-4,0.019399083090213314,139127.7990376236,2630.0,3024.4999999999995,434.78011165577334,30900,0,0,NaN,NaN,NaN,NaN,,,NaN,NaN,NaN
PUBLICATION,LOCAL_HOTSPOT,LARS_NO_RUNTIME_VALIDATION,5,48271,LOCAL_HOTSPOT,,20,21596,185016,-1,-1,-1,-1,-1,-1,-1,NO_CONFIDENT_DIAGNOSIS,,ABSTAIN,"diagnostic confidence not satisfied: insertScore=0.4160382446498402, scanScore=0.011492994164513244",-1,-1,0,0,0.0,0.0,NaN,NaN,NaN,NaN,NaN,0,0,0,NaN,NaN,NaN,NaN,,,NaN,NaN,NaN
PUBLICATION,LOCAL_HOTSPOT,LARS_NO_RUNTIME_VALIDATION,5,48271,LOCAL_HOTSPOT,,21,20996,198534,198534,198534,198534,-1,-1,198534,9,INSERT_SPLIT_PRESSURE,SLACKEN,COMMIT_NO_TRIAL,runtime validation disabled by evaluation policy,23,24,58,3,5.3958005786530964E-5,1.353546291283162E-4,0.0263171421228476,1483670.0077101002,3070.0,3530.4999999999995,47.591445289764685,49100,0,0,NaN,NaN,NaN,NaN,,,NaN,NaN,NaN
PUBLICATION,LOCAL_HOTSPOT,LARS_NO_RUNTIME_VALIDATION,5,48271,LOCAL_HOTSPOT,,22,21596,244511,244511,244511,244511,-1,-1,244511,5,INSERT_SPLIT_PRESSURE,SLACKEN,COMMIT_NO_TRIAL,runtime validation disabled by evaluation policy,22,23,63,3,5.762354992165941E-5,1.3272574437021633E-4,0.017218186709712133,605084.7457627119,3270.0,3760.4999999999995,124.29663865546217,27000,0,0,NaN,NaN,NaN,NaN,,,NaN,NaN,NaN
PUBLICATION,LOCAL_HOTSPOT,LARS_NO_RUNTIME_VALIDATION,5,48271,LOCAL_HOTSPOT,,23,21554,270159,-1,-1,-1,-1,-1,-1,-1,INSERT_SPLIT_PRESSURE,,ABSTAIN,predicted benefit does not repay estimated adaptation cost within configured horizon,-1,-1,0,0,0.0,0.0,NaN,NaN,NaN,NaN,NaN,0,0,0,NaN,NaN,NaN,NaN,,,NaN,NaN,NaN
PUBLICATION,LOCAL_HOTSPOT,LARS_NO_RUNTIME_VALIDATION,5,48271,LOCAL_HOTSPOT,,24,21609,272369,272369,272369,272369,-1,-1,272369,5,INSERT_SPLIT_PRESSURE,SLACKEN,COMMIT_NO_TRIAL,runtime validation disabled by evaluation policy,32,34,94,4,8.509752266626834E-5,1.7365633411478684E-4,0.01664364079642422,254654.20560747664,4760.0,5474.0,429.91632413388135,29100,0,0,NaN,NaN,NaN,NaN,,,NaN,NaN,NaN
PUBLICATION,LOCAL_HOTSPOT,LARS_NO_RUNTIME_VALIDATION,5,48271,LOCAL_HOTSPOT,,25,20999,289481,-1,-1,-1,-1,-1,-1,-1,INSERT_SPLIT_PRESSURE,,ABSTAIN,predicted benefit does not repay estimated adaptation cost within configured horizon,-1,-1,0,0,0.0,0.0,NaN,NaN,NaN,NaN,NaN,0,0,0,NaN,NaN,NaN,NaN,,,NaN,NaN,NaN
PUBLICATION,LOCAL_HOTSPOT,LARS_NO_RUNTIME_VALIDATION,5,48271,LOCAL_HOTSPOT,,26,21001,291374,-1,-1,-1,-1,-1,-1,-1,INSERT_SPLIT_PRESSURE,,ABSTAIN,predicted benefit does not repay estimated adaptation cost within configured horizon,-1,-1,0,0,0.0,0.0,NaN,NaN,NaN,NaN,NaN,0,0,0,NaN,NaN,NaN,NaN,,,NaN,NaN,NaN
PUBLICATION,LOCAL_HOTSPOT,LARS_NO_RUNTIME_VALIDATION,6,134775813,LOCAL_HOTSPOT,,1,21000,121487,-1,-1,-1,-1,-1,-1,-1,INSERT_SPLIT_PRESSURE,,ABSTAIN,predicted benefit does not repay estimated adaptation cost within configured horizon,-1,-1,0,0,0.0,0.0,NaN,NaN,NaN,NaN,NaN,0,0,0,NaN,NaN,NaN,NaN,,,NaN,NaN,NaN
PUBLICATION,LOCAL_HOTSPOT,LARS_NO_RUNTIME_VALIDATION,6,134775813,LOCAL_HOTSPOT,,2,20999,124442,-1,-1,-1,-1,-1,-1,-1,INSERT_SPLIT_PRESSURE,,ABSTAIN,predicted benefit does not repay estimated adaptation cost within configured horizon,-1,-1,0,0,0.0,0.0,NaN,NaN,NaN,NaN,NaN,0,0,0,NaN,NaN,NaN,NaN,,,NaN,NaN,NaN
PUBLICATION,LOCAL_HOTSPOT,LARS_NO_RUNTIME_VALIDATION,6,134775813,LOCAL_HOTSPOT,,3,21001,127946,-1,-1,-1,-1,-1,-1,-1,INSERT_SPLIT_PRESSURE,,ABSTAIN,predicted benefit does not repay estimated adaptation cost within configured horizon,-1,-1,0,0,0.0,0.0,NaN,NaN,NaN,NaN,NaN,0,0,0,NaN,NaN,NaN,NaN,,,NaN,NaN,NaN
PUBLICATION,LOCAL_HOTSPOT,LARS_NO_RUNTIME_VALIDATION,6,134775813,LOCAL_HOTSPOT,,4,20997,128877,128877,128877,128877,-1,-1,128877,7,INSERT_SPLIT_PRESSURE,SLACKEN,COMMIT_NO_TRIAL,runtime validation disabled by evaluation policy,50,51,46,3,4.39052791325844E-5,1.3658092419758708E-4,0.03378088608847689,326488.04143436806,2590.0,2978.4999999999995,182.45691247461812,26500,0,0,NaN,NaN,NaN,NaN,,,NaN,NaN,NaN
PUBLICATION,LOCAL_HOTSPOT,LARS_NO_RUNTIME_VALIDATION,6,134775813,LOCAL_HOTSPOT,,5,20998,133926,-1,-1,-1,-1,-1,-1,-1,INSERT_SPLIT_PRESSURE,,ABSTAIN,predicted benefit does not repay estimated adaptation cost within configured horizon,-1,-1,0,0,0.0,0.0,NaN,NaN,NaN,NaN,NaN,0,0,0,NaN,NaN,NaN,NaN,,,NaN,NaN,NaN
PUBLICATION,LOCAL_HOTSPOT,LARS_NO_RUNTIME_VALIDATION,6,134775813,LOCAL_HOTSPOT,,6,20996,149628,-1,-1,-1,-1,-1,-1,-1,NO_CONFIDENT_DIAGNOSIS,,ABSTAIN,"diagnostic confidence not satisfied: insertScore=0.09778469386041228, scanScore=0.06533568996640554",-1,-1,0,0,0.0,0.0,NaN,NaN,NaN,NaN,NaN,0,0,0,NaN,NaN,NaN,NaN,,,NaN,NaN,NaN
PUBLICATION,LOCAL_HOTSPOT,LARS_NO_RUNTIME_VALIDATION,6,134775813,LOCAL_HOTSPOT,,7,21000,151326,-1,-1,-1,-1,-1,-1,-1,NO_CONFIDENT_DIAGNOSIS,,ABSTAIN,"diagnostic confidence not satisfied: insertScore=0.09408995312609833, scanScore=0.05208286703773543",-1,-1,0,0,0.0,0.0,NaN,NaN,NaN,NaN,NaN,0,0,0,NaN,NaN,NaN,NaN,,,NaN,NaN,NaN
PUBLICATION,LOCAL_HOTSPOT,LARS_NO_RUNTIME_VALIDATION,6,134775813,LOCAL_HOTSPOT,,8,20999,157116,-1,-1,-1,-1,-1,-1,-1,NO_CONFIDENT_DIAGNOSIS,,ABSTAIN,"diagnostic confidence not satisfied: insertScore=0.08404178146471067, scanScore=0.05016285717290716",-1,-1,0,0,0.0,0.0,NaN,NaN,NaN,NaN,NaN,0,0,0,NaN,NaN,NaN,NaN,,,NaN,NaN,NaN
PUBLICATION,LOCAL_HOTSPOT,LARS_NO_RUNTIME_VALIDATION,6,134775813,LOCAL_HOTSPOT,,9,21001,158297,-1,-1,-1,-1,-1,-1,-1,NO_CONFIDENT_DIAGNOSIS,,ABSTAIN,"diagnostic confidence not satisfied: insertScore=0.04304777760302466, scanScore=0.05062670145310805",-1,-1,0,0,0.0,0.0,NaN,NaN,NaN,NaN,NaN,0,0,0,NaN,NaN,NaN,NaN,,,NaN,NaN,NaN
PUBLICATION,LOCAL_HOTSPOT,LARS_NO_RUNTIME_VALIDATION,6,134775813,LOCAL_HOTSPOT,,10,21553,160586,160586,160586,160586,-1,-1,160586,4,INSERT_SPLIT_PRESSURE,SLACKEN,COMMIT_NO_TRIAL,runtime validation disabled by evaluation policy,28,29,49,3,4.622270855638935E-5,1.3588187335809404E-4,0.030393873734825324,2852542.2219583867,2710.0,3116.4999999999995,21.850684459705526,25600,0,0,NaN,NaN,NaN,NaN,,,NaN,NaN,NaN
PUBLICATION,LOCAL_HOTSPOT,LARS_NO_RUNTIME_VALIDATION,6,134775813,LOCAL_HOTSPOT,,11,21585,174158,174158,174158,174158,-1,-1,174158,4,INSERT_SPLIT_PRESSURE,SLACKEN,COMMIT_NO_TRIAL,runtime validation disabled by evaluation policy,2,3,55,3,5.162239811381143E-5,1.358019102802046E-4,0.02296324535240957,422227.7038997152,2950.0,3392.4999999999995,160.69528212699964,26200,0,0,NaN,NaN,NaN,NaN,,,NaN,NaN,NaN
PUBLICATION,LOCAL_HOTSPOT,LARS_NO_RUNTIME_VALIDATION,6,134775813,LOCAL_HOTSPOT,,12,21170,184307,184307,184307,184307,-1,-1,184307,6,INSERT_SPLIT_PRESSURE,SLACKEN,COMMIT_NO_TRIAL,runtime validation disabled by evaluation policy,12,13,56,3,5.235856642245135E-5,1.3570362328674176E-4,0.020172570032701627,1145046.4126708955,2990.0,3438.4999999999995,60.05870088670858,24600,0,0,NaN,NaN,NaN,NaN,,,NaN,NaN,NaN
PUBLICATION,LOCAL_HOTSPOT,LARS_NO_RUNTIME_VALIDATION,6,134775813,LOCAL_HOTSPOT,,13,21001,213143,-1,-1,-1,-1,-1,-1,-1,NO_CONFIDENT_DIAGNOSIS,,ABSTAIN,"diagnostic confidence not satisfied: insertScore=0.05736440033034761, scanScore=0.01964911651502925",-1,-1,0,0,0.0,0.0,NaN,NaN,NaN,NaN,NaN,0,0,0,NaN,NaN,NaN,NaN,,,NaN,NaN,NaN
PUBLICATION,LOCAL_HOTSPOT,LARS_NO_RUNTIME_VALIDATION,6,134775813,LOCAL_HOTSPOT,,14,21621,215366,215366,215366,215366,-1,-1,215366,4,INSERT_SPLIT_PRESSURE,SLACKEN,COMMIT_NO_TRIAL,runtime validation disabled by evaluation policy,18,19,61,3,5.639438348920371E-5,1.3484964264844697E-4,0.020726227583694287,354450.87641177187,3190.0,3668.4999999999995,206.99624371859295,25300,0,0,NaN,NaN,NaN,NaN,,,NaN,NaN,NaN
PUBLICATION,LOCAL_HOTSPOT,LARS_NO_RUNTIME_VALIDATION,6,134775813,LOCAL_HOTSPOT,,15,21606,226350,226350,226350,226350,-1,-1,226350,4,INSERT_SPLIT_PRESSURE,SLACKEN,COMMIT_NO_TRIAL,runtime validation disabled by evaluation policy,3,4,58,3,5.340616215031625E-5,1.3428827215756492E-4,0.01600325066029037,160070.01422163876,3070.0,3530.4999999999995,441.1194710224165,24900,0,0,NaN,NaN,NaN,NaN,,,NaN,NaN,NaN
PUBLICATION,LOCAL_HOTSPOT,LARS_NO_RUNTIME_VALIDATION,6,134775813,LOCAL_HOTSPOT,,16,21640,228582,-1,-1,-1,-1,-1,-1,-1,NO_CONFIDENT_DIAGNOSIS,,ABSTAIN,"diagnostic confidence not satisfied: insertScore=0.11898721965426236, scanScore=0.0",-1,-1,0,0,0.0,0.0,NaN,NaN,NaN,NaN,NaN,0,0,0,NaN,NaN,NaN,NaN,,,NaN,NaN,NaN
PUBLICATION,LOCAL_HOTSPOT,LARS_NO_RUNTIME_VALIDATION,6,134775813,LOCAL_HOTSPOT,,17,21001,274809,-1,-1,-1,-1,-1,-1,-1,NO_CONFIDENT_DIAGNOSIS,,ABSTAIN,"diagnostic confidence not satisfied: insertScore=0.14765014358992043, scanScore=0.0452354241850727",-1,-1,0,0,0.0,0.0,NaN,NaN,NaN,NaN,NaN,0,0,0,NaN,NaN,NaN,NaN,,,NaN,NaN,NaN
PUBLICATION,LOCAL_HOTSPOT,LARS_NO_RUNTIME_VALIDATION,6,134775813,LOCAL_HOTSPOT,,18,21627,275937,275937,275937,275937,-1,-1,275937,5,INSERT_SPLIT_PRESSURE,SLACKEN,COMMIT_NO_TRIAL,runtime validation disabled by evaluation policy,44,45,60,3,5.423978868178329E-5,1.3001083423618635E-4,0.015953634749010688,73869.3796154925,3150.0,3622.4999999999995,980.7852777039594,28600,0,0,NaN,NaN,NaN,NaN,,,NaN,NaN,NaN
PUBLICATION,LOCAL_HOTSPOT,LARS_NO_RUNTIME_VALIDATION,6,134775813,LOCAL_HOTSPOT,,19,21182,287929,-1,-1,-1,-1,-1,-1,-1,NO_CONFIDENT_DIAGNOSIS,,ABSTAIN,"diagnostic confidence not satisfied: insertScore=0.06275183039513252, scanScore=0.0",-1,-1,0,0,0.0,0.0,NaN,NaN,NaN,NaN,NaN,0,0,0,NaN,NaN,NaN,NaN,,,NaN,NaN,NaN
PUBLICATION,LOCAL_HOTSPOT,LARS_NO_RUNTIME_VALIDATION,6,134775813,LOCAL_HOTSPOT,,20,21640,291625,291625,291625,291625,-1,-1,291625,5,INSERT_SPLIT_PRESSURE,SLACKEN,COMMIT_NO_TRIAL,runtime validation disabled by evaluation policy,16,17,54,3,4.85353557596637E-5,1.2893798083122017E-4,0.016242881842551907,203416.71557508365,2910.0,3346.4999999999995,329.02900733000627,29100,0,0,NaN,NaN,NaN,NaN,,,NaN,NaN,NaN
PUBLICATION,LOCAL_HOTSPOT,LARS_NO_RUNTIME_VALIDATION,7,16807,LOCAL_HOTSPOT,,1,21000,53794,-1,-1,-1,-1,-1,-1,-1,NO_CONFIDENT_DIAGNOSIS,,ABSTAIN,"diagnostic confidence not satisfied: insertScore=0.1661287980162464, scanScore=0.05072079854481021",-1,-1,0,0,0.0,0.0,NaN,NaN,NaN,NaN,NaN,0,0,0,NaN,NaN,NaN,NaN,,,NaN,NaN,NaN
PUBLICATION,LOCAL_HOTSPOT,LARS_NO_RUNTIME_VALIDATION,7,16807,LOCAL_HOTSPOT,,2,21170,78817,78817,78817,78817,-1,-1,78817,4,INSERT_SPLIT_PRESSURE,SLACKEN,COMMIT_NO_TRIAL,runtime validation disabled by evaluation policy,17,18,56,3,5.443187219396409E-5,1.4087152516904582E-4,0.04442130834634739,4445549.193128579,2990.0,3438.4999999999995,15.469404793967142,1002600,0,0,NaN,NaN,NaN,NaN,,,NaN,NaN,NaN
PUBLICATION,LOCAL_HOTSPOT,LARS_NO_RUNTIME_VALIDATION,7,16807,LOCAL_HOTSPOT,,3,20999,103501,-1,-1,-1,-1,-1,-1,-1,NO_CONFIDENT_DIAGNOSIS,,ABSTAIN,"diagnostic confidence not satisfied: insertScore=0.10748963817673968, scanScore=0.024521893700368034",-1,-1,0,0,0.0,0.0,NaN,NaN,NaN,NaN,NaN,0,0,0,NaN,NaN,NaN,NaN,,,NaN,NaN,NaN
PUBLICATION,LOCAL_HOTSPOT,LARS_NO_RUNTIME_VALIDATION,7,16807,LOCAL_HOTSPOT,,4,21182,106939,-1,-1,-1,-1,-1,-1,-1,NO_CONFIDENT_DIAGNOSIS,,ABSTAIN,"diagnostic confidence not satisfied: insertScore=0.31967183753800604, scanScore=0.0",-1,-1,0,0,0.0,0.0,NaN,NaN,NaN,NaN,NaN,0,0,0,NaN,NaN,NaN,NaN,,,NaN,NaN,NaN
PUBLICATION,LOCAL_HOTSPOT,LARS_NO_RUNTIME_VALIDATION,7,16807,LOCAL_HOTSPOT,,5,20997,123600,-1,-1,-1,-1,-1,-1,-1,INSERT_SPLIT_PRESSURE,,ABSTAIN,predicted benefit does not repay estimated adaptation cost within configured horizon,-1,-1,0,0,0.0,0.0,NaN,NaN,NaN,NaN,NaN,0,0,0,NaN,NaN,NaN,NaN,,,NaN,NaN,NaN
PUBLICATION,LOCAL_HOTSPOT,LARS_NO_RUNTIME_VALIDATION,7,16807,LOCAL_HOTSPOT,,6,21001,127535,-1,-1,-1,-1,-1,-1,-1,INSERT_SPLIT_PRESSURE,,ABSTAIN,predicted benefit does not repay estimated adaptation cost within configured horizon,-1,-1,0,0,0.0,0.0,NaN,NaN,NaN,NaN,NaN,0,0,0,NaN,NaN,NaN,NaN,,,NaN,NaN,NaN
PUBLICATION,LOCAL_HOTSPOT,LARS_NO_RUNTIME_VALIDATION,7,16807,LOCAL_HOTSPOT,,7,20996,128634,-1,-1,-1,-1,-1,-1,-1,INSERT_SPLIT_PRESSURE,,ABSTAIN,predicted benefit does not repay estimated adaptation cost within configured horizon,-1,-1,0,0,0.0,0.0,NaN,NaN,NaN,NaN,NaN,0,0,0,NaN,NaN,NaN,NaN,,,NaN,NaN,NaN
PUBLICATION,LOCAL_HOTSPOT,LARS_NO_RUNTIME_VALIDATION,7,16807,LOCAL_HOTSPOT,,8,20998,132536,-1,-1,-1,-1,-1,-1,-1,INSERT_SPLIT_PRESSURE,,ABSTAIN,predicted benefit does not repay estimated adaptation cost within configured horizon,-1,-1,0,0,0.0,0.0,NaN,NaN,NaN,NaN,NaN,0,0,0,NaN,NaN,NaN,NaN,,,NaN,NaN,NaN
PUBLICATION,LOCAL_HOTSPOT,LARS_NO_RUNTIME_VALIDATION,7,16807,LOCAL_HOTSPOT,,9,20999,133093,133093,133093,133093,-1,-1,133093,7,INSERT_SPLIT_PRESSURE,SLACKEN,COMMIT_NO_TRIAL,runtime validation disabled by evaluation policy,60,61,44,3,4.192368745509878E-5,1.3638223394099195E-4,0.034657821701753196,766165.3015636634,2510.0,2886.5,75.34927499611258,29600,0,0,NaN,NaN,NaN,NaN,,,NaN,NaN,NaN
PUBLICATION,LOCAL_HOTSPOT,LARS_NO_RUNTIME_VALIDATION,7,16807,LOCAL_HOTSPOT,,10,21000,137739,137739,137739,137739,-1,-1,137739,7,INSERT_SPLIT_PRESSURE,SLACKEN,COMMIT_NO_TRIAL,runtime validation disabled by evaluation policy,18,19,63,3,5.992267121952147E-5,1.362274089546817E-4,0.031088712125812133,54737.3853907341,3270.0,3760.4999999999995,1374.015208492795,25600,0,0,NaN,NaN,NaN,NaN,,,NaN,NaN,NaN
PUBLICATION,LOCAL_HOTSPOT,LARS_NO_RUNTIME_VALIDATION,7,16807,LOCAL_HOTSPOT,,11,21001,160111,-1,-1,-1,-1,-1,-1,-1,NO_CONFIDENT_DIAGNOSIS,,ABSTAIN,"diagnostic confidence not satisfied: insertScore=0.05130890022738153, scanScore=0.046706025080101445",-1,-1,0,0,0.0,0.0,NaN,NaN,NaN,NaN,NaN,0,0,0,NaN,NaN,NaN,NaN,,,NaN,NaN,NaN
PUBLICATION,LOCAL_HOTSPOT,LARS_NO_RUNTIME_VALIDATION,7,16807,LOCAL_HOTSPOT,,12,21573,175788,-1,-1,-1,-1,-1,-1,-1,NO_CONFIDENT_DIAGNOSIS,,ABSTAIN,"diagnostic confidence not satisfied: insertScore=0.04796286650617769, scanScore=0.02120802595740985",-1,-1,0,0,0.0,0.0,NaN,NaN,NaN,NaN,NaN,0,0,0,NaN,NaN,NaN,NaN,,,NaN,NaN,NaN
PUBLICATION,LOCAL_HOTSPOT,LARS_NO_RUNTIME_VALIDATION,7,16807,LOCAL_HOTSPOT,,13,21170,230563,-1,-1,-1,-1,-1,-1,-1,NO_CONFIDENT_DIAGNOSIS,,ABSTAIN,"diagnostic confidence not satisfied: insertScore=0.07887431903909041, scanScore=0.0",-1,-1,0,0,0.0,0.0,NaN,NaN,NaN,NaN,NaN,0,0,0,NaN,NaN,NaN,NaN,,,NaN,NaN,NaN
PUBLICATION,LOCAL_HOTSPOT,LARS_NO_RUNTIME_VALIDATION,7,16807,LOCAL_HOTSPOT,,14,21573,234334,-1,-1,-1,-1,-1,-1,-1,NO_CONFIDENT_DIAGNOSIS,,ABSTAIN,"diagnostic confidence not satisfied: insertScore=0.06324994534053777, scanScore=0.0",-1,-1,0,0,0.0,0.0,NaN,NaN,NaN,NaN,NaN,0,0,0,NaN,NaN,NaN,NaN,,,NaN,NaN,NaN
PUBLICATION,LOCAL_HOTSPOT,LARS_NO_RUNTIME_VALIDATION,7,16807,LOCAL_HOTSPOT,,15,21634,245877,245877,245877,245877,-1,-1,245877,4,INSERT_SPLIT_PRESSURE,SLACKEN,COMMIT_NO_TRIAL,runtime validation disabled by evaluation policy,21,22,62,3,5.665737912102473E-5,1.3251468704448077E-4,0.01735858012239155,111352.57920699766,3230.0,3714.4999999999995,667.1601190476191,30300,0,0,NaN,NaN,NaN,NaN,,,NaN,NaN,NaN
PUBLICATION,LOCAL_HOTSPOT,LARS_NO_RUNTIME_VALIDATION,7,16807,LOCAL_HOTSPOT,,16,20998,257623,-1,-1,-1,-1,-1,-1,-1,NO_CONFIDENT_DIAGNOSIS,,ABSTAIN,"diagnostic confidence not satisfied: insertScore=0.1469891729766992, scanScore=0.047122939431875094",-1,-1,0,0,0.0,0.0,NaN,NaN,NaN,NaN,NaN,0,0,0,NaN,NaN,NaN,NaN,,,NaN,NaN,NaN
PUBLICATION,LOCAL_HOTSPOT,LARS_NO_RUNTIME_VALIDATION,7,16807,LOCAL_HOTSPOT,,17,20996,265373,-1,-1,-1,-1,-1,-1,-1,NO_CONFIDENT_DIAGNOSIS,,ABSTAIN,"diagnostic confidence not satisfied: insertScore=0.12955487576371685, scanScore=0.030119323678018825",-1,-1,0,0,0.0,0.0,NaN,NaN,NaN,NaN,NaN,0,0,0,NaN,NaN,NaN,NaN,,,NaN,NaN,NaN
PUBLICATION,LOCAL_HOTSPOT,LARS_NO_RUNTIME_VALIDATION,7,16807,LOCAL_HOTSPOT,,18,21182,271698,-1,-1,-1,-1,-1,-1,-1,NO_CONFIDENT_DIAGNOSIS,,ABSTAIN,"diagnostic confidence not satisfied: insertScore=0.18156053038051997, scanScore=0.0",-1,-1,0,0,0.0,0.0,NaN,NaN,NaN,NaN,NaN,0,0,0,NaN,NaN,NaN,NaN,,,NaN,NaN,NaN
PUBLICATION,LOCAL_HOTSPOT,LARS_NO_RUNTIME_VALIDATION,7,16807,LOCAL_HOTSPOT,,19,21170,291296,-1,-1,-1,-1,-1,-1,-1,NO_CONFIDENT_DIAGNOSIS,,ABSTAIN,"diagnostic confidence not satisfied: insertScore=0.2115987925185081, scanScore=0.0",-1,-1,0,0,0.0,0.0,NaN,NaN,NaN,NaN,NaN,0,0,0,NaN,NaN,NaN,NaN,,,NaN,NaN,NaN
PUBLICATION,LOCAL_HOTSPOT,LARS_NO_RUNTIME_VALIDATION,7,16807,LOCAL_HOTSPOT,,20,21573,292911,292911,292911,292911,-1,-1,292911,6,INSERT_SPLIT_PRESSURE,SLACKEN,COMMIT_NO_TRIAL,runtime validation disabled by evaluation policy,40,41,59,3,5.299426584079445E-5,1.2887705129306643E-4,0.017495899398578457,9565664.297430288,3110.0,3576.4999999999995,7.477786986442306,26400,0,0,NaN,NaN,NaN,NaN,,,NaN,NaN,NaN
PUBLICATION,LOCAL_HOTSPOT,LARS_NO_RUNTIME_VALIDATION,8,2147483647,LOCAL_HOTSPOT,,1,21001,116908,-1,-1,-1,-1,-1,-1,-1,INSERT_SPLIT_PRESSURE,,ABSTAIN,predicted benefit does not repay estimated adaptation cost within configured horizon,-1,-1,0,0,0.0,0.0,NaN,NaN,NaN,NaN,NaN,0,0,0,NaN,NaN,NaN,NaN,,,NaN,NaN,NaN
PUBLICATION,LOCAL_HOTSPOT,LARS_NO_RUNTIME_VALIDATION,8,2147483647,LOCAL_HOTSPOT,,2,20997,127099,-1,-1,-1,-1,-1,-1,-1,INSERT_SPLIT_PRESSURE,,ABSTAIN,predicted benefit does not repay estimated adaptation cost within configured horizon,-1,-1,0,0,0.0,0.0,NaN,NaN,NaN,NaN,NaN,0,0,0,NaN,NaN,NaN,NaN,,,NaN,NaN,NaN
PUBLICATION,LOCAL_HOTSPOT,LARS_NO_RUNTIME_VALIDATION,8,2147483647,LOCAL_HOTSPOT,,3,20999,128281,-1,-1,-1,-1,-1,-1,-1,INSERT_SPLIT_PRESSURE,,ABSTAIN,predicted benefit does not repay estimated adaptation cost within configured horizon,-1,-1,0,0,0.0,0.0,NaN,NaN,NaN,NaN,NaN,0,0,0,NaN,NaN,NaN,NaN,,,NaN,NaN,NaN
PUBLICATION,LOCAL_HOTSPOT,LARS_NO_RUNTIME_VALIDATION,8,2147483647,LOCAL_HOTSPOT,,4,20996,130199,-1,-1,-1,-1,-1,-1,-1,INSERT_SPLIT_PRESSURE,,ABSTAIN,predicted benefit does not repay estimated adaptation cost within configured horizon,-1,-1,0,0,0.0,0.0,NaN,NaN,NaN,NaN,NaN,0,0,0,NaN,NaN,NaN,NaN,,,NaN,NaN,NaN
PUBLICATION,LOCAL_HOTSPOT,LARS_NO_RUNTIME_VALIDATION,8,2147483647,LOCAL_HOTSPOT,,5,21172,139550,-1,-1,-1,-1,-1,-1,-1,NO_CONFIDENT_DIAGNOSIS,,ABSTAIN,"diagnostic confidence not satisfied: insertScore=0.06266793030004486, scanScore=0.0032475796137143684",-1,-1,0,0,0.0,0.0,NaN,NaN,NaN,NaN,NaN,0,0,0,NaN,NaN,NaN,NaN,,,NaN,NaN,NaN
PUBLICATION,LOCAL_HOTSPOT,LARS_NO_RUNTIME_VALIDATION,8,2147483647,LOCAL_HOTSPOT,,6,20998,148201,-1,-1,-1,-1,-1,-1,-1,NO_CONFIDENT_DIAGNOSIS,,ABSTAIN,"diagnostic confidence not satisfied: insertScore=0.09324831856997765, scanScore=0.0631261763096977",-1,-1,0,0,0.0,0.0,NaN,NaN,NaN,NaN,NaN,0,0,0,NaN,NaN,NaN,NaN,,,NaN,NaN,NaN
PUBLICATION,LOCAL_HOTSPOT,LARS_NO_RUNTIME_VALIDATION,8,2147483647,LOCAL_HOTSPOT,,7,21001,149718,-1,-1,-1,-1,-1,-1,-1,NO_CONFIDENT_DIAGNOSIS,,ABSTAIN,"diagnostic confidence not satisfied: insertScore=0.19950907461851047, scanScore=0.049996411406259565",-1,-1,0,0,0.0,0.0,NaN,NaN,NaN,NaN,NaN,0,0,0,NaN,NaN,NaN,NaN,,,NaN,NaN,NaN
PUBLICATION,LOCAL_HOTSPOT,LARS_NO_RUNTIME_VALIDATION,8,2147483647,LOCAL_HOTSPOT,,8,21000,153181,-1,-1,-1,-1,-1,-1,-1,NO_CONFIDENT_DIAGNOSIS,,ABSTAIN,"diagnostic confidence not satisfied: insertScore=0.07218876654663509, scanScore=0.05677790620277028",-1,-1,0,0,0.0,0.0,NaN,NaN,NaN,NaN,NaN,0,0,0,NaN,NaN,NaN,NaN,,,NaN,NaN,NaN
PUBLICATION,LOCAL_HOTSPOT,LARS_NO_RUNTIME_VALIDATION,8,2147483647,LOCAL_HOTSPOT,,9,20997,157554,-1,-1,-1,-1,-1,-1,-1,NO_CONFIDENT_DIAGNOSIS,,ABSTAIN,"diagnostic confidence not satisfied: insertScore=0.0673972393523411, scanScore=0.05162986622716961",-1,-1,0,0,0.0,0.0,NaN,NaN,NaN,NaN,NaN,0,0,0,NaN,NaN,NaN,NaN,,,NaN,NaN,NaN
PUBLICATION,LOCAL_HOTSPOT,LARS_NO_RUNTIME_VALIDATION,8,2147483647,LOCAL_HOTSPOT,,10,20999,159816,-1,-1,-1,-1,-1,-1,-1,NO_CONFIDENT_DIAGNOSIS,,ABSTAIN,"diagnostic confidence not satisfied: insertScore=0.04223485485637757, scanScore=0.04858783432292637",-1,-1,0,0,0.0,0.0,NaN,NaN,NaN,NaN,NaN,0,0,0,NaN,NaN,NaN,NaN,,,NaN,NaN,NaN
PUBLICATION,LOCAL_HOTSPOT,LARS_NO_RUNTIME_VALIDATION,8,2147483647,LOCAL_HOTSPOT,,11,21582,160459,160459,160459,160459,-1,-1,160459,4,INSERT_SPLIT_PRESSURE,SLACKEN,COMMIT_NO_TRIAL,runtime validation disabled by evaluation policy,8,9,58,3,5.4738308416392424E-5,1.3590033975084939E-4,0.02845630123662637,1406636.0983743225,3070.0,3530.4999999999995,50.197773312945245,954900,0,0,NaN,NaN,NaN,NaN,,,NaN,NaN,NaN
PUBLICATION,LOCAL_HOTSPOT,LARS_NO_RUNTIME_VALIDATION,8,2147483647,LOCAL_HOTSPOT,,12,21524,165515,165515,165515,165515,-1,-1,165515,4,INSERT_SPLIT_PRESSURE,SLACKEN,COMMIT_NO_TRIAL,runtime validation disabled by evaluation policy,6,7,49,3,4.615883159751006E-5,1.3586341198315293E-4,0.021735438953982,2496238.75021226,2710.0,3116.4999999999995,24.969566710996677,31500,0,0,NaN,NaN,NaN,NaN,,,NaN,NaN,NaN
PUBLICATION,LOCAL_HOTSPOT,LARS_NO_RUNTIME_VALIDATION,8,2147483647,LOCAL_HOTSPOT,,13,21579,166722,-1,-1,-1,-1,-1,-1,-1,NO_CONFIDENT_DIAGNOSIS,,ABSTAIN,"diagnostic confidence not satisfied: insertScore=0.08288120686764197, scanScore=0.02578442927708698",-1,-1,0,0,0.0,0.0,NaN,NaN,NaN,NaN,NaN,0,0,0,NaN,NaN,NaN,NaN,,,NaN,NaN,NaN
PUBLICATION,LOCAL_HOTSPOT,LARS_NO_RUNTIME_VALIDATION,8,2147483647,LOCAL_HOTSPOT,,14,21175,176108,-1,-1,-1,-1,-1,-1,-1,INSERT_SPLIT_PRESSURE,,ABSTAIN,no feasible bounded repair window for SLACKEN,-1,-1,0,0,0.0,0.0,NaN,NaN,NaN,NaN,NaN,0,0,0,NaN,NaN,NaN,NaN,,,NaN,NaN,NaN
PUBLICATION,LOCAL_HOTSPOT,LARS_NO_RUNTIME_VALIDATION,8,2147483647,LOCAL_HOTSPOT,,15,21579,225473,-1,-1,-1,-1,-1,-1,-1,NO_CONFIDENT_DIAGNOSIS,,ABSTAIN,"diagnostic confidence not satisfied: insertScore=0.06789424852615164, scanScore=0.012406493637744195",-1,-1,0,0,0.0,0.0,NaN,NaN,NaN,NaN,NaN,0,0,0,NaN,NaN,NaN,NaN,,,NaN,NaN,NaN
PUBLICATION,LOCAL_HOTSPOT,LARS_NO_RUNTIME_VALIDATION,8,2147483647,LOCAL_HOTSPOT,,16,21175,228131,228131,228131,228131,-1,-1,228131,7,INSERT_SPLIT_PRESSURE,SLACKEN,COMMIT_NO_TRIAL,runtime validation disabled by evaluation policy,32,33,61,3,5.614755946808932E-5,1.340722202359671E-4,0.019699505588580444,240264.32735037807,3190.0,3668.4999999999995,305.372007609787,47700,0,0,NaN,NaN,NaN,NaN,,,NaN,NaN,NaN
PUBLICATION,LOCAL_HOTSPOT,LARS_NO_RUNTIME_VALIDATION,8,2147483647,LOCAL_HOTSPOT,,17,21623,239552,-1,-1,-1,-1,-1,-1,-1,NO_CONFIDENT_DIAGNOSIS,,ABSTAIN,"diagnostic confidence not satisfied: insertScore=0.14206887490622594, scanScore=0.0",-1,-1,0,0,0.0,0.0,NaN,NaN,NaN,NaN,NaN,0,0,0,NaN,NaN,NaN,NaN,,,NaN,NaN,NaN
PUBLICATION,LOCAL_HOTSPOT,LARS_NO_RUNTIME_VALIDATION,8,2147483647,LOCAL_HOTSPOT,,18,21652,244346,-1,-1,-1,-1,-1,-1,-1,NO_CONFIDENT_DIAGNOSIS,,ABSTAIN,"diagnostic confidence not satisfied: insertScore=0.11426713487555315, scanScore=0.0",-1,-1,0,0,0.0,0.0,NaN,NaN,NaN,NaN,NaN,0,0,0,NaN,NaN,NaN,NaN,,,NaN,NaN,NaN
PUBLICATION,LOCAL_HOTSPOT,LARS_NO_RUNTIME_VALIDATION,8,2147483647,LOCAL_HOTSPOT,,19,21198,249062,249062,249062,249062,-1,-1,249062,8,INSERT_SPLIT_PRESSURE,SLACKEN,COMMIT_NO_TRIAL,runtime validation disabled by evaluation policy,6,7,63,3,5.754065749791301E-5,1.324561790807541E-4,0.016477062448710316,844642.3029269313,3270.0,3760.4999999999995,89.04361022337558,26700,0,0,NaN,NaN,NaN,NaN,,,NaN,NaN,NaN
PUBLICATION,LOCAL_HOTSPOT,LARS_NO_RUNTIME_VALIDATION,8,2147483647,LOCAL_HOTSPOT,,20,21600,280198,280198,280198,280198,-1,-1,280198,5,INSERT_SPLIT_PRESSURE,SLACKEN,COMMIT_NO_TRIAL,runtime validation disabled by evaluation policy,41,42,58,3,5.237398638276354E-5,1.298532658096351E-4,0.017127469182263703,105024.83817552311,3070.0,3530.4999999999995,672.3171511294574,35600,0,0,NaN,NaN,NaN,NaN,,,NaN,NaN,NaN
PUBLICATION,LOCAL_HOTSPOT,LARS_NO_RUNTIME_VALIDATION,8,2147483647,LOCAL_HOTSPOT,,21,21579,285241,-1,-1,-1,-1,-1,-1,-1,INSERT_SPLIT_PRESSURE,,ABSTAIN,predicted benefit does not repay estimated adaptation cost within configured horizon,-1,-1,0,0,0.0,0.0,NaN,NaN,NaN,NaN,NaN,0,0,0,NaN,NaN,NaN,NaN,,,NaN,NaN,NaN
PUBLICATION,LOCAL_HOTSPOT,LARS_NO_RUNTIME_VALIDATION,8,2147483647,LOCAL_HOTSPOT,,22,20998,287551,-1,-1,-1,-1,-1,-1,-1,NO_CONFIDENT_DIAGNOSIS,,ABSTAIN,"diagnostic confidence not satisfied: insertScore=0.14304233042090897, scanScore=0.0477304752918975",-1,-1,0,0,0.0,0.0,NaN,NaN,NaN,NaN,NaN,0,0,0,NaN,NaN,NaN,NaN,,,NaN,NaN,NaN
PUBLICATION,LOCAL_HOTSPOT,LARS_NO_RUNTIME_VALIDATION,9,6364136223846793005,LOCAL_HOTSPOT,,1,20997,50832,-1,-1,-1,-1,-1,-1,-1,NO_CONFIDENT_DIAGNOSIS,,ABSTAIN,"diagnostic confidence not satisfied: insertScore=0.048787107179420044, scanScore=0.05374262364123076",-1,-1,0,0,0.0,0.0,NaN,NaN,NaN,NaN,NaN,0,0,0,NaN,NaN,NaN,NaN,,,NaN,NaN,NaN
PUBLICATION,LOCAL_HOTSPOT,LARS_NO_RUNTIME_VALIDATION,9,6364136223846793005,LOCAL_HOTSPOT,,2,20996,50987,-1,-1,-1,-1,-1,-1,-1,NO_CONFIDENT_DIAGNOSIS,,ABSTAIN,"diagnostic confidence not satisfied: insertScore=0.4226206195658221, scanScore=0.05512684713647246",-1,-1,0,0,0.0,0.0,NaN,NaN,NaN,NaN,NaN,0,0,0,NaN,NaN,NaN,NaN,,,NaN,NaN,NaN
PUBLICATION,LOCAL_HOTSPOT,LARS_NO_RUNTIME_VALIDATION,9,6364136223846793005,LOCAL_HOTSPOT,,3,20998,51385,-1,-1,-1,-1,-1,-1,-1,NO_CONFIDENT_DIAGNOSIS,,ABSTAIN,"diagnostic confidence not satisfied: insertScore=0.9964316186312008, scanScore=0.05515052815244889",-1,-1,0,0,0.0,0.0,NaN,NaN,NaN,NaN,NaN,0,0,0,NaN,NaN,NaN,NaN,,,NaN,NaN,NaN
PUBLICATION,LOCAL_HOTSPOT,LARS_NO_RUNTIME_VALIDATION,9,6364136223846793005,LOCAL_HOTSPOT,,4,21001,51476,51476,51476,51476,-1,-1,51476,4,INSERT_SPLIT_PRESSURE,SLACKEN,COMMIT_NO_TRIAL,runtime validation disabled by evaluation policy,0,1,47,3,4.614810596390629E-5,1.411631846414455E-4,0.06118546845124283,502270.55449330783,2630.0,3024.4999999999995,120.43310016654769,854600,0,0,NaN,NaN,NaN,NaN,,,NaN,NaN,NaN
PUBLICATION,LOCAL_HOTSPOT,LARS_NO_RUNTIME_VALIDATION,9,6364136223846793005,LOCAL_HOTSPOT,,5,20999,51760,-1,-1,-1,-1,-1,-1,-1,NO_CONFIDENT_DIAGNOSIS,,ABSTAIN,"diagnostic confidence not satisfied: insertScore=0.2116452294760711, scanScore=0.05671213126301863",-1,-1,0,0,0.0,0.0,NaN,NaN,NaN,NaN,NaN,0,0,0,NaN,NaN,NaN,NaN,,,NaN,NaN,NaN
PUBLICATION,LOCAL_HOTSPOT,LARS_NO_RUNTIME_VALIDATION,9,6364136223846793005,LOCAL_HOTSPOT,,6,21000,51928,51928,51928,51928,-1,-1,51928,4,INSERT_SPLIT_PRESSURE,SLACKEN,COMMIT_NO_TRIAL,runtime validation disabled by evaluation policy,4,5,56,3,5.4975746860246745E-5,1.4115654260574978E-4,0.062177424251624265,1005161.2119740119,2990.0,3438.4999999999995,68.41688594901534,41500,0,0,NaN,NaN,NaN,NaN,,,NaN,NaN,NaN
PUBLICATION,LOCAL_HOTSPOT,LARS_NO_RUNTIME_VALIDATION,9,6364136223846793005,LOCAL_HOTSPOT,,7,20998,67077,-1,-1,-1,-1,-1,-1,-1,NO_CONFIDENT_DIAGNOSIS,,ABSTAIN,"diagnostic confidence not satisfied: insertScore=0.3929033520036568, scanScore=0.021560839195943052",-1,-1,0,0,0.0,0.0,NaN,NaN,NaN,NaN,NaN,0,0,0,NaN,NaN,NaN,NaN,,,NaN,NaN,NaN
PUBLICATION,LOCAL_HOTSPOT,LARS_NO_RUNTIME_VALIDATION,9,6364136223846793005,LOCAL_HOTSPOT,,8,20997,67552,-1,-1,-1,-1,-1,-1,-1,NO_CONFIDENT_DIAGNOSIS,,ABSTAIN,"diagnostic confidence not satisfied: insertScore=0.5536528560749647, scanScore=0.020149589328707706",-1,-1,0,0,0.0,0.0,NaN,NaN,NaN,NaN,NaN,0,0,0,NaN,NaN,NaN,NaN,,,NaN,NaN,NaN
PUBLICATION,LOCAL_HOTSPOT,LARS_NO_RUNTIME_VALIDATION,9,6364136223846793005,LOCAL_HOTSPOT,,9,20996,67586,-1,-1,-1,-1,-1,-1,-1,NO_CONFIDENT_DIAGNOSIS,,ABSTAIN,"diagnostic confidence not satisfied: insertScore=0.06563334465560298, scanScore=0.02126941228935361",-1,-1,0,0,0.0,0.0,NaN,NaN,NaN,NaN,NaN,0,0,0,NaN,NaN,NaN,NaN,,,NaN,NaN,NaN
PUBLICATION,LOCAL_HOTSPOT,LARS_NO_RUNTIME_VALIDATION,9,6364136223846793005,LOCAL_HOTSPOT,,10,20996,83632,-1,-1,-1,-1,-1,-1,-1,NO_CONFIDENT_DIAGNOSIS,,ABSTAIN,"diagnostic confidence not satisfied: insertScore=0.4102563679830259, scanScore=0.0",-1,-1,0,0,0.0,0.0,NaN,NaN,NaN,NaN,NaN,0,0,0,NaN,NaN,NaN,NaN,,,NaN,NaN,NaN
PUBLICATION,LOCAL_HOTSPOT,LARS_NO_RUNTIME_VALIDATION,9,6364136223846793005,LOCAL_HOTSPOT,,11,20998,85062,85062,85062,85062,-1,-1,85062,6,INSERT_SPLIT_PRESSURE,SLACKEN,COMMIT_NO_TRIAL,runtime validation disabled by evaluation policy,2,4,92,4,8.925080738026567E-5,1.8742385905725798E-4,0.05706960931839715,240316.55798918798,4680.0,5382.0,447.9092115027829,31000,0,0,NaN,NaN,NaN,NaN,,,NaN,NaN,NaN
PUBLICATION,LOCAL_HOTSPOT,LARS_NO_RUNTIME_VALIDATION,9,6364136223846793005,LOCAL_HOTSPOT,,12,20997,98960,-1,-1,-1,-1,-1,-1,-1,NO_CONFIDENT_DIAGNOSIS,,ABSTAIN,"diagnostic confidence not satisfied: insertScore=0.12223793847050553, scanScore=0.03858340026123267",-1,-1,0,0,0.0,0.0,NaN,NaN,NaN,NaN,NaN,0,0,0,NaN,NaN,NaN,NaN,,,NaN,NaN,NaN
PUBLICATION,LOCAL_HOTSPOT,LARS_NO_RUNTIME_VALIDATION,9,6364136223846793005,LOCAL_HOTSPOT,,13,20996,115594,115594,115594,115594,-1,-1,115594,7,INSERT_SPLIT_PRESSURE,SLACKEN,COMMIT_NO_TRIAL,runtime validation disabled by evaluation policy,38,39,59,3,5.659564712326244E-5,1.3759574370499474E-4,0.0320490751463178,941961.1279772151,3110.0,3576.4999999999995,75.93731617524902,34800,0,0,NaN,NaN,NaN,NaN,,,NaN,NaN,NaN
PUBLICATION,LOCAL_HOTSPOT,LARS_NO_RUNTIME_VALIDATION,9,6364136223846793005,LOCAL_HOTSPOT,,14,21188,116610,-1,-1,-1,-1,-1,-1,-1,NO_CONFIDENT_DIAGNOSIS,,ABSTAIN,"diagnostic confidence not satisfied: insertScore=0.371899710274955, scanScore=0.0",-1,-1,0,0,0.0,0.0,NaN,NaN,NaN,NaN,NaN,0,0,0,NaN,NaN,NaN,NaN,,,NaN,NaN,NaN
PUBLICATION,LOCAL_HOTSPOT,LARS_NO_RUNTIME_VALIDATION,9,6364136223846793005,LOCAL_HOTSPOT,,15,20999,118135,-1,-1,-1,-1,-1,-1,-1,INSERT_SPLIT_PRESSURE,,ABSTAIN,predicted benefit does not repay estimated adaptation cost within configured horizon,-1,-1,0,0,0.0,0.0,NaN,NaN,NaN,NaN,NaN,0,0,0,NaN,NaN,NaN,NaN,,,NaN,NaN,NaN
PUBLICATION,LOCAL_HOTSPOT,LARS_NO_RUNTIME_VALIDATION,9,6364136223846793005,LOCAL_HOTSPOT,,16,20997,130332,-1,-1,-1,-1,-1,-1,-1,INSERT_SPLIT_PRESSURE,,ABSTAIN,predicted benefit does not repay estimated adaptation cost within configured horizon,-1,-1,0,0,0.0,0.0,NaN,NaN,NaN,NaN,NaN,0,0,0,NaN,NaN,NaN,NaN,,,NaN,NaN,NaN
PUBLICATION,LOCAL_HOTSPOT,LARS_NO_RUNTIME_VALIDATION,9,6364136223846793005,LOCAL_HOTSPOT,,17,20999,147945,147945,147945,147945,-1,-1,147945,8,INSERT_SPLIT_PRESSURE,SLACKEN,COMMIT_NO_TRIAL,runtime validation disabled by evaluation policy,1,2,41,3,3.8861785689573954E-5,1.3605442176870748E-4,0.03435204132979972,752752.524405381,2390.0,2748.5,73.02532800328004,28600,0,0,NaN,NaN,NaN,NaN,,,NaN,NaN,NaN
PUBLICATION,LOCAL_HOTSPOT,LARS_NO_RUNTIME_VALIDATION,9,6364136223846793005,LOCAL_HOTSPOT,,18,21540,153156,-1,-1,-1,-1,-1,-1,-1,NO_CONFIDENT_DIAGNOSIS,,ABSTAIN,"diagnostic confidence not satisfied: insertScore=0.04731250944928472, scanScore=0.0200658783333674",-1,-1,0,0,0.0,0.0,NaN,NaN,NaN,NaN,NaN,0,0,0,NaN,NaN,NaN,NaN,,,NaN,NaN,NaN
PUBLICATION,LOCAL_HOTSPOT,LARS_NO_RUNTIME_VALIDATION,9,6364136223846793005,LOCAL_HOTSPOT,,19,21001,156204,156204,156204,156204,-1,-1,156204,8,INSERT_SPLIT_PRESSURE,SLACKEN,COMMIT_NO_TRIAL,runtime validation disabled by evaluation policy,0,1,59,3,5.574894454964302E-5,1.3594344752582924E-4,0.03327484239942809,241762.52680834467,3110.0,3576.4999999999995,295.8688467741935,26900,0,0,NaN,NaN,NaN,NaN,,,NaN,NaN,NaN
PUBLICATION,LOCAL_HOTSPOT,LARS_NO_RUNTIME_VALIDATION,9,6364136223846793005,LOCAL_HOTSPOT,,20,21538,156743,156743,156743,156743,-1,-1,156743,4,INSERT_SPLIT_PRESSURE,SLACKEN,COMMIT_NO_TRIAL,runtime validation disabled by evaluation policy,22,23,47,3,4.44013656726429E-5,1.3593728759798813E-4,0.029668260176734754,201129.94350282487,2630.0,3024.4999999999995,300.7508426966292,19500,0,0,NaN,NaN,NaN,NaN,,,NaN,NaN,NaN
PUBLICATION,LOCAL_HOTSPOT,LARS_NO_RUNTIME_VALIDATION,9,6364136223846793005,LOCAL_HOTSPOT,,21,20997,161347,-1,-1,-1,-1,-1,-1,-1,NO_CONFIDENT_DIAGNOSIS,,ABSTAIN,"diagnostic confidence not satisfied: insertScore=0.062045461648507216, scanScore=0.05578233491217908",-1,-1,0,0,0.0,0.0,NaN,NaN,NaN,NaN,NaN,0,0,0,NaN,NaN,NaN,NaN,,,NaN,NaN,NaN
PUBLICATION,LOCAL_HOTSPOT,LARS_NO_RUNTIME_VALIDATION,9,6364136223846793005,LOCAL_HOTSPOT,,22,21000,161391,161391,161391,161391,-1,-1,161391,8,INSERT_SPLIT_PRESSURE,SLACKEN,COMMIT_NO_TRIAL,runtime validation disabled by evaluation policy,38,39,48,3,4.526568125793328E-5,1.359064963305246E-4,0.029052942177835783,1245486.012597174,2670.0,3070.4999999999995,49.306053523590826,23300,0,0,NaN,NaN,NaN,NaN,,,NaN,NaN,NaN
PUBLICATION,LOCAL_HOTSPOT,LARS_NO_RUNTIME_VALIDATION,9,6364136223846793005,LOCAL_HOTSPOT,,23,21565,172915,172915,172915,172915,-1,-1,172915,4,INSERT_SPLIT_PRESSURE,SLACKEN,COMMIT_NO_TRIAL,runtime validation disabled by evaluation policy,7,8,52,3,4.883069271971933E-5,1.3578347062550918E-4,0.020036394231709942,1506243.7630852917,2830.0,3254.4999999999995,43.213456941839134,28100,0,0,NaN,NaN,NaN,NaN,,,NaN,NaN,NaN
PUBLICATION,LOCAL_HOTSPOT,LARS_NO_RUNTIME_VALIDATION,9,6364136223846793005,LOCAL_HOTSPOT,,24,21576,177378,-1,-1,-1,-1,-1,-1,-1,NO_CONFIDENT_DIAGNOSIS,,ABSTAIN,"diagnostic confidence not satisfied: insertScore=0.05393070143286606, scanScore=0.0",-1,-1,0,0,0.0,0.0,NaN,NaN,NaN,NaN,NaN,0,0,0,NaN,NaN,NaN,NaN,,,NaN,NaN,NaN
PUBLICATION,LOCAL_HOTSPOT,LARS_NO_RUNTIME_VALIDATION,9,6364136223846793005,LOCAL_HOTSPOT,,25,21540,206633,-1,-1,-1,-1,-1,-1,-1,NO_CONFIDENT_DIAGNOSIS,,ABSTAIN,"diagnostic confidence not satisfied: insertScore=0.07718142324609917, scanScore=0.0",-1,-1,0,0,0.0,0.0,NaN,NaN,NaN,NaN,NaN,0,0,0,NaN,NaN,NaN,NaN,,,NaN,NaN,NaN
PUBLICATION,LOCAL_HOTSPOT,LARS_NO_RUNTIME_VALIDATION,9,6364136223846793005,LOCAL_HOTSPOT,,26,21626,215480,215480,215480,215480,-1,-1,215480,4,INSERT_SPLIT_PRESSURE,SLACKEN,COMMIT_NO_TRIAL,runtime validation disabled by evaluation policy,14,15,63,3,5.8228360538917344E-5,1.347648353622928E-4,0.021869126943447805,584815.4792414147,3270.0,3760.4999999999995,128.60466706106618,28100,0,0,NaN,NaN,NaN,NaN,,,NaN,NaN,NaN
PUBLICATION,LOCAL_HOTSPOT,LARS_NO_RUNTIME_VALIDATION,9,6364136223846793005,LOCAL_HOTSPOT,,27,21639,221874,221874,221874,221874,-1,-1,221874,4,INSERT_SPLIT_PRESSURE,SLACKEN,COMMIT_NO_TRIAL,runtime validation disabled by evaluation policy,9,10,63,3,5.8087965464399455E-5,1.3439053890606102E-4,0.019049390754348434,112938.33131801694,3270.0,3760.4999999999995,665.9386509635974,32000,0,0,NaN,NaN,NaN,NaN,,,NaN,NaN,NaN
PUBLICATION,LOCAL_HOTSPOT,LARS_NO_RUNTIME_VALIDATION,9,6364136223846793005,LOCAL_HOTSPOT,,28,20998,227425,227425,227425,227425,-1,-1,227425,10,INSERT_SPLIT_PRESSURE,SLACKEN,COMMIT_NO_TRIAL,runtime validation disabled by evaluation policy,14,15,60,3,5.520642602798966E-5,1.3398838767306832E-4,0.024585244051763464,66005.61811241027,3150.0,3622.4999999999995,1097.6338389349628,79100,0,0,NaN,NaN,NaN,NaN,,,NaN,NaN,NaN
PUBLICATION,LOCAL_HOTSPOT,LARS_NO_RUNTIME_VALIDATION,9,6364136223846793005,LOCAL_HOTSPOT,,29,21576,239144,-1,-1,-1,-1,-1,-1,-1,NO_CONFIDENT_DIAGNOSIS,,ABSTAIN,"diagnostic confidence not satisfied: insertScore=0.0717129587750971, scanScore=0.0",-1,-1,0,0,0.0,0.0,NaN,NaN,NaN,NaN,NaN,0,0,0,NaN,NaN,NaN,NaN,,,NaN,NaN,NaN
PUBLICATION,LOCAL_HOTSPOT,LARS_NO_RUNTIME_VALIDATION,9,6364136223846793005,LOCAL_HOTSPOT,,30,21540,261846,-1,-1,-1,-1,-1,-1,-1,INSERT_SPLIT_PRESSURE,,ABSTAIN,predicted benefit does not repay estimated adaptation cost within configured horizon,-1,-1,0,0,0.0,0.0,NaN,NaN,NaN,NaN,NaN,0,0,0,NaN,NaN,NaN,NaN,,,NaN,NaN,NaN
PUBLICATION,LOCAL_HOTSPOT,LARS_NO_RUNTIME_VALIDATION,9,6364136223846793005,LOCAL_HOTSPOT,,31,21606,275960,-1,-1,-1,-1,-1,-1,-1,NO_CONFIDENT_DIAGNOSIS,,ABSTAIN,"diagnostic confidence not satisfied: insertScore=0.11065420223554963, scanScore=0.016977213203653096",-1,-1,0,0,0.0,0.0,NaN,NaN,NaN,NaN,NaN,0,0,0,NaN,NaN,NaN,NaN,,,NaN,NaN,NaN
PUBLICATION,LOCAL_HOTSPOT,LARS_NO_RUNTIME_VALIDATION,9,6364136223846793005,LOCAL_HOTSPOT,,32,20996,288130,288130,288130,288130,-1,-1,288130,11,INSERT_SPLIT_PRESSURE,SLACKEN,COMMIT_NO_TRIAL,runtime validation disabled by evaluation policy,31,32,56,3,5.038304610498567E-5,1.2908777969018932E-4,0.015276058060955052,69297.21182104335,2990.0,3438.4999999999995,992.39201971928,27400,0,0,NaN,NaN,NaN,NaN,,,NaN,NaN,NaN
PUBLICATION,LOCAL_HOTSPOT,LOCAL_COST_ADAPTIVE,0,1103515245,LOCAL_HOTSPOT,,1,20996,50521,-1,-1,-1,-1,-1,-1,-1,NO_CONFIDENT_DIAGNOSIS,,ABSTAIN,no cost-admissible candidate without explicit diagnosis,-1,-1,0,0,0.0,0.0,NaN,NaN,NaN,NaN,NaN,0,0,0,NaN,NaN,NaN,NaN,,,NaN,NaN,NaN
PUBLICATION,LOCAL_HOTSPOT,LOCAL_COST_ADAPTIVE,0,1103515245,LOCAL_HOTSPOT,,2,20996,124483,124483,124483,124483,-1,-1,124483,7,INSERT_SPLIT_PRESSURE,SLACKEN,COMMIT_NO_TRIAL,runtime validation disabled by evaluation policy,10,11,64,3,6.11754674904963E-5,1.369050335417332E-4,0.03219417109441318,249992.14009494765,3310.0,3806.4999999999995,304.5295742941583,690800,0,0,NaN,NaN,NaN,NaN,,,NaN,NaN,NaN
PUBLICATION,LOCAL_HOTSPOT,LOCAL_COST_ADAPTIVE,0,1103515245,LOCAL_HOTSPOT,,3,21000,128417,-1,-1,-1,-1,-1,-1,-1,NO_CONFIDENT_DIAGNOSIS,,ABSTAIN,no cost-admissible candidate without explicit diagnosis,-1,-1,0,0,0.0,0.0,NaN,NaN,NaN,NaN,NaN,0,0,0,NaN,NaN,NaN,NaN,,,NaN,NaN,NaN
PUBLICATION,LOCAL_HOTSPOT,LOCAL_COST_ADAPTIVE,0,1103515245,LOCAL_HOTSPOT,,4,20998,128709,-1,-1,-1,-1,-1,-1,-1,NO_CONFIDENT_DIAGNOSIS,,ABSTAIN,no cost-admissible candidate without explicit diagnosis,-1,-1,0,0,0.0,0.0,NaN,NaN,NaN,NaN,NaN,0,0,0,NaN,NaN,NaN,NaN,,,NaN,NaN,NaN
PUBLICATION,LOCAL_HOTSPOT,LOCAL_COST_ADAPTIVE,0,1103515245,LOCAL_HOTSPOT,,5,20997,129974,-1,-1,-1,-1,-1,-1,-1,NO_CONFIDENT_DIAGNOSIS,,ABSTAIN,no cost-admissible candidate without explicit diagnosis,-1,-1,0,0,0.0,0.0,NaN,NaN,NaN,NaN,NaN,0,0,0,NaN,NaN,NaN,NaN,,,NaN,NaN,NaN
PUBLICATION,LOCAL_HOTSPOT,LOCAL_COST_ADAPTIVE,0,1103515245,LOCAL_HOTSPOT,,6,21001,130000,-1,-1,-1,-1,-1,-1,-1,NO_CONFIDENT_DIAGNOSIS,,ABSTAIN,no cost-admissible candidate without explicit diagnosis,-1,-1,0,0,0.0,0.0,NaN,NaN,NaN,NaN,NaN,0,0,0,NaN,NaN,NaN,NaN,,,NaN,NaN,NaN
PUBLICATION,LOCAL_HOTSPOT,LOCAL_COST_ADAPTIVE,0,1103515245,LOCAL_HOTSPOT,,7,20999,136176,-1,-1,-1,-1,-1,-1,-1,NO_CONFIDENT_DIAGNOSIS,,ABSTAIN,no cost-admissible candidate without explicit diagnosis,-1,-1,0,0,0.0,0.0,NaN,NaN,NaN,NaN,NaN,0,0,0,NaN,NaN,NaN,NaN,,,NaN,NaN,NaN
PUBLICATION,LOCAL_HOTSPOT,LOCAL_COST_ADAPTIVE,0,1103515245,LOCAL_HOTSPOT,,8,20997,165012,165012,165012,165012,-1,-1,165012,8,INSERT_SPLIT_PRESSURE,SLACKEN,COMMIT_NO_TRIAL,runtime validation disabled by evaluation policy,12,13,55,3,5.178171465262472E-5,1.3585110718652356E-4,0.029273870783304744,369854.77415666095,2950.0,3392.4999999999995,183.45038307187156,36100,0,0,NaN,NaN,NaN,NaN,,,NaN,NaN,NaN
PUBLICATION,LOCAL_HOTSPOT,LOCAL_COST_ADAPTIVE,0,1103515245,LOCAL_HOTSPOT,,9,21574,166241,166241,166241,166241,-1,-1,166241,4,INSERT_SPLIT_PRESSURE,SLACKEN,COMMIT_NO_TRIAL,runtime validation disabled by evaluation policy,22,23,51,3,4.799448910336884E-5,1.3584495562398116E-4,0.02586707757597191,1411796.8019804482,2790.0,3208.4999999999995,45.45271664447974,26300,0,0,NaN,NaN,NaN,NaN,,,NaN,NaN,NaN
PUBLICATION,LOCAL_HOTSPOT,LOCAL_COST_ADAPTIVE,0,1103515245,LOCAL_HOTSPOT,,10,21175,171364,171364,171364,171364,-1,-1,171364,7,INSERT_SPLIT_PRESSURE,SLACKEN,COMMIT_NO_TRIAL,runtime validation disabled by evaluation policy,58,59,57,3,5.354002915583342E-5,1.358203549438609E-4,0.03402897780140901,1183825.402100226,3030.0,3484.4999999999995,58.86847830462405,32600,0,0,NaN,NaN,NaN,NaN,,,NaN,NaN,NaN
PUBLICATION,LOCAL_HOTSPOT,LOCAL_COST_ADAPTIVE,0,1103515245,LOCAL_HOTSPOT,,11,21561,172031,172031,172031,172031,-1,-1,172031,4,INSERT_SPLIT_PRESSURE,SLACKEN,COMMIT_NO_TRIAL,runtime validation disabled by evaluation policy,22,23,53,3,4.977086620088648E-5,1.3581420616596497E-4,0.021743284849771737,786223.5906147149,2870.0,3300.4999999999995,83.95830497580157,44500,0,0,NaN,NaN,NaN,NaN,,,NaN,NaN,NaN
PUBLICATION,LOCAL_HOTSPOT,LOCAL_COST_ADAPTIVE,0,1103515245,LOCAL_HOTSPOT,,12,21587,180375,180375,180375,180375,-1,-1,180375,4,INSERT_SPLIT_PRESSURE,SLACKEN,COMMIT_NO_TRIAL,runtime validation disabled by evaluation policy,33,34,58,3,5.430045565572013E-5,1.3574046423238766E-4,0.020015637216575448,69523.06489444878,3070.0,3530.4999999999995,1015.6341655420601,29100,0,0,NaN,NaN,NaN,NaN,,,NaN,NaN,NaN
PUBLICATION,LOCAL_HOTSPOT,LOCAL_COST_ADAPTIVE,0,1103515245,LOCAL_HOTSPOT,,13,21595,198190,198190,198190,198190,-1,-1,198190,4,INSERT_SPLIT_PRESSURE,SLACKEN,COMMIT_NO_TRIAL,runtime validation disabled by evaluation policy,21,22,56,3,5.208536791801763E-5,1.3542795232936077E-4,0.016870963490180572,1296111.7701331226,2990.0,3438.4999999999995,53.058695696387886,31800,0,0,NaN,NaN,NaN,NaN,,,NaN,NaN,NaN
PUBLICATION,LOCAL_HOTSPOT,LOCAL_COST_ADAPTIVE,0,1103515245,LOCAL_HOTSPOT,,14,21181,207460,207460,207460,207460,-1,-1,207460,7,INSERT_SPLIT_PRESSURE,SLACKEN,COMMIT_NO_TRIAL,runtime validation disabled by evaluation policy,11,12,63,3,5.839843677581303E-5,1.351290482410702E-4,0.026629911840428577,1018438.1452682496,3270.0,3760.4999999999995,73.84837297133072,29100,0,0,NaN,NaN,NaN,NaN,,,NaN,NaN,NaN
PUBLICATION,LOCAL_HOTSPOT,LOCAL_COST_ADAPTIVE,0,1103515245,LOCAL_HOTSPOT,,15,20999,272810,-1,-1,-1,-1,-1,-1,-1,NO_CONFIDENT_DIAGNOSIS,,ABSTAIN,no cost-admissible candidate without explicit diagnosis,-1,-1,0,0,0.0,0.0,NaN,NaN,NaN,NaN,NaN,0,0,0,NaN,NaN,NaN,NaN,,,NaN,NaN,NaN
PUBLICATION,LOCAL_HOTSPOT,LOCAL_COST_ADAPTIVE,0,1103515245,LOCAL_HOTSPOT,,16,21001,281098,-1,-1,-1,-1,-1,-1,-1,NO_CONFIDENT_DIAGNOSIS,,ABSTAIN,no cost-admissible candidate without explicit diagnosis,-1,-1,0,0,0.0,0.0,NaN,NaN,NaN,NaN,NaN,0,0,0,NaN,NaN,NaN,NaN,,,NaN,NaN,NaN
PUBLICATION,LOCAL_HOTSPOT,LOCAL_COST_ADAPTIVE,1,214013,LOCAL_HOTSPOT,,1,20997,50895,-1,-1,-1,-1,-1,-1,-1,NO_CONFIDENT_DIAGNOSIS,,ABSTAIN,no cost-admissible candidate without explicit diagnosis,-1,-1,0,0,0.0,0.0,NaN,NaN,NaN,NaN,NaN,0,0,0,NaN,NaN,NaN,NaN,,,NaN,NaN,NaN
PUBLICATION,LOCAL_HOTSPOT,LOCAL_COST_ADAPTIVE,1,214013,LOCAL_HOTSPOT,,2,20998,51487,-1,-1,-1,-1,-1,-1,-1,NO_CONFIDENT_DIAGNOSIS,,ABSTAIN,no cost-admissible candidate without explicit diagnosis,-1,-1,0,0,0.0,0.0,NaN,NaN,NaN,NaN,NaN,0,0,0,NaN,NaN,NaN,NaN,,,NaN,NaN,NaN
PUBLICATION,LOCAL_HOTSPOT,LOCAL_COST_ADAPTIVE,1,214013,LOCAL_HOTSPOT,,3,21001,52761,52761,52761,52761,-1,-1,52761,4,INSERT_SPLIT_PRESSURE,SLACKEN,COMMIT_NO_TRIAL,runtime validation disabled by evaluation policy,26,27,49,3,4.808385824878588E-5,1.411698273022446E-4,0.06449174959062855,220178.86383675525,2710.0,3116.4999999999995,283.0880263157894,801700,0,0,NaN,NaN,NaN,NaN,,,NaN,NaN,NaN
PUBLICATION,LOCAL_HOTSPOT,LOCAL_COST_ADAPTIVE,1,214013,LOCAL_HOTSPOT,,4,21174,111396,111396,111396,111396,-1,-1,111396,5,INSERT_SPLIT_PRESSURE,SLACKEN,COMMIT_NO_TRIAL,runtime validation disabled by evaluation policy,42,43,57,3,5.475888318777397E-5,1.3802622498274673E-4,0.03145832693312033,80305.98138306043,3030.0,3484.4999999999995,867.8058445930435,25500,0,0,NaN,NaN,NaN,NaN,,,NaN,NaN,NaN
PUBLICATION,LOCAL_HOTSPOT,LOCAL_COST_ADAPTIVE,1,214013,LOCAL_HOTSPOT,,5,21176,114594,114594,114594,114594,-1,-1,114594,4,INSERT_SPLIT_PRESSURE,SLACKEN,COMMIT_NO_TRIAL,runtime validation disabled by evaluation policy,26,27,50,3,4.797534451094893E-5,1.376904718193501E-4,0.0330098965217111,988104.8322104381,2750.0,3162.4999999999995,64.01142666057677,22400,0,0,NaN,NaN,NaN,NaN,,,NaN,NaN,NaN
PUBLICATION,LOCAL_HOTSPOT,LOCAL_COST_ADAPTIVE,1,214013,LOCAL_HOTSPOT,,6,20999,116267,-1,-1,-1,-1,-1,-1,-1,NO_CONFIDENT_DIAGNOSIS,,ABSTAIN,no cost-admissible candidate without explicit diagnosis,-1,-1,0,0,0.0,0.0,NaN,NaN,NaN,NaN,NaN,0,0,0,NaN,NaN,NaN,NaN,,,NaN,NaN,NaN
PUBLICATION,LOCAL_HOTSPOT,LOCAL_COST_ADAPTIVE,1,214013,LOCAL_HOTSPOT,,7,21000,119975,-1,-1,-1,-1,-1,-1,-1,NO_CONFIDENT_DIAGNOSIS,,ABSTAIN,no cost-admissible candidate without explicit diagnosis,-1,-1,0,0,0.0,0.0,NaN,NaN,NaN,NaN,NaN,0,0,0,NaN,NaN,NaN,NaN,,,NaN,NaN,NaN
PUBLICATION,LOCAL_HOTSPOT,LOCAL_COST_ADAPTIVE,1,214013,LOCAL_HOTSPOT,,8,20997,124982,-1,-1,-1,-1,-1,-1,-1,NO_CONFIDENT_DIAGNOSIS,,ABSTAIN,no cost-admissible candidate without explicit diagnosis,-1,-1,0,0,0.0,0.0,NaN,NaN,NaN,NaN,NaN,0,0,0,NaN,NaN,NaN,NaN,,,NaN,NaN,NaN
PUBLICATION,LOCAL_HOTSPOT,LOCAL_COST_ADAPTIVE,1,214013,LOCAL_HOTSPOT,,9,20998,125873,-1,-1,-1,-1,-1,-1,-1,NO_CONFIDENT_DIAGNOSIS,,ABSTAIN,no cost-admissible candidate without explicit diagnosis,-1,-1,0,0,0.0,0.0,NaN,NaN,NaN,NaN,NaN,0,0,0,NaN,NaN,NaN,NaN,,,NaN,NaN,NaN
PUBLICATION,LOCAL_HOTSPOT,LOCAL_COST_ADAPTIVE,1,214013,LOCAL_HOTSPOT,,10,20996,134458,134458,134458,134458,-1,-1,134458,7,INSERT_SPLIT_PRESSURE,SLACKEN,COMMIT_NO_TRIAL,runtime validation disabled by evaluation policy,26,27,46,3,4.3817577897651666E-5,1.362831054376959E-4,0.028832887512318738,541211.319160918,2590.0,2978.4999999999995,110.06791227566343,28300,0,0,NaN,NaN,NaN,NaN,,,NaN,NaN,NaN
PUBLICATION,LOCAL_HOTSPOT,LOCAL_COST_ADAPTIVE,1,214013,LOCAL_HOTSPOT,,11,21001,147629,147629,147629,147629,-1,-1,147629,8,INSERT_SPLIT_PRESSURE,SLACKEN,COMMIT_NO_TRIAL,runtime validation disabled by evaluation policy,52,53,57,3,5.403330157691925E-5,1.3595576905646697E-4,0.032499682620286914,659946.6802082012,3030.0,3484.4999999999995,105.59944021237301,32800,0,0,NaN,NaN,NaN,NaN,,,NaN,NaN,NaN
PUBLICATION,LOCAL_HOTSPOT,LOCAL_COST_ADAPTIVE,1,214013,LOCAL_HOTSPOT,,12,20999,148700,-1,-1,-1,-1,-1,-1,-1,NO_CONFIDENT_DIAGNOSIS,,ABSTAIN,no cost-admissible candidate without explicit diagnosis,-1,-1,0,0,0.0,0.0,NaN,NaN,NaN,NaN,NaN,0,0,0,NaN,NaN,NaN,NaN,,,NaN,NaN,NaN
PUBLICATION,LOCAL_HOTSPOT,LOCAL_COST_ADAPTIVE,1,214013,LOCAL_HOTSPOT,,13,21000,150423,-1,-1,-1,-1,-1,-1,-1,NO_CONFIDENT_DIAGNOSIS,,ABSTAIN,no cost-admissible candidate without explicit diagnosis,-1,-1,0,0,0.0,0.0,NaN,NaN,NaN,NaN,NaN,0,0,0,NaN,NaN,NaN,NaN,,,NaN,NaN,NaN
PUBLICATION,LOCAL_HOTSPOT,LOCAL_COST_ADAPTIVE,1,214013,LOCAL_HOTSPOT,,14,20998,157249,-1,-1,-1,-1,-1,-1,-1,NO_CONFIDENT_DIAGNOSIS,,ABSTAIN,no cost-admissible candidate without explicit diagnosis,-1,-1,0,0,0.0,0.0,NaN,NaN,NaN,NaN,NaN,0,0,0,NaN,NaN,NaN,NaN,,,NaN,NaN,NaN
PUBLICATION,LOCAL_HOTSPOT,LOCAL_COST_ADAPTIVE,1,214013,LOCAL_HOTSPOT,,15,20997,157533,157533,157533,157533,-1,-1,157533,8,INSERT_SPLIT_PRESSURE,SLACKEN,COMMIT_NO_TRIAL,runtime validation disabled by evaluation policy,10,11,48,3,4.533631041771743E-5,1.358941837289364E-4,0.03146025991581922,1771133.9826108327,2670.0,3070.4999999999995,34.67270155896132,37800,0,0,NaN,NaN,NaN,NaN,,,NaN,NaN,NaN
PUBLICATION,LOCAL_HOTSPOT,LOCAL_COST_ADAPTIVE,1,214013,LOCAL_HOTSPOT,,16,21170,161998,161998,161998,161998,-1,-1,161998,6,INSERT_SPLIT_PRESSURE,SLACKEN,COMMIT_NO_TRIAL,runtime validation disabled by evaluation policy,23,24,46,3,4.337474364112114E-5,1.3586341198315293E-4,0.034249782594153455,1025416.4158137668,2590.0,2978.4999999999995,58.09347215562709,33600,0,0,NaN,NaN,NaN,NaN,,,NaN,NaN,NaN
PUBLICATION,LOCAL_HOTSPOT,LOCAL_COST_ADAPTIVE,1,214013,LOCAL_HOTSPOT,,17,21587,163476,163476,163476,163476,-1,-1,163476,4,INSERT_SPLIT_PRESSURE,SLACKEN,COMMIT_NO_TRIAL,runtime validation disabled by evaluation policy,14,15,51,3,4.8062424607961396E-5,1.3585725930622227E-4,0.02669377753447512,300435.33797346265,2790.0,3208.4999999999995,213.59005379609542,30900,0,0,NaN,NaN,NaN,NaN,,,NaN,NaN,NaN
PUBLICATION,LOCAL_HOTSPOT,LOCAL_COST_ADAPTIVE,1,214013,LOCAL_HOTSPOT,,18,21568,173087,173087,173087,173087,-1,-1,173087,4,INSERT_SPLIT_PRESSURE,SLACKEN,COMMIT_NO_TRIAL,runtime validation disabled by evaluation policy,16,17,50,3,4.6952236428925585E-5,1.3581420616596497E-4,0.021671040379243205,53369.169558960464,2750.0,3162.4999999999995,1185.1411690062653,40900,0,0,NaN,NaN,NaN,NaN,,,NaN,NaN,NaN
PUBLICATION,LOCAL_HOTSPOT,LOCAL_COST_ADAPTIVE,1,214013,LOCAL_HOTSPOT,,19,21554,176570,-1,-1,-1,-1,-1,-1,-1,NO_CONFIDENT_DIAGNOSIS,,ABSTAIN,no cost-admissible candidate without explicit diagnosis,-1,-1,0,0,0.0,0.0,NaN,NaN,NaN,NaN,NaN,0,0,0,NaN,NaN,NaN,NaN,,,NaN,NaN,NaN
PUBLICATION,LOCAL_HOTSPOT,LOCAL_COST_ADAPTIVE,1,214013,LOCAL_HOTSPOT,,20,21605,207043,207043,207043,207043,-1,-1,207043,4,INSERT_SPLIT_PRESSURE,SLACKEN,COMMIT_NO_TRIAL,runtime validation disabled by evaluation policy,28,29,57,3,5.286863350350232E-5,1.3515948819607136E-4,0.02442864640488573,163824.60995276493,3030.0,3484.4999999999995,425.3939626048461,24200,0,0,NaN,NaN,NaN,NaN,,,NaN,NaN,NaN
PUBLICATION,LOCAL_HOTSPOT,LOCAL_COST_ADAPTIVE,1,214013,LOCAL_HOTSPOT,,21,21678,222323,222323,222323,222323,-1,-1,222323,4,INSERT_SPLIT_PRESSURE,SLACKEN,COMMIT_NO_TRIAL,runtime validation disabled by evaluation policy,5,6,62,3,5.718375538634083E-5,1.3440860215053763E-4,0.021608390132731223,110135.26345776446,3230.0,3714.4999999999995,674.5341833997546,28400,0,0,NaN,NaN,NaN,NaN,,,NaN,NaN,NaN
PUBLICATION,LOCAL_HOTSPOT,LOCAL_COST_ADAPTIVE,1,214013,LOCAL_HOTSPOT,,22,21554,236452,236452,236452,236452,-1,-1,236452,5,INSERT_SPLIT_PRESSURE,SLACKEN,COMMIT_NO_TRIAL,runtime validation disabled by evaluation policy,4,5,64,3,5.871672756998071E-5,1.3344008540165466E-4,0.017119451642564575,33911.22628103319,3310.0,3806.4999999999995,2244.9792693748764,30500,0,0,NaN,NaN,NaN,NaN,,,NaN,NaN,NaN
PUBLICATION,LOCAL_HOTSPOT,LOCAL_COST_ADAPTIVE,1,214013,LOCAL_HOTSPOT,,23,21630,297205,297205,297205,297205,-1,-1,297205,5,INSERT_SPLIT_PRESSURE,SLACKEN,COMMIT_NO_TRIAL,runtime validation disabled by evaluation policy,2,3,63,3,5.651937538016009E-5,1.28595310557675E-4,0.015890751086281813,18435.754189944135,3270.0,3760.4999999999995,4079.5727272727268,50400,0,0,NaN,NaN,NaN,NaN,,,NaN,NaN,NaN
PUBLICATION,LOCAL_HOTSPOT,LOCAL_COST_ADAPTIVE,1,214013,LOCAL_HOTSPOT,,24,20998,298709,298709,298709,298709,-1,-1,298709,11,INSERT_SPLIT_PRESSURE,SLACKEN,COMMIT_NO_TRIAL,runtime validation disabled by evaluation policy,47,48,53,3,4.752327519652668E-5,1.28474155282429E-4,0.01702863604616357,183825.9221072937,2870.0,3300.4999999999995,359.08972599344236,43400,0,0,NaN,NaN,NaN,NaN,,,NaN,NaN,NaN
PUBLICATION,LOCAL_HOTSPOT,LOCAL_COST_ADAPTIVE,2,1664525,LOCAL_HOTSPOT,,1,21001,51838,51838,51838,51838,-1,-1,51838,4,INSERT_SPLIT_PRESSURE,SLACKEN,COMMIT_NO_TRIAL,runtime validation disabled by evaluation policy,39,40,51,3,5.006051432761367E-5,1.411631846414455E-4,0.06477732793522267,3079643.2186234817,2790.0,3208.4999999999995,20.836829283322718,787100,0,0,NaN,NaN,NaN,NaN,,,NaN,NaN,NaN
PUBLICATION,LOCAL_HOTSPOT,LOCAL_COST_ADAPTIVE,2,1664525,LOCAL_HOTSPOT,,2,21000,52715,52715,52715,52715,-1,-1,52715,4,INSERT_SPLIT_PRESSURE,SLACKEN,COMMIT_NO_TRIAL,runtime validation disabled by evaluation policy,20,21,50,3,4.9062417207170963E-5,1.4115654260574978E-4,0.06578862833279794,1.288791519434629E7,2750.0,3162.4999999999995,4.907698339584567,42500,0,0,NaN,NaN,NaN,NaN,,,NaN,NaN,NaN
PUBLICATION,LOCAL_HOTSPOT,LOCAL_COST_ADAPTIVE,2,1664525,LOCAL_HOTSPOT,,3,20997,52838,52838,52838,52838,-1,-1,52838,4,INSERT_SPLIT_PRESSURE,SLACKEN,COMMIT_NO_TRIAL,runtime validation disabled by evaluation policy,44,45,52,3,5.1023061442559315E-5,1.4114990119506917E-4,0.061944225999637045,1.4157364950698689E7,2830.0,3254.4999999999995,4.597606985951697,69400,0,0,NaN,NaN,NaN,NaN,,,NaN,NaN,NaN
PUBLICATION,LOCAL_HOTSPOT,LOCAL_COST_ADAPTIVE,2,1664525,LOCAL_HOTSPOT,,4,20999,87112,87112,87112,87112,-1,-1,87112,6,INSERT_SPLIT_PRESSURE,SLACKEN,COMMIT_NO_TRIAL,runtime validation disabled by evaluation policy,31,32,58,3,5.621489597821188E-5,1.405678942929435E-4,0.055276653171390015,5640680.161943319,3070.0,3530.4999999999995,12.517993924986792,27900,0,0,NaN,NaN,NaN,NaN,,,NaN,NaN,NaN
PUBLICATION,LOCAL_HOTSPOT,LOCAL_COST_ADAPTIVE,2,1664525,LOCAL_HOTSPOT,,5,20998,124832,-1,-1,-1,-1,-1,-1,-1,NO_CONFIDENT_DIAGNOSIS,,ABSTAIN,no cost-admissible candidate without explicit diagnosis,-1,-1,0,0,0.0,0.0,NaN,NaN,NaN,NaN,NaN,0,0,0,NaN,NaN,NaN,NaN,,,NaN,NaN,NaN
PUBLICATION,LOCAL_HOTSPOT,LOCAL_COST_ADAPTIVE,2,1664525,LOCAL_HOTSPOT,,6,20996,127781,-1,-1,-1,-1,-1,-1,-1,NO_CONFIDENT_DIAGNOSIS,,ABSTAIN,no cost-admissible candidate without explicit diagnosis,-1,-1,0,0,0.0,0.0,NaN,NaN,NaN,NaN,NaN,0,0,0,NaN,NaN,NaN,NaN,,,NaN,NaN,NaN
PUBLICATION,LOCAL_HOTSPOT,LOCAL_COST_ADAPTIVE,2,1664525,LOCAL_HOTSPOT,,7,21173,138328,138328,138328,138328,-1,-1,138328,5,INSERT_SPLIT_PRESSURE,SLACKEN,COMMIT_NO_TRIAL,runtime validation disabled by evaluation policy,38,39,46,3,4.375068954891137E-5,1.3626453488372093E-4,0.034092422426421624,95884.93807431083,2590.0,2978.4999999999995,621.2654583333333,53800,0,0,NaN,NaN,NaN,NaN,,,NaN,NaN,NaN
PUBLICATION,LOCAL_HOTSPOT,LOCAL_COST_ADAPTIVE,2,1664525,LOCAL_HOTSPOT,,8,20996,158541,-1,-1,-1,-1,-1,-1,-1,NO_CONFIDENT_DIAGNOSIS,,ABSTAIN,no cost-admissible candidate without explicit diagnosis,-1,-1,0,0,0.0,0.0,NaN,NaN,NaN,NaN,NaN,0,0,0,NaN,NaN,NaN,NaN,,,NaN,NaN,NaN
PUBLICATION,LOCAL_HOTSPOT,LOCAL_COST_ADAPTIVE,2,1664525,LOCAL_HOTSPOT,,9,20998,159728,-1,-1,-1,-1,-1,-1,-1,NO_CONFIDENT_DIAGNOSIS,,ABSTAIN,no cost-admissible candidate without explicit diagnosis,-1,-1,0,0,0.0,0.0,NaN,NaN,NaN,NaN,NaN,0,0,0,NaN,NaN,NaN,NaN,,,NaN,NaN,NaN
PUBLICATION,LOCAL_HOTSPOT,LOCAL_COST_ADAPTIVE,2,1664525,LOCAL_HOTSPOT,,10,21000,160785,160785,160785,160785,-1,-1,160785,8,INSERT_SPLIT_PRESSURE,SLACKEN,COMMIT_NO_TRIAL,runtime validation disabled by evaluation policy,26,27,54,3,5.094041669260854E-5,1.358695652173913E-4,0.03153291864260639,2317570.9798608115,2910.0,3346.4999999999995,28.879374388792037,28400,0,0,NaN,NaN,NaN,NaN,,,NaN,NaN,NaN
PUBLICATION,LOCAL_HOTSPOT,LOCAL_COST_ADAPTIVE,2,1664525,LOCAL_HOTSPOT,,11,21001,161026,161026,161026,161026,-1,-1,161026,8,INSERT_SPLIT_PRESSURE,SLACKEN,COMMIT_NO_TRIAL,runtime validation disabled by evaluation policy,19,20,52,3,4.9049200120736494E-5,1.3586341198315293E-4,0.03209930723174822,760502.8055546847,2830.0,3254.4999999999995,85.58811292290443,37300,0,0,NaN,NaN,NaN,NaN,,,NaN,NaN,NaN
PUBLICATION,LOCAL_HOTSPOT,LOCAL_COST_ADAPTIVE,2,1664525,LOCAL_HOTSPOT,,12,21588,161100,161100,161100,161100,-1,-1,161100,4,INSERT_SPLIT_PRESSURE,SLACKEN,COMMIT_NO_TRIAL,runtime validation disabled by evaluation policy,23,25,80,4,7.545803024357852E-5,1.8114301240829635E-4,0.029319971367215463,966024.3378668578,4200.0,4830.0,99.99748061555972,42300,0,0,NaN,NaN,NaN,NaN,,,NaN,NaN,NaN
PUBLICATION,LOCAL_HOTSPOT,LOCAL_COST_ADAPTIVE,2,1664525,LOCAL_HOTSPOT,,13,21567,165294,-1,-1,-1,-1,-1,-1,-1,NO_CONFIDENT_DIAGNOSIS,,ABSTAIN,no cost-admissible candidate without explicit diagnosis,-1,-1,0,0,0.0,0.0,NaN,NaN,NaN,NaN,NaN,0,0,0,NaN,NaN,NaN,NaN,,,NaN,NaN,NaN
PUBLICATION,LOCAL_HOTSPOT,LOCAL_COST_ADAPTIVE,2,1664525,LOCAL_HOTSPOT,,14,21541,170209,170209,170209,170209,-1,-1,170209,4,INSERT_SPLIT_PRESSURE,SLACKEN,COMMIT_NO_TRIAL,runtime validation disabled by evaluation policy,22,23,57,3,5.358593303450558E-5,1.358203549438609E-4,0.019859201365320094,46812.63696836879,3030.0,3484.4999999999995,1488.7005841411878,37400,0,0,NaN,NaN,NaN,NaN,,,NaN,NaN,NaN
PUBLICATION,LOCAL_HOTSPOT,LOCAL_COST_ADAPTIVE,2,1664525,LOCAL_HOTSPOT,,15,21575,170768,170768,170768,170768,-1,-1,170768,4,INSERT_SPLIT_PRESSURE,SLACKEN,COMMIT_NO_TRIAL,runtime validation disabled by evaluation policy,29,30,48,3,4.5115622882267965E-5,1.3581420616596497E-4,0.02250895742202097,1254812.8283472182,2670.0,3070.4999999999995,48.93956980092913,27000,0,0,NaN,NaN,NaN,NaN,,,NaN,NaN,NaN
PUBLICATION,LOCAL_HOTSPOT,LOCAL_COST_ADAPTIVE,2,1664525,LOCAL_HOTSPOT,,16,21577,176802,-1,-1,-1,-1,-1,-1,-1,NO_CONFIDENT_DIAGNOSIS,,ABSTAIN,no cost-admissible candidate without explicit diagnosis,-1,-1,0,0,0.0,0.0,NaN,NaN,NaN,NaN,NaN,0,0,0,NaN,NaN,NaN,NaN,,,NaN,NaN,NaN
PUBLICATION,LOCAL_HOTSPOT,LOCAL_COST_ADAPTIVE,2,1664525,LOCAL_HOTSPOT,,17,21633,222634,222634,222634,222634,-1,-1,222634,4,INSERT_SPLIT_PRESSURE,SLACKEN,COMMIT_NO_TRIAL,runtime validation disabled by evaluation policy,3,4,62,3,5.715760749317796E-5,1.3428827215756492E-4,0.019871148024528447,1551424.3576806644,3230.0,3714.4999999999995,47.885028768699655,25400,0,0,NaN,NaN,NaN,NaN,,,NaN,NaN,NaN
PUBLICATION,LOCAL_HOTSPOT,LOCAL_COST_ADAPTIVE,2,1664525,LOCAL_HOTSPOT,,18,21623,224308,224308,224308,224308,-1,-1,224308,4,INSERT_SPLIT_PRESSURE,SLACKEN,COMMIT_NO_TRIAL,runtime validation disabled by evaluation policy,4,6,93,4,8.568269762299612E-5,1.7894689750816444E-4,0.018312856555251535,135912.15551621153,4720.0,5428.0,798.7512197689413,39100,0,0,NaN,NaN,NaN,NaN,,,NaN,NaN,NaN
PUBLICATION,LOCAL_HOTSPOT,LOCAL_COST_ADAPTIVE,2,1664525,LOCAL_HOTSPOT,,19,21665,227526,227526,227526,227526,-1,-1,227526,4,INSERT_SPLIT_PRESSURE,SLACKEN,COMMIT_NO_TRIAL,runtime validation disabled by evaluation policy,7,8,63,3,5.7976722805926144E-5,1.3401232913428035E-4,0.022312284830261035,827480.7164335208,3270.0,3760.4999999999995,90.89033557683193,23900,0,0,NaN,NaN,NaN,NaN,,,NaN,NaN,NaN
PUBLICATION,LOCAL_HOTSPOT,LOCAL_COST_ADAPTIVE,2,1664525,LOCAL_HOTSPOT,,20,21567,228836,-1,-1,-1,-1,-1,-1,-1,NO_CONFIDENT_DIAGNOSIS,,ABSTAIN,no cost-admissible candidate without explicit diagnosis,-1,-1,0,0,0.0,0.0,NaN,NaN,NaN,NaN,NaN,0,0,0,NaN,NaN,NaN,NaN,,,NaN,NaN,NaN
PUBLICATION,LOCAL_HOTSPOT,LOCAL_COST_ADAPTIVE,2,1664525,LOCAL_HOTSPOT,,21,21577,235210,-1,-1,-1,-1,-1,-1,-1,NO_CONFIDENT_DIAGNOSIS,,ABSTAIN,no cost-admissible candidate without explicit diagnosis,-1,-1,0,0,0.0,0.0,NaN,NaN,NaN,NaN,NaN,0,0,0,NaN,NaN,NaN,NaN,,,NaN,NaN,NaN
PUBLICATION,LOCAL_HOTSPOT,LOCAL_COST_ADAPTIVE,2,1664525,LOCAL_HOTSPOT,,22,21187,238682,238682,238682,238682,-1,-1,238682,7,INSERT_SPLIT_PRESSURE,SLACKEN,COMMIT_NO_TRIAL,runtime validation disabled by evaluation policy,6,8,90,4,8.247770352747974E-5,1.7759623495981885E-4,0.01763480117794961,322520.10608435085,4600.0,5290.0,328.04156393378287,28500,0,0,NaN,NaN,NaN,NaN,,,NaN,NaN,NaN
PUBLICATION,LOCAL_HOTSPOT,LOCAL_COST_ADAPTIVE,2,1664525,LOCAL_HOTSPOT,,23,20999,248959,248959,248959,248959,-1,-1,248959,10,INSERT_SPLIT_PRESSURE,SLACKEN,COMMIT_NO_TRIAL,runtime validation disabled by evaluation policy,10,11,56,3,5.1121197404503775E-5,1.3233931801138118E-4,0.0157127512659199,8419.211293539973,2990.0,3438.4999999999995,8168.223554713129,32600,0,0,NaN,NaN,NaN,NaN,,,NaN,NaN,NaN
PUBLICATION,LOCAL_HOTSPOT,LOCAL_COST_ADAPTIVE,2,1664525,LOCAL_HOTSPOT,,24,21609,268520,268520,268520,268520,-1,-1,268520,5,INSERT_SPLIT_PRESSURE,SLACKEN,COMMIT_NO_TRIAL,runtime validation disabled by evaluation policy,23,24,59,3,5.347060476160267E-5,1.3073604392731077E-4,0.016951397165938287,350676.0693947821,3110.0,3576.4999999999995,203.97742031114572,27500,0,0,NaN,NaN,NaN,NaN,,,NaN,NaN,NaN
PUBLICATION,LOCAL_HOTSPOT,LOCAL_COST_ADAPTIVE,2,1664525,LOCAL_HOTSPOT,,25,21615,269006,269006,269006,269006,-1,-1,269006,5,INSERT_SPLIT_PRESSURE,SLACKEN,COMMIT_NO_TRIAL,runtime validation disabled by evaluation policy,35,36,58,3,5.2555464137238626E-5,1.3068478829064296E-4,0.016085201300639323,77988.09318106847,3070.0,3530.4999999999995,905.3946201256847,22700,0,0,NaN,NaN,NaN,NaN,,,NaN,NaN,NaN
PUBLICATION,LOCAL_HOTSPOT,LOCAL_COST_ADAPTIVE,2,1664525,LOCAL_HOTSPOT,,26,21631,288226,288226,288226,288226,-1,-1,288226,5,INSERT_SPLIT_PRESSURE,SLACKEN,COMMIT_NO_TRIAL,runtime validation disabled by evaluation policy,43,44,63,3,5.668444578807575E-5,1.2924906294429367E-4,0.016696287358758215,10029.511992304055,3270.0,3760.4999999999995,7498.869342567304,34300,0,0,NaN,NaN,NaN,NaN,,,NaN,NaN,NaN
PUBLICATION,LOCAL_HOTSPOT,LOCAL_COST_ADAPTIVE,2,1664525,LOCAL_HOTSPOT,,27,21567,288603,-1,-1,-1,-1,-1,-1,-1,NO_CONFIDENT_DIAGNOSIS,,ABSTAIN,no cost-admissible candidate without explicit diagnosis,-1,-1,0,0,0.0,0.0,NaN,NaN,NaN,NaN,NaN,0,0,0,NaN,NaN,NaN,NaN,,,NaN,NaN,NaN
PUBLICATION,LOCAL_HOTSPOT,LOCAL_COST_ADAPTIVE,2,1664525,LOCAL_HOTSPOT,,28,21577,292953,292953,292953,292953,-1,-1,292953,6,INSERT_SPLIT_PRESSURE,SLACKEN,COMMIT_NO_TRIAL,runtime validation disabled by evaluation policy,27,28,63,3,5.6584861124583694E-5,1.2886044413899745E-4,0.017741739868669542,49011.556387199606,3270.0,3760.4999999999995,1534.5360470871037,26300,0,0,NaN,NaN,NaN,NaN,,,NaN,NaN,NaN
PUBLICATION,LOCAL_HOTSPOT,LOCAL_COST_ADAPTIVE,3,22695477,LOCAL_HOTSPOT,,1,20997,52687,-1,-1,-1,-1,-1,-1,-1,NO_CONFIDENT_DIAGNOSIS,,ABSTAIN,no cost-admissible candidate without explicit diagnosis,-1,-1,0,0,0.0,0.0,NaN,NaN,NaN,NaN,NaN,0,0,0,NaN,NaN,NaN,NaN,,,NaN,NaN,NaN
PUBLICATION,LOCAL_HOTSPOT,LOCAL_COST_ADAPTIVE,3,22695477,LOCAL_HOTSPOT,,2,20997,68487,68487,68487,68487,-1,-1,68487,5,INSERT_SPLIT_PRESSURE,SLACKEN,COMMIT_NO_TRIAL,runtime validation disabled by evaluation policy,9,10,62,3,6.050610428519845E-5,1.4110342881332017E-4,0.06485117162761242,826573.780873971,3230.0,3714.4999999999995,89.87703423335068,1242900,0,0,NaN,NaN,NaN,NaN,,,NaN,NaN,NaN
PUBLICATION,LOCAL_HOTSPOT,LOCAL_COST_ADAPTIVE,3,22695477,LOCAL_HOTSPOT,,3,21000,121559,-1,-1,-1,-1,-1,-1,-1,NO_CONFIDENT_DIAGNOSIS,,ABSTAIN,no cost-admissible candidate without explicit diagnosis,-1,-1,0,0,0.0,0.0,NaN,NaN,NaN,NaN,NaN,0,0,0,NaN,NaN,NaN,NaN,,,NaN,NaN,NaN
PUBLICATION,LOCAL_HOTSPOT,LOCAL_COST_ADAPTIVE,3,22695477,LOCAL_HOTSPOT,,4,20999,125749,-1,-1,-1,-1,-1,-1,-1,NO_CONFIDENT_DIAGNOSIS,,ABSTAIN,no cost-admissible candidate without explicit diagnosis,-1,-1,0,0,0.0,0.0,NaN,NaN,NaN,NaN,NaN,0,0,0,NaN,NaN,NaN,NaN,,,NaN,NaN,NaN
PUBLICATION,LOCAL_HOTSPOT,LOCAL_COST_ADAPTIVE,3,22695477,LOCAL_HOTSPOT,,5,20998,130656,-1,-1,-1,-1,-1,-1,-1,NO_CONFIDENT_DIAGNOSIS,,ABSTAIN,no cost-admissible candidate without explicit diagnosis,-1,-1,0,0,0.0,0.0,NaN,NaN,NaN,NaN,NaN,0,0,0,NaN,NaN,NaN,NaN,,,NaN,NaN,NaN
PUBLICATION,LOCAL_HOTSPOT,LOCAL_COST_ADAPTIVE,3,22695477,LOCAL_HOTSPOT,,6,21001,133833,-1,-1,-1,-1,-1,-1,-1,NO_CONFIDENT_DIAGNOSIS,,ABSTAIN,no cost-admissible candidate without explicit diagnosis,-1,-1,0,0,0.0,0.0,NaN,NaN,NaN,NaN,NaN,0,0,0,NaN,NaN,NaN,NaN,,,NaN,NaN,NaN
PUBLICATION,LOCAL_HOTSPOT,LOCAL_COST_ADAPTIVE,3,22695477,LOCAL_HOTSPOT,,7,21560,152637,-1,-1,-1,-1,-1,-1,-1,NO_CONFIDENT_DIAGNOSIS,,ABSTAIN,no cost-admissible candidate without explicit diagnosis,-1,-1,0,0,0.0,0.0,NaN,NaN,NaN,NaN,NaN,0,0,0,NaN,NaN,NaN,NaN,,,NaN,NaN,NaN
PUBLICATION,LOCAL_HOTSPOT,LOCAL_COST_ADAPTIVE,3,22695477,LOCAL_HOTSPOT,,8,20996,154714,-1,-1,-1,-1,-1,-1,-1,NO_CONFIDENT_DIAGNOSIS,,ABSTAIN,no cost-admissible candidate without explicit diagnosis,-1,-1,0,0,0.0,0.0,NaN,NaN,NaN,NaN,NaN,0,0,0,NaN,NaN,NaN,NaN,,,NaN,NaN,NaN
PUBLICATION,LOCAL_HOTSPOT,LOCAL_COST_ADAPTIVE,3,22695477,LOCAL_HOTSPOT,,9,21000,155276,-1,-1,-1,-1,-1,-1,-1,NO_CONFIDENT_DIAGNOSIS,,ABSTAIN,no cost-admissible candidate without explicit diagnosis,-1,-1,0,0,0.0,0.0,NaN,NaN,NaN,NaN,NaN,0,0,0,NaN,NaN,NaN,NaN,,,NaN,NaN,NaN
PUBLICATION,LOCAL_HOTSPOT,LOCAL_COST_ADAPTIVE,3,22695477,LOCAL_HOTSPOT,,10,20998,160775,-1,-1,-1,-1,-1,-1,-1,NO_CONFIDENT_DIAGNOSIS,,ABSTAIN,no cost-admissible candidate without explicit diagnosis,-1,-1,0,0,0.0,0.0,NaN,NaN,NaN,NaN,NaN,0,0,0,NaN,NaN,NaN,NaN,,,NaN,NaN,NaN
PUBLICATION,LOCAL_HOTSPOT,LOCAL_COST_ADAPTIVE,3,22695477,LOCAL_HOTSPOT,,11,21576,175213,-1,-1,-1,-1,-1,-1,-1,NO_CONFIDENT_DIAGNOSIS,,ABSTAIN,no cost-admissible candidate without explicit diagnosis,-1,-1,0,0,0.0,0.0,NaN,NaN,NaN,NaN,NaN,0,0,0,NaN,NaN,NaN,NaN,,,NaN,NaN,NaN
PUBLICATION,LOCAL_HOTSPOT,LOCAL_COST_ADAPTIVE,3,22695477,LOCAL_HOTSPOT,,12,20997,190841,-1,-1,-1,-1,-1,-1,-1,NO_CONFIDENT_DIAGNOSIS,,ABSTAIN,no cost-admissible candidate without explicit diagnosis,-1,-1,0,0,0.0,0.0,NaN,NaN,NaN,NaN,NaN,0,0,0,NaN,NaN,NaN,NaN,,,NaN,NaN,NaN
PUBLICATION,LOCAL_HOTSPOT,LOCAL_COST_ADAPTIVE,3,22695477,LOCAL_HOTSPOT,,13,21603,192027,-1,-1,-1,-1,-1,-1,-1,NO_CONFIDENT_DIAGNOSIS,,ABSTAIN,no cost-admissible candidate without explicit diagnosis,-1,-1,0,0,0.0,0.0,NaN,NaN,NaN,NaN,NaN,0,0,0,NaN,NaN,NaN,NaN,,,NaN,NaN,NaN
PUBLICATION,LOCAL_HOTSPOT,LOCAL_COST_ADAPTIVE,3,22695477,LOCAL_HOTSPOT,,14,21616,193163,-1,-1,-1,-1,-1,-1,-1,NO_CONFIDENT_DIAGNOSIS,,ABSTAIN,no cost-admissible candidate without explicit diagnosis,-1,-1,0,0,0.0,0.0,NaN,NaN,NaN,NaN,NaN,0,0,0,NaN,NaN,NaN,NaN,,,NaN,NaN,NaN
PUBLICATION,LOCAL_HOTSPOT,LOCAL_COST_ADAPTIVE,3,22695477,LOCAL_HOTSPOT,,15,21600,193327,193327,193327,193327,-1,-1,193327,4,INSERT_SPLIT_PRESSURE,SLACKEN,COMMIT_NO_TRIAL,runtime validation disabled by evaluation policy,12,13,61,3,5.686362610953985E-5,1.3558709210883125E-4,0.028602553001312814,190575.6822435128,3190.0,3668.4999999999995,384.99140675382534,30700,0,0,NaN,NaN,NaN,NaN,,,NaN,NaN,NaN
PUBLICATION,LOCAL_HOTSPOT,LOCAL_COST_ADAPTIVE,3,22695477,LOCAL_HOTSPOT,,16,21560,199370,199370,199370,199370,-1,-1,199370,5,INSERT_SPLIT_PRESSURE,SLACKEN,COMMIT_NO_TRIAL,runtime validation disabled by evaluation policy,7,8,52,3,4.836633405510786E-5,1.35464643727987E-4,0.0219234392395307,180816.99066541062,2830.0,3254.4999999999995,359.9772331154684,25300,0,0,NaN,NaN,NaN,NaN,,,NaN,NaN,NaN
PUBLICATION,LOCAL_HOTSPOT,LOCAL_COST_ADAPTIVE,3,22695477,LOCAL_HOTSPOT,,17,21576,236142,236142,236142,236142,-1,-1,236142,5,INSERT_SPLIT_PRESSURE,SLACKEN,COMMIT_NO_TRIAL,runtime validation disabled by evaluation policy,38,39,62,3,5.6881203606268306E-5,1.3344008540165466E-4,0.016814726021773755,151976.2229264848,3230.0,3714.4999999999995,488.8264662027833,42500,0,0,NaN,NaN,NaN,NaN,,,NaN,NaN,NaN
PUBLICATION,LOCAL_HOTSPOT,LOCAL_COST_ADAPTIVE,3,22695477,LOCAL_HOTSPOT,,18,20997,248372,248372,248372,248372,-1,-1,248372,10,INSERT_SPLIT_PRESSURE,SLACKEN,COMMIT_NO_TRIAL,runtime validation disabled by evaluation policy,20,21,61,3,5.5706694209517445E-5,1.3234515616728428E-4,0.017808076240826406,952432.9588536051,3190.0,3668.4999999999995,77.0342934040331,35600,0,0,NaN,NaN,NaN,NaN,,,NaN,NaN,NaN
PUBLICATION,LOCAL_HOTSPOT,LOCAL_COST_ADAPTIVE,3,22695477,LOCAL_HOTSPOT,,19,21603,250487,-1,-1,-1,-1,-1,-1,-1,NO_CONFIDENT_DIAGNOSIS,,ABSTAIN,no cost-admissible candidate without explicit diagnosis,-1,-1,0,0,0.0,0.0,NaN,NaN,NaN,NaN,NaN,0,0,0,NaN,NaN,NaN,NaN,,,NaN,NaN,NaN
PUBLICATION,LOCAL_HOTSPOT,LOCAL_COST_ADAPTIVE,3,22695477,LOCAL_HOTSPOT,,20,21608,265060,265060,265060,265060,-1,-1,265060,5,INSERT_SPLIT_PRESSURE,SLACKEN,COMMIT_NO_TRIAL,runtime validation disabled by evaluation policy,26,27,57,3,5.173117938013341E-5,1.3087292239235702E-4,0.015465941700649449,117085.0324724362,3030.0,3484.4999999999995,595.2084440545909,30000,0,0,NaN,NaN,NaN,NaN,,,NaN,NaN,NaN
PUBLICATION,LOCAL_HOTSPOT,LOCAL_COST_ADAPTIVE,3,22695477,LOCAL_HOTSPOT,,21,20996,289935,-1,-1,-1,-1,-1,-1,-1,NO_CONFIDENT_DIAGNOSIS,,ABSTAIN,no cost-admissible candidate without explicit diagnosis,-1,-1,0,0,0.0,0.0,NaN,NaN,NaN,NaN,NaN,0,0,0,NaN,NaN,NaN,NaN,,,NaN,NaN,NaN
PUBLICATION,LOCAL_HOTSPOT,LOCAL_COST_ADAPTIVE,3,22695477,LOCAL_HOTSPOT,,22,21644,296583,296583,296583,296583,-1,-1,296583,5,INSERT_SPLIT_PRESSURE,SLACKEN,COMMIT_NO_TRIAL,runtime validation disabled by evaluation policy,13,14,55,3,4.933558423198847E-5,1.2856775520699409E-4,0.015194907331839563,120140.67160303303,2950.0,3392.4999999999995,564.7546255125734,25200,0,0,NaN,NaN,NaN,NaN,,,NaN,NaN,NaN
PUBLICATION,LOCAL_HOTSPOT,LOCAL_COST_ADAPTIVE,4,69069,LOCAL_HOTSPOT,,1,21000,52482,-1,-1,-1,-1,-1,-1,-1,NO_CONFIDENT_DIAGNOSIS,,ABSTAIN,no cost-admissible candidate without explicit diagnosis,-1,-1,0,0,0.0,0.0,NaN,NaN,NaN,NaN,NaN,0,0,0,NaN,NaN,NaN,NaN,,,NaN,NaN,NaN
PUBLICATION,LOCAL_HOTSPOT,LOCAL_COST_ADAPTIVE,4,69069,LOCAL_HOTSPOT,,2,20997,53220,-1,-1,-1,-1,-1,-1,-1,NO_CONFIDENT_DIAGNOSIS,,ABSTAIN,no cost-admissible candidate without explicit diagnosis,-1,-1,0,0,0.0,0.0,NaN,NaN,NaN,NaN,NaN,0,0,0,NaN,NaN,NaN,NaN,,,NaN,NaN,NaN
PUBLICATION,LOCAL_HOTSPOT,LOCAL_COST_ADAPTIVE,4,69069,LOCAL_HOTSPOT,,3,21170,87549,87549,87549,87549,-1,-1,87549,4,INSERT_SPLIT_PRESSURE,SLACKEN,COMMIT_NO_TRIAL,runtime validation disabled by evaluation policy,14,16,89,4,8.623579773926559E-5,1.873448550419184E-4,0.032145660021974574,957739.7582797048,4560.0,5244.0,109.50782724984265,31100,0,0,NaN,NaN,NaN,NaN,,,NaN,NaN,NaN
PUBLICATION,LOCAL_HOTSPOT,LOCAL_COST_ADAPTIVE,4,69069,LOCAL_HOTSPOT,,4,20998,118058,-1,-1,-1,-1,-1,-1,-1,NO_CONFIDENT_DIAGNOSIS,,ABSTAIN,no cost-admissible candidate without explicit diagnosis,-1,-1,0,0,0.0,0.0,NaN,NaN,NaN,NaN,NaN,0,0,0,NaN,NaN,NaN,NaN,,,NaN,NaN,NaN
PUBLICATION,LOCAL_HOTSPOT,LOCAL_COST_ADAPTIVE,4,69069,LOCAL_HOTSPOT,,5,20996,121284,121284,121284,121284,-1,-1,121284,7,INSERT_SPLIT_PRESSURE,SLACKEN,COMMIT_NO_TRIAL,runtime validation disabled by evaluation policy,0,1,60,3,5.742643434483617E-5,1.3708645585816122E-4,0.031327439043044636,1504940.8021537615,3150.0,3622.4999999999995,48.14142848430639,25300,0,0,NaN,NaN,NaN,NaN,,,NaN,NaN,NaN
PUBLICATION,LOCAL_HOTSPOT,LOCAL_COST_ADAPTIVE,4,69069,LOCAL_HOTSPOT,,6,21000,125686,125686,125686,125686,-1,-1,125686,7,INSERT_SPLIT_PRESSURE,SLACKEN,COMMIT_NO_TRIAL,runtime validation disabled by evaluation policy,40,41,59,3,5.637921231551336E-5,1.3676148796498905E-4,0.03243380210312936,991799.6959331054,3110.0,3576.4999999999995,72.12141755367561,28700,0,0,NaN,NaN,NaN,NaN,,,NaN,NaN,NaN
PUBLICATION,LOCAL_HOTSPOT,LOCAL_COST_ADAPTIVE,4,69069,LOCAL_HOTSPOT,,7,20997,133230,133230,133230,133230,-1,-1,133230,7,INSERT_SPLIT_PRESSURE,SLACKEN,COMMIT_NO_TRIAL,runtime validation disabled by evaluation policy,16,17,62,3,5.907451201594631E-5,1.3638223394099195E-4,0.032239783388955355,688724.891379636,3230.0,3714.4999999999995,107.86600125804101,29500,0,0,NaN,NaN,NaN,NaN,,,NaN,NaN,NaN
PUBLICATION,LOCAL_HOTSPOT,LOCAL_COST_ADAPTIVE,4,69069,LOCAL_HOTSPOT,,8,21001,142777,-1,-1,-1,-1,-1,-1,-1,NO_CONFIDENT_DIAGNOSIS,,ABSTAIN,no cost-admissible candidate without explicit diagnosis,-1,-1,0,0,0.0,0.0,NaN,NaN,NaN,NaN,NaN,0,0,0,NaN,NaN,NaN,NaN,,,NaN,NaN,NaN
PUBLICATION,LOCAL_HOTSPOT,LOCAL_COST_ADAPTIVE,4,69069,LOCAL_HOTSPOT,,9,20998,149856,-1,-1,-1,-1,-1,-1,-1,NO_CONFIDENT_DIAGNOSIS,,ABSTAIN,no cost-admissible candidate without explicit diagnosis,-1,-1,0,0,0.0,0.0,NaN,NaN,NaN,NaN,NaN,0,0,0,NaN,NaN,NaN,NaN,,,NaN,NaN,NaN
PUBLICATION,LOCAL_HOTSPOT,LOCAL_COST_ADAPTIVE,4,69069,LOCAL_HOTSPOT,,10,20999,150008,-1,-1,-1,-1,-1,-1,-1,NO_CONFIDENT_DIAGNOSIS,,ABSTAIN,no cost-admissible candidate without explicit diagnosis,-1,-1,0,0,0.0,0.0,NaN,NaN,NaN,NaN,NaN,0,0,0,NaN,NaN,NaN,NaN,,,NaN,NaN,NaN
PUBLICATION,LOCAL_HOTSPOT,LOCAL_COST_ADAPTIVE,4,69069,LOCAL_HOTSPOT,,11,21578,172497,172497,172497,172497,-1,-1,172497,4,INSERT_SPLIT_PRESSURE,SLACKEN,COMMIT_NO_TRIAL,runtime validation disabled by evaluation policy,3,4,51,3,4.789834281125705E-5,1.358203549438609E-4,0.02359936392339425,781613.6986932774,2790.0,3208.4999999999995,82.0993799203892,28700,0,0,NaN,NaN,NaN,NaN,,,NaN,NaN,NaN
PUBLICATION,LOCAL_HOTSPOT,LOCAL_COST_ADAPTIVE,4,69069,LOCAL_HOTSPOT,,12,21001,174346,-1,-1,-1,-1,-1,-1,-1,NO_CONFIDENT_DIAGNOSIS,,ABSTAIN,no cost-admissible candidate without explicit diagnosis,-1,-1,0,0,0.0,0.0,NaN,NaN,NaN,NaN,NaN,0,0,0,NaN,NaN,NaN,NaN,,,NaN,NaN,NaN
PUBLICATION,LOCAL_HOTSPOT,LOCAL_COST_ADAPTIVE,4,69069,LOCAL_HOTSPOT,,13,21602,181862,-1,-1,-1,-1,-1,-1,-1,NO_CONFIDENT_DIAGNOSIS,,ABSTAIN,no cost-admissible candidate without explicit diagnosis,-1,-1,0,0,0.0,0.0,NaN,NaN,NaN,NaN,NaN,0,0,0,NaN,NaN,NaN,NaN,,,NaN,NaN,NaN
PUBLICATION,LOCAL_HOTSPOT,LOCAL_COST_ADAPTIVE,4,69069,LOCAL_HOTSPOT,,14,21574,183182,-1,-1,-1,-1,-1,-1,-1,NO_CONFIDENT_DIAGNOSIS,,ABSTAIN,no cost-admissible candidate without explicit diagnosis,-1,-1,0,0,0.0,0.0,NaN,NaN,NaN,NaN,NaN,0,0,0,NaN,NaN,NaN,NaN,,,NaN,NaN,NaN
PUBLICATION,LOCAL_HOTSPOT,LOCAL_COST_ADAPTIVE,4,69069,LOCAL_HOTSPOT,,15,21176,186524,186524,186524,186524,-1,-1,186524,6,INSERT_SPLIT_PRESSURE,SLACKEN,COMMIT_NO_TRIAL,runtime validation disabled by evaluation policy,0,1,53,3,4.951910409663139E-5,1.35666802333469E-4,0.01998828811243412,1772393.987897716,2870.0,3300.4999999999995,37.24341227217556,27400,0,0,NaN,NaN,NaN,NaN,,,NaN,NaN,NaN
PUBLICATION,LOCAL_HOTSPOT,LOCAL_COST_ADAPTIVE,4,69069,LOCAL_HOTSPOT,,16,21001,226883,-1,-1,-1,-1,-1,-1,-1,NO_CONFIDENT_DIAGNOSIS,,ABSTAIN,no cost-admissible candidate without explicit diagnosis,-1,-1,0,0,0.0,0.0,NaN,NaN,NaN,NaN,NaN,0,0,0,NaN,NaN,NaN,NaN,,,NaN,NaN,NaN
PUBLICATION,LOCAL_HOTSPOT,LOCAL_COST_ADAPTIVE,4,69069,LOCAL_HOTSPOT,,17,21172,231548,231548,231548,231548,-1,-1,231548,8,INSERT_SPLIT_PRESSURE,SLACKEN,COMMIT_NO_TRIAL,runtime validation disabled by evaluation policy,20,21,63,3,5.787542085995526E-5,1.3366601318837997E-4,0.017501880084774733,53303.06966568674,3270.0,3760.4999999999995,1410.988156436619,26900,0,0,NaN,NaN,NaN,NaN,,,NaN,NaN,NaN
PUBLICATION,LOCAL_HOTSPOT,LOCAL_COST_ADAPTIVE,4,69069,LOCAL_HOTSPOT,,18,21607,236920,236920,236920,236920,-1,-1,236920,4,INSERT_SPLIT_PRESSURE,SLACKEN,COMMIT_NO_TRIAL,runtime validation disabled by evaluation policy,18,19,63,3,5.7757417014968336E-5,1.3329778725673153E-4,0.01732304777371769,84111.5171200433,3270.0,3760.4999999999995,894.1700563153661,31700,0,0,NaN,NaN,NaN,NaN,,,NaN,NaN,NaN
PUBLICATION,LOCAL_HOTSPOT,LOCAL_COST_ADAPTIVE,4,69069,LOCAL_HOTSPOT,,19,21602,241149,241149,241149,241149,-1,-1,241149,5,INSERT_SPLIT_PRESSURE,SLACKEN,COMMIT_NO_TRIAL,runtime validation disabled by evaluation policy,3,4,61,3,5.583667132887616E-5,1.32972829218563E-4,0.017273079972336083,16551.11920786735,3190.0,3668.4999999999995,4432.9328475336315,22600,0,0,NaN,NaN,NaN,NaN,,,NaN,NaN,NaN
PUBLICATION,LOCAL_HOTSPOT,LOCAL_COST_ADAPTIVE,4,69069,LOCAL_HOTSPOT,,20,21574,244575,244575,244575,244575,-1,-1,244575,5,INSERT_SPLIT_PRESSURE,SLACKEN,COMMIT_NO_TRIAL,runtime validation disabled by evaluation policy,38,39,63,3,5.759257549426771E-5,1.3277273733126798E-4,0.016741874305146818,72199.33294094565,3270.0,3760.4999999999995,1041.699375,22100,0,0,NaN,NaN,NaN,NaN,,,NaN,NaN,NaN
PUBLICATION,LOCAL_HOTSPOT,LOCAL_COST_ADAPTIVE,4,69069,LOCAL_HOTSPOT,,21,21620,273072,273072,273072,273072,-1,-1,273072,5,INSERT_SPLIT_PRESSURE,SLACKEN,COMMIT_NO_TRIAL,runtime validation disabled by evaluation policy,11,12,64,3,5.789644135904659E-5,1.3031013812874641E-4,0.01661178073747222,519820.9042389241,3310.0,3806.4999999999995,146.4542871962081,34600,0,0,NaN,NaN,NaN,NaN,,,NaN,NaN,NaN
PUBLICATION,LOCAL_HOTSPOT,LOCAL_COST_ADAPTIVE,4,69069,LOCAL_HOTSPOT,,22,21001,293950,-1,-1,-1,-1,-1,-1,-1,NO_CONFIDENT_DIAGNOSIS,,ABSTAIN,no cost-admissible candidate without explicit diagnosis,-1,-1,0,0,0.0,0.0,NaN,NaN,NaN,NaN,NaN,0,0,0,NaN,NaN,NaN,NaN,,,NaN,NaN,NaN
PUBLICATION,LOCAL_HOTSPOT,LOCAL_COST_ADAPTIVE,4,69069,LOCAL_HOTSPOT,,23,20999,298183,298183,298183,298183,-1,-1,298183,11,INSERT_SPLIT_PRESSURE,SLACKEN,COMMIT_NO_TRIAL,runtime validation disabled by evaluation policy,35,36,60,3,5.3773607734078755E-5,1.2842465753424656E-4,0.015475057049160508,726710.5390578954,3150.0,3622.4999999999995,99.69581574243286,30300,0,0,NaN,NaN,NaN,NaN,,,NaN,NaN,NaN
PUBLICATION,LOCAL_HOTSPOT,LOCAL_COST_ADAPTIVE,5,48271,LOCAL_HOTSPOT,,1,20999,51168,-1,-1,-1,-1,-1,-1,-1,NO_CONFIDENT_DIAGNOSIS,,ABSTAIN,no cost-admissible candidate without explicit diagnosis,-1,-1,0,0,0.0,0.0,NaN,NaN,NaN,NaN,NaN,0,0,0,NaN,NaN,NaN,NaN,,,NaN,NaN,NaN
PUBLICATION,LOCAL_HOTSPOT,LOCAL_COST_ADAPTIVE,5,48271,LOCAL_HOTSPOT,,2,20996,52671,52671,52671,52671,-1,-1,52671,4,INSERT_SPLIT_PRESSURE,SLACKEN,COMMIT_NO_TRIAL,runtime validation disabled by evaluation policy,39,40,50,3,4.907599712610961E-5,1.411698273022446E-4,0.06451612903225806,265524.1935483871,2750.0,3162.4999999999995,238.20804859529227,793200,0,0,NaN,NaN,NaN,NaN,,,NaN,NaN,NaN
PUBLICATION,LOCAL_HOTSPOT,LOCAL_COST_ADAPTIVE,5,48271,LOCAL_HOTSPOT,,3,20999,67270,-1,-1,-1,-1,-1,-1,-1,NO_CONFIDENT_DIAGNOSIS,,ABSTAIN,no cost-admissible candidate without explicit diagnosis,-1,-1,0,0,0.0,0.0,NaN,NaN,NaN,NaN,NaN,0,0,0,NaN,NaN,NaN,NaN,,,NaN,NaN,NaN
PUBLICATION,LOCAL_HOTSPOT,LOCAL_COST_ADAPTIVE,5,48271,LOCAL_HOTSPOT,,4,20999,86773,-1,-1,-1,-1,-1,-1,-1,NO_CONFIDENT_DIAGNOSIS,,ABSTAIN,no cost-admissible candidate without explicit diagnosis,-1,-1,0,0,0.0,0.0,NaN,NaN,NaN,NaN,NaN,0,0,0,NaN,NaN,NaN,NaN,,,NaN,NaN,NaN
PUBLICATION,LOCAL_HOTSPOT,LOCAL_COST_ADAPTIVE,5,48271,LOCAL_HOTSPOT,,5,20999,118692,-1,-1,-1,-1,-1,-1,-1,NO_CONFIDENT_DIAGNOSIS,,ABSTAIN,no cost-admissible candidate without explicit diagnosis,-1,-1,0,0,0.0,0.0,NaN,NaN,NaN,NaN,NaN,0,0,0,NaN,NaN,NaN,NaN,,,NaN,NaN,NaN
PUBLICATION,LOCAL_HOTSPOT,LOCAL_COST_ADAPTIVE,5,48271,LOCAL_HOTSPOT,,6,20997,128354,128354,128354,128354,-1,-1,128354,7,INSERT_SPLIT_PRESSURE,SLACKEN,COMMIT_NO_TRIAL,runtime validation disabled by evaluation policy,40,41,60,3,5.729542667904248E-5,1.3669294208775687E-4,0.0305425477972977,2905007.90407731,3150.0,3622.4999999999995,24.93969117891663,35100,0,0,NaN,NaN,NaN,NaN,,,NaN,NaN,NaN
PUBLICATION,LOCAL_HOTSPOT,LOCAL_COST_ADAPTIVE,5,48271,LOCAL_HOTSPOT,,7,21000,129349,-1,-1,-1,-1,-1,-1,-1,NO_CONFIDENT_DIAGNOSIS,,ABSTAIN,no cost-admissible candidate without explicit diagnosis,-1,-1,0,0,0.0,0.0,NaN,NaN,NaN,NaN,NaN,0,0,0,NaN,NaN,NaN,NaN,,,NaN,NaN,NaN
PUBLICATION,LOCAL_HOTSPOT,LOCAL_COST_ADAPTIVE,5,48271,LOCAL_HOTSPOT,,8,20998,129365,-1,-1,-1,-1,-1,-1,-1,NO_CONFIDENT_DIAGNOSIS,,ABSTAIN,no cost-admissible candidate without explicit diagnosis,-1,-1,0,0,0.0,0.0,NaN,NaN,NaN,NaN,NaN,0,0,0,NaN,NaN,NaN,NaN,,,NaN,NaN,NaN
PUBLICATION,LOCAL_HOTSPOT,LOCAL_COST_ADAPTIVE,5,48271,LOCAL_HOTSPOT,,9,21170,132693,-1,-1,-1,-1,-1,-1,-1,NO_CONFIDENT_DIAGNOSIS,,ABSTAIN,no cost-admissible candidate without explicit diagnosis,-1,-1,0,0,0.0,0.0,NaN,NaN,NaN,NaN,NaN,0,0,0,NaN,NaN,NaN,NaN,,,NaN,NaN,NaN
PUBLICATION,LOCAL_HOTSPOT,LOCAL_COST_ADAPTIVE,5,48271,LOCAL_HOTSPOT,,10,20999,148616,-1,-1,-1,-1,-1,-1,-1,NO_CONFIDENT_DIAGNOSIS,,ABSTAIN,no cost-admissible candidate without explicit diagnosis,-1,-1,0,0,0.0,0.0,NaN,NaN,NaN,NaN,NaN,0,0,0,NaN,NaN,NaN,NaN,,,NaN,NaN,NaN
PUBLICATION,LOCAL_HOTSPOT,LOCAL_COST_ADAPTIVE,5,48271,LOCAL_HOTSPOT,,11,21001,150180,-1,-1,-1,-1,-1,-1,-1,NO_CONFIDENT_DIAGNOSIS,,ABSTAIN,no cost-admissible candidate without explicit diagnosis,-1,-1,0,0,0.0,0.0,NaN,NaN,NaN,NaN,NaN,0,0,0,NaN,NaN,NaN,NaN,,,NaN,NaN,NaN
PUBLICATION,LOCAL_HOTSPOT,LOCAL_COST_ADAPTIVE,5,48271,LOCAL_HOTSPOT,,12,20996,159607,-1,-1,-1,-1,-1,-1,-1,NO_CONFIDENT_DIAGNOSIS,,ABSTAIN,no cost-admissible candidate without explicit diagnosis,-1,-1,0,0,0.0,0.0,NaN,NaN,NaN,NaN,NaN,0,0,0,NaN,NaN,NaN,NaN,,,NaN,NaN,NaN
PUBLICATION,LOCAL_HOTSPOT,LOCAL_COST_ADAPTIVE,5,48271,LOCAL_HOTSPOT,,13,20999,178175,-1,-1,-1,-1,-1,-1,-1,NO_CONFIDENT_DIAGNOSIS,,ABSTAIN,no cost-admissible candidate without explicit diagnosis,-1,-1,0,0,0.0,0.0,NaN,NaN,NaN,NaN,NaN,0,0,0,NaN,NaN,NaN,NaN,,,NaN,NaN,NaN
PUBLICATION,LOCAL_HOTSPOT,LOCAL_COST_ADAPTIVE,5,48271,LOCAL_HOTSPOT,,14,21580,180601,-1,-1,-1,-1,-1,-1,-1,NO_CONFIDENT_DIAGNOSIS,,ABSTAIN,no cost-admissible candidate without explicit diagnosis,-1,-1,0,0,0.0,0.0,NaN,NaN,NaN,NaN,NaN,0,0,0,NaN,NaN,NaN,NaN,,,NaN,NaN,NaN
PUBLICATION,LOCAL_HOTSPOT,LOCAL_COST_ADAPTIVE,5,48271,LOCAL_HOTSPOT,,15,21596,185016,185016,185016,185016,-1,-1,185016,4,INSERT_SPLIT_PRESSURE,SLACKEN,COMMIT_NO_TRIAL,runtime validation disabled by evaluation policy,32,33,50,3,4.6749856477940615E-5,1.3569134741507984E-4,0.019495849516411545,182392.81090549083,2750.0,3162.4999999999995,346.77901878914395,29700,0,0,NaN,NaN,NaN,NaN,,,NaN,NaN,NaN
PUBLICATION,LOCAL_HOTSPOT,LOCAL_COST_ADAPTIVE,5,48271,LOCAL_HOTSPOT,,16,20996,198534,198534,198534,198534,-1,-1,198534,9,INSERT_SPLIT_PRESSURE,SLACKEN,COMMIT_NO_TRIAL,runtime validation disabled by evaluation policy,23,24,58,3,5.3958005786530964E-5,1.353546291283162E-4,0.0263171421228476,2831395.528141866,3070.0,3530.4999999999995,24.93823250697106,42200,0,0,NaN,NaN,NaN,NaN,,,NaN,NaN,NaN
PUBLICATION,LOCAL_HOTSPOT,LOCAL_COST_ADAPTIVE,5,48271,LOCAL_HOTSPOT,,17,21602,217840,217840,217840,217840,-1,-1,217840,4,INSERT_SPLIT_PRESSURE,SLACKEN,COMMIT_NO_TRIAL,runtime validation disabled by evaluation policy,20,21,55,3,5.080413711944237E-5,1.3460761879122358E-4,0.01708973781271383,31893.055625093875,2950.0,3392.4999999999995,2127.422370486656,33500,0,0,NaN,NaN,NaN,NaN,,,NaN,NaN,NaN
PUBLICATION,LOCAL_HOTSPOT,LOCAL_COST_ADAPTIVE,5,48271,LOCAL_HOTSPOT,,18,20999,230168,-1,-1,-1,-1,-1,-1,-1,NO_CONFIDENT_DIAGNOSIS,,ABSTAIN,no cost-admissible candidate without explicit diagnosis,-1,-1,0,0,0.0,0.0,NaN,NaN,NaN,NaN,NaN,0,0,0,NaN,NaN,NaN,NaN,,,NaN,NaN,NaN
PUBLICATION,LOCAL_HOTSPOT,LOCAL_COST_ADAPTIVE,5,48271,LOCAL_HOTSPOT,,19,21638,239190,239190,239190,239190,-1,-1,239190,4,INSERT_SPLIT_PRESSURE,SLACKEN,COMMIT_NO_TRIAL,runtime validation disabled by evaluation policy,16,17,59,3,5.40710952421102E-5,1.3314988238427057E-4,0.015841339088194798,121978.31097909993,3110.0,3576.4999999999995,586.4157277293019,43500,0,0,NaN,NaN,NaN,NaN,,,NaN,NaN,NaN
PUBLICATION,LOCAL_HOTSPOT,LOCAL_COST_ADAPTIVE,5,48271,LOCAL_HOTSPOT,,20,21580,242161,242161,242161,242161,-1,-1,242161,5,INSERT_SPLIT_PRESSURE,SLACKEN,COMMIT_NO_TRIAL,runtime validation disabled by evaluation policy,16,17,61,3,5.5843009736823795E-5,1.3291980505095258E-4,0.016672093780527517,167762.94366655813,3190.0,3668.4999999999995,437.34330357142846,31500,0,0,NaN,NaN,NaN,NaN,,,NaN,NaN,NaN
PUBLICATION,LOCAL_HOTSPOT,LOCAL_COST_ADAPTIVE,5,48271,LOCAL_HOTSPOT,,21,21554,270159,-1,-1,-1,-1,-1,-1,-1,NO_CONFIDENT_DIAGNOSIS,,ABSTAIN,no cost-admissible candidate without explicit diagnosis,-1,-1,0,0,0.0,0.0,NaN,NaN,NaN,NaN,NaN,0,0,0,NaN,NaN,NaN,NaN,,,NaN,NaN,NaN
PUBLICATION,LOCAL_HOTSPOT,LOCAL_COST_ADAPTIVE,5,48271,LOCAL_HOTSPOT,,22,21609,272369,272369,272369,272369,-1,-1,272369,5,INSERT_SPLIT_PRESSURE,SLACKEN,COMMIT_NO_TRIAL,runtime validation disabled by evaluation policy,32,34,94,4,8.509752266626834E-5,1.7365633411478684E-4,0.01664364079642422,90915.88785046729,4760.0,5474.0,1204.1899671052631,39100,0,0,NaN,NaN,NaN,NaN,,,NaN,NaN,NaN
PUBLICATION,LOCAL_HOTSPOT,LOCAL_COST_ADAPTIVE,5,48271,LOCAL_HOTSPOT,,23,21618,272849,272849,272849,272849,-1,-1,272849,5,INSERT_SPLIT_PRESSURE,SLACKEN,COMMIT_NO_TRIAL,runtime validation disabled by evaluation policy,44,45,63,3,5.702363765551387E-5,1.3017443374121324E-4,0.015779335850219584,443261.2682024809,3270.0,3760.4999999999995,169.67419757876115,29000,0,0,NaN,NaN,NaN,NaN,,,NaN,NaN,NaN
PUBLICATION,LOCAL_HOTSPOT,LOCAL_COST_ADAPTIVE,5,48271,LOCAL_HOTSPOT,,24,20999,289481,-1,-1,-1,-1,-1,-1,-1,NO_CONFIDENT_DIAGNOSIS,,ABSTAIN,no cost-admissible candidate without explicit diagnosis,-1,-1,0,0,0.0,0.0,NaN,NaN,NaN,NaN,NaN,0,0,0,NaN,NaN,NaN,NaN,,,NaN,NaN,NaN
PUBLICATION,LOCAL_HOTSPOT,LOCAL_COST_ADAPTIVE,5,48271,LOCAL_HOTSPOT,,25,21001,291374,-1,-1,-1,-1,-1,-1,-1,NO_CONFIDENT_DIAGNOSIS,,ABSTAIN,no cost-admissible candidate without explicit diagnosis,-1,-1,0,0,0.0,0.0,NaN,NaN,NaN,NaN,NaN,0,0,0,NaN,NaN,NaN,NaN,,,NaN,NaN,NaN
PUBLICATION,LOCAL_HOTSPOT,LOCAL_COST_ADAPTIVE,6,134775813,LOCAL_HOTSPOT,,1,21000,50370,50370,50370,50370,-1,-1,50370,4,INSERT_SPLIT_PRESSURE,SLACKEN,COMMIT_NO_TRIAL,runtime validation disabled by evaluation policy,2,3,59,3,5.7956322543634236E-5,1.4118311449950587E-4,0.06289539954548247,207259.99631472272,3110.0,3576.4999999999995,345.1220750355618,30000,0,0,NaN,NaN,NaN,NaN,,,NaN,NaN,NaN
PUBLICATION,LOCAL_HOTSPOT,LOCAL_COST_ADAPTIVE,6,134775813,LOCAL_HOTSPOT,,2,20999,91773,-1,-1,-1,-1,-1,-1,-1,NO_CONFIDENT_DIAGNOSIS,,ABSTAIN,no cost-admissible candidate without explicit diagnosis,-1,-1,0,0,0.0,0.0,NaN,NaN,NaN,NaN,NaN,0,0,0,NaN,NaN,NaN,NaN,,,NaN,NaN,NaN
PUBLICATION,LOCAL_HOTSPOT,LOCAL_COST_ADAPTIVE,6,134775813,LOCAL_HOTSPOT,,3,20998,100418,-1,-1,-1,-1,-1,-1,-1,NO_CONFIDENT_DIAGNOSIS,,ABSTAIN,no cost-admissible candidate without explicit diagnosis,-1,-1,0,0,0.0,0.0,NaN,NaN,NaN,NaN,NaN,0,0,0,NaN,NaN,NaN,NaN,,,NaN,NaN,NaN
PUBLICATION,LOCAL_HOTSPOT,LOCAL_COST_ADAPTIVE,6,134775813,LOCAL_HOTSPOT,,4,20999,124442,-1,-1,-1,-1,-1,-1,-1,NO_CONFIDENT_DIAGNOSIS,,ABSTAIN,no cost-admissible candidate without explicit diagnosis,-1,-1,0,0,0.0,0.0,NaN,NaN,NaN,NaN,NaN,0,0,0,NaN,NaN,NaN,NaN,,,NaN,NaN,NaN
PUBLICATION,LOCAL_HOTSPOT,LOCAL_COST_ADAPTIVE,6,134775813,LOCAL_HOTSPOT,,5,21001,127946,-1,-1,-1,-1,-1,-1,-1,NO_CONFIDENT_DIAGNOSIS,,ABSTAIN,no cost-admissible candidate without explicit diagnosis,-1,-1,0,0,0.0,0.0,NaN,NaN,NaN,NaN,NaN,0,0,0,NaN,NaN,NaN,NaN,,,NaN,NaN,NaN
PUBLICATION,LOCAL_HOTSPOT,LOCAL_COST_ADAPTIVE,6,134775813,LOCAL_HOTSPOT,,6,20997,128877,128877,128877,128877,-1,-1,128877,7,INSERT_SPLIT_PRESSURE,SLACKEN,COMMIT_NO_TRIAL,runtime validation disabled by evaluation policy,50,51,46,3,4.39052791325844E-5,1.3658092419758708E-4,0.03378088608847689,118090.0603701382,2590.0,2978.4999999999995,504.4455038238226,28100,0,0,NaN,NaN,NaN,NaN,,,NaN,NaN,NaN
PUBLICATION,LOCAL_HOTSPOT,LOCAL_COST_ADAPTIVE,6,134775813,LOCAL_HOTSPOT,,7,20998,133926,-1,-1,-1,-1,-1,-1,-1,NO_CONFIDENT_DIAGNOSIS,,ABSTAIN,no cost-admissible candidate without explicit diagnosis,-1,-1,0,0,0.0,0.0,NaN,NaN,NaN,NaN,NaN,0,0,0,NaN,NaN,NaN,NaN,,,NaN,NaN,NaN
PUBLICATION,LOCAL_HOTSPOT,LOCAL_COST_ADAPTIVE,6,134775813,LOCAL_HOTSPOT,,8,21172,134300,-1,-1,-1,-1,-1,-1,-1,NO_CONFIDENT_DIAGNOSIS,,ABSTAIN,no cost-admissible candidate without explicit diagnosis,-1,-1,0,0,0.0,0.0,NaN,NaN,NaN,NaN,NaN,0,0,0,NaN,NaN,NaN,NaN,,,NaN,NaN,NaN
PUBLICATION,LOCAL_HOTSPOT,LOCAL_COST_ADAPTIVE,6,134775813,LOCAL_HOTSPOT,,9,20996,149628,-1,-1,-1,-1,-1,-1,-1,NO_CONFIDENT_DIAGNOSIS,,ABSTAIN,no cost-admissible candidate without explicit diagnosis,-1,-1,0,0,0.0,0.0,NaN,NaN,NaN,NaN,NaN,0,0,0,NaN,NaN,NaN,NaN,,,NaN,NaN,NaN
PUBLICATION,LOCAL_HOTSPOT,LOCAL_COST_ADAPTIVE,6,134775813,LOCAL_HOTSPOT,,10,21000,151326,151326,151326,151326,-1,-1,151326,8,INSERT_SPLIT_PRESSURE,SLACKEN,COMMIT_NO_TRIAL,runtime validation disabled by evaluation policy,11,12,60,3,5.679182954878891E-5,1.359680928208847E-4,0.034322104910340205,2178763.197586727,3150.0,3622.4999999999995,33.25281062221361,31300,0,0,NaN,NaN,NaN,NaN,,,NaN,NaN,NaN
PUBLICATION,LOCAL_HOTSPOT,LOCAL_COST_ADAPTIVE,6,134775813,LOCAL_HOTSPOT,,11,20999,157116,157116,157116,157116,-1,-1,157116,8,INSERT_SPLIT_PRESSURE,SLACKEN,COMMIT_NO_TRIAL,runtime validation disabled by evaluation policy,45,46,48,3,4.533541120634696E-5,1.3588802826470988E-4,0.031368704815586325,133807.1314789854,2670.0,3070.4999999999995,458.9441483516483,27300,0,0,NaN,NaN,NaN,NaN,,,NaN,NaN,NaN
PUBLICATION,LOCAL_HOTSPOT,LOCAL_COST_ADAPTIVE,6,134775813,LOCAL_HOTSPOT,,12,21001,158297,-1,-1,-1,-1,-1,-1,-1,NO_CONFIDENT_DIAGNOSIS,,ABSTAIN,no cost-admissible candidate without explicit diagnosis,-1,-1,0,0,0.0,0.0,NaN,NaN,NaN,NaN,NaN,0,0,0,NaN,NaN,NaN,NaN,,,NaN,NaN,NaN
PUBLICATION,LOCAL_HOTSPOT,LOCAL_COST_ADAPTIVE,6,134775813,LOCAL_HOTSPOT,,13,21553,160586,160586,160586,160586,-1,-1,160586,4,INSERT_SPLIT_PRESSURE,SLACKEN,COMMIT_NO_TRIAL,runtime validation disabled by evaluation policy,28,29,49,3,4.622270855638935E-5,1.3588187335809404E-4,0.030393873734825324,1777863.5243833668,2710.0,3116.4999999999995,35.058934021169314,22400,0,0,NaN,NaN,NaN,NaN,,,NaN,NaN,NaN
PUBLICATION,LOCAL_HOTSPOT,LOCAL_COST_ADAPTIVE,6,134775813,LOCAL_HOTSPOT,,14,21585,174158,-1,-1,-1,-1,-1,-1,-1,NO_CONFIDENT_DIAGNOSIS,,ABSTAIN,no cost-admissible candidate without explicit diagnosis,-1,-1,0,0,0.0,0.0,NaN,NaN,NaN,NaN,NaN,0,0,0,NaN,NaN,NaN,NaN,,,NaN,NaN,NaN
PUBLICATION,LOCAL_HOTSPOT,LOCAL_COST_ADAPTIVE,6,134775813,LOCAL_HOTSPOT,,15,21602,180761,-1,-1,-1,-1,-1,-1,-1,NO_CONFIDENT_DIAGNOSIS,,ABSTAIN,no cost-admissible candidate without explicit diagnosis,-1,-1,0,0,0.0,0.0,NaN,NaN,NaN,NaN,NaN,0,0,0,NaN,NaN,NaN,NaN,,,NaN,NaN,NaN
PUBLICATION,LOCAL_HOTSPOT,LOCAL_COST_ADAPTIVE,6,134775813,LOCAL_HOTSPOT,,16,21001,213143,-1,-1,-1,-1,-1,-1,-1,NO_CONFIDENT_DIAGNOSIS,,ABSTAIN,no cost-admissible candidate without explicit diagnosis,-1,-1,0,0,0.0,0.0,NaN,NaN,NaN,NaN,NaN,0,0,0,NaN,NaN,NaN,NaN,,,NaN,NaN,NaN
PUBLICATION,LOCAL_HOTSPOT,LOCAL_COST_ADAPTIVE,6,134775813,LOCAL_HOTSPOT,,17,21585,234342,234342,234342,234342,-1,-1,234342,5,INSERT_SPLIT_PRESSURE,SLACKEN,COMMIT_NO_TRIAL,runtime validation disabled by evaluation policy,35,36,56,3,5.1410011365284653E-5,1.337196344996657E-4,0.017036001863312705,94895.85412923407,2990.0,3438.4999999999995,724.689193548387,27100,0,0,NaN,NaN,NaN,NaN,,,NaN,NaN,NaN
PUBLICATION,LOCAL_HOTSPOT,LOCAL_COST_ADAPTIVE,6,134775813,LOCAL_HOTSPOT,,18,21602,242686,242686,242686,242686,-1,-1,242686,5,INSERT_SPLIT_PRESSURE,SLACKEN,COMMIT_NO_TRIAL,runtime validation disabled by evaluation policy,3,4,63,3,5.765804023066877E-5,1.3297872340425532E-4,0.01653613241824788,282793.7020589423,3270.0,3760.4999999999995,265.9535889675651,36000,0,0,NaN,NaN,NaN,NaN,,,NaN,NaN,NaN
PUBLICATION,LOCAL_HOTSPOT,LOCAL_COST_ADAPTIVE,6,134775813,LOCAL_HOTSPOT,,19,20998,257069,257069,257069,257069,-1,-1,257069,10,INSERT_SPLIT_PRESSURE,SLACKEN,COMMIT_NO_TRIAL,runtime validation disabled by evaluation policy,39,40,59,3,5.370906618140374E-5,1.316829075585989E-4,0.01778395276137548,756094.6856547414,3110.0,3576.4999999999995,94.6045533147194,28900,0,0,NaN,NaN,NaN,NaN,,,NaN,NaN,NaN
PUBLICATION,LOCAL_HOTSPOT,LOCAL_COST_ADAPTIVE,6,134775813,LOCAL_HOTSPOT,,20,21609,274202,274202,274202,274202,-1,-1,274202,5,INSERT_SPLIT_PRESSURE,SLACKEN,COMMIT_NO_TRIAL,runtime validation disabled by evaluation policy,16,17,52,3,4.70382629131339E-5,1.301518438177874E-4,0.016219212797972598,453549.06153480633,2830.0,3254.4999999999995,143.51258886907618,26600,0,0,NaN,NaN,NaN,NaN,,,NaN,NaN,NaN
PUBLICATION,LOCAL_HOTSPOT,LOCAL_COST_ADAPTIVE,6,134775813,LOCAL_HOTSPOT,,21,21001,274809,-1,-1,-1,-1,-1,-1,-1,NO_CONFIDENT_DIAGNOSIS,,ABSTAIN,no cost-admissible candidate without explicit diagnosis,-1,-1,0,0,0.0,0.0,NaN,NaN,NaN,NaN,NaN,0,0,0,NaN,NaN,NaN,NaN,,,NaN,NaN,NaN
PUBLICATION,LOCAL_HOTSPOT,LOCAL_COST_ADAPTIVE,6,134775813,LOCAL_HOTSPOT,,22,21614,275161,275161,275161,275161,-1,-1,275161,5,INSERT_SPLIT_PRESSURE,SLACKEN,COMMIT_NO_TRIAL,runtime validation disabled by evaluation policy,46,47,62,3,5.6064861619261714E-5,1.3006156247290384E-4,0.016172336460406205,97399.79152847533,3230.0,3714.4999999999995,762.7326386862021,27300,0,0,NaN,NaN,NaN,NaN,,,NaN,NaN,NaN
PUBLICATION,LOCAL_HOTSPOT,LOCAL_COST_ADAPTIVE,6,134775813,LOCAL_HOTSPOT,,23,21627,275937,275937,275937,275937,-1,-1,275937,5,INSERT_SPLIT_PRESSURE,SLACKEN,COMMIT_NO_TRIAL,runtime validation disabled by evaluation policy,44,45,60,3,5.423978868178329E-5,1.2997703739006108E-4,0.015953634749010688,48899.448477861224,3150.0,3622.4999999999995,1481.61180248896,26400,0,0,NaN,NaN,NaN,NaN,,,NaN,NaN,NaN
PUBLICATION,LOCAL_HOTSPOT,LOCAL_COST_ADAPTIVE,6,134775813,LOCAL_HOTSPOT,,24,21621,278687,278687,278687,278687,-1,-1,278687,5,INSERT_SPLIT_PRESSURE,SLACKEN,COMMIT_NO_TRIAL,runtime validation disabled by evaluation policy,25,26,55,3,4.9669472239280424E-5,1.2980831638613647E-4,0.016180002528125396,229134.74908355455,2950.0,3392.4999999999995,296.11396905695136,24700,0,0,NaN,NaN,NaN,NaN,,,NaN,NaN,NaN
PUBLICATION,LOCAL_HOTSPOT,LOCAL_COST_ADAPTIVE,6,134775813,LOCAL_HOTSPOT,,25,21182,287929,287929,287929,287929,-1,-1,287929,9,INSERT_SPLIT_PRESSURE,SLACKEN,COMMIT_NO_TRIAL,runtime validation disabled by evaluation policy,43,44,60,3,5.4000831612806834E-5,1.291155584247902E-4,0.015836929120462737,562918.1849394515,3150.0,3622.4999999999995,128.70431607710955,30100,0,0,NaN,NaN,NaN,NaN,,,NaN,NaN,NaN
PUBLICATION,LOCAL_HOTSPOT,LOCAL_COST_ADAPTIVE,7,16807,LOCAL_HOTSPOT,,1,20997,51768,-1,-1,-1,-1,-1,-1,-1,NO_CONFIDENT_DIAGNOSIS,,ABSTAIN,no cost-admissible candidate without explicit diagnosis,-1,-1,0,0,0.0,0.0,NaN,NaN,NaN,NaN,NaN,0,0,0,NaN,NaN,NaN,NaN,,,NaN,NaN,NaN
PUBLICATION,LOCAL_HOTSPOT,LOCAL_COST_ADAPTIVE,7,16807,LOCAL_HOTSPOT,,2,20998,52913,52913,52913,52913,-1,-1,52913,4,INSERT_SPLIT_PRESSURE,SLACKEN,COMMIT_NO_TRIAL,runtime validation disabled by evaluation policy,56,57,56,3,5.494376113592302E-5,1.411698273022446E-4,0.062408581179912236,675621.6479765967,2990.0,3438.4999999999995,101.78773904885617,40900,0,0,NaN,NaN,NaN,NaN,,,NaN,NaN,NaN
PUBLICATION,LOCAL_HOTSPOT,LOCAL_COST_ADAPTIVE,7,16807,LOCAL_HOTSPOT,,3,21170,78817,78817,78817,78817,-1,-1,78817,4,INSERT_SPLIT_PRESSURE,SLACKEN,COMMIT_NO_TRIAL,runtime validation disabled by evaluation policy,17,18,56,3,5.443187219396409E-5,1.4087152516904582E-4,0.04442130834634739,3010307.1317022387,2990.0,3438.4999999999995,22.84484505775748,35000,0,0,NaN,NaN,NaN,NaN,,,NaN,NaN,NaN
PUBLICATION,LOCAL_HOTSPOT,LOCAL_COST_ADAPTIVE,7,16807,LOCAL_HOTSPOT,,4,20999,103501,-1,-1,-1,-1,-1,-1,-1,NO_CONFIDENT_DIAGNOSIS,,ABSTAIN,no cost-admissible candidate without explicit diagnosis,-1,-1,0,0,0.0,0.0,NaN,NaN,NaN,NaN,NaN,0,0,0,NaN,NaN,NaN,NaN,,,NaN,NaN,NaN
PUBLICATION,LOCAL_HOTSPOT,LOCAL_COST_ADAPTIVE,7,16807,LOCAL_HOTSPOT,,5,21000,104758,104758,104758,104758,-1,-1,104758,6,INSERT_SPLIT_PRESSURE,SLACKEN,COMMIT_NO_TRIAL,runtime validation disabled by evaluation policy,44,45,61,3,5.8732513838246806E-5,1.3872832369942197E-4,0.030809965098086412,94039.59561920809,3190.0,3668.4999999999995,780.2032698768196,31300,0,0,NaN,NaN,NaN,NaN,,,NaN,NaN,NaN
PUBLICATION,LOCAL_HOTSPOT,LOCAL_COST_ADAPTIVE,7,16807,LOCAL_HOTSPOT,,6,20997,123600,123600,123600,123600,-1,-1,123600,7,INSERT_SPLIT_PRESSURE,SLACKEN,COMMIT_NO_TRIAL,runtime validation disabled by evaluation policy,12,13,60,3,5.737262082912999E-5,1.368488276617097E-4,0.031686109477983726,1357510.9075718666,3150.0,3622.4999999999995,53.36973691768625,27400,0,0,NaN,NaN,NaN,NaN,,,NaN,NaN,NaN
PUBLICATION,LOCAL_HOTSPOT,LOCAL_COST_ADAPTIVE,7,16807,LOCAL_HOTSPOT,,7,21001,127535,-1,-1,-1,-1,-1,-1,-1,NO_CONFIDENT_DIAGNOSIS,,ABSTAIN,no cost-admissible candidate without explicit diagnosis,-1,-1,0,0,0.0,0.0,NaN,NaN,NaN,NaN,NaN,0,0,0,NaN,NaN,NaN,NaN,,,NaN,NaN,NaN
PUBLICATION,LOCAL_HOTSPOT,LOCAL_COST_ADAPTIVE,7,16807,LOCAL_HOTSPOT,,8,20996,128634,-1,-1,-1,-1,-1,-1,-1,NO_CONFIDENT_DIAGNOSIS,,ABSTAIN,no cost-admissible candidate without explicit diagnosis,-1,-1,0,0,0.0,0.0,NaN,NaN,NaN,NaN,NaN,0,0,0,NaN,NaN,NaN,NaN,,,NaN,NaN,NaN
PUBLICATION,LOCAL_HOTSPOT,LOCAL_COST_ADAPTIVE,7,16807,LOCAL_HOTSPOT,,9,20999,133093,133093,133093,133093,-1,-1,133093,7,INSERT_SPLIT_PRESSURE,SLACKEN,COMMIT_NO_TRIAL,runtime validation disabled by evaluation policy,60,61,44,3,4.192368745509878E-5,1.3640083659179777E-4,0.034657821701753196,503215.32525553374,2510.0,2886.5,114.72226123217649,27700,0,0,NaN,NaN,NaN,NaN,,,NaN,NaN,NaN
PUBLICATION,LOCAL_HOTSPOT,LOCAL_COST_ADAPTIVE,7,16807,LOCAL_HOTSPOT,,10,21186,136032,136032,136032,136032,-1,-1,136032,6,INSERT_SPLIT_PRESSURE,SLACKEN,COMMIT_NO_TRIAL,runtime validation disabled by evaluation policy,56,57,45,3,4.282912037552573E-5,1.3632026173490252E-4,0.033173513023195544,588152.8443695738,2550.0,2932.5,99.71897706771352,26600,0,0,NaN,NaN,NaN,NaN,,,NaN,NaN,NaN
PUBLICATION,LOCAL_HOTSPOT,LOCAL_COST_ADAPTIVE,7,16807,LOCAL_HOTSPOT,,11,21001,160111,-1,-1,-1,-1,-1,-1,-1,NO_CONFIDENT_DIAGNOSIS,,ABSTAIN,no cost-admissible candidate without explicit diagnosis,-1,-1,0,0,0.0,0.0,NaN,NaN,NaN,NaN,NaN,0,0,0,NaN,NaN,NaN,NaN,,,NaN,NaN,NaN
PUBLICATION,LOCAL_HOTSPOT,LOCAL_COST_ADAPTIVE,7,16807,LOCAL_HOTSPOT,,12,20998,162737,162737,162737,162737,-1,-1,162737,8,INSERT_SPLIT_PRESSURE,SLACKEN,COMMIT_NO_TRIAL,runtime validation disabled by evaluation policy,20,22,82,4,7.72946131310351E-5,1.811676253453508E-4,0.03209226526263006,40278.30011282436,4280.0,4922.0,2443.9958916900096,32300,0,0,NaN,NaN,NaN,NaN,,,NaN,NaN,NaN
PUBLICATION,LOCAL_HOTSPOT,LOCAL_COST_ADAPTIVE,7,16807,LOCAL_HOTSPOT,,13,21573,175788,-1,-1,-1,-1,-1,-1,-1,NO_CONFIDENT_DIAGNOSIS,,ABSTAIN,no cost-admissible candidate without explicit diagnosis,-1,-1,0,0,0.0,0.0,NaN,NaN,NaN,NaN,NaN,0,0,0,NaN,NaN,NaN,NaN,,,NaN,NaN,NaN
PUBLICATION,LOCAL_HOTSPOT,LOCAL_COST_ADAPTIVE,7,16807,LOCAL_HOTSPOT,,14,21176,193267,193267,193267,193267,-1,-1,193267,7,INSERT_SPLIT_PRESSURE,SLACKEN,COMMIT_NO_TRIAL,runtime validation disabled by evaluation policy,8,9,63,3,5.8708086619588375E-5,1.3555645926528398E-4,0.02374327583008718,155100.30606566495,3270.0,3760.4999999999995,484.91200248282075,28800,0,0,NaN,NaN,NaN,NaN,,,NaN,NaN,NaN
PUBLICATION,LOCAL_HOTSPOT,LOCAL_COST_ADAPTIVE,7,16807,LOCAL_HOTSPOT,,15,21573,234334,-1,-1,-1,-1,-1,-1,-1,NO_CONFIDENT_DIAGNOSIS,,ABSTAIN,no cost-admissible candidate without explicit diagnosis,-1,-1,0,0,0.0,0.0,NaN,NaN,NaN,NaN,NaN,0,0,0,NaN,NaN,NaN,NaN,,,NaN,NaN,NaN
PUBLICATION,LOCAL_HOTSPOT,LOCAL_COST_ADAPTIVE,7,16807,LOCAL_HOTSPOT,,16,20996,265373,-1,-1,-1,-1,-1,-1,-1,NO_CONFIDENT_DIAGNOSIS,,ABSTAIN,no cost-admissible candidate without explicit diagnosis,-1,-1,0,0,0.0,0.0,NaN,NaN,NaN,NaN,NaN,0,0,0,NaN,NaN,NaN,NaN,,,NaN,NaN,NaN
PUBLICATION,LOCAL_HOTSPOT,LOCAL_COST_ADAPTIVE,7,16807,LOCAL_HOTSPOT,,17,21000,280276,280276,280276,280276,-1,-1,280276,10,INSERT_SPLIT_PRESSURE,SLACKEN,COMMIT_NO_TRIAL,runtime validation disabled by evaluation policy,4,5,63,3,5.68498163209506E-5,1.2974095056869783E-4,0.014992898871140133,57033.33870188436,3270.0,3760.4999999999995,1318.7023890206706,29400,0,0,NaN,NaN,NaN,NaN,,,NaN,NaN,NaN
PUBLICATION,LOCAL_HOTSPOT,LOCAL_COST_ADAPTIVE,7,16807,LOCAL_HOTSPOT,,18,21573,292911,-1,-1,-1,-1,-1,-1,-1,NO_CONFIDENT_DIAGNOSIS,,ABSTAIN,no cost-admissible candidate without explicit diagnosis,-1,-1,0,0,0.0,0.0,NaN,NaN,NaN,NaN,NaN,0,0,0,NaN,NaN,NaN,NaN,,,NaN,NaN,NaN
PUBLICATION,LOCAL_HOTSPOT,LOCAL_COST_ADAPTIVE,8,2147483647,LOCAL_HOTSPOT,,1,20996,51060,-1,-1,-1,-1,-1,-1,-1,NO_CONFIDENT_DIAGNOSIS,,ABSTAIN,no cost-admissible candidate without explicit diagnosis,-1,-1,0,0,0.0,0.0,NaN,NaN,NaN,NaN,NaN,0,0,0,NaN,NaN,NaN,NaN,,,NaN,NaN,NaN
PUBLICATION,LOCAL_HOTSPOT,LOCAL_COST_ADAPTIVE,8,2147483647,LOCAL_HOTSPOT,,2,21000,52228,52228,52228,52228,-1,-1,52228,4,INSERT_SPLIT_PRESSURE,SLACKEN,COMMIT_NO_TRIAL,runtime validation disabled by evaluation policy,40,41,51,3,5.006370852319913E-5,1.411698273022446E-4,0.06481422874865497,2202924.235711121,2790.0,3208.4999999999995,29.129462992759453,33800,0,0,NaN,NaN,NaN,NaN,,,NaN,NaN,NaN
PUBLICATION,LOCAL_HOTSPOT,LOCAL_COST_ADAPTIVE,8,2147483647,LOCAL_HOTSPOT,,3,21180,104833,104833,104833,104833,-1,-1,104833,5,INSERT_SPLIT_PRESSURE,SLACKEN,COMMIT_NO_TRIAL,runtime validation disabled by evaluation policy,26,27,64,3,6.164515507609324E-5,1.3883104262113008E-4,0.031780515812668754,91853.75997020576,3310.0,3806.4999999999995,828.8174596738771,30200,0,0,NaN,NaN,NaN,NaN,,,NaN,NaN,NaN
PUBLICATION,LOCAL_HOTSPOT,LOCAL_COST_ADAPTIVE,8,2147483647,LOCAL_HOTSPOT,,4,21001,116908,-1,-1,-1,-1,-1,-1,-1,NO_CONFIDENT_DIAGNOSIS,,ABSTAIN,no cost-admissible candidate without explicit diagnosis,-1,-1,0,0,0.0,0.0,NaN,NaN,NaN,NaN,NaN,0,0,0,NaN,NaN,NaN,NaN,,,NaN,NaN,NaN
PUBLICATION,LOCAL_HOTSPOT,LOCAL_COST_ADAPTIVE,8,2147483647,LOCAL_HOTSPOT,,5,20997,127099,-1,-1,-1,-1,-1,-1,-1,NO_CONFIDENT_DIAGNOSIS,,ABSTAIN,no cost-admissible candidate without explicit diagnosis,-1,-1,0,0,0.0,0.0,NaN,NaN,NaN,NaN,NaN,0,0,0,NaN,NaN,NaN,NaN,,,NaN,NaN,NaN
PUBLICATION,LOCAL_HOTSPOT,LOCAL_COST_ADAPTIVE,8,2147483647,LOCAL_HOTSPOT,,6,20999,128281,-1,-1,-1,-1,-1,-1,-1,NO_CONFIDENT_DIAGNOSIS,,ABSTAIN,no cost-admissible candidate without explicit diagnosis,-1,-1,0,0,0.0,0.0,NaN,NaN,NaN,NaN,NaN,0,0,0,NaN,NaN,NaN,NaN,,,NaN,NaN,NaN
PUBLICATION,LOCAL_HOTSPOT,LOCAL_COST_ADAPTIVE,8,2147483647,LOCAL_HOTSPOT,,7,20996,130199,130199,130199,130199,-1,-1,130199,7,INSERT_SPLIT_PRESSURE,SLACKEN,COMMIT_NO_TRIAL,runtime validation disabled by evaluation policy,36,37,37,3,3.531322833533442E-5,1.3664313368253245E-4,0.03113692340438471,1202968.9542980508,2230.0,2564.5,42.636179276902816,26300,0,0,NaN,NaN,NaN,NaN,,,NaN,NaN,NaN
PUBLICATION,LOCAL_HOTSPOT,LOCAL_COST_ADAPTIVE,8,2147483647,LOCAL_HOTSPOT,,8,21175,145779,145779,145779,145779,-1,-1,145779,5,INSERT_SPLIT_PRESSURE,SLACKEN,COMMIT_NO_TRIAL,runtime validation disabled by evaluation policy,43,44,51,3,4.8396785314707214E-5,1.3607293509320997E-4,0.03247391621475914,1859824.9452954049,2790.0,3208.4999999999995,34.50324728804386,28200,0,0,NaN,NaN,NaN,NaN,,,NaN,NaN,NaN
PUBLICATION,LOCAL_HOTSPOT,LOCAL_COST_ADAPTIVE,8,2147483647,LOCAL_HOTSPOT,,9,20998,148201,148201,148201,148201,-1,-1,148201,8,INSERT_SPLIT_PRESSURE,SLACKEN,COMMIT_NO_TRIAL,runtime validation disabled by evaluation policy,18,19,47,3,4.4560406845995445E-5,1.3602974517094404E-4,0.03242969343805422,66908.66480871548,2630.0,3024.4999999999995,904.0682574212813,25400,0,0,NaN,NaN,NaN,NaN,,,NaN,NaN,NaN
PUBLICATION,LOCAL_HOTSPOT,LOCAL_COST_ADAPTIVE,8,2147483647,LOCAL_HOTSPOT,,10,20997,157554,-1,-1,-1,-1,-1,-1,-1,NO_CONFIDENT_DIAGNOSIS,,ABSTAIN,no cost-admissible candidate without explicit diagnosis,-1,-1,0,0,0.0,0.0,NaN,NaN,NaN,NaN,NaN,0,0,0,NaN,NaN,NaN,NaN,,,NaN,NaN,NaN
PUBLICATION,LOCAL_HOTSPOT,LOCAL_COST_ADAPTIVE,8,2147483647,LOCAL_HOTSPOT,,11,20999,159816,-1,-1,-1,-1,-1,-1,-1,NO_CONFIDENT_DIAGNOSIS,,ABSTAIN,no cost-admissible candidate without explicit diagnosis,-1,-1,0,0,0.0,0.0,NaN,NaN,NaN,NaN,NaN,0,0,0,NaN,NaN,NaN,NaN,,,NaN,NaN,NaN
PUBLICATION,LOCAL_HOTSPOT,LOCAL_COST_ADAPTIVE,8,2147483647,LOCAL_HOTSPOT,,12,21582,160459,160459,160459,160459,-1,-1,160459,4,INSERT_SPLIT_PRESSURE,SLACKEN,COMMIT_NO_TRIAL,runtime validation disabled by evaluation policy,8,9,58,3,5.4738308416392424E-5,1.358941837289364E-4,0.02845630123662637,1855017.3683479228,3070.0,3530.4999999999995,38.06433363094881,29400,0,0,NaN,NaN,NaN,NaN,,,NaN,NaN,NaN
PUBLICATION,LOCAL_HOTSPOT,LOCAL_COST_ADAPTIVE,8,2147483647,LOCAL_HOTSPOT,,13,21000,160678,160678,160678,160678,-1,-1,160678,8,INSERT_SPLIT_PRESSURE,SLACKEN,COMMIT_NO_TRIAL,runtime validation disabled by evaluation policy,15,16,59,3,5.567713302399496E-5,1.3588802826470988E-4,0.030504334356102357,151061.99171854986,3110.0,3576.4999999999995,473.5142121869453,36700,0,0,NaN,NaN,NaN,NaN,,,NaN,NaN,NaN
PUBLICATION,LOCAL_HOTSPOT,LOCAL_COST_ADAPTIVE,8,2147483647,LOCAL_HOTSPOT,,14,21524,165515,-1,-1,-1,-1,-1,-1,-1,NO_CONFIDENT_DIAGNOSIS,,ABSTAIN,no cost-admissible candidate without explicit diagnosis,-1,-1,0,0,0.0,0.0,NaN,NaN,NaN,NaN,NaN,0,0,0,NaN,NaN,NaN,NaN,,,NaN,NaN,NaN
PUBLICATION,LOCAL_HOTSPOT,LOCAL_COST_ADAPTIVE,8,2147483647,LOCAL_HOTSPOT,,15,21579,166722,166722,166722,166722,-1,-1,166722,4,INSERT_SPLIT_PRESSURE,SLACKEN,COMMIT_NO_TRIAL,runtime validation disabled by evaluation policy,33,34,51,3,4.8020428455211066E-5,1.3585110718652356E-4,0.02496404105414564,796879.4948682318,2790.0,3208.4999999999995,80.52660460363688,29600,0,0,NaN,NaN,NaN,NaN,,,NaN,NaN,NaN
PUBLICATION,LOCAL_HOTSPOT,LOCAL_COST_ADAPTIVE,8,2147483647,LOCAL_HOTSPOT,,16,20997,192150,192150,192150,192150,-1,-1,192150,9,INSERT_SPLIT_PRESSURE,SLACKEN,COMMIT_NO_TRIAL,runtime validation disabled by evaluation policy,17,18,53,3,4.943513364275374E-5,1.3555645926528398E-4,0.029635632217173618,425297.25349463144,2870.0,3300.4999999999995,155.20909071855374,22900,0,0,NaN,NaN,NaN,NaN,,,NaN,NaN,NaN
PUBLICATION,LOCAL_HOTSPOT,LOCAL_COST_ADAPTIVE,8,2147483647,LOCAL_HOTSPOT,,17,21604,225263,225263,225263,225263,-1,-1,225263,4,INSERT_SPLIT_PRESSURE,SLACKEN,COMMIT_NO_TRIAL,runtime validation disabled by evaluation policy,26,27,62,3,5.712506150157831E-5,1.3427024123886675E-4,0.017809005374006506,734478.8605019219,3230.0,3714.4999999999995,101.14654620451886,23800,0,0,NaN,NaN,NaN,NaN,,,NaN,NaN,NaN
PUBLICATION,LOCAL_HOTSPOT,LOCAL_COST_ADAPTIVE,8,2147483647,LOCAL_HOTSPOT,,18,21524,227508,-1,-1,-1,-1,-1,-1,-1,NO_CONFIDENT_DIAGNOSIS,,ABSTAIN,no cost-admissible candidate without explicit diagnosis,-1,-1,0,0,0.0,0.0,NaN,NaN,NaN,NaN,NaN,0,0,0,NaN,NaN,NaN,NaN,,,NaN,NaN,NaN
PUBLICATION,LOCAL_HOTSPOT,LOCAL_COST_ADAPTIVE,8,2147483647,LOCAL_HOTSPOT,,19,21647,253186,253186,253186,253186,-1,-1,253186,4,INSERT_SPLIT_PRESSURE,SLACKEN,COMMIT_NO_TRIAL,runtime validation disabled by evaluation policy,39,40,60,3,5.471901330675205E-5,1.3210621339557004E-4,0.016365408895494718,62399.51415192341,3150.0,3622.4999999999995,1161.0667324044666,24900,0,0,NaN,NaN,NaN,NaN,,,NaN,NaN,NaN
PUBLICATION,LOCAL_HOTSPOT,LOCAL_COST_ADAPTIVE,8,2147483647,LOCAL_HOTSPOT,,20,21615,270240,270240,270240,270240,-1,-1,270240,5,INSERT_SPLIT_PRESSURE,SLACKEN,COMMIT_NO_TRIAL,runtime validation disabled by evaluation policy,27,28,61,3,5.528251631513934E-5,1.3062219706535465E-4,0.01756673299938242,1553846.1538461538,3190.0,3668.4999999999995,47.21831683168317,33400,0,0,NaN,NaN,NaN,NaN,,,NaN,NaN,NaN
PUBLICATION,LOCAL_HOTSPOT,LOCAL_COST_ADAPTIVE,8,2147483647,LOCAL_HOTSPOT,,21,21601,280198,280198,280198,280198,-1,-1,280198,5,INSERT_SPLIT_PRESSURE,SLACKEN,COMMIT_NO_TRIAL,runtime validation disabled by evaluation policy,41,42,58,3,5.237398638276354E-5,1.298476454293629E-4,0.017127469182263703,92587.68628631643,3070.0,3530.4999999999995,762.6284102363995,32700,0,0,NaN,NaN,NaN,NaN,,,NaN,NaN,NaN
PUBLICATION,LOCAL_HOTSPOT,LOCAL_COST_ADAPTIVE,8,2147483647,LOCAL_HOTSPOT,,22,21524,288323,-1,-1,-1,-1,-1,-1,-1,NO_CONFIDENT_DIAGNOSIS,,ABSTAIN,no cost-admissible candidate without explicit diagnosis,-1,-1,0,0,0.0,0.0,NaN,NaN,NaN,NaN,NaN,0,0,0,NaN,NaN,NaN,NaN,,,NaN,NaN,NaN
PUBLICATION,LOCAL_HOTSPOT,LOCAL_COST_ADAPTIVE,9,6364136223846793005,LOCAL_HOTSPOT,,1,20997,50832,-1,-1,-1,-1,-1,-1,-1,NO_CONFIDENT_DIAGNOSIS,,ABSTAIN,no cost-admissible candidate without explicit diagnosis,-1,-1,0,0,0.0,0.0,NaN,NaN,NaN,NaN,NaN,0,0,0,NaN,NaN,NaN,NaN,,,NaN,NaN,NaN
PUBLICATION,LOCAL_HOTSPOT,LOCAL_COST_ADAPTIVE,9,6364136223846793005,LOCAL_HOTSPOT,,2,20996,115594,115594,115594,115594,-1,-1,115594,7,INSERT_SPLIT_PRESSURE,SLACKEN,COMMIT_NO_TRIAL,runtime validation disabled by evaluation policy,38,39,59,3,5.659564712326244E-5,1.375831231368952E-4,0.0320490751463178,324138.2742324184,3110.0,3576.4999999999995,220.67742592073688,716400,0,0,NaN,NaN,NaN,NaN,,,NaN,NaN,NaN
PUBLICATION,LOCAL_HOTSPOT,LOCAL_COST_ADAPTIVE,9,6364136223846793005,LOCAL_HOTSPOT,,3,21001,120099,-1,-1,-1,-1,-1,-1,-1,NO_CONFIDENT_DIAGNOSIS,,ABSTAIN,no cost-admissible candidate without explicit diagnosis,-1,-1,0,0,0.0,0.0,NaN,NaN,NaN,NaN,NaN,0,0,0,NaN,NaN,NaN,NaN,,,NaN,NaN,NaN
PUBLICATION,LOCAL_HOTSPOT,LOCAL_COST_ADAPTIVE,9,6364136223846793005,LOCAL_HOTSPOT,,4,21000,126112,-1,-1,-1,-1,-1,-1,-1,NO_CONFIDENT_DIAGNOSIS,,ABSTAIN,no cost-admissible candidate without explicit diagnosis,-1,-1,0,0,0.0,0.0,NaN,NaN,NaN,NaN,NaN,0,0,0,NaN,NaN,NaN,NaN,,,NaN,NaN,NaN
PUBLICATION,LOCAL_HOTSPOT,LOCAL_COST_ADAPTIVE,9,6364136223846793005,LOCAL_HOTSPOT,,5,20997,130332,-1,-1,-1,-1,-1,-1,-1,NO_CONFIDENT_DIAGNOSIS,,ABSTAIN,no cost-admissible candidate without explicit diagnosis,-1,-1,0,0,0.0,0.0,NaN,NaN,NaN,NaN,NaN,0,0,0,NaN,NaN,NaN,NaN,,,NaN,NaN,NaN
PUBLICATION,LOCAL_HOTSPOT,LOCAL_COST_ADAPTIVE,9,6364136223846793005,LOCAL_HOTSPOT,,6,20999,147945,-1,-1,-1,-1,-1,-1,-1,NO_CONFIDENT_DIAGNOSIS,,ABSTAIN,no cost-admissible candidate without explicit diagnosis,-1,-1,0,0,0.0,0.0,NaN,NaN,NaN,NaN,NaN,0,0,0,NaN,NaN,NaN,NaN,,,NaN,NaN,NaN
PUBLICATION,LOCAL_HOTSPOT,LOCAL_COST_ADAPTIVE,9,6364136223846793005,LOCAL_HOTSPOT,,7,21001,150658,-1,-1,-1,-1,-1,-1,-1,NO_CONFIDENT_DIAGNOSIS,,ABSTAIN,no cost-admissible candidate without explicit diagnosis,-1,-1,0,0,0.0,0.0,NaN,NaN,NaN,NaN,NaN,0,0,0,NaN,NaN,NaN,NaN,,,NaN,NaN,NaN
PUBLICATION,LOCAL_HOTSPOT,LOCAL_COST_ADAPTIVE,9,6364136223846793005,LOCAL_HOTSPOT,,8,20998,151827,151827,151827,151827,-1,-1,151827,8,INSERT_SPLIT_PRESSURE,SLACKEN,COMMIT_NO_TRIAL,runtime validation disabled by evaluation policy,35,36,44,3,4.164154766490289E-5,1.3601124359613728E-4,0.029955534753100865,137785.98174584596,2510.0,2886.5,418.983116196002,28900,0,0,NaN,NaN,NaN,NaN,,,NaN,NaN,NaN
PUBLICATION,LOCAL_HOTSPOT,LOCAL_COST_ADAPTIVE,9,6364136223846793005,LOCAL_HOTSPOT,,9,21540,153156,153156,153156,153156,-1,-1,153156,4,INSERT_SPLIT_PRESSURE,SLACKEN,COMMIT_NO_TRIAL,runtime validation disabled by evaluation policy,3,4,55,3,5.2026921567050874E-5,1.3599274705349047E-4,0.033259711575938676,12550.344289983112,2950.0,3392.4999999999995,5406.22619047619,26800,0,0,NaN,NaN,NaN,NaN,,,NaN,NaN,NaN
PUBLICATION,LOCAL_HOTSPOT,LOCAL_COST_ADAPTIVE,9,6364136223846793005,LOCAL_HOTSPOT,,10,21538,156743,156743,156743,156743,-1,-1,156743,4,INSERT_SPLIT_PRESSURE,SLACKEN,COMMIT_NO_TRIAL,runtime validation disabled by evaluation policy,22,23,47,3,4.44013656726429E-5,1.3593112822836428E-4,0.029668260176734754,48993.19136607272,2630.0,3024.4999999999995,1234.661354228267,20000,0,0,NaN,NaN,NaN,NaN,,,NaN,NaN,NaN
PUBLICATION,LOCAL_HOTSPOT,LOCAL_COST_ADAPTIVE,9,6364136223846793005,LOCAL_HOTSPOT,,11,21177,157830,157830,157830,157830,-1,-1,157830,5,INSERT_SPLIT_PRESSURE,SLACKEN,COMMIT_NO_TRIAL,runtime validation disabled by evaluation policy,30,31,46,3,4.343835342199794E-5,1.3591881116346502E-4,0.023970598562700438,2250539.5725555373,2590.0,2978.4999999999995,26.469207974137923,35300,0,0,NaN,NaN,NaN,NaN,,,NaN,NaN,NaN
PUBLICATION,LOCAL_HOTSPOT,LOCAL_COST_ADAPTIVE,9,6364136223846793005,LOCAL_HOTSPOT,,12,20997,161347,-1,-1,-1,-1,-1,-1,-1,NO_CONFIDENT_DIAGNOSIS,,ABSTAIN,no cost-admissible candidate without explicit diagnosis,-1,-1,0,0,0.0,0.0,NaN,NaN,NaN,NaN,NaN,0,0,0,NaN,NaN,NaN,NaN,,,NaN,NaN,NaN
PUBLICATION,LOCAL_HOTSPOT,LOCAL_COST_ADAPTIVE,9,6364136223846793005,LOCAL_HOTSPOT,,13,21000,161391,-1,-1,-1,-1,-1,-1,-1,NO_CONFIDENT_DIAGNOSIS,,ABSTAIN,no cost-admissible candidate without explicit diagnosis,-1,-1,0,0,0.0,0.0,NaN,NaN,NaN,NaN,NaN,0,0,0,NaN,NaN,NaN,NaN,,,NaN,NaN,NaN
PUBLICATION,LOCAL_HOTSPOT,LOCAL_COST_ADAPTIVE,9,6364136223846793005,LOCAL_HOTSPOT,,14,21565,172915,172915,172915,172915,-1,-1,172915,4,INSERT_SPLIT_PRESSURE,SLACKEN,COMMIT_NO_TRIAL,runtime validation disabled by evaluation policy,7,8,52,3,4.883069271971933E-5,1.358080579447714E-4,0.020036394231709942,1537660.203103293,2830.0,3254.4999999999995,42.33054862747692,23100,0,0,NaN,NaN,NaN,NaN,,,NaN,NaN,NaN
PUBLICATION,LOCAL_HOTSPOT,LOCAL_COST_ADAPTIVE,9,6364136223846793005,LOCAL_HOTSPOT,,15,21576,177378,-1,-1,-1,-1,-1,-1,-1,NO_CONFIDENT_DIAGNOSIS,,ABSTAIN,no cost-admissible candidate without explicit diagnosis,-1,-1,0,0,0.0,0.0,NaN,NaN,NaN,NaN,NaN,0,0,0,NaN,NaN,NaN,NaN,,,NaN,NaN,NaN
PUBLICATION,LOCAL_HOTSPOT,LOCAL_COST_ADAPTIVE,9,6364136223846793005,LOCAL_HOTSPOT,,16,21173,202659,202659,202659,202659,-1,-1,202659,8,INSERT_SPLIT_PRESSURE,SLACKEN,COMMIT_NO_TRIAL,runtime validation disabled by evaluation policy,15,16,56,3,5.201033891237094E-5,1.3533020570191266E-4,0.029410075248434718,2838607.214659085,2990.0,3438.4999999999995,24.226669912222864,24400,0,0,NaN,NaN,NaN,NaN,,,NaN,NaN,NaN
PUBLICATION,LOCAL_HOTSPOT,LOCAL_COST_ADAPTIVE,9,6364136223846793005,LOCAL_HOTSPOT,,17,21625,215480,215480,215480,215480,-1,-1,215480,4,INSERT_SPLIT_PRESSURE,SLACKEN,COMMIT_NO_TRIAL,runtime validation disabled by evaluation policy,14,15,63,3,5.8228360538917344E-5,1.3478299937101266E-4,0.021869126943447805,521805.05723560567,3270.0,3760.4999999999995,144.13428723447794,25800,0,0,NaN,NaN,NaN,NaN,,,NaN,NaN,NaN
PUBLICATION,LOCAL_HOTSPOT,LOCAL_COST_ADAPTIVE,9,6364136223846793005,LOCAL_HOTSPOT,,18,21576,239144,239144,239144,239144,-1,-1,239144,5,INSERT_SPLIT_PRESSURE,SLACKEN,COMMIT_NO_TRIAL,runtime validation disabled by evaluation policy,3,4,63,3,5.771254936484133E-5,1.3312624805857554E-4,0.016591862857883565,68843.26846735908,3270.0,3760.4999999999995,1092.4815406703067,26900,0,0,NaN,NaN,NaN,NaN,,,NaN,NaN,NaN
PUBLICATION,LOCAL_HOTSPOT,LOCAL_COST_ADAPTIVE,9,6364136223846793005,LOCAL_HOTSPOT,,19,21704,255010,255010,255010,255010,-1,-1,255010,4,INSERT_SPLIT_PRESSURE,SLACKEN,COMMIT_NO_TRIAL,runtime validation disabled by evaluation policy,43,44,55,3,5.0091029060993567E-5,1.3171759747102212E-4,0.016616093595339707,40482.25615395849,2950.0,3392.4999999999995,1676.0429493346157,24800,0,0,NaN,NaN,NaN,NaN,,,NaN,NaN,NaN
PUBLICATION,LOCAL_HOTSPOT,LOCAL_COST_ADAPTIVE,9,6364136223846793005,LOCAL_HOTSPOT,,20,21605,275960,-1,-1,-1,-1,-1,-1,-1,NO_CONFIDENT_DIAGNOSIS,,ABSTAIN,no cost-admissible candidate without explicit diagnosis,-1,-1,0,0,0.0,0.0,NaN,NaN,NaN,NaN,NaN,0,0,0,NaN,NaN,NaN,NaN,,,NaN,NaN,NaN
PUBLICATION,LOCAL_HOTSPOT,LOCAL_COST_ADAPTIVE,9,6364136223846793005,LOCAL_HOTSPOT,,21,20996,288130,-1,-1,-1,-1,-1,-1,-1,NO_CONFIDENT_DIAGNOSIS,,ABSTAIN,no cost-admissible candidate without explicit diagnosis,-1,-1,0,0,0.0,0.0,NaN,NaN,NaN,NaN,NaN,0,0,0,NaN,NaN,NaN,NaN,,,NaN,NaN,NaN
PUBLICATION,LOCAL_HOTSPOT,PERIODIC_GLOBAL_REBUILD,0,1103515245,LOCAL_HOTSPOT,,1,-1,50000,50000,50000,50000,-1,-1,50000,-1,,GLOBAL_REBUILD,COMMIT,periodic interval,-1,-1,1017939,42459,1.0,1.0,1.0,NaN,NaN,NaN,NaN,80950900,0,0,NaN,NaN,NaN,NaN,,,NaN,NaN,NaN
PUBLICATION,LOCAL_HOTSPOT,PERIODIC_GLOBAL_REBUILD,0,1103515245,LOCAL_HOTSPOT,,2,-1,100000,100000,100000,100000,-1,-1,100000,-1,,GLOBAL_REBUILD,COMMIT,periodic interval,-1,-1,1036839,43405,1.0,1.0,1.0,NaN,NaN,NaN,NaN,22199100,0,0,NaN,NaN,NaN,NaN,,,NaN,NaN,NaN
PUBLICATION,LOCAL_HOTSPOT,PERIODIC_GLOBAL_REBUILD,0,1103515245,LOCAL_HOTSPOT,,3,-1,150000,150000,150000,150000,-1,-1,150000,-1,,GLOBAL_REBUILD,COMMIT,periodic interval,-1,-1,1056294,44074,1.0,1.0,1.0,NaN,NaN,NaN,NaN,81995000,0,0,NaN,NaN,NaN,NaN,,,NaN,NaN,NaN
PUBLICATION,LOCAL_HOTSPOT,PERIODIC_GLOBAL_REBUILD,0,1103515245,LOCAL_HOTSPOT,,4,-1,200000,200000,200000,200000,-1,-1,200000,-1,,GLOBAL_REBUILD,COMMIT,periodic interval,-1,-1,1075859,44618,1.0,1.0,1.0,NaN,NaN,NaN,NaN,11595100,0,0,NaN,NaN,NaN,NaN,,,NaN,NaN,NaN
PUBLICATION,LOCAL_HOTSPOT,PERIODIC_GLOBAL_REBUILD,0,1103515245,LOCAL_HOTSPOT,,5,-1,250000,250000,250000,250000,-1,-1,250000,-1,,GLOBAL_REBUILD,COMMIT,periodic interval,-1,-1,1096031,45337,1.0,1.0,1.0,NaN,NaN,NaN,NaN,8432100,0,0,NaN,NaN,NaN,NaN,,,NaN,NaN,NaN
PUBLICATION,LOCAL_HOTSPOT,PERIODIC_GLOBAL_REBUILD,0,1103515245,LOCAL_HOTSPOT,,6,-1,300000,300000,300000,300000,-1,-1,300000,-1,,GLOBAL_REBUILD,COMMIT,periodic interval,-1,-1,1116659,46129,1.0,1.0,1.0,NaN,NaN,NaN,NaN,16191600,0,0,NaN,NaN,NaN,NaN,,,NaN,NaN,NaN
PUBLICATION,LOCAL_HOTSPOT,PERIODIC_GLOBAL_REBUILD,1,214013,LOCAL_HOTSPOT,,1,-1,50000,50000,50000,50000,-1,-1,50000,-1,,GLOBAL_REBUILD,COMMIT,periodic interval,-1,-1,1018060,42460,1.0,1.0,1.0,NaN,NaN,NaN,NaN,60100600,0,0,NaN,NaN,NaN,NaN,,,NaN,NaN,NaN
PUBLICATION,LOCAL_HOTSPOT,PERIODIC_GLOBAL_REBUILD,1,214013,LOCAL_HOTSPOT,,2,-1,100000,100000,100000,100000,-1,-1,100000,-1,,GLOBAL_REBUILD,COMMIT,periodic interval,-1,-1,1036571,43407,1.0,1.0,1.0,NaN,NaN,NaN,NaN,56944900,0,0,NaN,NaN,NaN,NaN,,,NaN,NaN,NaN
PUBLICATION,LOCAL_HOTSPOT,PERIODIC_GLOBAL_REBUILD,1,214013,LOCAL_HOTSPOT,,3,-1,150000,150000,150000,150000,-1,-1,150000,-1,,GLOBAL_REBUILD,COMMIT,periodic interval,-1,-1,1055824,44032,1.0,1.0,1.0,NaN,NaN,NaN,NaN,23044400,0,0,NaN,NaN,NaN,NaN,,,NaN,NaN,NaN
PUBLICATION,LOCAL_HOTSPOT,PERIODIC_GLOBAL_REBUILD,1,214013,LOCAL_HOTSPOT,,4,-1,200000,200000,200000,200000,-1,-1,200000,-1,,GLOBAL_REBUILD,COMMIT,periodic interval,-1,-1,1075396,44605,1.0,1.0,1.0,NaN,NaN,NaN,NaN,58255200,0,0,NaN,NaN,NaN,NaN,,,NaN,NaN,NaN
PUBLICATION,LOCAL_HOTSPOT,PERIODIC_GLOBAL_REBUILD,1,214013,LOCAL_HOTSPOT,,5,-1,250000,250000,250000,250000,-1,-1,250000,-1,,GLOBAL_REBUILD,COMMIT,periodic interval,-1,-1,1095380,45308,1.0,1.0,1.0,NaN,NaN,NaN,NaN,18439700,0,0,NaN,NaN,NaN,NaN,,,NaN,NaN,NaN
PUBLICATION,LOCAL_HOTSPOT,PERIODIC_GLOBAL_REBUILD,1,214013,LOCAL_HOTSPOT,,6,-1,300000,300000,300000,300000,-1,-1,300000,-1,,GLOBAL_REBUILD,COMMIT,periodic interval,-1,-1,1115764,46107,1.0,1.0,1.0,NaN,NaN,NaN,NaN,12089900,0,0,NaN,NaN,NaN,NaN,,,NaN,NaN,NaN
PUBLICATION,LOCAL_HOTSPOT,PERIODIC_GLOBAL_REBUILD,2,1664525,LOCAL_HOTSPOT,,1,-1,50000,50000,50000,50000,-1,-1,50000,-1,,GLOBAL_REBUILD,COMMIT,periodic interval,-1,-1,1018087,42462,1.0,1.0,1.0,NaN,NaN,NaN,NaN,89844600,0,0,NaN,NaN,NaN,NaN,,,NaN,NaN,NaN
PUBLICATION,LOCAL_HOTSPOT,PERIODIC_GLOBAL_REBUILD,2,1664525,LOCAL_HOTSPOT,,2,-1,100000,100000,100000,100000,-1,-1,100000,-1,,GLOBAL_REBUILD,COMMIT,periodic interval,-1,-1,1036557,43402,1.0,1.0,1.0,NaN,NaN,NaN,NaN,23013000,0,0,NaN,NaN,NaN,NaN,,,NaN,NaN,NaN
PUBLICATION,LOCAL_HOTSPOT,PERIODIC_GLOBAL_REBUILD,2,1664525,LOCAL_HOTSPOT,,3,-1,150000,150000,150000,150000,-1,-1,150000,-1,,GLOBAL_REBUILD,COMMIT,periodic interval,-1,-1,1055956,44037,1.0,1.0,1.0,NaN,NaN,NaN,NaN,59037600,0,0,NaN,NaN,NaN,NaN,,,NaN,NaN,NaN
PUBLICATION,LOCAL_HOTSPOT,PERIODIC_GLOBAL_REBUILD,2,1664525,LOCAL_HOTSPOT,,4,-1,200000,200000,200000,200000,-1,-1,200000,-1,,GLOBAL_REBUILD,COMMIT,periodic interval,-1,-1,1075558,44613,1.0,1.0,1.0,NaN,NaN,NaN,NaN,53487200,0,0,NaN,NaN,NaN,NaN,,,NaN,NaN,NaN
PUBLICATION,LOCAL_HOTSPOT,PERIODIC_GLOBAL_REBUILD,2,1664525,LOCAL_HOTSPOT,,5,-1,250000,250000,250000,250000,-1,-1,250000,-1,,GLOBAL_REBUILD,COMMIT,periodic interval,-1,-1,1095873,45335,1.0,1.0,1.0,NaN,NaN,NaN,NaN,8711700,0,0,NaN,NaN,NaN,NaN,,,NaN,NaN,NaN
PUBLICATION,LOCAL_HOTSPOT,PERIODIC_GLOBAL_REBUILD,2,1664525,LOCAL_HOTSPOT,,6,-1,300000,300000,300000,300000,-1,-1,300000,-1,,GLOBAL_REBUILD,COMMIT,periodic interval,-1,-1,1116289,46123,1.0,1.0,1.0,NaN,NaN,NaN,NaN,86678100,0,0,NaN,NaN,NaN,NaN,,,NaN,NaN,NaN
PUBLICATION,LOCAL_HOTSPOT,PERIODIC_GLOBAL_REBUILD,3,22695477,LOCAL_HOTSPOT,,1,-1,50000,50000,50000,50000,-1,-1,50000,-1,,GLOBAL_REBUILD,COMMIT,periodic interval,-1,-1,1017848,42457,1.0,1.0,1.0,NaN,NaN,NaN,NaN,62101500,0,0,NaN,NaN,NaN,NaN,,,NaN,NaN,NaN
PUBLICATION,LOCAL_HOTSPOT,PERIODIC_GLOBAL_REBUILD,3,22695477,LOCAL_HOTSPOT,,2,-1,100000,100000,100000,100000,-1,-1,100000,-1,,GLOBAL_REBUILD,COMMIT,periodic interval,-1,-1,1036452,43387,1.0,1.0,1.0,NaN,NaN,NaN,NaN,57580800,0,0,NaN,NaN,NaN,NaN,,,NaN,NaN,NaN
PUBLICATION,LOCAL_HOTSPOT,PERIODIC_GLOBAL_REBUILD,3,22695477,LOCAL_HOTSPOT,,3,-1,150000,150000,150000,150000,-1,-1,150000,-1,,GLOBAL_REBUILD,COMMIT,periodic interval,-1,-1,1055694,44043,1.0,1.0,1.0,NaN,NaN,NaN,NaN,61390800,0,0,NaN,NaN,NaN,NaN,,,NaN,NaN,NaN
PUBLICATION,LOCAL_HOTSPOT,PERIODIC_GLOBAL_REBUILD,3,22695477,LOCAL_HOTSPOT,,4,-1,200000,200000,200000,200000,-1,-1,200000,-1,,GLOBAL_REBUILD,COMMIT,periodic interval,-1,-1,1075375,44611,1.0,1.0,1.0,NaN,NaN,NaN,NaN,56741400,0,0,NaN,NaN,NaN,NaN,,,NaN,NaN,NaN
PUBLICATION,LOCAL_HOTSPOT,PERIODIC_GLOBAL_REBUILD,3,22695477,LOCAL_HOTSPOT,,5,-1,250000,250000,250000,250000,-1,-1,250000,-1,,GLOBAL_REBUILD,COMMIT,periodic interval,-1,-1,1095686,45308,1.0,1.0,1.0,NaN,NaN,NaN,NaN,9025000,0,0,NaN,NaN,NaN,NaN,,,NaN,NaN,NaN
PUBLICATION,LOCAL_HOTSPOT,PERIODIC_GLOBAL_REBUILD,3,22695477,LOCAL_HOTSPOT,,6,-1,300000,300000,300000,300000,-1,-1,300000,-1,,GLOBAL_REBUILD,COMMIT,periodic interval,-1,-1,1116254,46109,1.0,1.0,1.0,NaN,NaN,NaN,NaN,57068600,0,0,NaN,NaN,NaN,NaN,,,NaN,NaN,NaN
PUBLICATION,LOCAL_HOTSPOT,PERIODIC_GLOBAL_REBUILD,4,69069,LOCAL_HOTSPOT,,1,-1,50000,50000,50000,50000,-1,-1,50000,-1,,GLOBAL_REBUILD,COMMIT,periodic interval,-1,-1,1018067,42460,1.0,1.0,1.0,NaN,NaN,NaN,NaN,57779800,0,0,NaN,NaN,NaN,NaN,,,NaN,NaN,NaN
PUBLICATION,LOCAL_HOTSPOT,PERIODIC_GLOBAL_REBUILD,4,69069,LOCAL_HOTSPOT,,2,-1,100000,100000,100000,100000,-1,-1,100000,-1,,GLOBAL_REBUILD,COMMIT,periodic interval,-1,-1,1036719,43403,1.0,1.0,1.0,NaN,NaN,NaN,NaN,56690500,0,0,NaN,NaN,NaN,NaN,,,NaN,NaN,NaN
PUBLICATION,LOCAL_HOTSPOT,PERIODIC_GLOBAL_REBUILD,4,69069,LOCAL_HOTSPOT,,3,-1,150000,150000,150000,150000,-1,-1,150000,-1,,GLOBAL_REBUILD,COMMIT,periodic interval,-1,-1,1056026,44060,1.0,1.0,1.0,NaN,NaN,NaN,NaN,56776800,0,0,NaN,NaN,NaN,NaN,,,NaN,NaN,NaN
PUBLICATION,LOCAL_HOTSPOT,PERIODIC_GLOBAL_REBUILD,4,69069,LOCAL_HOTSPOT,,4,-1,200000,200000,200000,200000,-1,-1,200000,-1,,GLOBAL_REBUILD,COMMIT,periodic interval,-1,-1,1075681,44611,1.0,1.0,1.0,NaN,NaN,NaN,NaN,92484200,0,0,NaN,NaN,NaN,NaN,,,NaN,NaN,NaN
PUBLICATION,LOCAL_HOTSPOT,PERIODIC_GLOBAL_REBUILD,4,69069,LOCAL_HOTSPOT,,5,-1,250000,250000,250000,250000,-1,-1,250000,-1,,GLOBAL_REBUILD,COMMIT,periodic interval,-1,-1,1096029,45330,1.0,1.0,1.0,NaN,NaN,NaN,NaN,8873000,0,0,NaN,NaN,NaN,NaN,,,NaN,NaN,NaN
PUBLICATION,LOCAL_HOTSPOT,PERIODIC_GLOBAL_REBUILD,4,69069,LOCAL_HOTSPOT,,6,-1,300000,300000,300000,300000,-1,-1,300000,-1,,GLOBAL_REBUILD,COMMIT,periodic interval,-1,-1,1116551,46133,1.0,1.0,1.0,NaN,NaN,NaN,NaN,8602200,0,0,NaN,NaN,NaN,NaN,,,NaN,NaN,NaN
PUBLICATION,LOCAL_HOTSPOT,PERIODIC_GLOBAL_REBUILD,5,48271,LOCAL_HOTSPOT,,1,-1,50000,50000,50000,50000,-1,-1,50000,-1,,GLOBAL_REBUILD,COMMIT,periodic interval,-1,-1,1017820,42455,1.0,1.0,1.0,NaN,NaN,NaN,NaN,82743200,0,0,NaN,NaN,NaN,NaN,,,NaN,NaN,NaN
PUBLICATION,LOCAL_HOTSPOT,PERIODIC_GLOBAL_REBUILD,5,48271,LOCAL_HOTSPOT,,2,-1,100000,100000,100000,100000,-1,-1,100000,-1,,GLOBAL_REBUILD,COMMIT,periodic interval,-1,-1,1036369,43380,1.0,1.0,1.0,NaN,NaN,NaN,NaN,28999700,0,0,NaN,NaN,NaN,NaN,,,NaN,NaN,NaN
PUBLICATION,LOCAL_HOTSPOT,PERIODIC_GLOBAL_REBUILD,5,48271,LOCAL_HOTSPOT,,3,-1,150000,150000,150000,150000,-1,-1,150000,-1,,GLOBAL_REBUILD,COMMIT,periodic interval,-1,-1,1055684,44047,1.0,1.0,1.0,NaN,NaN,NaN,NaN,30784900,0,0,NaN,NaN,NaN,NaN,,,NaN,NaN,NaN
PUBLICATION,LOCAL_HOTSPOT,PERIODIC_GLOBAL_REBUILD,5,48271,LOCAL_HOTSPOT,,4,-1,200000,200000,200000,200000,-1,-1,200000,-1,,GLOBAL_REBUILD,COMMIT,periodic interval,-1,-1,1075498,44638,1.0,1.0,1.0,NaN,NaN,NaN,NaN,121971600,0,0,NaN,NaN,NaN,NaN,,,NaN,NaN,NaN
PUBLICATION,LOCAL_HOTSPOT,PERIODIC_GLOBAL_REBUILD,5,48271,LOCAL_HOTSPOT,,5,-1,250000,250000,250000,250000,-1,-1,250000,-1,,GLOBAL_REBUILD,COMMIT,periodic interval,-1,-1,1095591,45314,1.0,1.0,1.0,NaN,NaN,NaN,NaN,16053700,0,0,NaN,NaN,NaN,NaN,,,NaN,NaN,NaN
PUBLICATION,LOCAL_HOTSPOT,PERIODIC_GLOBAL_REBUILD,5,48271,LOCAL_HOTSPOT,,6,-1,300000,300000,300000,300000,-1,-1,300000,-1,,GLOBAL_REBUILD,COMMIT,periodic interval,-1,-1,1116139,46113,1.0,1.0,1.0,NaN,NaN,NaN,NaN,9621100,0,0,NaN,NaN,NaN,NaN,,,NaN,NaN,NaN
PUBLICATION,LOCAL_HOTSPOT,PERIODIC_GLOBAL_REBUILD,6,134775813,LOCAL_HOTSPOT,,1,-1,50000,50000,50000,50000,-1,-1,50000,-1,,GLOBAL_REBUILD,COMMIT,periodic interval,-1,-1,1017854,42454,1.0,1.0,1.0,NaN,NaN,NaN,NaN,79301000,0,0,NaN,NaN,NaN,NaN,,,NaN,NaN,NaN
PUBLICATION,LOCAL_HOTSPOT,PERIODIC_GLOBAL_REBUILD,6,134775813,LOCAL_HOTSPOT,,2,-1,100000,100000,100000,100000,-1,-1,100000,-1,,GLOBAL_REBUILD,COMMIT,periodic interval,-1,-1,1036696,43406,1.0,1.0,1.0,NaN,NaN,NaN,NaN,23578600,0,0,NaN,NaN,NaN,NaN,,,NaN,NaN,NaN
PUBLICATION,LOCAL_HOTSPOT,PERIODIC_GLOBAL_REBUILD,6,134775813,LOCAL_HOTSPOT,,3,-1,150000,150000,150000,150000,-1,-1,150000,-1,,GLOBAL_REBUILD,COMMIT,periodic interval,-1,-1,1055959,44029,1.0,1.0,1.0,NaN,NaN,NaN,NaN,41991700,0,0,NaN,NaN,NaN,NaN,,,NaN,NaN,NaN
PUBLICATION,LOCAL_HOTSPOT,PERIODIC_GLOBAL_REBUILD,6,134775813,LOCAL_HOTSPOT,,4,-1,200000,200000,200000,200000,-1,-1,200000,-1,,GLOBAL_REBUILD,COMMIT,periodic interval,-1,-1,1075592,44620,1.0,1.0,1.0,NaN,NaN,NaN,NaN,74571500,0,0,NaN,NaN,NaN,NaN,,,NaN,NaN,NaN
PUBLICATION,LOCAL_HOTSPOT,PERIODIC_GLOBAL_REBUILD,6,134775813,LOCAL_HOTSPOT,,5,-1,250000,250000,250000,250000,-1,-1,250000,-1,,GLOBAL_REBUILD,COMMIT,periodic interval,-1,-1,1095606,45321,1.0,1.0,1.0,NaN,NaN,NaN,NaN,85942400,0,0,NaN,NaN,NaN,NaN,,,NaN,NaN,NaN
PUBLICATION,LOCAL_HOTSPOT,PERIODIC_GLOBAL_REBUILD,6,134775813,LOCAL_HOTSPOT,,6,-1,300000,300000,300000,300000,-1,-1,300000,-1,,GLOBAL_REBUILD,COMMIT,periodic interval,-1,-1,1116029,46102,1.0,1.0,1.0,NaN,NaN,NaN,NaN,26598700,0,0,NaN,NaN,NaN,NaN,,,NaN,NaN,NaN
PUBLICATION,LOCAL_HOTSPOT,PERIODIC_GLOBAL_REBUILD,7,16807,LOCAL_HOTSPOT,,1,-1,50000,50000,50000,50000,-1,-1,50000,-1,,GLOBAL_REBUILD,COMMIT,periodic interval,-1,-1,1018166,42462,1.0,1.0,1.0,NaN,NaN,NaN,NaN,59600600,0,0,NaN,NaN,NaN,NaN,,,NaN,NaN,NaN
PUBLICATION,LOCAL_HOTSPOT,PERIODIC_GLOBAL_REBUILD,7,16807,LOCAL_HOTSPOT,,2,-1,100000,100000,100000,100000,-1,-1,100000,-1,,GLOBAL_REBUILD,COMMIT,periodic interval,-1,-1,1036743,43417,1.0,1.0,1.0,NaN,NaN,NaN,NaN,54982100,0,0,NaN,NaN,NaN,NaN,,,NaN,NaN,NaN
PUBLICATION,LOCAL_HOTSPOT,PERIODIC_GLOBAL_REBUILD,7,16807,LOCAL_HOTSPOT,,3,-1,150000,150000,150000,150000,-1,-1,150000,-1,,GLOBAL_REBUILD,COMMIT,periodic interval,-1,-1,1055980,44018,1.0,1.0,1.0,NaN,NaN,NaN,NaN,18850800,0,0,NaN,NaN,NaN,NaN,,,NaN,NaN,NaN
PUBLICATION,LOCAL_HOTSPOT,PERIODIC_GLOBAL_REBUILD,7,16807,LOCAL_HOTSPOT,,4,-1,200000,200000,200000,200000,-1,-1,200000,-1,,GLOBAL_REBUILD,COMMIT,periodic interval,-1,-1,1075803,44643,1.0,1.0,1.0,NaN,NaN,NaN,NaN,51525200,0,0,NaN,NaN,NaN,NaN,,,NaN,NaN,NaN
PUBLICATION,LOCAL_HOTSPOT,PERIODIC_GLOBAL_REBUILD,7,16807,LOCAL_HOTSPOT,,5,-1,250000,250000,250000,250000,-1,-1,250000,-1,,GLOBAL_REBUILD,COMMIT,periodic interval,-1,-1,1095920,45328,1.0,1.0,1.0,NaN,NaN,NaN,NaN,17331100,0,0,NaN,NaN,NaN,NaN,,,NaN,NaN,NaN
PUBLICATION,LOCAL_HOTSPOT,PERIODIC_GLOBAL_REBUILD,7,16807,LOCAL_HOTSPOT,,6,-1,300000,300000,300000,300000,-1,-1,300000,-1,,GLOBAL_REBUILD,COMMIT,periodic interval,-1,-1,1116229,46111,1.0,1.0,1.0,NaN,NaN,NaN,NaN,15205500,0,0,NaN,NaN,NaN,NaN,,,NaN,NaN,NaN
PUBLICATION,LOCAL_HOTSPOT,PERIODIC_GLOBAL_REBUILD,8,2147483647,LOCAL_HOTSPOT,,1,-1,50000,50000,50000,50000,-1,-1,50000,-1,,GLOBAL_REBUILD,COMMIT,periodic interval,-1,-1,1017863,42456,1.0,1.0,1.0,NaN,NaN,NaN,NaN,56003400,0,0,NaN,NaN,NaN,NaN,,,NaN,NaN,NaN
PUBLICATION,LOCAL_HOTSPOT,PERIODIC_GLOBAL_REBUILD,8,2147483647,LOCAL_HOTSPOT,,2,-1,100000,100000,100000,100000,-1,-1,100000,-1,,GLOBAL_REBUILD,COMMIT,periodic interval,-1,-1,1036407,43389,1.0,1.0,1.0,NaN,NaN,NaN,NaN,50671500,0,0,NaN,NaN,NaN,NaN,,,NaN,NaN,NaN
PUBLICATION,LOCAL_HOTSPOT,PERIODIC_GLOBAL_REBUILD,8,2147483647,LOCAL_HOTSPOT,,3,-1,150000,150000,150000,150000,-1,-1,150000,-1,,GLOBAL_REBUILD,COMMIT,periodic interval,-1,-1,1055415,44000,1.0,1.0,1.0,NaN,NaN,NaN,NaN,18754000,0,0,NaN,NaN,NaN,NaN,,,NaN,NaN,NaN
PUBLICATION,LOCAL_HOTSPOT,PERIODIC_GLOBAL_REBUILD,8,2147483647,LOCAL_HOTSPOT,,4,-1,200000,200000,200000,200000,-1,-1,200000,-1,,GLOBAL_REBUILD,COMMIT,periodic interval,-1,-1,1075267,44618,1.0,1.0,1.0,NaN,NaN,NaN,NaN,15017900,0,0,NaN,NaN,NaN,NaN,,,NaN,NaN,NaN
PUBLICATION,LOCAL_HOTSPOT,PERIODIC_GLOBAL_REBUILD,8,2147483647,LOCAL_HOTSPOT,,5,-1,250000,250000,250000,250000,-1,-1,250000,-1,,GLOBAL_REBUILD,COMMIT,periodic interval,-1,-1,1095269,45289,1.0,1.0,1.0,NaN,NaN,NaN,NaN,15520800,0,0,NaN,NaN,NaN,NaN,,,NaN,NaN,NaN
PUBLICATION,LOCAL_HOTSPOT,PERIODIC_GLOBAL_REBUILD,8,2147483647,LOCAL_HOTSPOT,,6,-1,300000,300000,300000,300000,-1,-1,300000,-1,,GLOBAL_REBUILD,COMMIT,periodic interval,-1,-1,1115520,46093,1.0,1.0,1.0,NaN,NaN,NaN,NaN,10636000,0,0,NaN,NaN,NaN,NaN,,,NaN,NaN,NaN
PUBLICATION,LOCAL_HOTSPOT,PERIODIC_GLOBAL_REBUILD,9,6364136223846793005,LOCAL_HOTSPOT,,1,-1,50000,50000,50000,50000,-1,-1,50000,-1,,GLOBAL_REBUILD,COMMIT,periodic interval,-1,-1,1017911,42458,1.0,1.0,1.0,NaN,NaN,NaN,NaN,58102500,0,0,NaN,NaN,NaN,NaN,,,NaN,NaN,NaN
PUBLICATION,LOCAL_HOTSPOT,PERIODIC_GLOBAL_REBUILD,9,6364136223846793005,LOCAL_HOTSPOT,,2,-1,100000,100000,100000,100000,-1,-1,100000,-1,,GLOBAL_REBUILD,COMMIT,periodic interval,-1,-1,1036438,43397,1.0,1.0,1.0,NaN,NaN,NaN,NaN,53255400,0,0,NaN,NaN,NaN,NaN,,,NaN,NaN,NaN
PUBLICATION,LOCAL_HOTSPOT,PERIODIC_GLOBAL_REBUILD,9,6364136223846793005,LOCAL_HOTSPOT,,3,-1,150000,150000,150000,150000,-1,-1,150000,-1,,GLOBAL_REBUILD,COMMIT,periodic interval,-1,-1,1055881,44034,1.0,1.0,1.0,NaN,NaN,NaN,NaN,53468600,0,0,NaN,NaN,NaN,NaN,,,NaN,NaN,NaN
PUBLICATION,LOCAL_HOTSPOT,PERIODIC_GLOBAL_REBUILD,9,6364136223846793005,LOCAL_HOTSPOT,,4,-1,200000,200000,200000,200000,-1,-1,200000,-1,,GLOBAL_REBUILD,COMMIT,periodic interval,-1,-1,1075603,44612,1.0,1.0,1.0,NaN,NaN,NaN,NaN,89885500,0,0,NaN,NaN,NaN,NaN,,,NaN,NaN,NaN
PUBLICATION,LOCAL_HOTSPOT,PERIODIC_GLOBAL_REBUILD,9,6364136223846793005,LOCAL_HOTSPOT,,5,-1,250000,250000,250000,250000,-1,-1,250000,-1,,GLOBAL_REBUILD,COMMIT,periodic interval,-1,-1,1096007,45326,1.0,1.0,1.0,NaN,NaN,NaN,NaN,8435200,0,0,NaN,NaN,NaN,NaN,,,NaN,NaN,NaN
PUBLICATION,LOCAL_HOTSPOT,PERIODIC_GLOBAL_REBUILD,9,6364136223846793005,LOCAL_HOTSPOT,,6,-1,300000,300000,300000,300000,-1,-1,300000,-1,,GLOBAL_REBUILD,COMMIT,periodic interval,-1,-1,1116488,46129,1.0,1.0,1.0,NaN,NaN,NaN,NaN,8841400,0,0,NaN,NaN,NaN,NaN,,,NaN,NaN,NaN
PUBLICATION,LOCAL_HOTSPOT,THRESHOLD_GLOBAL_REBUILD,0,1103515245,LOCAL_HOTSPOT,,1,-1,20000,20000,20000,20000,-1,-1,20000,-1,,GLOBAL_REBUILD,COMMIT,global threshold,-1,-1,1007080,41955,1.0,1.0,1.0,NaN,NaN,NaN,NaN,83333700,0,0,NaN,NaN,NaN,NaN,,,NaN,NaN,NaN
PUBLICATION,LOCAL_HOTSPOT,THRESHOLD_GLOBAL_REBUILD,0,1103515245,LOCAL_HOTSPOT,,2,-1,40000,40000,40000,40000,-1,-1,40000,-1,,GLOBAL_REBUILD,COMMIT,global threshold,-1,-1,1014317,42183,1.0,1.0,1.0,NaN,NaN,NaN,NaN,50962900,0,0,NaN,NaN,NaN,NaN,,,NaN,NaN,NaN
PUBLICATION,LOCAL_HOTSPOT,THRESHOLD_GLOBAL_REBUILD,0,1103515245,LOCAL_HOTSPOT,,3,-1,70000,70000,70000,70000,-1,-1,70000,-1,,GLOBAL_REBUILD,COMMIT,global threshold,-1,-1,1025394,42689,1.0,1.0,1.0,NaN,NaN,NaN,NaN,23514000,0,0,NaN,NaN,NaN,NaN,,,NaN,NaN,NaN
PUBLICATION,LOCAL_HOTSPOT,THRESHOLD_GLOBAL_REBUILD,0,1103515245,LOCAL_HOTSPOT,,4,-1,100000,100000,100000,100000,-1,-1,100000,-1,,GLOBAL_REBUILD,COMMIT,global threshold,-1,-1,1036839,43063,1.0,1.0,1.0,NaN,NaN,NaN,NaN,50953000,0,0,NaN,NaN,NaN,NaN,,,NaN,NaN,NaN
PUBLICATION,LOCAL_HOTSPOT,THRESHOLD_GLOBAL_REBUILD,0,1103515245,LOCAL_HOTSPOT,,5,-1,140000,140000,140000,140000,-1,-1,140000,-1,,GLOBAL_REBUILD,COMMIT,global threshold,-1,-1,1052275,43719,1.0,1.0,1.0,NaN,NaN,NaN,NaN,15509200,0,0,NaN,NaN,NaN,NaN,,,NaN,NaN,NaN
PUBLICATION,LOCAL_HOTSPOT,THRESHOLD_GLOBAL_REBUILD,0,1103515245,LOCAL_HOTSPOT,,6,-1,190000,190000,190000,190000,-1,-1,190000,-1,,GLOBAL_REBUILD,COMMIT,global threshold,-1,-1,1071908,44523,1.0,1.0,1.0,NaN,NaN,NaN,NaN,10376100,0,0,NaN,NaN,NaN,NaN,,,NaN,NaN,NaN
PUBLICATION,LOCAL_HOTSPOT,THRESHOLD_GLOBAL_REBUILD,0,1103515245,LOCAL_HOTSPOT,,7,-1,240000,240000,240000,240000,-1,-1,240000,-1,,GLOBAL_REBUILD,COMMIT,global threshold,-1,-1,1092010,45182,1.0,1.0,1.0,NaN,NaN,NaN,NaN,10400500,0,0,NaN,NaN,NaN,NaN,,,NaN,NaN,NaN
PUBLICATION,LOCAL_HOTSPOT,THRESHOLD_GLOBAL_REBUILD,0,1103515245,LOCAL_HOTSPOT,,8,-1,300000,300000,300000,300000,-1,-1,300000,-1,,GLOBAL_REBUILD,COMMIT,global threshold,-1,-1,1116659,46147,1.0,1.0,1.0,NaN,NaN,NaN,NaN,31302200,0,0,NaN,NaN,NaN,NaN,,,NaN,NaN,NaN
PUBLICATION,LOCAL_HOTSPOT,THRESHOLD_GLOBAL_REBUILD,1,214013,LOCAL_HOTSPOT,,1,-1,20000,20000,20000,20000,-1,-1,20000,-1,,GLOBAL_REBUILD,COMMIT,global threshold,-1,-1,1007241,41963,1.0,1.0,1.0,NaN,NaN,NaN,NaN,117522800,0,0,NaN,NaN,NaN,NaN,,,NaN,NaN,NaN
PUBLICATION,LOCAL_HOTSPOT,THRESHOLD_GLOBAL_REBUILD,1,214013,LOCAL_HOTSPOT,,2,-1,50000,50000,50000,50000,-1,-1,50000,-1,,GLOBAL_REBUILD,COMMIT,global threshold,-1,-1,1018060,42482,1.0,1.0,1.0,NaN,NaN,NaN,NaN,21147400,0,0,NaN,NaN,NaN,NaN,,,NaN,NaN,NaN
PUBLICATION,LOCAL_HOTSPOT,THRESHOLD_GLOBAL_REBUILD,1,214013,LOCAL_HOTSPOT,,3,-1,80000,80000,80000,80000,-1,-1,80000,-1,,GLOBAL_REBUILD,COMMIT,global threshold,-1,-1,1029174,42817,1.0,1.0,1.0,NaN,NaN,NaN,NaN,38031700,0,0,NaN,NaN,NaN,NaN,,,NaN,NaN,NaN
PUBLICATION,LOCAL_HOTSPOT,THRESHOLD_GLOBAL_REBUILD,1,214013,LOCAL_HOTSPOT,,4,-1,120000,120000,120000,120000,-1,-1,120000,-1,,GLOBAL_REBUILD,COMMIT,global threshold,-1,-1,1044229,43446,1.0,1.0,1.0,NaN,NaN,NaN,NaN,79926400,0,0,NaN,NaN,NaN,NaN,,,NaN,NaN,NaN
PUBLICATION,LOCAL_HOTSPOT,THRESHOLD_GLOBAL_REBUILD,1,214013,LOCAL_HOTSPOT,,5,-1,160000,160000,160000,160000,-1,-1,160000,-1,,GLOBAL_REBUILD,COMMIT,global threshold,-1,-1,1059728,43955,1.0,1.0,1.0,NaN,NaN,NaN,NaN,79166500,0,0,NaN,NaN,NaN,NaN,,,NaN,NaN,NaN
PUBLICATION,LOCAL_HOTSPOT,THRESHOLD_GLOBAL_REBUILD,1,214013,LOCAL_HOTSPOT,,6,-1,210000,210000,210000,210000,-1,-1,210000,-1,,GLOBAL_REBUILD,COMMIT,global threshold,-1,-1,1079318,44728,1.0,1.0,1.0,NaN,NaN,NaN,NaN,12746900,0,0,NaN,NaN,NaN,NaN,,,NaN,NaN,NaN
PUBLICATION,LOCAL_HOTSPOT,THRESHOLD_GLOBAL_REBUILD,1,214013,LOCAL_HOTSPOT,,7,-1,270000,270000,270000,270000,-1,-1,270000,-1,,GLOBAL_REBUILD,COMMIT,global threshold,-1,-1,1103545,45679,1.0,1.0,1.0,NaN,NaN,NaN,NaN,8887800,0,0,NaN,NaN,NaN,NaN,,,NaN,NaN,NaN
PUBLICATION,LOCAL_HOTSPOT,THRESHOLD_GLOBAL_REBUILD,2,1664525,LOCAL_HOTSPOT,,1,-1,20000,20000,20000,20000,-1,-1,20000,-1,,GLOBAL_REBUILD,COMMIT,global threshold,-1,-1,1007109,41959,1.0,1.0,1.0,NaN,NaN,NaN,NaN,129121200,0,0,NaN,NaN,NaN,NaN,,,NaN,NaN,NaN
PUBLICATION,LOCAL_HOTSPOT,THRESHOLD_GLOBAL_REBUILD,2,1664525,LOCAL_HOTSPOT,,2,-1,40000,40000,40000,40000,-1,-1,40000,-1,,GLOBAL_REBUILD,COMMIT,global threshold,-1,-1,1014445,42188,1.0,1.0,1.0,NaN,NaN,NaN,NaN,19522900,0,0,NaN,NaN,NaN,NaN,,,NaN,NaN,NaN
PUBLICATION,LOCAL_HOTSPOT,THRESHOLD_GLOBAL_REBUILD,2,1664525,LOCAL_HOTSPOT,,3,-1,70000,70000,70000,70000,-1,-1,70000,-1,,GLOBAL_REBUILD,COMMIT,global threshold,-1,-1,1025506,42702,1.0,1.0,1.0,NaN,NaN,NaN,NaN,79035500,0,0,NaN,NaN,NaN,NaN,,,NaN,NaN,NaN
PUBLICATION,LOCAL_HOTSPOT,THRESHOLD_GLOBAL_REBUILD,2,1664525,LOCAL_HOTSPOT,,4,-1,100000,100000,100000,100000,-1,-1,100000,-1,,GLOBAL_REBUILD,COMMIT,global threshold,-1,-1,1036557,43041,1.0,1.0,1.0,NaN,NaN,NaN,NaN,86406900,0,0,NaN,NaN,NaN,NaN,,,NaN,NaN,NaN
PUBLICATION,LOCAL_HOTSPOT,THRESHOLD_GLOBAL_REBUILD,2,1664525,LOCAL_HOTSPOT,,5,-1,140000,140000,140000,140000,-1,-1,140000,-1,,GLOBAL_REBUILD,COMMIT,global threshold,-1,-1,1052103,43712,1.0,1.0,1.0,NaN,NaN,NaN,NaN,8535700,0,0,NaN,NaN,NaN,NaN,,,NaN,NaN,NaN
PUBLICATION,LOCAL_HOTSPOT,THRESHOLD_GLOBAL_REBUILD,2,1664525,LOCAL_HOTSPOT,,6,-1,190000,190000,190000,190000,-1,-1,190000,-1,,GLOBAL_REBUILD,COMMIT,global threshold,-1,-1,1071541,44501,1.0,1.0,1.0,NaN,NaN,NaN,NaN,62713300,0,0,NaN,NaN,NaN,NaN,,,NaN,NaN,NaN
PUBLICATION,LOCAL_HOTSPOT,THRESHOLD_GLOBAL_REBUILD,2,1664525,LOCAL_HOTSPOT,,7,-1,240000,240000,240000,240000,-1,-1,240000,-1,,GLOBAL_REBUILD,COMMIT,global threshold,-1,-1,1091743,45193,1.0,1.0,1.0,NaN,NaN,NaN,NaN,7566900,0,0,NaN,NaN,NaN,NaN,,,NaN,NaN,NaN
PUBLICATION,LOCAL_HOTSPOT,THRESHOLD_GLOBAL_REBUILD,2,1664525,LOCAL_HOTSPOT,,8,-1,300000,300000,300000,300000,-1,-1,300000,-1,,GLOBAL_REBUILD,COMMIT,global threshold,-1,-1,1116289,46139,1.0,1.0,1.0,NaN,NaN,NaN,NaN,7700900,0,0,NaN,NaN,NaN,NaN,,,NaN,NaN,NaN
PUBLICATION,LOCAL_HOTSPOT,THRESHOLD_GLOBAL_REBUILD,3,22695477,LOCAL_HOTSPOT,,1,-1,20000,20000,20000,20000,-1,-1,20000,-1,,GLOBAL_REBUILD,COMMIT,global threshold,-1,-1,1007103,41961,1.0,1.0,1.0,NaN,NaN,NaN,NaN,27321000,0,0,NaN,NaN,NaN,NaN,,,NaN,NaN,NaN
PUBLICATION,LOCAL_HOTSPOT,THRESHOLD_GLOBAL_REBUILD,3,22695477,LOCAL_HOTSPOT,,2,-1,50000,50000,50000,50000,-1,-1,50000,-1,,GLOBAL_REBUILD,COMMIT,global threshold,-1,-1,1017848,42482,1.0,1.0,1.0,NaN,NaN,NaN,NaN,53662900,0,0,NaN,NaN,NaN,NaN,,,NaN,NaN,NaN
PUBLICATION,LOCAL_HOTSPOT,THRESHOLD_GLOBAL_REBUILD,3,22695477,LOCAL_HOTSPOT,,3,-1,80000,80000,80000,80000,-1,-1,80000,-1,,GLOBAL_REBUILD,COMMIT,global threshold,-1,-1,1028926,42806,1.0,1.0,1.0,NaN,NaN,NaN,NaN,53017000,0,0,NaN,NaN,NaN,NaN,,,NaN,NaN,NaN
PUBLICATION,LOCAL_HOTSPOT,THRESHOLD_GLOBAL_REBUILD,3,22695477,LOCAL_HOTSPOT,,4,-1,110000,110000,110000,110000,-1,-1,110000,-1,,GLOBAL_REBUILD,COMMIT,global threshold,-1,-1,1040211,43178,1.0,1.0,1.0,NaN,NaN,NaN,NaN,50341000,0,0,NaN,NaN,NaN,NaN,,,NaN,NaN,NaN
PUBLICATION,LOCAL_HOTSPOT,THRESHOLD_GLOBAL_REBUILD,3,22695477,LOCAL_HOTSPOT,,5,-1,150000,150000,150000,150000,-1,-1,150000,-1,,GLOBAL_REBUILD,COMMIT,global threshold,-1,-1,1055694,43817,1.0,1.0,1.0,NaN,NaN,NaN,NaN,10556600,0,0,NaN,NaN,NaN,NaN,,,NaN,NaN,NaN
PUBLICATION,LOCAL_HOTSPOT,THRESHOLD_GLOBAL_REBUILD,3,22695477,LOCAL_HOTSPOT,,6,-1,200000,200000,200000,200000,-1,-1,200000,-1,,GLOBAL_REBUILD,COMMIT,global threshold,-1,-1,1075375,44611,1.0,1.0,1.0,NaN,NaN,NaN,NaN,55569400,0,0,NaN,NaN,NaN,NaN,,,NaN,NaN,NaN
PUBLICATION,LOCAL_HOTSPOT,THRESHOLD_GLOBAL_REBUILD,3,22695477,LOCAL_HOTSPOT,,7,-1,260000,260000,260000,260000,-1,-1,260000,-1,,GLOBAL_REBUILD,COMMIT,global threshold,-1,-1,1099781,45557,1.0,1.0,1.0,NaN,NaN,NaN,NaN,55006800,0,0,NaN,NaN,NaN,NaN,,,NaN,NaN,NaN
PUBLICATION,LOCAL_HOTSPOT,THRESHOLD_GLOBAL_REBUILD,4,69069,LOCAL_HOTSPOT,,1,-1,20000,20000,20000,20000,-1,-1,20000,-1,,GLOBAL_REBUILD,COMMIT,global threshold,-1,-1,1007134,41970,1.0,1.0,1.0,NaN,NaN,NaN,NaN,24297900,0,0,NaN,NaN,NaN,NaN,,,NaN,NaN,NaN
PUBLICATION,LOCAL_HOTSPOT,THRESHOLD_GLOBAL_REBUILD,4,69069,LOCAL_HOTSPOT,,2,-1,50000,50000,50000,50000,-1,-1,50000,-1,,GLOBAL_REBUILD,COMMIT,global threshold,-1,-1,1018067,42496,1.0,1.0,1.0,NaN,NaN,NaN,NaN,75621000,0,0,NaN,NaN,NaN,NaN,,,NaN,NaN,NaN
PUBLICATION,LOCAL_HOTSPOT,THRESHOLD_GLOBAL_REBUILD,4,69069,LOCAL_HOTSPOT,,3,-1,80000,80000,80000,80000,-1,-1,80000,-1,,GLOBAL_REBUILD,COMMIT,global threshold,-1,-1,1029239,42816,1.0,1.0,1.0,NaN,NaN,NaN,NaN,23080700,0,0,NaN,NaN,NaN,NaN,,,NaN,NaN,NaN
PUBLICATION,LOCAL_HOTSPOT,THRESHOLD_GLOBAL_REBUILD,4,69069,LOCAL_HOTSPOT,,4,-1,120000,120000,120000,120000,-1,-1,120000,-1,,GLOBAL_REBUILD,COMMIT,global threshold,-1,-1,1044289,43465,1.0,1.0,1.0,NaN,NaN,NaN,NaN,115876100,0,0,NaN,NaN,NaN,NaN,,,NaN,NaN,NaN
PUBLICATION,LOCAL_HOTSPOT,THRESHOLD_GLOBAL_REBUILD,4,69069,LOCAL_HOTSPOT,,5,-1,160000,160000,160000,160000,-1,-1,160000,-1,,GLOBAL_REBUILD,COMMIT,global threshold,-1,-1,1059908,43949,1.0,1.0,1.0,NaN,NaN,NaN,NaN,50490900,0,0,NaN,NaN,NaN,NaN,,,NaN,NaN,NaN
PUBLICATION,LOCAL_HOTSPOT,THRESHOLD_GLOBAL_REBUILD,4,69069,LOCAL_HOTSPOT,,6,-1,210000,210000,210000,210000,-1,-1,210000,-1,,GLOBAL_REBUILD,COMMIT,global threshold,-1,-1,1079855,44758,1.0,1.0,1.0,NaN,NaN,NaN,NaN,9923600,0,0,NaN,NaN,NaN,NaN,,,NaN,NaN,NaN
PUBLICATION,LOCAL_HOTSPOT,THRESHOLD_GLOBAL_REBUILD,4,69069,LOCAL_HOTSPOT,,7,-1,270000,270000,270000,270000,-1,-1,270000,-1,,GLOBAL_REBUILD,COMMIT,global threshold,-1,-1,1104139,45687,1.0,1.0,1.0,NaN,NaN,NaN,NaN,52307500,0,0,NaN,NaN,NaN,NaN,,,NaN,NaN,NaN
PUBLICATION,LOCAL_HOTSPOT,THRESHOLD_GLOBAL_REBUILD,5,48271,LOCAL_HOTSPOT,,1,-1,20000,20000,20000,20000,-1,-1,20000,-1,,GLOBAL_REBUILD,COMMIT,global threshold,-1,-1,1006869,41945,1.0,1.0,1.0,NaN,NaN,NaN,NaN,118329700,0,0,NaN,NaN,NaN,NaN,,,NaN,NaN,NaN
PUBLICATION,LOCAL_HOTSPOT,THRESHOLD_GLOBAL_REBUILD,5,48271,LOCAL_HOTSPOT,,2,-1,40000,40000,40000,40000,-1,-1,40000,-1,,GLOBAL_REBUILD,COMMIT,global threshold,-1,-1,1014085,42176,1.0,1.0,1.0,NaN,NaN,NaN,NaN,23229800,0,0,NaN,NaN,NaN,NaN,,,NaN,NaN,NaN
PUBLICATION,LOCAL_HOTSPOT,THRESHOLD_GLOBAL_REBUILD,5,48271,LOCAL_HOTSPOT,,3,-1,70000,70000,70000,70000,-1,-1,70000,-1,,GLOBAL_REBUILD,COMMIT,global threshold,-1,-1,1025059,42695,1.0,1.0,1.0,NaN,NaN,NaN,NaN,42283300,0,0,NaN,NaN,NaN,NaN,,,NaN,NaN,NaN
PUBLICATION,LOCAL_HOTSPOT,THRESHOLD_GLOBAL_REBUILD,5,48271,LOCAL_HOTSPOT,,4,-1,100000,100000,100000,100000,-1,-1,100000,-1,,GLOBAL_REBUILD,COMMIT,global threshold,-1,-1,1036369,43044,1.0,1.0,1.0,NaN,NaN,NaN,NaN,76227200,0,0,NaN,NaN,NaN,NaN,,,NaN,NaN,NaN
PUBLICATION,LOCAL_HOTSPOT,THRESHOLD_GLOBAL_REBUILD,5,48271,LOCAL_HOTSPOT,,5,-1,140000,140000,140000,140000,-1,-1,140000,-1,,GLOBAL_REBUILD,COMMIT,global threshold,-1,-1,1051727,43686,1.0,1.0,1.0,NaN,NaN,NaN,NaN,87587200,0,0,NaN,NaN,NaN,NaN,,,NaN,NaN,NaN
PUBLICATION,LOCAL_HOTSPOT,THRESHOLD_GLOBAL_REBUILD,5,48271,LOCAL_HOTSPOT,,6,-1,180000,180000,180000,180000,-1,-1,180000,-1,,GLOBAL_REBUILD,COMMIT,global threshold,-1,-1,1067511,44235,1.0,1.0,1.0,NaN,NaN,NaN,NaN,20464000,0,0,NaN,NaN,NaN,NaN,,,NaN,NaN,NaN
PUBLICATION,LOCAL_HOTSPOT,THRESHOLD_GLOBAL_REBUILD,5,48271,LOCAL_HOTSPOT,,7,-1,230000,230000,230000,230000,-1,-1,230000,-1,,GLOBAL_REBUILD,COMMIT,global threshold,-1,-1,1087435,45030,1.0,1.0,1.0,NaN,NaN,NaN,NaN,8020300,0,0,NaN,NaN,NaN,NaN,,,NaN,NaN,NaN
PUBLICATION,LOCAL_HOTSPOT,THRESHOLD_GLOBAL_REBUILD,5,48271,LOCAL_HOTSPOT,,8,-1,290000,290000,290000,290000,-1,-1,290000,-1,,GLOBAL_REBUILD,COMMIT,global threshold,-1,-1,1111983,45960,1.0,1.0,1.0,NaN,NaN,NaN,NaN,8213400,0,0,NaN,NaN,NaN,NaN,,,NaN,NaN,NaN
PUBLICATION,LOCAL_HOTSPOT,THRESHOLD_GLOBAL_REBUILD,6,134775813,LOCAL_HOTSPOT,,1,-1,20000,20000,20000,20000,-1,-1,20000,-1,,GLOBAL_REBUILD,COMMIT,global threshold,-1,-1,1006922,41938,1.0,1.0,1.0,NaN,NaN,NaN,NaN,115463200,0,0,NaN,NaN,NaN,NaN,,,NaN,NaN,NaN
PUBLICATION,LOCAL_HOTSPOT,THRESHOLD_GLOBAL_REBUILD,6,134775813,LOCAL_HOTSPOT,,2,-1,40000,40000,40000,40000,-1,-1,40000,-1,,GLOBAL_REBUILD,COMMIT,global threshold,-1,-1,1014242,42182,1.0,1.0,1.0,NaN,NaN,NaN,NaN,21496000,0,0,NaN,NaN,NaN,NaN,,,NaN,NaN,NaN
PUBLICATION,LOCAL_HOTSPOT,THRESHOLD_GLOBAL_REBUILD,6,134775813,LOCAL_HOTSPOT,,3,-1,70000,70000,70000,70000,-1,-1,70000,-1,,GLOBAL_REBUILD,COMMIT,global threshold,-1,-1,1025273,42685,1.0,1.0,1.0,NaN,NaN,NaN,NaN,39909000,0,0,NaN,NaN,NaN,NaN,,,NaN,NaN,NaN
PUBLICATION,LOCAL_HOTSPOT,THRESHOLD_GLOBAL_REBUILD,6,134775813,LOCAL_HOTSPOT,,4,-1,100000,100000,100000,100000,-1,-1,100000,-1,,GLOBAL_REBUILD,COMMIT,global threshold,-1,-1,1036696,43068,1.0,1.0,1.0,NaN,NaN,NaN,NaN,43973600,0,0,NaN,NaN,NaN,NaN,,,NaN,NaN,NaN
PUBLICATION,LOCAL_HOTSPOT,THRESHOLD_GLOBAL_REBUILD,6,134775813,LOCAL_HOTSPOT,,5,-1,140000,140000,140000,140000,-1,-1,140000,-1,,GLOBAL_REBUILD,COMMIT,global threshold,-1,-1,1052030,43706,1.0,1.0,1.0,NaN,NaN,NaN,NaN,21268700,0,0,NaN,NaN,NaN,NaN,,,NaN,NaN,NaN
PUBLICATION,LOCAL_HOTSPOT,THRESHOLD_GLOBAL_REBUILD,6,134775813,LOCAL_HOTSPOT,,6,-1,180000,180000,180000,180000,-1,-1,180000,-1,,GLOBAL_REBUILD,COMMIT,global threshold,-1,-1,1067772,44246,1.0,1.0,1.0,NaN,NaN,NaN,NaN,22815500,0,0,NaN,NaN,NaN,NaN,,,NaN,NaN,NaN
PUBLICATION,LOCAL_HOTSPOT,THRESHOLD_GLOBAL_REBUILD,6,134775813,LOCAL_HOTSPOT,,7,-1,230000,230000,230000,230000,-1,-1,230000,-1,,GLOBAL_REBUILD,COMMIT,global threshold,-1,-1,1087508,45026,1.0,1.0,1.0,NaN,NaN,NaN,NaN,51656200,0,0,NaN,NaN,NaN,NaN,,,NaN,NaN,NaN
PUBLICATION,LOCAL_HOTSPOT,THRESHOLD_GLOBAL_REBUILD,6,134775813,LOCAL_HOTSPOT,,8,-1,290000,290000,290000,290000,-1,-1,290000,-1,,GLOBAL_REBUILD,COMMIT,global threshold,-1,-1,1111931,45971,1.0,1.0,1.0,NaN,NaN,NaN,NaN,31128800,0,0,NaN,NaN,NaN,NaN,,,NaN,NaN,NaN
PUBLICATION,LOCAL_HOTSPOT,THRESHOLD_GLOBAL_REBUILD,7,16807,LOCAL_HOTSPOT,,1,-1,20000,20000,20000,20000,-1,-1,20000,-1,,GLOBAL_REBUILD,COMMIT,global threshold,-1,-1,1007107,41966,1.0,1.0,1.0,NaN,NaN,NaN,NaN,127102100,0,0,NaN,NaN,NaN,NaN,,,NaN,NaN,NaN
PUBLICATION,LOCAL_HOTSPOT,THRESHOLD_GLOBAL_REBUILD,7,16807,LOCAL_HOTSPOT,,2,-1,50000,50000,50000,50000,-1,-1,50000,-1,,GLOBAL_REBUILD,COMMIT,global threshold,-1,-1,1018166,42501,1.0,1.0,1.0,NaN,NaN,NaN,NaN,28915500,0,0,NaN,NaN,NaN,NaN,,,NaN,NaN,NaN
PUBLICATION,LOCAL_HOTSPOT,THRESHOLD_GLOBAL_REBUILD,7,16807,LOCAL_HOTSPOT,,3,-1,80000,80000,80000,80000,-1,-1,80000,-1,,GLOBAL_REBUILD,COMMIT,global threshold,-1,-1,1029248,42812,1.0,1.0,1.0,NaN,NaN,NaN,NaN,82461300,0,0,NaN,NaN,NaN,NaN,,,NaN,NaN,NaN
PUBLICATION,LOCAL_HOTSPOT,THRESHOLD_GLOBAL_REBUILD,7,16807,LOCAL_HOTSPOT,,4,-1,110000,110000,110000,110000,-1,-1,110000,-1,,GLOBAL_REBUILD,COMMIT,global threshold,-1,-1,1040643,43203,1.0,1.0,1.0,NaN,NaN,NaN,NaN,98151000,0,0,NaN,NaN,NaN,NaN,,,NaN,NaN,NaN
PUBLICATION,LOCAL_HOTSPOT,THRESHOLD_GLOBAL_REBUILD,7,16807,LOCAL_HOTSPOT,,5,-1,150000,150000,150000,150000,-1,-1,150000,-1,,GLOBAL_REBUILD,COMMIT,global threshold,-1,-1,1055980,43841,1.0,1.0,1.0,NaN,NaN,NaN,NaN,8444500,0,0,NaN,NaN,NaN,NaN,,,NaN,NaN,NaN
PUBLICATION,LOCAL_HOTSPOT,THRESHOLD_GLOBAL_REBUILD,7,16807,LOCAL_HOTSPOT,,6,-1,200000,200000,200000,200000,-1,-1,200000,-1,,GLOBAL_REBUILD,COMMIT,global threshold,-1,-1,1075803,44643,1.0,1.0,1.0,NaN,NaN,NaN,NaN,52138800,0,0,NaN,NaN,NaN,NaN,,,NaN,NaN,NaN
PUBLICATION,LOCAL_HOTSPOT,THRESHOLD_GLOBAL_REBUILD,7,16807,LOCAL_HOTSPOT,,7,-1,260000,260000,260000,260000,-1,-1,260000,-1,,GLOBAL_REBUILD,COMMIT,global threshold,-1,-1,1099942,45544,1.0,1.0,1.0,NaN,NaN,NaN,NaN,8386200,0,0,NaN,NaN,NaN,NaN,,,NaN,NaN,NaN
PUBLICATION,LOCAL_HOTSPOT,THRESHOLD_GLOBAL_REBUILD,8,2147483647,LOCAL_HOTSPOT,,1,-1,20000,20000,20000,20000,-1,-1,20000,-1,,GLOBAL_REBUILD,COMMIT,global threshold,-1,-1,1007153,41960,1.0,1.0,1.0,NaN,NaN,NaN,NaN,84766300,0,0,NaN,NaN,NaN,NaN,,,NaN,NaN,NaN
PUBLICATION,LOCAL_HOTSPOT,THRESHOLD_GLOBAL_REBUILD,8,2147483647,LOCAL_HOTSPOT,,2,-1,50000,50000,50000,50000,-1,-1,50000,-1,,GLOBAL_REBUILD,COMMIT,global threshold,-1,-1,1017863,42473,1.0,1.0,1.0,NaN,NaN,NaN,NaN,25274500,0,0,NaN,NaN,NaN,NaN,,,NaN,NaN,NaN
PUBLICATION,LOCAL_HOTSPOT,THRESHOLD_GLOBAL_REBUILD,8,2147483647,LOCAL_HOTSPOT,,3,-1,80000,80000,80000,80000,-1,-1,80000,-1,,GLOBAL_REBUILD,COMMIT,global threshold,-1,-1,1029035,42827,1.0,1.0,1.0,NaN,NaN,NaN,NaN,42731700,0,0,NaN,NaN,NaN,NaN,,,NaN,NaN,NaN
PUBLICATION,LOCAL_HOTSPOT,THRESHOLD_GLOBAL_REBUILD,8,2147483647,LOCAL_HOTSPOT,,4,-1,120000,120000,120000,120000,-1,-1,120000,-1,,GLOBAL_REBUILD,COMMIT,global threshold,-1,-1,1043913,43455,1.0,1.0,1.0,NaN,NaN,NaN,NaN,81558800,0,0,NaN,NaN,NaN,NaN,,,NaN,NaN,NaN
PUBLICATION,LOCAL_HOTSPOT,THRESHOLD_GLOBAL_REBUILD,8,2147483647,LOCAL_HOTSPOT,,5,-1,160000,160000,160000,160000,-1,-1,160000,-1,,GLOBAL_REBUILD,COMMIT,global threshold,-1,-1,1059413,43946,1.0,1.0,1.0,NaN,NaN,NaN,NaN,101325000,0,0,NaN,NaN,NaN,NaN,,,NaN,NaN,NaN
PUBLICATION,LOCAL_HOTSPOT,THRESHOLD_GLOBAL_REBUILD,8,2147483647,LOCAL_HOTSPOT,,6,-1,210000,210000,210000,210000,-1,-1,210000,-1,,GLOBAL_REBUILD,COMMIT,global threshold,-1,-1,1079296,44766,1.0,1.0,1.0,NaN,NaN,NaN,NaN,12112000,0,0,NaN,NaN,NaN,NaN,,,NaN,NaN,NaN
PUBLICATION,LOCAL_HOTSPOT,THRESHOLD_GLOBAL_REBUILD,8,2147483647,LOCAL_HOTSPOT,,7,-1,270000,270000,270000,270000,-1,-1,270000,-1,,GLOBAL_REBUILD,COMMIT,global threshold,-1,-1,1103331,45688,1.0,1.0,1.0,NaN,NaN,NaN,NaN,8555100,0,0,NaN,NaN,NaN,NaN,,,NaN,NaN,NaN
PUBLICATION,LOCAL_HOTSPOT,THRESHOLD_GLOBAL_REBUILD,9,6364136223846793005,LOCAL_HOTSPOT,,1,-1,20000,20000,20000,20000,-1,-1,20000,-1,,GLOBAL_REBUILD,COMMIT,global threshold,-1,-1,1007074,41955,1.0,1.0,1.0,NaN,NaN,NaN,NaN,66159500,0,0,NaN,NaN,NaN,NaN,,,NaN,NaN,NaN
PUBLICATION,LOCAL_HOTSPOT,THRESHOLD_GLOBAL_REBUILD,9,6364136223846793005,LOCAL_HOTSPOT,,2,-1,50000,50000,50000,50000,-1,-1,50000,-1,,GLOBAL_REBUILD,COMMIT,global threshold,-1,-1,1017911,42503,1.0,1.0,1.0,NaN,NaN,NaN,NaN,14414800,0,0,NaN,NaN,NaN,NaN,,,NaN,NaN,NaN
PUBLICATION,LOCAL_HOTSPOT,THRESHOLD_GLOBAL_REBUILD,9,6364136223846793005,LOCAL_HOTSPOT,,3,-1,80000,80000,80000,80000,-1,-1,80000,-1,,GLOBAL_REBUILD,COMMIT,global threshold,-1,-1,1028918,42802,1.0,1.0,1.0,NaN,NaN,NaN,NaN,14480300,0,0,NaN,NaN,NaN,NaN,,,NaN,NaN,NaN
PUBLICATION,LOCAL_HOTSPOT,THRESHOLD_GLOBAL_REBUILD,9,6364136223846793005,LOCAL_HOTSPOT,,4,-1,120000,120000,120000,120000,-1,-1,120000,-1,,GLOBAL_REBUILD,COMMIT,global threshold,-1,-1,1044148,43459,1.0,1.0,1.0,NaN,NaN,NaN,NaN,54982200,0,0,NaN,NaN,NaN,NaN,,,NaN,NaN,NaN
PUBLICATION,LOCAL_HOTSPOT,THRESHOLD_GLOBAL_REBUILD,9,6364136223846793005,LOCAL_HOTSPOT,,5,-1,160000,160000,160000,160000,-1,-1,160000,-1,,GLOBAL_REBUILD,COMMIT,global threshold,-1,-1,1059856,43964,1.0,1.0,1.0,NaN,NaN,NaN,NaN,11046800,0,0,NaN,NaN,NaN,NaN,,,NaN,NaN,NaN
PUBLICATION,LOCAL_HOTSPOT,THRESHOLD_GLOBAL_REBUILD,9,6364136223846793005,LOCAL_HOTSPOT,,6,-1,210000,210000,210000,210000,-1,-1,210000,-1,,GLOBAL_REBUILD,COMMIT,global threshold,-1,-1,1079681,44768,1.0,1.0,1.0,NaN,NaN,NaN,NaN,10498000,0,0,NaN,NaN,NaN,NaN,,,NaN,NaN,NaN
PUBLICATION,LOCAL_HOTSPOT,THRESHOLD_GLOBAL_REBUILD,9,6364136223846793005,LOCAL_HOTSPOT,,7,-1,270000,270000,270000,270000,-1,-1,270000,-1,,GLOBAL_REBUILD,COMMIT,global threshold,-1,-1,1104036,45694,1.0,1.0,1.0,NaN,NaN,NaN,NaN,52720100,0,0,NaN,NaN,NaN,NaN,,,NaN,NaN,NaN
PUBLICATION,MIXED,PERIODIC_GLOBAL_REBUILD,0,1103515245,MIXED,,1,-1,50000,50000,50000,50000,-1,-1,50000,-1,,GLOBAL_REBUILD,COMMIT,periodic interval,-1,-1,1005059,41773,1.0,1.0,1.0,NaN,NaN,NaN,NaN,82215700,0,0,NaN,NaN,NaN,NaN,,,NaN,NaN,NaN
PUBLICATION,MIXED,PERIODIC_GLOBAL_REBUILD,0,1103515245,MIXED,,2,-1,100000,100000,100000,100000,-1,-1,100000,-1,,GLOBAL_REBUILD,COMMIT,periodic interval,-1,-1,1010010,41981,1.0,1.0,1.0,NaN,NaN,NaN,NaN,20899900,0,0,NaN,NaN,NaN,NaN,,,NaN,NaN,NaN
PUBLICATION,MIXED,PERIODIC_GLOBAL_REBUILD,0,1103515245,MIXED,,3,-1,150000,150000,150000,150000,-1,-1,150000,-1,,GLOBAL_REBUILD,COMMIT,periodic interval,-1,-1,1015057,42190,1.0,1.0,1.0,NaN,NaN,NaN,NaN,86834300,0,0,NaN,NaN,NaN,NaN,,,NaN,NaN,NaN
PUBLICATION,MIXED,PERIODIC_GLOBAL_REBUILD,0,1103515245,MIXED,,4,-1,200000,200000,200000,200000,-1,-1,200000,-1,,GLOBAL_REBUILD,COMMIT,periodic interval,-1,-1,1020086,42400,1.0,1.0,1.0,NaN,NaN,NaN,NaN,87218800,0,0,NaN,NaN,NaN,NaN,,,NaN,NaN,NaN
PUBLICATION,MIXED,PERIODIC_GLOBAL_REBUILD,0,1103515245,MIXED,,5,-1,250000,250000,250000,250000,-1,-1,250000,-1,,GLOBAL_REBUILD,COMMIT,periodic interval,-1,-1,1025441,42616,1.0,1.0,1.0,NaN,NaN,NaN,NaN,11877400,0,0,NaN,NaN,NaN,NaN,,,NaN,NaN,NaN
PUBLICATION,MIXED,PERIODIC_GLOBAL_REBUILD,0,1103515245,MIXED,,6,-1,300000,300000,300000,300000,-1,-1,300000,-1,,GLOBAL_REBUILD,COMMIT,periodic interval,-1,-1,1030614,42836,1.0,1.0,1.0,NaN,NaN,NaN,NaN,50560800,0,0,NaN,NaN,NaN,NaN,,,NaN,NaN,NaN
PUBLICATION,MIXED,PERIODIC_GLOBAL_REBUILD,1,214013,MIXED,,1,-1,50000,50000,50000,50000,-1,-1,50000,-1,,GLOBAL_REBUILD,COMMIT,periodic interval,-1,-1,1005058,41773,1.0,1.0,1.0,NaN,NaN,NaN,NaN,47597000,0,0,NaN,NaN,NaN,NaN,,,NaN,NaN,NaN
PUBLICATION,MIXED,PERIODIC_GLOBAL_REBUILD,1,214013,MIXED,,2,-1,100000,100000,100000,100000,-1,-1,100000,-1,,GLOBAL_REBUILD,COMMIT,periodic interval,-1,-1,1010138,41984,1.0,1.0,1.0,NaN,NaN,NaN,NaN,57170200,0,0,NaN,NaN,NaN,NaN,,,NaN,NaN,NaN
PUBLICATION,MIXED,PERIODIC_GLOBAL_REBUILD,1,214013,MIXED,,3,-1,150000,150000,150000,150000,-1,-1,150000,-1,,GLOBAL_REBUILD,COMMIT,periodic interval,-1,-1,1015271,42197,1.0,1.0,1.0,NaN,NaN,NaN,NaN,19307000,0,0,NaN,NaN,NaN,NaN,,,NaN,NaN,NaN
PUBLICATION,MIXED,PERIODIC_GLOBAL_REBUILD,1,214013,MIXED,,4,-1,200000,200000,200000,200000,-1,-1,200000,-1,,GLOBAL_REBUILD,COMMIT,periodic interval,-1,-1,1020336,42409,1.0,1.0,1.0,NaN,NaN,NaN,NaN,52785100,0,0,NaN,NaN,NaN,NaN,,,NaN,NaN,NaN
PUBLICATION,MIXED,PERIODIC_GLOBAL_REBUILD,1,214013,MIXED,,5,-1,250000,250000,250000,250000,-1,-1,250000,-1,,GLOBAL_REBUILD,COMMIT,periodic interval,-1,-1,1025192,42616,1.0,1.0,1.0,NaN,NaN,NaN,NaN,16519900,0,0,NaN,NaN,NaN,NaN,,,NaN,NaN,NaN
PUBLICATION,MIXED,PERIODIC_GLOBAL_REBUILD,1,214013,MIXED,,6,-1,300000,300000,300000,300000,-1,-1,300000,-1,,GLOBAL_REBUILD,COMMIT,periodic interval,-1,-1,1030303,42824,1.0,1.0,1.0,NaN,NaN,NaN,NaN,14327000,0,0,NaN,NaN,NaN,NaN,,,NaN,NaN,NaN
PUBLICATION,MIXED,PERIODIC_GLOBAL_REBUILD,2,1664525,MIXED,,1,-1,50000,50000,50000,50000,-1,-1,50000,-1,,GLOBAL_REBUILD,COMMIT,periodic interval,-1,-1,1005040,41773,1.0,1.0,1.0,NaN,NaN,NaN,NaN,20792500,0,0,NaN,NaN,NaN,NaN,,,NaN,NaN,NaN
PUBLICATION,MIXED,PERIODIC_GLOBAL_REBUILD,2,1664525,MIXED,,2,-1,100000,100000,100000,100000,-1,-1,100000,-1,,GLOBAL_REBUILD,COMMIT,periodic interval,-1,-1,1009962,41980,1.0,1.0,1.0,NaN,NaN,NaN,NaN,16006300,0,0,NaN,NaN,NaN,NaN,,,NaN,NaN,NaN
PUBLICATION,MIXED,PERIODIC_GLOBAL_REBUILD,2,1664525,MIXED,,3,-1,150000,150000,150000,150000,-1,-1,150000,-1,,GLOBAL_REBUILD,COMMIT,periodic interval,-1,-1,1015294,42193,1.0,1.0,1.0,NaN,NaN,NaN,NaN,16979900,0,0,NaN,NaN,NaN,NaN,,,NaN,NaN,NaN
PUBLICATION,MIXED,PERIODIC_GLOBAL_REBUILD,2,1664525,MIXED,,4,-1,200000,200000,200000,200000,-1,-1,200000,-1,,GLOBAL_REBUILD,COMMIT,periodic interval,-1,-1,1020260,42408,1.0,1.0,1.0,NaN,NaN,NaN,NaN,46338800,0,0,NaN,NaN,NaN,NaN,,,NaN,NaN,NaN
PUBLICATION,MIXED,PERIODIC_GLOBAL_REBUILD,2,1664525,MIXED,,5,-1,250000,250000,250000,250000,-1,-1,250000,-1,,GLOBAL_REBUILD,COMMIT,periodic interval,-1,-1,1025551,42622,1.0,1.0,1.0,NaN,NaN,NaN,NaN,13046900,0,0,NaN,NaN,NaN,NaN,,,NaN,NaN,NaN
PUBLICATION,MIXED,PERIODIC_GLOBAL_REBUILD,2,1664525,MIXED,,6,-1,300000,300000,300000,300000,-1,-1,300000,-1,,GLOBAL_REBUILD,COMMIT,periodic interval,-1,-1,1030792,42841,1.0,1.0,1.0,NaN,NaN,NaN,NaN,15309600,0,0,NaN,NaN,NaN,NaN,,,NaN,NaN,NaN
PUBLICATION,MIXED,PERIODIC_GLOBAL_REBUILD,3,22695477,MIXED,,1,-1,50000,50000,50000,50000,-1,-1,50000,-1,,GLOBAL_REBUILD,COMMIT,periodic interval,-1,-1,1004944,41771,1.0,1.0,1.0,NaN,NaN,NaN,NaN,87398700,0,0,NaN,NaN,NaN,NaN,,,NaN,NaN,NaN
PUBLICATION,MIXED,PERIODIC_GLOBAL_REBUILD,3,22695477,MIXED,,2,-1,100000,100000,100000,100000,-1,-1,100000,-1,,GLOBAL_REBUILD,COMMIT,periodic interval,-1,-1,1009945,41978,1.0,1.0,1.0,NaN,NaN,NaN,NaN,29302500,0,0,NaN,NaN,NaN,NaN,,,NaN,NaN,NaN
PUBLICATION,MIXED,PERIODIC_GLOBAL_REBUILD,3,22695477,MIXED,,3,-1,150000,150000,150000,150000,-1,-1,150000,-1,,GLOBAL_REBUILD,COMMIT,periodic interval,-1,-1,1014965,42187,1.0,1.0,1.0,NaN,NaN,NaN,NaN,48917200,0,0,NaN,NaN,NaN,NaN,,,NaN,NaN,NaN
PUBLICATION,MIXED,PERIODIC_GLOBAL_REBUILD,3,22695477,MIXED,,4,-1,200000,200000,200000,200000,-1,-1,200000,-1,,GLOBAL_REBUILD,COMMIT,periodic interval,-1,-1,1019814,42393,1.0,1.0,1.0,NaN,NaN,NaN,NaN,80765900,0,0,NaN,NaN,NaN,NaN,,,NaN,NaN,NaN
PUBLICATION,MIXED,PERIODIC_GLOBAL_REBUILD,3,22695477,MIXED,,5,-1,250000,250000,250000,250000,-1,-1,250000,-1,,GLOBAL_REBUILD,COMMIT,periodic interval,-1,-1,1024651,42594,1.0,1.0,1.0,NaN,NaN,NaN,NaN,88504000,0,0,NaN,NaN,NaN,NaN,,,NaN,NaN,NaN
PUBLICATION,MIXED,PERIODIC_GLOBAL_REBUILD,3,22695477,MIXED,,6,-1,300000,300000,300000,300000,-1,-1,300000,-1,,GLOBAL_REBUILD,COMMIT,periodic interval,-1,-1,1029808,42802,1.0,1.0,1.0,NaN,NaN,NaN,NaN,12047900,0,0,NaN,NaN,NaN,NaN,,,NaN,NaN,NaN
PUBLICATION,MIXED,PERIODIC_GLOBAL_REBUILD,4,69069,MIXED,,1,-1,50000,50000,50000,50000,-1,-1,50000,-1,,GLOBAL_REBUILD,COMMIT,periodic interval,-1,-1,1005022,41772,1.0,1.0,1.0,NaN,NaN,NaN,NaN,49806200,0,0,NaN,NaN,NaN,NaN,,,NaN,NaN,NaN
PUBLICATION,MIXED,PERIODIC_GLOBAL_REBUILD,4,69069,MIXED,,2,-1,100000,100000,100000,100000,-1,-1,100000,-1,,GLOBAL_REBUILD,COMMIT,periodic interval,-1,-1,1010252,41985,1.0,1.0,1.0,NaN,NaN,NaN,NaN,50381100,0,0,NaN,NaN,NaN,NaN,,,NaN,NaN,NaN
PUBLICATION,MIXED,PERIODIC_GLOBAL_REBUILD,4,69069,MIXED,,3,-1,150000,150000,150000,150000,-1,-1,150000,-1,,GLOBAL_REBUILD,COMMIT,periodic interval,-1,-1,1015359,42201,1.0,1.0,1.0,NaN,NaN,NaN,NaN,20169900,0,0,NaN,NaN,NaN,NaN,,,NaN,NaN,NaN
PUBLICATION,MIXED,PERIODIC_GLOBAL_REBUILD,4,69069,MIXED,,4,-1,200000,200000,200000,200000,-1,-1,200000,-1,,GLOBAL_REBUILD,COMMIT,periodic interval,-1,-1,1020573,42416,1.0,1.0,1.0,NaN,NaN,NaN,NaN,48968800,0,0,NaN,NaN,NaN,NaN,,,NaN,NaN,NaN
PUBLICATION,MIXED,PERIODIC_GLOBAL_REBUILD,4,69069,MIXED,,5,-1,250000,250000,250000,250000,-1,-1,250000,-1,,GLOBAL_REBUILD,COMMIT,periodic interval,-1,-1,1025637,42630,1.0,1.0,1.0,NaN,NaN,NaN,NaN,16865200,0,0,NaN,NaN,NaN,NaN,,,NaN,NaN,NaN
PUBLICATION,MIXED,PERIODIC_GLOBAL_REBUILD,4,69069,MIXED,,6,-1,300000,300000,300000,300000,-1,-1,300000,-1,,GLOBAL_REBUILD,COMMIT,periodic interval,-1,-1,1030672,42841,1.0,1.0,1.0,NaN,NaN,NaN,NaN,9774900,0,0,NaN,NaN,NaN,NaN,,,NaN,NaN,NaN
PUBLICATION,MIXED,PERIODIC_GLOBAL_REBUILD,5,48271,MIXED,,1,-1,50000,50000,50000,50000,-1,-1,50000,-1,,GLOBAL_REBUILD,COMMIT,periodic interval,-1,-1,1004910,41770,1.0,1.0,1.0,NaN,NaN,NaN,NaN,65730000,0,0,NaN,NaN,NaN,NaN,,,NaN,NaN,NaN
PUBLICATION,MIXED,PERIODIC_GLOBAL_REBUILD,5,48271,MIXED,,2,-1,100000,100000,100000,100000,-1,-1,100000,-1,,GLOBAL_REBUILD,COMMIT,periodic interval,-1,-1,1009817,41974,1.0,1.0,1.0,NaN,NaN,NaN,NaN,49201400,0,0,NaN,NaN,NaN,NaN,,,NaN,NaN,NaN
PUBLICATION,MIXED,PERIODIC_GLOBAL_REBUILD,5,48271,MIXED,,3,-1,150000,150000,150000,150000,-1,-1,150000,-1,,GLOBAL_REBUILD,COMMIT,periodic interval,-1,-1,1015042,42185,1.0,1.0,1.0,NaN,NaN,NaN,NaN,17669500,0,0,NaN,NaN,NaN,NaN,,,NaN,NaN,NaN
PUBLICATION,MIXED,PERIODIC_GLOBAL_REBUILD,5,48271,MIXED,,4,-1,200000,200000,200000,200000,-1,-1,200000,-1,,GLOBAL_REBUILD,COMMIT,periodic interval,-1,-1,1020069,42399,1.0,1.0,1.0,NaN,NaN,NaN,NaN,56338900,0,0,NaN,NaN,NaN,NaN,,,NaN,NaN,NaN
PUBLICATION,MIXED,PERIODIC_GLOBAL_REBUILD,5,48271,MIXED,,5,-1,250000,250000,250000,250000,-1,-1,250000,-1,,GLOBAL_REBUILD,COMMIT,periodic interval,-1,-1,1025290,42613,1.0,1.0,1.0,NaN,NaN,NaN,NaN,14341800,0,0,NaN,NaN,NaN,NaN,,,NaN,NaN,NaN
PUBLICATION,MIXED,PERIODIC_GLOBAL_REBUILD,5,48271,MIXED,,6,-1,300000,300000,300000,300000,-1,-1,300000,-1,,GLOBAL_REBUILD,COMMIT,periodic interval,-1,-1,1030415,42828,1.0,1.0,1.0,NaN,NaN,NaN,NaN,11117300,0,0,NaN,NaN,NaN,NaN,,,NaN,NaN,NaN
PUBLICATION,MIXED,PERIODIC_GLOBAL_REBUILD,6,134775813,MIXED,,1,-1,50000,50000,50000,50000,-1,-1,50000,-1,,GLOBAL_REBUILD,COMMIT,periodic interval,-1,-1,1005173,41776,1.0,1.0,1.0,NaN,NaN,NaN,NaN,88441700,0,0,NaN,NaN,NaN,NaN,,,NaN,NaN,NaN
PUBLICATION,MIXED,PERIODIC_GLOBAL_REBUILD,6,134775813,MIXED,,2,-1,100000,100000,100000,100000,-1,-1,100000,-1,,GLOBAL_REBUILD,COMMIT,periodic interval,-1,-1,1010141,41987,1.0,1.0,1.0,NaN,NaN,NaN,NaN,22646900,0,0,NaN,NaN,NaN,NaN,,,NaN,NaN,NaN
PUBLICATION,MIXED,PERIODIC_GLOBAL_REBUILD,6,134775813,MIXED,,3,-1,150000,150000,150000,150000,-1,-1,150000,-1,,GLOBAL_REBUILD,COMMIT,periodic interval,-1,-1,1015291,42197,1.0,1.0,1.0,NaN,NaN,NaN,NaN,92686800,0,0,NaN,NaN,NaN,NaN,,,NaN,NaN,NaN
PUBLICATION,MIXED,PERIODIC_GLOBAL_REBUILD,6,134775813,MIXED,,4,-1,200000,200000,200000,200000,-1,-1,200000,-1,,GLOBAL_REBUILD,COMMIT,periodic interval,-1,-1,1020476,42412,1.0,1.0,1.0,NaN,NaN,NaN,NaN,79997400,0,0,NaN,NaN,NaN,NaN,,,NaN,NaN,NaN
PUBLICATION,MIXED,PERIODIC_GLOBAL_REBUILD,6,134775813,MIXED,,5,-1,250000,250000,250000,250000,-1,-1,250000,-1,,GLOBAL_REBUILD,COMMIT,periodic interval,-1,-1,1025541,42626,1.0,1.0,1.0,NaN,NaN,NaN,NaN,10857000,0,0,NaN,NaN,NaN,NaN,,,NaN,NaN,NaN
PUBLICATION,MIXED,PERIODIC_GLOBAL_REBUILD,6,134775813,MIXED,,6,-1,300000,300000,300000,300000,-1,-1,300000,-1,,GLOBAL_REBUILD,COMMIT,periodic interval,-1,-1,1030801,42842,1.0,1.0,1.0,NaN,NaN,NaN,NaN,51655600,0,0,NaN,NaN,NaN,NaN,,,NaN,NaN,NaN
PUBLICATION,MIXED,PERIODIC_GLOBAL_REBUILD,7,16807,MIXED,,1,-1,50000,50000,50000,50000,-1,-1,50000,-1,,GLOBAL_REBUILD,COMMIT,periodic interval,-1,-1,1005151,41775,1.0,1.0,1.0,NaN,NaN,NaN,NaN,79055800,0,0,NaN,NaN,NaN,NaN,,,NaN,NaN,NaN
PUBLICATION,MIXED,PERIODIC_GLOBAL_REBUILD,7,16807,MIXED,,2,-1,100000,100000,100000,100000,-1,-1,100000,-1,,GLOBAL_REBUILD,COMMIT,periodic interval,-1,-1,1010177,41987,1.0,1.0,1.0,NaN,NaN,NaN,NaN,23127400,0,0,NaN,NaN,NaN,NaN,,,NaN,NaN,NaN
PUBLICATION,MIXED,PERIODIC_GLOBAL_REBUILD,7,16807,MIXED,,3,-1,150000,150000,150000,150000,-1,-1,150000,-1,,GLOBAL_REBUILD,COMMIT,periodic interval,-1,-1,1015308,42199,1.0,1.0,1.0,NaN,NaN,NaN,NaN,39223800,0,0,NaN,NaN,NaN,NaN,,,NaN,NaN,NaN
PUBLICATION,MIXED,PERIODIC_GLOBAL_REBUILD,7,16807,MIXED,,4,-1,200000,200000,200000,200000,-1,-1,200000,-1,,GLOBAL_REBUILD,COMMIT,periodic interval,-1,-1,1020733,42419,1.0,1.0,1.0,NaN,NaN,NaN,NaN,70932100,0,0,NaN,NaN,NaN,NaN,,,NaN,NaN,NaN
PUBLICATION,MIXED,PERIODIC_GLOBAL_REBUILD,7,16807,MIXED,,5,-1,250000,250000,250000,250000,-1,-1,250000,-1,,GLOBAL_REBUILD,COMMIT,periodic interval,-1,-1,1025701,42635,1.0,1.0,1.0,NaN,NaN,NaN,NaN,76563500,0,0,NaN,NaN,NaN,NaN,,,NaN,NaN,NaN
PUBLICATION,MIXED,PERIODIC_GLOBAL_REBUILD,7,16807,MIXED,,6,-1,300000,300000,300000,300000,-1,-1,300000,-1,,GLOBAL_REBUILD,COMMIT,periodic interval,-1,-1,1030754,42844,1.0,1.0,1.0,NaN,NaN,NaN,NaN,10608200,0,0,NaN,NaN,NaN,NaN,,,NaN,NaN,NaN
PUBLICATION,MIXED,PERIODIC_GLOBAL_REBUILD,8,2147483647,MIXED,,1,-1,50000,50000,50000,50000,-1,-1,50000,-1,,GLOBAL_REBUILD,COMMIT,periodic interval,-1,-1,1005121,41775,1.0,1.0,1.0,NaN,NaN,NaN,NaN,103891200,0,0,NaN,NaN,NaN,NaN,,,NaN,NaN,NaN
PUBLICATION,MIXED,PERIODIC_GLOBAL_REBUILD,8,2147483647,MIXED,,2,-1,100000,100000,100000,100000,-1,-1,100000,-1,,GLOBAL_REBUILD,COMMIT,periodic interval,-1,-1,1010093,41985,1.0,1.0,1.0,NaN,NaN,NaN,NaN,85214100,0,0,NaN,NaN,NaN,NaN,,,NaN,NaN,NaN
PUBLICATION,MIXED,PERIODIC_GLOBAL_REBUILD,8,2147483647,MIXED,,3,-1,150000,150000,150000,150000,-1,-1,150000,-1,,GLOBAL_REBUILD,COMMIT,periodic interval,-1,-1,1015266,42196,1.0,1.0,1.0,NaN,NaN,NaN,NaN,95496600,0,0,NaN,NaN,NaN,NaN,,,NaN,NaN,NaN
PUBLICATION,MIXED,PERIODIC_GLOBAL_REBUILD,8,2147483647,MIXED,,4,-1,200000,200000,200000,200000,-1,-1,200000,-1,,GLOBAL_REBUILD,COMMIT,periodic interval,-1,-1,1020294,42409,1.0,1.0,1.0,NaN,NaN,NaN,NaN,45139200,0,0,NaN,NaN,NaN,NaN,,,NaN,NaN,NaN
PUBLICATION,MIXED,PERIODIC_GLOBAL_REBUILD,8,2147483647,MIXED,,5,-1,250000,250000,250000,250000,-1,-1,250000,-1,,GLOBAL_REBUILD,COMMIT,periodic interval,-1,-1,1025438,42621,1.0,1.0,1.0,NaN,NaN,NaN,NaN,9240200,0,0,NaN,NaN,NaN,NaN,,,NaN,NaN,NaN
PUBLICATION,MIXED,PERIODIC_GLOBAL_REBUILD,8,2147483647,MIXED,,6,-1,300000,300000,300000,300000,-1,-1,300000,-1,,GLOBAL_REBUILD,COMMIT,periodic interval,-1,-1,1030293,42829,1.0,1.0,1.0,NaN,NaN,NaN,NaN,15800500,0,0,NaN,NaN,NaN,NaN,,,NaN,NaN,NaN
PUBLICATION,MIXED,PERIODIC_GLOBAL_REBUILD,9,6364136223846793005,MIXED,,1,-1,50000,50000,50000,50000,-1,-1,50000,-1,,GLOBAL_REBUILD,COMMIT,periodic interval,-1,-1,1005104,41774,1.0,1.0,1.0,NaN,NaN,NaN,NaN,49913900,0,0,NaN,NaN,NaN,NaN,,,NaN,NaN,NaN
PUBLICATION,MIXED,PERIODIC_GLOBAL_REBUILD,9,6364136223846793005,MIXED,,2,-1,100000,100000,100000,100000,-1,-1,100000,-1,,GLOBAL_REBUILD,COMMIT,periodic interval,-1,-1,1009995,41982,1.0,1.0,1.0,NaN,NaN,NaN,NaN,56942300,0,0,NaN,NaN,NaN,NaN,,,NaN,NaN,NaN
PUBLICATION,MIXED,PERIODIC_GLOBAL_REBUILD,9,6364136223846793005,MIXED,,3,-1,150000,150000,150000,150000,-1,-1,150000,-1,,GLOBAL_REBUILD,COMMIT,periodic interval,-1,-1,1015020,42189,1.0,1.0,1.0,NaN,NaN,NaN,NaN,18318100,0,0,NaN,NaN,NaN,NaN,,,NaN,NaN,NaN
PUBLICATION,MIXED,PERIODIC_GLOBAL_REBUILD,9,6364136223846793005,MIXED,,4,-1,200000,200000,200000,200000,-1,-1,200000,-1,,GLOBAL_REBUILD,COMMIT,periodic interval,-1,-1,1020032,42398,1.0,1.0,1.0,NaN,NaN,NaN,NaN,56242100,0,0,NaN,NaN,NaN,NaN,,,NaN,NaN,NaN
PUBLICATION,MIXED,PERIODIC_GLOBAL_REBUILD,9,6364136223846793005,MIXED,,5,-1,250000,250000,250000,250000,-1,-1,250000,-1,,GLOBAL_REBUILD,COMMIT,periodic interval,-1,-1,1025179,42609,1.0,1.0,1.0,NaN,NaN,NaN,NaN,16443100,0,0,NaN,NaN,NaN,NaN,,,NaN,NaN,NaN
PUBLICATION,MIXED,PERIODIC_GLOBAL_REBUILD,9,6364136223846793005,MIXED,,6,-1,300000,300000,300000,300000,-1,-1,300000,-1,,GLOBAL_REBUILD,COMMIT,periodic interval,-1,-1,1030538,42828,1.0,1.0,1.0,NaN,NaN,NaN,NaN,14193200,0,0,NaN,NaN,NaN,NaN,,,NaN,NaN,NaN
PUBLICATION,READ_HEAVY,PERIODIC_GLOBAL_REBUILD,0,1103515245,READ_HEAVY,,1,-1,50000,50000,50000,50000,-1,-1,50000,-1,,GLOBAL_REBUILD,COMMIT,periodic interval,-1,-1,1001550,41700,1.0,1.0,1.0,NaN,NaN,NaN,NaN,65040600,0,0,NaN,NaN,NaN,NaN,,,NaN,NaN,NaN
PUBLICATION,READ_HEAVY,PERIODIC_GLOBAL_REBUILD,0,1103515245,READ_HEAVY,,2,-1,100000,100000,100000,100000,-1,-1,100000,-1,,GLOBAL_REBUILD,COMMIT,periodic interval,-1,-1,1003069,41764,1.0,1.0,1.0,NaN,NaN,NaN,NaN,24661600,0,0,NaN,NaN,NaN,NaN,,,NaN,NaN,NaN
PUBLICATION,READ_HEAVY,PERIODIC_GLOBAL_REBUILD,0,1103515245,READ_HEAVY,,3,-1,150000,150000,150000,150000,-1,-1,150000,-1,,GLOBAL_REBUILD,COMMIT,periodic interval,-1,-1,1004574,41827,1.0,1.0,1.0,NaN,NaN,NaN,NaN,24371700,0,0,NaN,NaN,NaN,NaN,,,NaN,NaN,NaN
PUBLICATION,READ_HEAVY,PERIODIC_GLOBAL_REBUILD,0,1103515245,READ_HEAVY,,4,-1,200000,200000,200000,200000,-1,-1,200000,-1,,GLOBAL_REBUILD,COMMIT,periodic interval,-1,-1,1006153,41891,1.0,1.0,1.0,NaN,NaN,NaN,NaN,40376200,0,0,NaN,NaN,NaN,NaN,,,NaN,NaN,NaN
PUBLICATION,READ_HEAVY,PERIODIC_GLOBAL_REBUILD,0,1103515245,READ_HEAVY,,5,-1,250000,250000,250000,250000,-1,-1,250000,-1,,GLOBAL_REBUILD,COMMIT,periodic interval,-1,-1,1007568,41953,1.0,1.0,1.0,NaN,NaN,NaN,NaN,39999700,0,0,NaN,NaN,NaN,NaN,,,NaN,NaN,NaN
PUBLICATION,READ_HEAVY,PERIODIC_GLOBAL_REBUILD,0,1103515245,READ_HEAVY,,6,-1,300000,300000,300000,300000,-1,-1,300000,-1,,GLOBAL_REBUILD,COMMIT,periodic interval,-1,-1,1009037,42013,1.0,1.0,1.0,NaN,NaN,NaN,NaN,83425900,0,0,NaN,NaN,NaN,NaN,,,NaN,NaN,NaN
PUBLICATION,READ_HEAVY,PERIODIC_GLOBAL_REBUILD,1,214013,READ_HEAVY,,1,-1,50000,50000,50000,50000,-1,-1,50000,-1,,GLOBAL_REBUILD,COMMIT,periodic interval,-1,-1,1001595,41701,1.0,1.0,1.0,NaN,NaN,NaN,NaN,56938600,0,0,NaN,NaN,NaN,NaN,,,NaN,NaN,NaN
PUBLICATION,READ_HEAVY,PERIODIC_GLOBAL_REBUILD,1,214013,READ_HEAVY,,2,-1,100000,100000,100000,100000,-1,-1,100000,-1,,GLOBAL_REBUILD,COMMIT,periodic interval,-1,-1,1003073,41765,1.0,1.0,1.0,NaN,NaN,NaN,NaN,19459400,0,0,NaN,NaN,NaN,NaN,,,NaN,NaN,NaN
PUBLICATION,READ_HEAVY,PERIODIC_GLOBAL_REBUILD,1,214013,READ_HEAVY,,3,-1,150000,150000,150000,150000,-1,-1,150000,-1,,GLOBAL_REBUILD,COMMIT,periodic interval,-1,-1,1004534,41826,1.0,1.0,1.0,NaN,NaN,NaN,NaN,22985200,0,0,NaN,NaN,NaN,NaN,,,NaN,NaN,NaN
PUBLICATION,READ_HEAVY,PERIODIC_GLOBAL_REBUILD,1,214013,READ_HEAVY,,4,-1,200000,200000,200000,200000,-1,-1,200000,-1,,GLOBAL_REBUILD,COMMIT,periodic interval,-1,-1,1006060,41888,1.0,1.0,1.0,NaN,NaN,NaN,NaN,35622100,0,0,NaN,NaN,NaN,NaN,,,NaN,NaN,NaN
PUBLICATION,READ_HEAVY,PERIODIC_GLOBAL_REBUILD,1,214013,READ_HEAVY,,5,-1,250000,250000,250000,250000,-1,-1,250000,-1,,GLOBAL_REBUILD,COMMIT,periodic interval,-1,-1,1007635,41953,1.0,1.0,1.0,NaN,NaN,NaN,NaN,34939600,0,0,NaN,NaN,NaN,NaN,,,NaN,NaN,NaN
PUBLICATION,READ_HEAVY,PERIODIC_GLOBAL_REBUILD,1,214013,READ_HEAVY,,6,-1,300000,300000,300000,300000,-1,-1,300000,-1,,GLOBAL_REBUILD,COMMIT,periodic interval,-1,-1,1009132,42017,1.0,1.0,1.0,NaN,NaN,NaN,NaN,80232900,0,0,NaN,NaN,NaN,NaN,,,NaN,NaN,NaN
PUBLICATION,READ_HEAVY,PERIODIC_GLOBAL_REBUILD,2,1664525,READ_HEAVY,,1,-1,50000,50000,50000,50000,-1,-1,50000,-1,,GLOBAL_REBUILD,COMMIT,periodic interval,-1,-1,1001553,41700,1.0,1.0,1.0,NaN,NaN,NaN,NaN,57847800,0,0,NaN,NaN,NaN,NaN,,,NaN,NaN,NaN
PUBLICATION,READ_HEAVY,PERIODIC_GLOBAL_REBUILD,2,1664525,READ_HEAVY,,2,-1,100000,100000,100000,100000,-1,-1,100000,-1,,GLOBAL_REBUILD,COMMIT,periodic interval,-1,-1,1003088,41764,1.0,1.0,1.0,NaN,NaN,NaN,NaN,20671600,0,0,NaN,NaN,NaN,NaN,,,NaN,NaN,NaN
PUBLICATION,READ_HEAVY,PERIODIC_GLOBAL_REBUILD,2,1664525,READ_HEAVY,,3,-1,150000,150000,150000,150000,-1,-1,150000,-1,,GLOBAL_REBUILD,COMMIT,periodic interval,-1,-1,1004568,41827,1.0,1.0,1.0,NaN,NaN,NaN,NaN,47458500,0,0,NaN,NaN,NaN,NaN,,,NaN,NaN,NaN
PUBLICATION,READ_HEAVY,PERIODIC_GLOBAL_REBUILD,2,1664525,READ_HEAVY,,4,-1,200000,200000,200000,200000,-1,-1,200000,-1,,GLOBAL_REBUILD,COMMIT,periodic interval,-1,-1,1006118,41890,1.0,1.0,1.0,NaN,NaN,NaN,NaN,7888300,0,0,NaN,NaN,NaN,NaN,,,NaN,NaN,NaN
PUBLICATION,READ_HEAVY,PERIODIC_GLOBAL_REBUILD,2,1664525,READ_HEAVY,,5,-1,250000,250000,250000,250000,-1,-1,250000,-1,,GLOBAL_REBUILD,COMMIT,periodic interval,-1,-1,1007627,41954,1.0,1.0,1.0,NaN,NaN,NaN,NaN,20224000,0,0,NaN,NaN,NaN,NaN,,,NaN,NaN,NaN
PUBLICATION,READ_HEAVY,PERIODIC_GLOBAL_REBUILD,2,1664525,READ_HEAVY,,6,-1,300000,300000,300000,300000,-1,-1,300000,-1,,GLOBAL_REBUILD,COMMIT,periodic interval,-1,-1,1009148,42017,1.0,1.0,1.0,NaN,NaN,NaN,NaN,21847700,0,0,NaN,NaN,NaN,NaN,,,NaN,NaN,NaN
PUBLICATION,READ_HEAVY,PERIODIC_GLOBAL_REBUILD,3,22695477,READ_HEAVY,,1,-1,50000,50000,50000,50000,-1,-1,50000,-1,,GLOBAL_REBUILD,COMMIT,periodic interval,-1,-1,1001572,41701,1.0,1.0,1.0,NaN,NaN,NaN,NaN,51530800,0,0,NaN,NaN,NaN,NaN,,,NaN,NaN,NaN
PUBLICATION,READ_HEAVY,PERIODIC_GLOBAL_REBUILD,3,22695477,READ_HEAVY,,2,-1,100000,100000,100000,100000,-1,-1,100000,-1,,GLOBAL_REBUILD,COMMIT,periodic interval,-1,-1,1002945,41762,1.0,1.0,1.0,NaN,NaN,NaN,NaN,19064900,0,0,NaN,NaN,NaN,NaN,,,NaN,NaN,NaN
PUBLICATION,READ_HEAVY,PERIODIC_GLOBAL_REBUILD,3,22695477,READ_HEAVY,,3,-1,150000,150000,150000,150000,-1,-1,150000,-1,,GLOBAL_REBUILD,COMMIT,periodic interval,-1,-1,1004398,41820,1.0,1.0,1.0,NaN,NaN,NaN,NaN,20959600,0,0,NaN,NaN,NaN,NaN,,,NaN,NaN,NaN
PUBLICATION,READ_HEAVY,PERIODIC_GLOBAL_REBUILD,3,22695477,READ_HEAVY,,4,-1,200000,200000,200000,200000,-1,-1,200000,-1,,GLOBAL_REBUILD,COMMIT,periodic interval,-1,-1,1005961,41883,1.0,1.0,1.0,NaN,NaN,NaN,NaN,37056700,0,0,NaN,NaN,NaN,NaN,,,NaN,NaN,NaN
PUBLICATION,READ_HEAVY,PERIODIC_GLOBAL_REBUILD,3,22695477,READ_HEAVY,,5,-1,250000,250000,250000,250000,-1,-1,250000,-1,,GLOBAL_REBUILD,COMMIT,periodic interval,-1,-1,1007423,41946,1.0,1.0,1.0,NaN,NaN,NaN,NaN,38170000,0,0,NaN,NaN,NaN,NaN,,,NaN,NaN,NaN
PUBLICATION,READ_HEAVY,PERIODIC_GLOBAL_REBUILD,3,22695477,READ_HEAVY,,6,-1,300000,300000,300000,300000,-1,-1,300000,-1,,GLOBAL_REBUILD,COMMIT,periodic interval,-1,-1,1008916,42008,1.0,1.0,1.0,NaN,NaN,NaN,NaN,75299900,0,0,NaN,NaN,NaN,NaN,,,NaN,NaN,NaN
PUBLICATION,READ_HEAVY,PERIODIC_GLOBAL_REBUILD,4,69069,READ_HEAVY,,1,-1,50000,50000,50000,50000,-1,-1,50000,-1,,GLOBAL_REBUILD,COMMIT,periodic interval,-1,-1,1001457,41698,1.0,1.0,1.0,NaN,NaN,NaN,NaN,26197800,0,0,NaN,NaN,NaN,NaN,,,NaN,NaN,NaN
PUBLICATION,READ_HEAVY,PERIODIC_GLOBAL_REBUILD,4,69069,READ_HEAVY,,2,-1,100000,100000,100000,100000,-1,-1,100000,-1,,GLOBAL_REBUILD,COMMIT,periodic interval,-1,-1,1002939,41759,1.0,1.0,1.0,NaN,NaN,NaN,NaN,46721600,0,0,NaN,NaN,NaN,NaN,,,NaN,NaN,NaN
PUBLICATION,READ_HEAVY,PERIODIC_GLOBAL_REBUILD,4,69069,READ_HEAVY,,3,-1,150000,150000,150000,150000,-1,-1,150000,-1,,GLOBAL_REBUILD,COMMIT,periodic interval,-1,-1,1004440,41821,1.0,1.0,1.0,NaN,NaN,NaN,NaN,18973000,0,0,NaN,NaN,NaN,NaN,,,NaN,NaN,NaN
PUBLICATION,READ_HEAVY,PERIODIC_GLOBAL_REBUILD,4,69069,READ_HEAVY,,4,-1,200000,200000,200000,200000,-1,-1,200000,-1,,GLOBAL_REBUILD,COMMIT,periodic interval,-1,-1,1005896,41883,1.0,1.0,1.0,NaN,NaN,NaN,NaN,18055800,0,0,NaN,NaN,NaN,NaN,,,NaN,NaN,NaN
PUBLICATION,READ_HEAVY,PERIODIC_GLOBAL_REBUILD,4,69069,READ_HEAVY,,5,-1,250000,250000,250000,250000,-1,-1,250000,-1,,GLOBAL_REBUILD,COMMIT,periodic interval,-1,-1,1007478,41947,1.0,1.0,1.0,NaN,NaN,NaN,NaN,7735000,0,0,NaN,NaN,NaN,NaN,,,NaN,NaN,NaN
PUBLICATION,READ_HEAVY,PERIODIC_GLOBAL_REBUILD,4,69069,READ_HEAVY,,6,-1,300000,300000,300000,300000,-1,-1,300000,-1,,GLOBAL_REBUILD,COMMIT,periodic interval,-1,-1,1009000,42011,1.0,1.0,1.0,NaN,NaN,NaN,NaN,8072900,0,0,NaN,NaN,NaN,NaN,,,NaN,NaN,NaN
PUBLICATION,READ_HEAVY,PERIODIC_GLOBAL_REBUILD,5,48271,READ_HEAVY,,1,-1,50000,50000,50000,50000,-1,-1,50000,-1,,GLOBAL_REBUILD,COMMIT,periodic interval,-1,-1,1001510,41699,1.0,1.0,1.0,NaN,NaN,NaN,NaN,61961000,0,0,NaN,NaN,NaN,NaN,,,NaN,NaN,NaN
PUBLICATION,READ_HEAVY,PERIODIC_GLOBAL_REBUILD,5,48271,READ_HEAVY,,2,-1,100000,100000,100000,100000,-1,-1,100000,-1,,GLOBAL_REBUILD,COMMIT,periodic interval,-1,-1,1002957,41760,1.0,1.0,1.0,NaN,NaN,NaN,NaN,22901700,0,0,NaN,NaN,NaN,NaN,,,NaN,NaN,NaN
PUBLICATION,READ_HEAVY,PERIODIC_GLOBAL_REBUILD,5,48271,READ_HEAVY,,3,-1,150000,150000,150000,150000,-1,-1,150000,-1,,GLOBAL_REBUILD,COMMIT,periodic interval,-1,-1,1004482,41822,1.0,1.0,1.0,NaN,NaN,NaN,NaN,23275800,0,0,NaN,NaN,NaN,NaN,,,NaN,NaN,NaN
PUBLICATION,READ_HEAVY,PERIODIC_GLOBAL_REBUILD,5,48271,READ_HEAVY,,4,-1,200000,200000,200000,200000,-1,-1,200000,-1,,GLOBAL_REBUILD,COMMIT,periodic interval,-1,-1,1005969,41885,1.0,1.0,1.0,NaN,NaN,NaN,NaN,15824900,0,0,NaN,NaN,NaN,NaN,,,NaN,NaN,NaN
PUBLICATION,READ_HEAVY,PERIODIC_GLOBAL_REBUILD,5,48271,READ_HEAVY,,5,-1,250000,250000,250000,250000,-1,-1,250000,-1,,GLOBAL_REBUILD,COMMIT,periodic interval,-1,-1,1007404,41946,1.0,1.0,1.0,NaN,NaN,NaN,NaN,8659100,0,0,NaN,NaN,NaN,NaN,,,NaN,NaN,NaN
PUBLICATION,READ_HEAVY,PERIODIC_GLOBAL_REBUILD,5,48271,READ_HEAVY,,6,-1,300000,300000,300000,300000,-1,-1,300000,-1,,GLOBAL_REBUILD,COMMIT,periodic interval,-1,-1,1008814,42005,1.0,1.0,1.0,NaN,NaN,NaN,NaN,18907900,0,0,NaN,NaN,NaN,NaN,,,NaN,NaN,NaN
PUBLICATION,READ_HEAVY,PERIODIC_GLOBAL_REBUILD,6,134775813,READ_HEAVY,,1,-1,50000,50000,50000,50000,-1,-1,50000,-1,,GLOBAL_REBUILD,COMMIT,periodic interval,-1,-1,1001458,41698,1.0,1.0,1.0,NaN,NaN,NaN,NaN,61931900,0,0,NaN,NaN,NaN,NaN,,,NaN,NaN,NaN
PUBLICATION,READ_HEAVY,PERIODIC_GLOBAL_REBUILD,6,134775813,READ_HEAVY,,2,-1,100000,100000,100000,100000,-1,-1,100000,-1,,GLOBAL_REBUILD,COMMIT,periodic interval,-1,-1,1002938,41759,1.0,1.0,1.0,NaN,NaN,NaN,NaN,21234800,0,0,NaN,NaN,NaN,NaN,,,NaN,NaN,NaN
PUBLICATION,READ_HEAVY,PERIODIC_GLOBAL_REBUILD,6,134775813,READ_HEAVY,,3,-1,150000,150000,150000,150000,-1,-1,150000,-1,,GLOBAL_REBUILD,COMMIT,periodic interval,-1,-1,1004420,41821,1.0,1.0,1.0,NaN,NaN,NaN,NaN,24202000,0,0,NaN,NaN,NaN,NaN,,,NaN,NaN,NaN
PUBLICATION,READ_HEAVY,PERIODIC_GLOBAL_REBUILD,6,134775813,READ_HEAVY,,4,-1,200000,200000,200000,200000,-1,-1,200000,-1,,GLOBAL_REBUILD,COMMIT,periodic interval,-1,-1,1005841,41882,1.0,1.0,1.0,NaN,NaN,NaN,NaN,36947300,0,0,NaN,NaN,NaN,NaN,,,NaN,NaN,NaN
PUBLICATION,READ_HEAVY,PERIODIC_GLOBAL_REBUILD,6,134775813,READ_HEAVY,,5,-1,250000,250000,250000,250000,-1,-1,250000,-1,,GLOBAL_REBUILD,COMMIT,periodic interval,-1,-1,1007365,41943,1.0,1.0,1.0,NaN,NaN,NaN,NaN,35852800,0,0,NaN,NaN,NaN,NaN,,,NaN,NaN,NaN
PUBLICATION,READ_HEAVY,PERIODIC_GLOBAL_REBUILD,6,134775813,READ_HEAVY,,6,-1,300000,300000,300000,300000,-1,-1,300000,-1,,GLOBAL_REBUILD,COMMIT,periodic interval,-1,-1,1008921,42007,1.0,1.0,1.0,NaN,NaN,NaN,NaN,75395500,0,0,NaN,NaN,NaN,NaN,,,NaN,NaN,NaN
PUBLICATION,READ_HEAVY,PERIODIC_GLOBAL_REBUILD,7,16807,READ_HEAVY,,1,-1,50000,50000,50000,50000,-1,-1,50000,-1,,GLOBAL_REBUILD,COMMIT,periodic interval,-1,-1,1001486,41699,1.0,1.0,1.0,NaN,NaN,NaN,NaN,60744500,0,0,NaN,NaN,NaN,NaN,,,NaN,NaN,NaN
PUBLICATION,READ_HEAVY,PERIODIC_GLOBAL_REBUILD,7,16807,READ_HEAVY,,2,-1,100000,100000,100000,100000,-1,-1,100000,-1,,GLOBAL_REBUILD,COMMIT,periodic interval,-1,-1,1002962,41761,1.0,1.0,1.0,NaN,NaN,NaN,NaN,21346100,0,0,NaN,NaN,NaN,NaN,,,NaN,NaN,NaN
PUBLICATION,READ_HEAVY,PERIODIC_GLOBAL_REBUILD,7,16807,READ_HEAVY,,3,-1,150000,150000,150000,150000,-1,-1,150000,-1,,GLOBAL_REBUILD,COMMIT,periodic interval,-1,-1,1004399,41821,1.0,1.0,1.0,NaN,NaN,NaN,NaN,47039800,0,0,NaN,NaN,NaN,NaN,,,NaN,NaN,NaN
PUBLICATION,READ_HEAVY,PERIODIC_GLOBAL_REBUILD,7,16807,READ_HEAVY,,4,-1,200000,200000,200000,200000,-1,-1,200000,-1,,GLOBAL_REBUILD,COMMIT,periodic interval,-1,-1,1005852,41881,1.0,1.0,1.0,NaN,NaN,NaN,NaN,9299400,0,0,NaN,NaN,NaN,NaN,,,NaN,NaN,NaN
PUBLICATION,READ_HEAVY,PERIODIC_GLOBAL_REBUILD,7,16807,READ_HEAVY,,5,-1,250000,250000,250000,250000,-1,-1,250000,-1,,GLOBAL_REBUILD,COMMIT,periodic interval,-1,-1,1007358,41943,1.0,1.0,1.0,NaN,NaN,NaN,NaN,18799400,0,0,NaN,NaN,NaN,NaN,,,NaN,NaN,NaN
PUBLICATION,READ_HEAVY,PERIODIC_GLOBAL_REBUILD,7,16807,READ_HEAVY,,6,-1,300000,300000,300000,300000,-1,-1,300000,-1,,GLOBAL_REBUILD,COMMIT,periodic interval,-1,-1,1008909,42006,1.0,1.0,1.0,NaN,NaN,NaN,NaN,19265200,0,0,NaN,NaN,NaN,NaN,,,NaN,NaN,NaN
PUBLICATION,READ_HEAVY,PERIODIC_GLOBAL_REBUILD,8,2147483647,READ_HEAVY,,1,-1,50000,50000,50000,50000,-1,-1,50000,-1,,GLOBAL_REBUILD,COMMIT,periodic interval,-1,-1,1001396,41697,1.0,1.0,1.0,NaN,NaN,NaN,NaN,27114100,0,0,NaN,NaN,NaN,NaN,,,NaN,NaN,NaN
PUBLICATION,READ_HEAVY,PERIODIC_GLOBAL_REBUILD,8,2147483647,READ_HEAVY,,2,-1,100000,100000,100000,100000,-1,-1,100000,-1,,GLOBAL_REBUILD,COMMIT,periodic interval,-1,-1,1002873,41757,1.0,1.0,1.0,NaN,NaN,NaN,NaN,12738200,0,0,NaN,NaN,NaN,NaN,,,NaN,NaN,NaN
PUBLICATION,READ_HEAVY,PERIODIC_GLOBAL_REBUILD,8,2147483647,READ_HEAVY,,3,-1,150000,150000,150000,150000,-1,-1,150000,-1,,GLOBAL_REBUILD,COMMIT,periodic interval,-1,-1,1004353,41819,1.0,1.0,1.0,NaN,NaN,NaN,NaN,14122200,0,0,NaN,NaN,NaN,NaN,,,NaN,NaN,NaN
PUBLICATION,READ_HEAVY,PERIODIC_GLOBAL_REBUILD,8,2147483647,READ_HEAVY,,4,-1,200000,200000,200000,200000,-1,-1,200000,-1,,GLOBAL_REBUILD,COMMIT,periodic interval,-1,-1,1005880,41881,1.0,1.0,1.0,NaN,NaN,NaN,NaN,18980300,0,0,NaN,NaN,NaN,NaN,,,NaN,NaN,NaN
PUBLICATION,READ_HEAVY,PERIODIC_GLOBAL_REBUILD,8,2147483647,READ_HEAVY,,5,-1,250000,250000,250000,250000,-1,-1,250000,-1,,GLOBAL_REBUILD,COMMIT,periodic interval,-1,-1,1007400,41944,1.0,1.0,1.0,NaN,NaN,NaN,NaN,12569700,0,0,NaN,NaN,NaN,NaN,,,NaN,NaN,NaN
PUBLICATION,READ_HEAVY,PERIODIC_GLOBAL_REBUILD,8,2147483647,READ_HEAVY,,6,-1,300000,300000,300000,300000,-1,-1,300000,-1,,GLOBAL_REBUILD,COMMIT,periodic interval,-1,-1,1009029,42010,1.0,1.0,1.0,NaN,NaN,NaN,NaN,8410900,0,0,NaN,NaN,NaN,NaN,,,NaN,NaN,NaN
PUBLICATION,READ_HEAVY,PERIODIC_GLOBAL_REBUILD,9,6364136223846793005,READ_HEAVY,,1,-1,50000,50000,50000,50000,-1,-1,50000,-1,,GLOBAL_REBUILD,COMMIT,periodic interval,-1,-1,1001473,41699,1.0,1.0,1.0,NaN,NaN,NaN,NaN,26029600,0,0,NaN,NaN,NaN,NaN,,,NaN,NaN,NaN
PUBLICATION,READ_HEAVY,PERIODIC_GLOBAL_REBUILD,9,6364136223846793005,READ_HEAVY,,2,-1,100000,100000,100000,100000,-1,-1,100000,-1,,GLOBAL_REBUILD,COMMIT,periodic interval,-1,-1,1002950,41760,1.0,1.0,1.0,NaN,NaN,NaN,NaN,50823200,0,0,NaN,NaN,NaN,NaN,,,NaN,NaN,NaN
PUBLICATION,READ_HEAVY,PERIODIC_GLOBAL_REBUILD,9,6364136223846793005,READ_HEAVY,,3,-1,150000,150000,150000,150000,-1,-1,150000,-1,,GLOBAL_REBUILD,COMMIT,periodic interval,-1,-1,1004538,41823,1.0,1.0,1.0,NaN,NaN,NaN,NaN,59023000,0,0,NaN,NaN,NaN,NaN,,,NaN,NaN,NaN
PUBLICATION,READ_HEAVY,PERIODIC_GLOBAL_REBUILD,9,6364136223846793005,READ_HEAVY,,4,-1,200000,200000,200000,200000,-1,-1,200000,-1,,GLOBAL_REBUILD,COMMIT,periodic interval,-1,-1,1006083,41889,1.0,1.0,1.0,NaN,NaN,NaN,NaN,22911900,0,0,NaN,NaN,NaN,NaN,,,NaN,NaN,NaN
PUBLICATION,READ_HEAVY,PERIODIC_GLOBAL_REBUILD,9,6364136223846793005,READ_HEAVY,,5,-1,250000,250000,250000,250000,-1,-1,250000,-1,,GLOBAL_REBUILD,COMMIT,periodic interval,-1,-1,1007552,41952,1.0,1.0,1.0,NaN,NaN,NaN,NaN,9050900,0,0,NaN,NaN,NaN,NaN,,,NaN,NaN,NaN
PUBLICATION,READ_HEAVY,PERIODIC_GLOBAL_REBUILD,9,6364136223846793005,READ_HEAVY,,6,-1,300000,300000,300000,300000,-1,-1,300000,-1,,GLOBAL_REBUILD,COMMIT,periodic interval,-1,-1,1008976,42012,1.0,1.0,1.0,NaN,NaN,NaN,NaN,68093700,0,0,NaN,NaN,NaN,NaN,,,NaN,NaN,NaN
PUBLICATION,SCAN_FRAGMENTATION_CONTROL,LARS_FULL,0,1103515245,GROUND_TRUTH,SCAN_FRAGMENTATION,1,211,768,640,640,640,641,768,-1,5,SCAN_FRAGMENTATION,COMPACT,ROLLBACK,tail-latency guard failed,0,1,32,2,0.0032,0.009523809523809525,1.0,5000000.0,1780.0,1958.0000000000002,7.832000000000001,37900,128,128,3100.0,3100.0,4100.0,5600.0,SEARCH=0.0;INSERT=0.0;DELETE=0.0;UPDATE=0.0;RANGE_SEARCH=1.0,SEARCH=0.0;INSERT=0.0;DELETE=0.0;UPDATE=0.0;RANGE_SEARCH=1.0,0.12499999999999997,0.12438870967741933,0.0
PUBLICATION,SCAN_FRAGMENTATION_CONTROL,LARS_FULL,0,1103515245,GROUND_TRUTH,SCAN_FRAGMENTATION,2,211,1280,-1,-1,-1,-1,-1,-1,-1,SCAN_FRAGMENTATION,,ABSTAIN,same diagnosis/action recently failed under an unchanged region signature,-1,-1,0,0,0.0,0.0,NaN,NaN,NaN,NaN,NaN,0,0,0,NaN,NaN,NaN,NaN,,,NaN,NaN,NaN
PUBLICATION,SCAN_FRAGMENTATION_CONTROL,LARS_FULL,0,1103515245,GROUND_TRUTH,SCAN_FRAGMENTATION,3,211,1408,-1,-1,-1,-1,-1,-1,-1,SCAN_FRAGMENTATION,,ABSTAIN,same diagnosis/action recently failed under an unchanged region signature,-1,-1,0,0,0.0,0.0,NaN,NaN,NaN,NaN,NaN,0,0,0,NaN,NaN,NaN,NaN,,,NaN,NaN,NaN
PUBLICATION,SCAN_FRAGMENTATION_CONTROL,LARS_FULL,0,1103515245,GROUND_TRUTH,SCAN_FRAGMENTATION,4,211,1536,-1,-1,-1,-1,-1,-1,-1,SCAN_FRAGMENTATION,,ABSTAIN,same diagnosis/action recently failed under an unchanged region signature,-1,-1,0,0,0.0,0.0,NaN,NaN,NaN,NaN,NaN,0,0,0,NaN,NaN,NaN,NaN,,,NaN,NaN,NaN
PUBLICATION,SCAN_FRAGMENTATION_CONTROL,LARS_FULL,0,1103515245,GROUND_TRUTH,SCAN_FRAGMENTATION,5,211,1664,-1,-1,-1,-1,-1,-1,-1,SCAN_FRAGMENTATION,,ABSTAIN,same diagnosis/action recently failed under an unchanged region signature,-1,-1,0,0,0.0,0.0,NaN,NaN,NaN,NaN,NaN,0,0,0,NaN,NaN,NaN,NaN,,,NaN,NaN,NaN
PUBLICATION,SCAN_FRAGMENTATION_CONTROL,LARS_FULL,0,1103515245,GROUND_TRUTH,SCAN_FRAGMENTATION,6,211,1792,-1,-1,-1,-1,-1,-1,-1,SCAN_FRAGMENTATION,,ABSTAIN,same diagnosis/action recently failed under an unchanged region signature,-1,-1,0,0,0.0,0.0,NaN,NaN,NaN,NaN,NaN,0,0,0,NaN,NaN,NaN,NaN,,,NaN,NaN,NaN
PUBLICATION,SCAN_FRAGMENTATION_CONTROL,LARS_FULL,0,1103515245,GROUND_TRUTH,SCAN_FRAGMENTATION,7,211,1920,-1,-1,-1,-1,-1,-1,-1,SCAN_FRAGMENTATION,,ABSTAIN,same diagnosis/action recently failed under an unchanged region signature,-1,-1,0,0,0.0,0.0,NaN,NaN,NaN,NaN,NaN,0,0,0,NaN,NaN,NaN,NaN,,,NaN,NaN,NaN
PUBLICATION,SCAN_FRAGMENTATION_CONTROL,LARS_FULL,0,1103515245,GROUND_TRUTH,SCAN_FRAGMENTATION,8,211,2048,-1,-1,-1,-1,-1,-1,-1,SCAN_FRAGMENTATION,,ABSTAIN,same diagnosis/action recently failed under an unchanged region signature,-1,-1,0,0,0.0,0.0,NaN,NaN,NaN,NaN,NaN,0,0,0,NaN,NaN,NaN,NaN,,,NaN,NaN,NaN
PUBLICATION,SCAN_FRAGMENTATION_CONTROL,LARS_FULL,0,1103515245,GROUND_TRUTH,SCAN_FRAGMENTATION,9,211,2176,-1,-1,-1,-1,-1,-1,-1,SCAN_FRAGMENTATION,,ABSTAIN,same diagnosis/action recently failed under an unchanged region signature,-1,-1,0,0,0.0,0.0,NaN,NaN,NaN,NaN,NaN,0,0,0,NaN,NaN,NaN,NaN,,,NaN,NaN,NaN
PUBLICATION,SCAN_FRAGMENTATION_CONTROL,LARS_FULL,0,1103515245,GROUND_TRUTH,SCAN_FRAGMENTATION,10,211,2304,-1,-1,-1,-1,-1,-1,-1,SCAN_FRAGMENTATION,,ABSTAIN,same diagnosis/action recently failed under an unchanged region signature,-1,-1,0,0,0.0,0.0,NaN,NaN,NaN,NaN,NaN,0,0,0,NaN,NaN,NaN,NaN,,,NaN,NaN,NaN
PUBLICATION,SCAN_FRAGMENTATION_CONTROL,LARS_FULL,1,214013,GROUND_TRUTH,SCAN_FRAGMENTATION,1,211,768,640,640,640,641,768,-1,5,SCAN_FRAGMENTATION,COMPACT,ROLLBACK,tail-latency guard failed,0,1,32,2,0.0032,0.009523809523809525,1.0,5000000.0,1780.0,1958.0000000000002,7.832000000000001,31000,128,128,2900.0,3500.0,4700.0,6600.0,SEARCH=0.0;INSERT=0.0;DELETE=0.0;UPDATE=0.0;RANGE_SEARCH=1.0,SEARCH=0.0;INSERT=0.0;DELETE=0.0;UPDATE=0.0;RANGE_SEARCH=1.0,0.021551724137931008,0.02101724137931032,0.0
PUBLICATION,SCAN_FRAGMENTATION_CONTROL,LARS_FULL,1,214013,GROUND_TRUTH,SCAN_FRAGMENTATION,2,211,1280,-1,-1,-1,-1,-1,-1,-1,SCAN_FRAGMENTATION,,ABSTAIN,same diagnosis/action recently failed under an unchanged region signature,-1,-1,0,0,0.0,0.0,NaN,NaN,NaN,NaN,NaN,0,0,0,NaN,NaN,NaN,NaN,,,NaN,NaN,NaN
PUBLICATION,SCAN_FRAGMENTATION_CONTROL,LARS_FULL,1,214013,GROUND_TRUTH,SCAN_FRAGMENTATION,3,211,1408,-1,-1,-1,-1,-1,-1,-1,SCAN_FRAGMENTATION,,ABSTAIN,same diagnosis/action recently failed under an unchanged region signature,-1,-1,0,0,0.0,0.0,NaN,NaN,NaN,NaN,NaN,0,0,0,NaN,NaN,NaN,NaN,,,NaN,NaN,NaN
PUBLICATION,SCAN_FRAGMENTATION_CONTROL,LARS_FULL,1,214013,GROUND_TRUTH,SCAN_FRAGMENTATION,4,211,1536,-1,-1,-1,-1,-1,-1,-1,SCAN_FRAGMENTATION,,ABSTAIN,same diagnosis/action recently failed under an unchanged region signature,-1,-1,0,0,0.0,0.0,NaN,NaN,NaN,NaN,NaN,0,0,0,NaN,NaN,NaN,NaN,,,NaN,NaN,NaN
PUBLICATION,SCAN_FRAGMENTATION_CONTROL,LARS_FULL,1,214013,GROUND_TRUTH,SCAN_FRAGMENTATION,5,211,1664,-1,-1,-1,-1,-1,-1,-1,SCAN_FRAGMENTATION,,ABSTAIN,same diagnosis/action recently failed under an unchanged region signature,-1,-1,0,0,0.0,0.0,NaN,NaN,NaN,NaN,NaN,0,0,0,NaN,NaN,NaN,NaN,,,NaN,NaN,NaN
PUBLICATION,SCAN_FRAGMENTATION_CONTROL,LARS_FULL,1,214013,GROUND_TRUTH,SCAN_FRAGMENTATION,6,211,1792,-1,-1,-1,-1,-1,-1,-1,SCAN_FRAGMENTATION,,ABSTAIN,same diagnosis/action recently failed under an unchanged region signature,-1,-1,0,0,0.0,0.0,NaN,NaN,NaN,NaN,NaN,0,0,0,NaN,NaN,NaN,NaN,,,NaN,NaN,NaN
PUBLICATION,SCAN_FRAGMENTATION_CONTROL,LARS_FULL,1,214013,GROUND_TRUTH,SCAN_FRAGMENTATION,7,211,1920,-1,-1,-1,-1,-1,-1,-1,SCAN_FRAGMENTATION,,ABSTAIN,same diagnosis/action recently failed under an unchanged region signature,-1,-1,0,0,0.0,0.0,NaN,NaN,NaN,NaN,NaN,0,0,0,NaN,NaN,NaN,NaN,,,NaN,NaN,NaN
PUBLICATION,SCAN_FRAGMENTATION_CONTROL,LARS_FULL,1,214013,GROUND_TRUTH,SCAN_FRAGMENTATION,8,211,2048,-1,-1,-1,-1,-1,-1,-1,SCAN_FRAGMENTATION,,ABSTAIN,same diagnosis/action recently failed under an unchanged region signature,-1,-1,0,0,0.0,0.0,NaN,NaN,NaN,NaN,NaN,0,0,0,NaN,NaN,NaN,NaN,,,NaN,NaN,NaN
PUBLICATION,SCAN_FRAGMENTATION_CONTROL,LARS_FULL,1,214013,GROUND_TRUTH,SCAN_FRAGMENTATION,9,211,2176,-1,-1,-1,-1,-1,-1,-1,SCAN_FRAGMENTATION,,ABSTAIN,same diagnosis/action recently failed under an unchanged region signature,-1,-1,0,0,0.0,0.0,NaN,NaN,NaN,NaN,NaN,0,0,0,NaN,NaN,NaN,NaN,,,NaN,NaN,NaN
PUBLICATION,SCAN_FRAGMENTATION_CONTROL,LARS_FULL,1,214013,GROUND_TRUTH,SCAN_FRAGMENTATION,10,211,2304,-1,-1,-1,-1,-1,-1,-1,SCAN_FRAGMENTATION,,ABSTAIN,same diagnosis/action recently failed under an unchanged region signature,-1,-1,0,0,0.0,0.0,NaN,NaN,NaN,NaN,NaN,0,0,0,NaN,NaN,NaN,NaN,,,NaN,NaN,NaN
PUBLICATION,SCAN_FRAGMENTATION_CONTROL,LARS_FULL,2,1664525,GROUND_TRUTH,SCAN_FRAGMENTATION,1,211,768,640,640,640,641,768,-1,5,SCAN_FRAGMENTATION,COMPACT,ROLLBACK,tail-latency guard failed,0,1,32,2,0.0032,0.009523809523809525,1.0,5000000.0,1780.0,1958.0000000000002,7.832000000000001,30900,128,128,3000.0,3300.0,3900.0,5700.0,SEARCH=0.0;INSERT=0.0;DELETE=0.0;UPDATE=0.0;RANGE_SEARCH=1.0,SEARCH=0.0;INSERT=0.0;DELETE=0.0;UPDATE=0.0;RANGE_SEARCH=1.0,0.07499999999999997,0.07448499999999997,0.0
PUBLICATION,SCAN_FRAGMENTATION_CONTROL,LARS_FULL,2,1664525,GROUND_TRUTH,SCAN_FRAGMENTATION,2,211,1280,-1,-1,-1,-1,-1,-1,-1,SCAN_FRAGMENTATION,,ABSTAIN,same diagnosis/action recently failed under an unchanged region signature,-1,-1,0,0,0.0,0.0,NaN,NaN,NaN,NaN,NaN,0,0,0,NaN,NaN,NaN,NaN,,,NaN,NaN,NaN
PUBLICATION,SCAN_FRAGMENTATION_CONTROL,LARS_FULL,2,1664525,GROUND_TRUTH,SCAN_FRAGMENTATION,3,211,1408,-1,-1,-1,-1,-1,-1,-1,SCAN_FRAGMENTATION,,ABSTAIN,same diagnosis/action recently failed under an unchanged region signature,-1,-1,0,0,0.0,0.0,NaN,NaN,NaN,NaN,NaN,0,0,0,NaN,NaN,NaN,NaN,,,NaN,NaN,NaN
PUBLICATION,SCAN_FRAGMENTATION_CONTROL,LARS_FULL,2,1664525,GROUND_TRUTH,SCAN_FRAGMENTATION,4,211,1536,-1,-1,-1,-1,-1,-1,-1,SCAN_FRAGMENTATION,,ABSTAIN,same diagnosis/action recently failed under an unchanged region signature,-1,-1,0,0,0.0,0.0,NaN,NaN,NaN,NaN,NaN,0,0,0,NaN,NaN,NaN,NaN,,,NaN,NaN,NaN
PUBLICATION,SCAN_FRAGMENTATION_CONTROL,LARS_FULL,2,1664525,GROUND_TRUTH,SCAN_FRAGMENTATION,5,211,1664,-1,-1,-1,-1,-1,-1,-1,SCAN_FRAGMENTATION,,ABSTAIN,same diagnosis/action recently failed under an unchanged region signature,-1,-1,0,0,0.0,0.0,NaN,NaN,NaN,NaN,NaN,0,0,0,NaN,NaN,NaN,NaN,,,NaN,NaN,NaN
PUBLICATION,SCAN_FRAGMENTATION_CONTROL,LARS_FULL,2,1664525,GROUND_TRUTH,SCAN_FRAGMENTATION,6,211,1792,-1,-1,-1,-1,-1,-1,-1,SCAN_FRAGMENTATION,,ABSTAIN,same diagnosis/action recently failed under an unchanged region signature,-1,-1,0,0,0.0,0.0,NaN,NaN,NaN,NaN,NaN,0,0,0,NaN,NaN,NaN,NaN,,,NaN,NaN,NaN
PUBLICATION,SCAN_FRAGMENTATION_CONTROL,LARS_FULL,2,1664525,GROUND_TRUTH,SCAN_FRAGMENTATION,7,211,1920,-1,-1,-1,-1,-1,-1,-1,SCAN_FRAGMENTATION,,ABSTAIN,same diagnosis/action recently failed under an unchanged region signature,-1,-1,0,0,0.0,0.0,NaN,NaN,NaN,NaN,NaN,0,0,0,NaN,NaN,NaN,NaN,,,NaN,NaN,NaN
PUBLICATION,SCAN_FRAGMENTATION_CONTROL,LARS_FULL,2,1664525,GROUND_TRUTH,SCAN_FRAGMENTATION,8,211,2048,-1,-1,-1,-1,-1,-1,-1,SCAN_FRAGMENTATION,,ABSTAIN,same diagnosis/action recently failed under an unchanged region signature,-1,-1,0,0,0.0,0.0,NaN,NaN,NaN,NaN,NaN,0,0,0,NaN,NaN,NaN,NaN,,,NaN,NaN,NaN
PUBLICATION,SCAN_FRAGMENTATION_CONTROL,LARS_FULL,2,1664525,GROUND_TRUTH,SCAN_FRAGMENTATION,9,211,2176,-1,-1,-1,-1,-1,-1,-1,SCAN_FRAGMENTATION,,ABSTAIN,same diagnosis/action recently failed under an unchanged region signature,-1,-1,0,0,0.0,0.0,NaN,NaN,NaN,NaN,NaN,0,0,0,NaN,NaN,NaN,NaN,,,NaN,NaN,NaN
PUBLICATION,SCAN_FRAGMENTATION_CONTROL,LARS_FULL,2,1664525,GROUND_TRUTH,SCAN_FRAGMENTATION,10,211,2304,-1,-1,-1,-1,-1,-1,-1,SCAN_FRAGMENTATION,,ABSTAIN,same diagnosis/action recently failed under an unchanged region signature,-1,-1,0,0,0.0,0.0,NaN,NaN,NaN,NaN,NaN,0,0,0,NaN,NaN,NaN,NaN,,,NaN,NaN,NaN
PUBLICATION,SCAN_FRAGMENTATION_CONTROL,LARS_FULL,3,22695477,GROUND_TRUTH,SCAN_FRAGMENTATION,1,211,768,640,640,640,641,768,-1,5,SCAN_FRAGMENTATION,COMPACT,ROLLBACK,tail-latency guard failed,0,1,32,2,0.0032,0.009523809523809525,1.0,5000000.0,1780.0,1958.0000000000002,7.832000000000001,29700,128,128,2900.0,3800.0,3100.0,6300.0,SEARCH=0.0;INSERT=0.0;DELETE=0.0;UPDATE=0.0;RANGE_SEARCH=1.0,SEARCH=0.0;INSERT=0.0;DELETE=0.0;UPDATE=0.0;RANGE_SEARCH=1.0,-0.03017241379310348,-0.03068448275862072,0.0
PUBLICATION,SCAN_FRAGMENTATION_CONTROL,LARS_FULL,3,22695477,GROUND_TRUTH,SCAN_FRAGMENTATION,2,211,1280,-1,-1,-1,-1,-1,-1,-1,SCAN_FRAGMENTATION,,ABSTAIN,same diagnosis/action recently failed under an unchanged region signature,-1,-1,0,0,0.0,0.0,NaN,NaN,NaN,NaN,NaN,0,0,0,NaN,NaN,NaN,NaN,,,NaN,NaN,NaN
PUBLICATION,SCAN_FRAGMENTATION_CONTROL,LARS_FULL,3,22695477,GROUND_TRUTH,SCAN_FRAGMENTATION,3,211,1408,-1,-1,-1,-1,-1,-1,-1,SCAN_FRAGMENTATION,,ABSTAIN,same diagnosis/action recently failed under an unchanged region signature,-1,-1,0,0,0.0,0.0,NaN,NaN,NaN,NaN,NaN,0,0,0,NaN,NaN,NaN,NaN,,,NaN,NaN,NaN
PUBLICATION,SCAN_FRAGMENTATION_CONTROL,LARS_FULL,3,22695477,GROUND_TRUTH,SCAN_FRAGMENTATION,4,211,1536,-1,-1,-1,-1,-1,-1,-1,SCAN_FRAGMENTATION,,ABSTAIN,same diagnosis/action recently failed under an unchanged region signature,-1,-1,0,0,0.0,0.0,NaN,NaN,NaN,NaN,NaN,0,0,0,NaN,NaN,NaN,NaN,,,NaN,NaN,NaN
PUBLICATION,SCAN_FRAGMENTATION_CONTROL,LARS_FULL,3,22695477,GROUND_TRUTH,SCAN_FRAGMENTATION,5,211,1664,-1,-1,-1,-1,-1,-1,-1,SCAN_FRAGMENTATION,,ABSTAIN,same diagnosis/action recently failed under an unchanged region signature,-1,-1,0,0,0.0,0.0,NaN,NaN,NaN,NaN,NaN,0,0,0,NaN,NaN,NaN,NaN,,,NaN,NaN,NaN
PUBLICATION,SCAN_FRAGMENTATION_CONTROL,LARS_FULL,3,22695477,GROUND_TRUTH,SCAN_FRAGMENTATION,6,211,1792,-1,-1,-1,-1,-1,-1,-1,SCAN_FRAGMENTATION,,ABSTAIN,same diagnosis/action recently failed under an unchanged region signature,-1,-1,0,0,0.0,0.0,NaN,NaN,NaN,NaN,NaN,0,0,0,NaN,NaN,NaN,NaN,,,NaN,NaN,NaN
PUBLICATION,SCAN_FRAGMENTATION_CONTROL,LARS_FULL,3,22695477,GROUND_TRUTH,SCAN_FRAGMENTATION,7,211,1920,-1,-1,-1,-1,-1,-1,-1,SCAN_FRAGMENTATION,,ABSTAIN,same diagnosis/action recently failed under an unchanged region signature,-1,-1,0,0,0.0,0.0,NaN,NaN,NaN,NaN,NaN,0,0,0,NaN,NaN,NaN,NaN,,,NaN,NaN,NaN
PUBLICATION,SCAN_FRAGMENTATION_CONTROL,LARS_FULL,3,22695477,GROUND_TRUTH,SCAN_FRAGMENTATION,8,211,2048,-1,-1,-1,-1,-1,-1,-1,SCAN_FRAGMENTATION,,ABSTAIN,same diagnosis/action recently failed under an unchanged region signature,-1,-1,0,0,0.0,0.0,NaN,NaN,NaN,NaN,NaN,0,0,0,NaN,NaN,NaN,NaN,,,NaN,NaN,NaN
PUBLICATION,SCAN_FRAGMENTATION_CONTROL,LARS_FULL,3,22695477,GROUND_TRUTH,SCAN_FRAGMENTATION,9,211,2176,-1,-1,-1,-1,-1,-1,-1,SCAN_FRAGMENTATION,,ABSTAIN,same diagnosis/action recently failed under an unchanged region signature,-1,-1,0,0,0.0,0.0,NaN,NaN,NaN,NaN,NaN,0,0,0,NaN,NaN,NaN,NaN,,,NaN,NaN,NaN
PUBLICATION,SCAN_FRAGMENTATION_CONTROL,LARS_FULL,3,22695477,GROUND_TRUTH,SCAN_FRAGMENTATION,10,211,2304,-1,-1,-1,-1,-1,-1,-1,SCAN_FRAGMENTATION,,ABSTAIN,same diagnosis/action recently failed under an unchanged region signature,-1,-1,0,0,0.0,0.0,NaN,NaN,NaN,NaN,NaN,0,0,0,NaN,NaN,NaN,NaN,,,NaN,NaN,NaN
PUBLICATION,SCAN_FRAGMENTATION_CONTROL,LARS_FULL,4,69069,GROUND_TRUTH,SCAN_FRAGMENTATION,1,211,768,640,640,640,641,768,768,5,SCAN_FRAGMENTATION,COMPACT,COMMIT,trial acceptance rule satisfied,0,1,32,2,0.0032,0.009569377990430622,1.0,5000000.0,1780.0,1958.0000000000002,7.832000000000001,27600,128,128,3300.0,3500.0,4200.0,3800.0,SEARCH=0.0;INSERT=0.0;DELETE=0.0;UPDATE=0.0;RANGE_SEARCH=1.0,SEARCH=0.0;INSERT=0.0;DELETE=0.0;UPDATE=0.0;RANGE_SEARCH=1.0,0.09469696969696967,0.09427878787878785,0.0
PUBLICATION,SCAN_FRAGMENTATION_CONTROL,LARS_FULL,4,69069,GROUND_TRUTH,SCAN_FRAGMENTATION,2,211,2176,-1,-1,-1,-1,-1,-1,-1,NO_CONFIDENT_DIAGNOSIS,,ABSTAIN,"diagnostic confidence not satisfied: insertScore=0.0, scanScore=0.03577521091015767",-1,-1,0,0,0.0,0.0,NaN,NaN,NaN,NaN,NaN,0,0,0,NaN,NaN,NaN,NaN,,,NaN,NaN,NaN
PUBLICATION,SCAN_FRAGMENTATION_CONTROL,LARS_FULL,4,69069,GROUND_TRUTH,SCAN_FRAGMENTATION,3,211,2304,-1,-1,-1,-1,-1,-1,-1,NO_CONFIDENT_DIAGNOSIS,,ABSTAIN,"diagnostic confidence not satisfied: insertScore=0.0, scanScore=0.02873249166848559",-1,-1,0,0,0.0,0.0,NaN,NaN,NaN,NaN,NaN,0,0,0,NaN,NaN,NaN,NaN,,,NaN,NaN,NaN
PUBLICATION,SCAN_FRAGMENTATION_CONTROL,LARS_FULL,5,48271,GROUND_TRUTH,SCAN_FRAGMENTATION,1,211,768,640,640,640,641,768,-1,5,SCAN_FRAGMENTATION,COMPACT,ROLLBACK,tail-latency guard failed,0,1,32,2,0.0032,0.009523809523809525,1.0,5000000.0,1780.0,1958.0000000000002,7.832000000000001,38500,128,128,5100.0,6500.0,5700.0,10200.0,SEARCH=0.0;INSERT=0.0;DELETE=0.0;UPDATE=0.0;RANGE_SEARCH=1.0,SEARCH=0.0;INSERT=0.0;DELETE=0.0;UPDATE=0.0;RANGE_SEARCH=1.0,-0.012254901960784353,-0.012632352941176511,0.0
PUBLICATION,SCAN_FRAGMENTATION_CONTROL,LARS_FULL,5,48271,GROUND_TRUTH,SCAN_FRAGMENTATION,2,211,1280,-1,-1,-1,-1,-1,-1,-1,SCAN_FRAGMENTATION,,ABSTAIN,same diagnosis/action recently failed under an unchanged region signature,-1,-1,0,0,0.0,0.0,NaN,NaN,NaN,NaN,NaN,0,0,0,NaN,NaN,NaN,NaN,,,NaN,NaN,NaN
PUBLICATION,SCAN_FRAGMENTATION_CONTROL,LARS_FULL,5,48271,GROUND_TRUTH,SCAN_FRAGMENTATION,3,211,1408,-1,-1,-1,-1,-1,-1,-1,SCAN_FRAGMENTATION,,ABSTAIN,same diagnosis/action recently failed under an unchanged region signature,-1,-1,0,0,0.0,0.0,NaN,NaN,NaN,NaN,NaN,0,0,0,NaN,NaN,NaN,NaN,,,NaN,NaN,NaN
PUBLICATION,SCAN_FRAGMENTATION_CONTROL,LARS_FULL,5,48271,GROUND_TRUTH,SCAN_FRAGMENTATION,4,211,1536,-1,-1,-1,-1,-1,-1,-1,SCAN_FRAGMENTATION,,ABSTAIN,same diagnosis/action recently failed under an unchanged region signature,-1,-1,0,0,0.0,0.0,NaN,NaN,NaN,NaN,NaN,0,0,0,NaN,NaN,NaN,NaN,,,NaN,NaN,NaN
PUBLICATION,SCAN_FRAGMENTATION_CONTROL,LARS_FULL,5,48271,GROUND_TRUTH,SCAN_FRAGMENTATION,5,211,1664,-1,-1,-1,-1,-1,-1,-1,SCAN_FRAGMENTATION,,ABSTAIN,same diagnosis/action recently failed under an unchanged region signature,-1,-1,0,0,0.0,0.0,NaN,NaN,NaN,NaN,NaN,0,0,0,NaN,NaN,NaN,NaN,,,NaN,NaN,NaN
PUBLICATION,SCAN_FRAGMENTATION_CONTROL,LARS_FULL,5,48271,GROUND_TRUTH,SCAN_FRAGMENTATION,6,211,1792,-1,-1,-1,-1,-1,-1,-1,SCAN_FRAGMENTATION,,ABSTAIN,same diagnosis/action recently failed under an unchanged region signature,-1,-1,0,0,0.0,0.0,NaN,NaN,NaN,NaN,NaN,0,0,0,NaN,NaN,NaN,NaN,,,NaN,NaN,NaN
PUBLICATION,SCAN_FRAGMENTATION_CONTROL,LARS_FULL,5,48271,GROUND_TRUTH,SCAN_FRAGMENTATION,7,211,1920,-1,-1,-1,-1,-1,-1,-1,SCAN_FRAGMENTATION,,ABSTAIN,same diagnosis/action recently failed under an unchanged region signature,-1,-1,0,0,0.0,0.0,NaN,NaN,NaN,NaN,NaN,0,0,0,NaN,NaN,NaN,NaN,,,NaN,NaN,NaN
PUBLICATION,SCAN_FRAGMENTATION_CONTROL,LARS_FULL,5,48271,GROUND_TRUTH,SCAN_FRAGMENTATION,8,211,2048,-1,-1,-1,-1,-1,-1,-1,SCAN_FRAGMENTATION,,ABSTAIN,same diagnosis/action recently failed under an unchanged region signature,-1,-1,0,0,0.0,0.0,NaN,NaN,NaN,NaN,NaN,0,0,0,NaN,NaN,NaN,NaN,,,NaN,NaN,NaN
PUBLICATION,SCAN_FRAGMENTATION_CONTROL,LARS_FULL,5,48271,GROUND_TRUTH,SCAN_FRAGMENTATION,9,211,2176,-1,-1,-1,-1,-1,-1,-1,SCAN_FRAGMENTATION,,ABSTAIN,same diagnosis/action recently failed under an unchanged region signature,-1,-1,0,0,0.0,0.0,NaN,NaN,NaN,NaN,NaN,0,0,0,NaN,NaN,NaN,NaN,,,NaN,NaN,NaN
PUBLICATION,SCAN_FRAGMENTATION_CONTROL,LARS_FULL,5,48271,GROUND_TRUTH,SCAN_FRAGMENTATION,10,211,2304,-1,-1,-1,-1,-1,-1,-1,SCAN_FRAGMENTATION,,ABSTAIN,same diagnosis/action recently failed under an unchanged region signature,-1,-1,0,0,0.0,0.0,NaN,NaN,NaN,NaN,NaN,0,0,0,NaN,NaN,NaN,NaN,,,NaN,NaN,NaN
PUBLICATION,SCAN_FRAGMENTATION_CONTROL,LARS_FULL,6,134775813,GROUND_TRUTH,SCAN_FRAGMENTATION,1,211,768,640,640,640,641,768,768,5,SCAN_FRAGMENTATION,COMPACT,COMMIT,trial acceptance rule satisfied,0,1,32,2,0.0032,0.009569377990430622,1.0,5000000.0,1780.0,1958.0000000000002,7.832000000000001,35800,128,128,6600.0,6400.0,7500.0,7400.0,SEARCH=0.0;INSERT=0.0;DELETE=0.0;UPDATE=0.0;RANGE_SEARCH=1.0,SEARCH=0.0;INSERT=0.0;DELETE=0.0;UPDATE=0.0;RANGE_SEARCH=1.0,0.14015151515151514,0.13988030303030302,0.0
PUBLICATION,SCAN_FRAGMENTATION_CONTROL,LARS_FULL,6,134775813,GROUND_TRUTH,SCAN_FRAGMENTATION,2,211,1280,-1,-1,-1,-1,-1,-1,-1,NO_CONFIDENT_DIAGNOSIS,,ABSTAIN,"diagnostic confidence not satisfied: insertScore=0.0, scanScore=0.09514010723199719",-1,-1,0,0,0.0,0.0,NaN,NaN,NaN,NaN,NaN,0,0,0,NaN,NaN,NaN,NaN,,,NaN,NaN,NaN
PUBLICATION,SCAN_FRAGMENTATION_CONTROL,LARS_FULL,6,134775813,GROUND_TRUTH,SCAN_FRAGMENTATION,3,211,1408,-1,-1,-1,-1,-1,-1,-1,NO_CONFIDENT_DIAGNOSIS,,ABSTAIN,"diagnostic confidence not satisfied: insertScore=0.0, scanScore=0.15736411908614134",-1,-1,0,0,0.0,0.0,NaN,NaN,NaN,NaN,NaN,0,0,0,NaN,NaN,NaN,NaN,,,NaN,NaN,NaN
PUBLICATION,SCAN_FRAGMENTATION_CONTROL,LARS_FULL,6,134775813,GROUND_TRUTH,SCAN_FRAGMENTATION,4,211,1536,-1,-1,-1,-1,-1,-1,-1,NO_CONFIDENT_DIAGNOSIS,,ABSTAIN,"diagnostic confidence not satisfied: insertScore=0.0, scanScore=0.22393111357312254",-1,-1,0,0,0.0,0.0,NaN,NaN,NaN,NaN,NaN,0,0,0,NaN,NaN,NaN,NaN,,,NaN,NaN,NaN
PUBLICATION,SCAN_FRAGMENTATION_CONTROL,LARS_FULL,6,134775813,GROUND_TRUTH,SCAN_FRAGMENTATION,5,211,1664,-1,-1,-1,-1,-1,-1,-1,NO_CONFIDENT_DIAGNOSIS,,ABSTAIN,"diagnostic confidence not satisfied: insertScore=0.0, scanScore=0.20714628786371767",-1,-1,0,0,0.0,0.0,NaN,NaN,NaN,NaN,NaN,0,0,0,NaN,NaN,NaN,NaN,,,NaN,NaN,NaN
PUBLICATION,SCAN_FRAGMENTATION_CONTROL,LARS_FULL,6,134775813,GROUND_TRUTH,SCAN_FRAGMENTATION,6,211,1792,-1,-1,-1,-1,-1,-1,-1,NO_CONFIDENT_DIAGNOSIS,,ABSTAIN,"diagnostic confidence not satisfied: insertScore=0.0, scanScore=0.24568395782052724",-1,-1,0,0,0.0,0.0,NaN,NaN,NaN,NaN,NaN,0,0,0,NaN,NaN,NaN,NaN,,,NaN,NaN,NaN
PUBLICATION,SCAN_FRAGMENTATION_CONTROL,LARS_FULL,6,134775813,GROUND_TRUTH,SCAN_FRAGMENTATION,7,211,1920,-1,-1,-1,-1,-1,-1,-1,NO_CONFIDENT_DIAGNOSIS,,ABSTAIN,"diagnostic confidence not satisfied: insertScore=0.0, scanScore=0.23965956992576287",-1,-1,0,0,0.0,0.0,NaN,NaN,NaN,NaN,NaN,0,0,0,NaN,NaN,NaN,NaN,,,NaN,NaN,NaN
PUBLICATION,SCAN_FRAGMENTATION_CONTROL,LARS_FULL,6,134775813,GROUND_TRUTH,SCAN_FRAGMENTATION,8,211,2048,-1,-1,-1,-1,-1,-1,-1,NO_CONFIDENT_DIAGNOSIS,,ABSTAIN,"diagnostic confidence not satisfied: insertScore=0.0, scanScore=0.24568395782052724",-1,-1,0,0,0.0,0.0,NaN,NaN,NaN,NaN,NaN,0,0,0,NaN,NaN,NaN,NaN,,,NaN,NaN,NaN
PUBLICATION,SCAN_FRAGMENTATION_CONTROL,LARS_FULL,6,134775813,GROUND_TRUTH,SCAN_FRAGMENTATION,9,211,2176,-1,-1,-1,-1,-1,-1,-1,NO_CONFIDENT_DIAGNOSIS,,ABSTAIN,"diagnostic confidence not satisfied: insertScore=0.0, scanScore=0.25731396172924914",-1,-1,0,0,0.0,0.0,NaN,NaN,NaN,NaN,NaN,0,0,0,NaN,NaN,NaN,NaN,,,NaN,NaN,NaN
PUBLICATION,SCAN_FRAGMENTATION_CONTROL,LARS_FULL,6,134775813,GROUND_TRUTH,SCAN_FRAGMENTATION,10,211,2304,-1,-1,-1,-1,-1,-1,-1,NO_CONFIDENT_DIAGNOSIS,,ABSTAIN,"diagnostic confidence not satisfied: insertScore=0.0, scanScore=0.22393111357312254",-1,-1,0,0,0.0,0.0,NaN,NaN,NaN,NaN,NaN,0,0,0,NaN,NaN,NaN,NaN,,,NaN,NaN,NaN
PUBLICATION,SCAN_FRAGMENTATION_CONTROL,LARS_FULL,7,16807,GROUND_TRUTH,SCAN_FRAGMENTATION,1,211,768,640,640,640,641,768,-1,5,SCAN_FRAGMENTATION,COMPACT,ROLLBACK,tail-latency guard failed,0,1,32,2,0.0032,0.009523809523809525,1.0,5000000.0,1780.0,1958.0000000000002,7.832000000000001,30300,128,128,3800.0,5400.0,5700.0,9800.0,SEARCH=0.0;INSERT=0.0;DELETE=0.0;UPDATE=0.0;RANGE_SEARCH=1.0,SEARCH=0.0;INSERT=0.0;DELETE=0.0;UPDATE=0.0;RANGE_SEARCH=1.0,-0.0855263157894737,-0.08592500000000002,0.0
PUBLICATION,SCAN_FRAGMENTATION_CONTROL,LARS_FULL,7,16807,GROUND_TRUTH,SCAN_FRAGMENTATION,2,211,1280,-1,-1,-1,-1,-1,-1,-1,SCAN_FRAGMENTATION,,ABSTAIN,same diagnosis/action recently failed under an unchanged region signature,-1,-1,0,0,0.0,0.0,NaN,NaN,NaN,NaN,NaN,0,0,0,NaN,NaN,NaN,NaN,,,NaN,NaN,NaN
PUBLICATION,SCAN_FRAGMENTATION_CONTROL,LARS_FULL,7,16807,GROUND_TRUTH,SCAN_FRAGMENTATION,3,211,1408,-1,-1,-1,-1,-1,-1,-1,SCAN_FRAGMENTATION,,ABSTAIN,same diagnosis/action recently failed under an unchanged region signature,-1,-1,0,0,0.0,0.0,NaN,NaN,NaN,NaN,NaN,0,0,0,NaN,NaN,NaN,NaN,,,NaN,NaN,NaN
PUBLICATION,SCAN_FRAGMENTATION_CONTROL,LARS_FULL,7,16807,GROUND_TRUTH,SCAN_FRAGMENTATION,4,211,1536,-1,-1,-1,-1,-1,-1,-1,SCAN_FRAGMENTATION,,ABSTAIN,same diagnosis/action recently failed under an unchanged region signature,-1,-1,0,0,0.0,0.0,NaN,NaN,NaN,NaN,NaN,0,0,0,NaN,NaN,NaN,NaN,,,NaN,NaN,NaN
PUBLICATION,SCAN_FRAGMENTATION_CONTROL,LARS_FULL,7,16807,GROUND_TRUTH,SCAN_FRAGMENTATION,5,211,1664,-1,-1,-1,-1,-1,-1,-1,SCAN_FRAGMENTATION,,ABSTAIN,same diagnosis/action recently failed under an unchanged region signature,-1,-1,0,0,0.0,0.0,NaN,NaN,NaN,NaN,NaN,0,0,0,NaN,NaN,NaN,NaN,,,NaN,NaN,NaN
PUBLICATION,SCAN_FRAGMENTATION_CONTROL,LARS_FULL,7,16807,GROUND_TRUTH,SCAN_FRAGMENTATION,6,211,1792,-1,-1,-1,-1,-1,-1,-1,SCAN_FRAGMENTATION,,ABSTAIN,same diagnosis/action recently failed under an unchanged region signature,-1,-1,0,0,0.0,0.0,NaN,NaN,NaN,NaN,NaN,0,0,0,NaN,NaN,NaN,NaN,,,NaN,NaN,NaN
PUBLICATION,SCAN_FRAGMENTATION_CONTROL,LARS_FULL,7,16807,GROUND_TRUTH,SCAN_FRAGMENTATION,7,211,1920,-1,-1,-1,-1,-1,-1,-1,SCAN_FRAGMENTATION,,ABSTAIN,same diagnosis/action recently failed under an unchanged region signature,-1,-1,0,0,0.0,0.0,NaN,NaN,NaN,NaN,NaN,0,0,0,NaN,NaN,NaN,NaN,,,NaN,NaN,NaN
PUBLICATION,SCAN_FRAGMENTATION_CONTROL,LARS_FULL,7,16807,GROUND_TRUTH,SCAN_FRAGMENTATION,8,211,2048,-1,-1,-1,-1,-1,-1,-1,SCAN_FRAGMENTATION,,ABSTAIN,same diagnosis/action recently failed under an unchanged region signature,-1,-1,0,0,0.0,0.0,NaN,NaN,NaN,NaN,NaN,0,0,0,NaN,NaN,NaN,NaN,,,NaN,NaN,NaN
PUBLICATION,SCAN_FRAGMENTATION_CONTROL,LARS_FULL,7,16807,GROUND_TRUTH,SCAN_FRAGMENTATION,9,211,2176,-1,-1,-1,-1,-1,-1,-1,SCAN_FRAGMENTATION,,ABSTAIN,same diagnosis/action recently failed under an unchanged region signature,-1,-1,0,0,0.0,0.0,NaN,NaN,NaN,NaN,NaN,0,0,0,NaN,NaN,NaN,NaN,,,NaN,NaN,NaN
PUBLICATION,SCAN_FRAGMENTATION_CONTROL,LARS_FULL,7,16807,GROUND_TRUTH,SCAN_FRAGMENTATION,10,211,2304,-1,-1,-1,-1,-1,-1,-1,SCAN_FRAGMENTATION,,ABSTAIN,same diagnosis/action recently failed under an unchanged region signature,-1,-1,0,0,0.0,0.0,NaN,NaN,NaN,NaN,NaN,0,0,0,NaN,NaN,NaN,NaN,,,NaN,NaN,NaN
PUBLICATION,SCAN_FRAGMENTATION_CONTROL,LARS_FULL,8,2147483647,GROUND_TRUTH,SCAN_FRAGMENTATION,1,211,768,640,640,640,641,768,768,5,SCAN_FRAGMENTATION,COMPACT,COMMIT,trial acceptance rule satisfied,0,1,32,2,0.0032,0.009569377990430622,1.0,5000000.0,1780.0,1958.0000000000002,7.832000000000001,33500,128,128,7300.0,3900.0,13100.0,4600.0,SEARCH=0.0;INSERT=0.0;DELETE=0.0;UPDATE=0.0;RANGE_SEARCH=1.0,SEARCH=0.0;INSERT=0.0;DELETE=0.0;UPDATE=0.0;RANGE_SEARCH=1.0,0.35787671232876705,0.35764726027397253,0.0
PUBLICATION,SCAN_FRAGMENTATION_CONTROL,LARS_FULL,8,2147483647,GROUND_TRUTH,SCAN_FRAGMENTATION,2,211,1920,-1,-1,-1,-1,-1,-1,-1,NO_CONFIDENT_DIAGNOSIS,,ABSTAIN,"diagnostic confidence not satisfied: insertScore=0.0, scanScore=0.05079570218790887",-1,-1,0,0,0.0,0.0,NaN,NaN,NaN,NaN,NaN,0,0,0,NaN,NaN,NaN,NaN,,,NaN,NaN,NaN
PUBLICATION,SCAN_FRAGMENTATION_CONTROL,LARS_FULL,8,2147483647,GROUND_TRUTH,SCAN_FRAGMENTATION,3,211,2048,-1,-1,-1,-1,-1,-1,-1,NO_CONFIDENT_DIAGNOSIS,,ABSTAIN,"diagnostic confidence not satisfied: insertScore=0.0, scanScore=0.034122858563243624",-1,-1,0,0,0.0,0.0,NaN,NaN,NaN,NaN,NaN,0,0,0,NaN,NaN,NaN,NaN,,,NaN,NaN,NaN
PUBLICATION,SCAN_FRAGMENTATION_CONTROL,LARS_FULL,9,6364136223846793005,GROUND_TRUTH,SCAN_FRAGMENTATION,1,211,768,640,640,640,641,768,768,5,SCAN_FRAGMENTATION,COMPACT,COMMIT,trial acceptance rule satisfied,0,1,32,2,0.0032,0.009569377990430622,1.0,5000000.0,1780.0,1958.0000000000002,7.832000000000001,34500,128,128,7600.0,8400.0,15500.0,10800.0,SEARCH=0.0;INSERT=0.0;DELETE=0.0;UPDATE=0.0;RANGE_SEARCH=1.0,SEARCH=0.0;INSERT=0.0;DELETE=0.0;UPDATE=0.0;RANGE_SEARCH=1.0,0.07236842105263155,0.07214144736842103,0.0
PUBLICATION,SCAN_FRAGMENTATION_CONTROL,LARS_FULL,9,6364136223846793005,GROUND_TRUTH,SCAN_FRAGMENTATION,2,211,1280,-1,-1,-1,-1,-1,-1,-1,NO_CONFIDENT_DIAGNOSIS,,ABSTAIN,"diagnostic confidence not satisfied: insertScore=0.0, scanScore=0.07395627568724482",-1,-1,0,0,0.0,0.0,NaN,NaN,NaN,NaN,NaN,0,0,0,NaN,NaN,NaN,NaN,,,NaN,NaN,NaN
PUBLICATION,SCAN_FRAGMENTATION_CONTROL,LARS_FULL,9,6364136223846793005,GROUND_TRUTH,SCAN_FRAGMENTATION,3,211,1408,-1,-1,-1,-1,-1,-1,-1,NO_CONFIDENT_DIAGNOSIS,,ABSTAIN,"diagnostic confidence not satisfied: insertScore=0.0, scanScore=0.04961273468095336",-1,-1,0,0,0.0,0.0,NaN,NaN,NaN,NaN,NaN,0,0,0,NaN,NaN,NaN,NaN,,,NaN,NaN,NaN
PUBLICATION,SCAN_FRAGMENTATION_CONTROL,LARS_FULL,9,6364136223846793005,GROUND_TRUTH,SCAN_FRAGMENTATION,4,211,1536,-1,-1,-1,-1,-1,-1,-1,NO_CONFIDENT_DIAGNOSIS,,ABSTAIN,"diagnostic confidence not satisfied: insertScore=0.0, scanScore=0.13735696538696862",-1,-1,0,0,0.0,0.0,NaN,NaN,NaN,NaN,NaN,0,0,0,NaN,NaN,NaN,NaN,,,NaN,NaN,NaN
PUBLICATION,SCAN_FRAGMENTATION_CONTROL,LARS_FULL,9,6364136223846793005,GROUND_TRUTH,SCAN_FRAGMENTATION,5,211,1664,-1,-1,-1,-1,-1,-1,-1,NO_CONFIDENT_DIAGNOSIS,,ABSTAIN,"diagnostic confidence not satisfied: insertScore=0.0, scanScore=0.09137625584674054",-1,-1,0,0,0.0,0.0,NaN,NaN,NaN,NaN,NaN,0,0,0,NaN,NaN,NaN,NaN,,,NaN,NaN,NaN
PUBLICATION,SKEW_80_20,PERIODIC_GLOBAL_REBUILD,0,1103515245,SKEW_80_20,,1,-1,50000,50000,50000,50000,-1,-1,50000,-1,,GLOBAL_REBUILD,COMMIT,periodic interval,-1,-1,1005111,41774,1.0,1.0,1.0,NaN,NaN,NaN,NaN,77648200,0,0,NaN,NaN,NaN,NaN,,,NaN,NaN,NaN
PUBLICATION,SKEW_80_20,PERIODIC_GLOBAL_REBUILD,0,1103515245,SKEW_80_20,,2,-1,100000,100000,100000,100000,-1,-1,100000,-1,,GLOBAL_REBUILD,COMMIT,periodic interval,-1,-1,1010306,41989,1.0,1.0,1.0,NaN,NaN,NaN,NaN,22430800,0,0,NaN,NaN,NaN,NaN,,,NaN,NaN,NaN
PUBLICATION,SKEW_80_20,PERIODIC_GLOBAL_REBUILD,0,1103515245,SKEW_80_20,,3,-1,150000,150000,150000,150000,-1,-1,150000,-1,,GLOBAL_REBUILD,COMMIT,periodic interval,-1,-1,1015378,42203,1.0,1.0,1.0,NaN,NaN,NaN,NaN,86746300,0,0,NaN,NaN,NaN,NaN,,,NaN,NaN,NaN
PUBLICATION,SKEW_80_20,PERIODIC_GLOBAL_REBUILD,0,1103515245,SKEW_80_20,,4,-1,200000,200000,200000,200000,-1,-1,200000,-1,,GLOBAL_REBUILD,COMMIT,periodic interval,-1,-1,1020876,42423,1.0,1.0,1.0,NaN,NaN,NaN,NaN,83018900,0,0,NaN,NaN,NaN,NaN,,,NaN,NaN,NaN
PUBLICATION,SKEW_80_20,PERIODIC_GLOBAL_REBUILD,0,1103515245,SKEW_80_20,,5,-1,250000,250000,250000,250000,-1,-1,250000,-1,,GLOBAL_REBUILD,COMMIT,periodic interval,-1,-1,1026352,42652,1.0,1.0,1.0,NaN,NaN,NaN,NaN,7977100,0,0,NaN,NaN,NaN,NaN,,,NaN,NaN,NaN
PUBLICATION,SKEW_80_20,PERIODIC_GLOBAL_REBUILD,0,1103515245,SKEW_80_20,,6,-1,300000,300000,300000,300000,-1,-1,300000,-1,,GLOBAL_REBUILD,COMMIT,periodic interval,-1,-1,1031828,42880,1.0,1.0,1.0,NaN,NaN,NaN,NaN,47712300,0,0,NaN,NaN,NaN,NaN,,,NaN,NaN,NaN
PUBLICATION,SKEW_80_20,PERIODIC_GLOBAL_REBUILD,1,214013,SKEW_80_20,,1,-1,50000,50000,50000,50000,-1,-1,50000,-1,,GLOBAL_REBUILD,COMMIT,periodic interval,-1,-1,1005127,41775,1.0,1.0,1.0,NaN,NaN,NaN,NaN,92009300,0,0,NaN,NaN,NaN,NaN,,,NaN,NaN,NaN
PUBLICATION,SKEW_80_20,PERIODIC_GLOBAL_REBUILD,1,214013,SKEW_80_20,,2,-1,100000,100000,100000,100000,-1,-1,100000,-1,,GLOBAL_REBUILD,COMMIT,periodic interval,-1,-1,1010357,41991,1.0,1.0,1.0,NaN,NaN,NaN,NaN,28473000,0,0,NaN,NaN,NaN,NaN,,,NaN,NaN,NaN
PUBLICATION,SKEW_80_20,PERIODIC_GLOBAL_REBUILD,1,214013,SKEW_80_20,,3,-1,150000,150000,150000,150000,-1,-1,150000,-1,,GLOBAL_REBUILD,COMMIT,periodic interval,-1,-1,1015585,42209,1.0,1.0,1.0,NaN,NaN,NaN,NaN,86805600,0,0,NaN,NaN,NaN,NaN,,,NaN,NaN,NaN
PUBLICATION,SKEW_80_20,PERIODIC_GLOBAL_REBUILD,1,214013,SKEW_80_20,,4,-1,200000,200000,200000,200000,-1,-1,200000,-1,,GLOBAL_REBUILD,COMMIT,periodic interval,-1,-1,1021223,42435,1.0,1.0,1.0,NaN,NaN,NaN,NaN,49517400,0,0,NaN,NaN,NaN,NaN,,,NaN,NaN,NaN
PUBLICATION,SKEW_80_20,PERIODIC_GLOBAL_REBUILD,1,214013,SKEW_80_20,,5,-1,250000,250000,250000,250000,-1,-1,250000,-1,,GLOBAL_REBUILD,COMMIT,periodic interval,-1,-1,1026340,42659,1.0,1.0,1.0,NaN,NaN,NaN,NaN,10547100,0,0,NaN,NaN,NaN,NaN,,,NaN,NaN,NaN
PUBLICATION,SKEW_80_20,PERIODIC_GLOBAL_REBUILD,1,214013,SKEW_80_20,,6,-1,300000,300000,300000,300000,-1,-1,300000,-1,,GLOBAL_REBUILD,COMMIT,periodic interval,-1,-1,1031840,42880,1.0,1.0,1.0,NaN,NaN,NaN,NaN,21161000,0,0,NaN,NaN,NaN,NaN,,,NaN,NaN,NaN
PUBLICATION,SKEW_80_20,PERIODIC_GLOBAL_REBUILD,2,1664525,SKEW_80_20,,1,-1,50000,50000,50000,50000,-1,-1,50000,-1,,GLOBAL_REBUILD,COMMIT,periodic interval,-1,-1,1005009,41772,1.0,1.0,1.0,NaN,NaN,NaN,NaN,86232300,0,0,NaN,NaN,NaN,NaN,,,NaN,NaN,NaN
PUBLICATION,SKEW_80_20,PERIODIC_GLOBAL_REBUILD,2,1664525,SKEW_80_20,,2,-1,100000,100000,100000,100000,-1,-1,100000,-1,,GLOBAL_REBUILD,COMMIT,periodic interval,-1,-1,1010052,41981,1.0,1.0,1.0,NaN,NaN,NaN,NaN,21689700,0,0,NaN,NaN,NaN,NaN,,,NaN,NaN,NaN
PUBLICATION,SKEW_80_20,PERIODIC_GLOBAL_REBUILD,2,1664525,SKEW_80_20,,3,-1,150000,150000,150000,150000,-1,-1,150000,-1,,GLOBAL_REBUILD,COMMIT,periodic interval,-1,-1,1015414,42198,1.0,1.0,1.0,NaN,NaN,NaN,NaN,86877600,0,0,NaN,NaN,NaN,NaN,,,NaN,NaN,NaN
PUBLICATION,SKEW_80_20,PERIODIC_GLOBAL_REBUILD,2,1664525,SKEW_80_20,,4,-1,200000,200000,200000,200000,-1,-1,200000,-1,,GLOBAL_REBUILD,COMMIT,periodic interval,-1,-1,1020560,42417,1.0,1.0,1.0,NaN,NaN,NaN,NaN,84467900,0,0,NaN,NaN,NaN,NaN,,,NaN,NaN,NaN
PUBLICATION,SKEW_80_20,PERIODIC_GLOBAL_REBUILD,2,1664525,SKEW_80_20,,5,-1,250000,250000,250000,250000,-1,-1,250000,-1,,GLOBAL_REBUILD,COMMIT,periodic interval,-1,-1,1026155,42641,1.0,1.0,1.0,NaN,NaN,NaN,NaN,7937300,0,0,NaN,NaN,NaN,NaN,,,NaN,NaN,NaN
PUBLICATION,SKEW_80_20,PERIODIC_GLOBAL_REBUILD,2,1664525,SKEW_80_20,,6,-1,300000,300000,300000,300000,-1,-1,300000,-1,,GLOBAL_REBUILD,COMMIT,periodic interval,-1,-1,1031705,42873,1.0,1.0,1.0,NaN,NaN,NaN,NaN,50499400,0,0,NaN,NaN,NaN,NaN,,,NaN,NaN,NaN
PUBLICATION,SKEW_80_20,PERIODIC_GLOBAL_REBUILD,3,22695477,SKEW_80_20,,1,-1,50000,50000,50000,50000,-1,-1,50000,-1,,GLOBAL_REBUILD,COMMIT,periodic interval,-1,-1,1005172,41776,1.0,1.0,1.0,NaN,NaN,NaN,NaN,65218300,0,0,NaN,NaN,NaN,NaN,,,NaN,NaN,NaN
PUBLICATION,SKEW_80_20,PERIODIC_GLOBAL_REBUILD,3,22695477,SKEW_80_20,,2,-1,100000,100000,100000,100000,-1,-1,100000,-1,,GLOBAL_REBUILD,COMMIT,periodic interval,-1,-1,1010296,41990,1.0,1.0,1.0,NaN,NaN,NaN,NaN,27468500,0,0,NaN,NaN,NaN,NaN,,,NaN,NaN,NaN
PUBLICATION,SKEW_80_20,PERIODIC_GLOBAL_REBUILD,3,22695477,SKEW_80_20,,3,-1,150000,150000,150000,150000,-1,-1,150000,-1,,GLOBAL_REBUILD,COMMIT,periodic interval,-1,-1,1015533,42205,1.0,1.0,1.0,NaN,NaN,NaN,NaN,42593600,0,0,NaN,NaN,NaN,NaN,,,NaN,NaN,NaN
PUBLICATION,SKEW_80_20,PERIODIC_GLOBAL_REBUILD,3,22695477,SKEW_80_20,,4,-1,200000,200000,200000,200000,-1,-1,200000,-1,,GLOBAL_REBUILD,COMMIT,periodic interval,-1,-1,1020722,42423,1.0,1.0,1.0,NaN,NaN,NaN,NaN,77791800,0,0,NaN,NaN,NaN,NaN,,,NaN,NaN,NaN
PUBLICATION,SKEW_80_20,PERIODIC_GLOBAL_REBUILD,3,22695477,SKEW_80_20,,5,-1,250000,250000,250000,250000,-1,-1,250000,-1,,GLOBAL_REBUILD,COMMIT,periodic interval,-1,-1,1025969,42641,1.0,1.0,1.0,NaN,NaN,NaN,NaN,80901100,0,0,NaN,NaN,NaN,NaN,,,NaN,NaN,NaN
PUBLICATION,SKEW_80_20,PERIODIC_GLOBAL_REBUILD,3,22695477,SKEW_80_20,,6,-1,300000,300000,300000,300000,-1,-1,300000,-1,,GLOBAL_REBUILD,COMMIT,periodic interval,-1,-1,1031570,42867,1.0,1.0,1.0,NaN,NaN,NaN,NaN,14417400,0,0,NaN,NaN,NaN,NaN,,,NaN,NaN,NaN
PUBLICATION,SKEW_80_20,PERIODIC_GLOBAL_REBUILD,4,69069,SKEW_80_20,,1,-1,50000,50000,50000,50000,-1,-1,50000,-1,,GLOBAL_REBUILD,COMMIT,periodic interval,-1,-1,1005086,41774,1.0,1.0,1.0,NaN,NaN,NaN,NaN,30528900,0,0,NaN,NaN,NaN,NaN,,,NaN,NaN,NaN
PUBLICATION,SKEW_80_20,PERIODIC_GLOBAL_REBUILD,4,69069,SKEW_80_20,,2,-1,100000,100000,100000,100000,-1,-1,100000,-1,,GLOBAL_REBUILD,COMMIT,periodic interval,-1,-1,1010284,41988,1.0,1.0,1.0,NaN,NaN,NaN,NaN,14976200,0,0,NaN,NaN,NaN,NaN,,,NaN,NaN,NaN
PUBLICATION,SKEW_80_20,PERIODIC_GLOBAL_REBUILD,4,69069,SKEW_80_20,,3,-1,150000,150000,150000,150000,-1,-1,150000,-1,,GLOBAL_REBUILD,COMMIT,periodic interval,-1,-1,1015725,42209,1.0,1.0,1.0,NaN,NaN,NaN,NaN,16026900,0,0,NaN,NaN,NaN,NaN,,,NaN,NaN,NaN
PUBLICATION,SKEW_80_20,PERIODIC_GLOBAL_REBUILD,4,69069,SKEW_80_20,,4,-1,200000,200000,200000,200000,-1,-1,200000,-1,,GLOBAL_REBUILD,COMMIT,periodic interval,-1,-1,1021149,42435,1.0,1.0,1.0,NaN,NaN,NaN,NaN,47568900,0,0,NaN,NaN,NaN,NaN,,,NaN,NaN,NaN
PUBLICATION,SKEW_80_20,PERIODIC_GLOBAL_REBUILD,4,69069,SKEW_80_20,,5,-1,250000,250000,250000,250000,-1,-1,250000,-1,,GLOBAL_REBUILD,COMMIT,periodic interval,-1,-1,1026587,42662,1.0,1.0,1.0,NaN,NaN,NaN,NaN,10542500,0,0,NaN,NaN,NaN,NaN,,,NaN,NaN,NaN
PUBLICATION,SKEW_80_20,PERIODIC_GLOBAL_REBUILD,4,69069,SKEW_80_20,,6,-1,300000,300000,300000,300000,-1,-1,300000,-1,,GLOBAL_REBUILD,COMMIT,periodic interval,-1,-1,1031969,42888,1.0,1.0,1.0,NaN,NaN,NaN,NaN,57443300,0,0,NaN,NaN,NaN,NaN,,,NaN,NaN,NaN
PUBLICATION,SKEW_80_20,PERIODIC_GLOBAL_REBUILD,5,48271,SKEW_80_20,,1,-1,50000,50000,50000,50000,-1,-1,50000,-1,,GLOBAL_REBUILD,COMMIT,periodic interval,-1,-1,1005009,41772,1.0,1.0,1.0,NaN,NaN,NaN,NaN,82147600,0,0,NaN,NaN,NaN,NaN,,,NaN,NaN,NaN
PUBLICATION,SKEW_80_20,PERIODIC_GLOBAL_REBUILD,5,48271,SKEW_80_20,,2,-1,100000,100000,100000,100000,-1,-1,100000,-1,,GLOBAL_REBUILD,COMMIT,periodic interval,-1,-1,1010077,41982,1.0,1.0,1.0,NaN,NaN,NaN,NaN,22110300,0,0,NaN,NaN,NaN,NaN,,,NaN,NaN,NaN
PUBLICATION,SKEW_80_20,PERIODIC_GLOBAL_REBUILD,5,48271,SKEW_80_20,,3,-1,150000,150000,150000,150000,-1,-1,150000,-1,,GLOBAL_REBUILD,COMMIT,periodic interval,-1,-1,1015423,42199,1.0,1.0,1.0,NaN,NaN,NaN,NaN,83877100,0,0,NaN,NaN,NaN,NaN,,,NaN,NaN,NaN
PUBLICATION,SKEW_80_20,PERIODIC_GLOBAL_REBUILD,5,48271,SKEW_80_20,,4,-1,200000,200000,200000,200000,-1,-1,200000,-1,,GLOBAL_REBUILD,COMMIT,periodic interval,-1,-1,1020606,42418,1.0,1.0,1.0,NaN,NaN,NaN,NaN,48959200,0,0,NaN,NaN,NaN,NaN,,,NaN,NaN,NaN
PUBLICATION,SKEW_80_20,PERIODIC_GLOBAL_REBUILD,5,48271,SKEW_80_20,,5,-1,250000,250000,250000,250000,-1,-1,250000,-1,,GLOBAL_REBUILD,COMMIT,periodic interval,-1,-1,1025944,42637,1.0,1.0,1.0,NaN,NaN,NaN,NaN,10264400,0,0,NaN,NaN,NaN,NaN,,,NaN,NaN,NaN
PUBLICATION,SKEW_80_20,PERIODIC_GLOBAL_REBUILD,5,48271,SKEW_80_20,,6,-1,300000,300000,300000,300000,-1,-1,300000,-1,,GLOBAL_REBUILD,COMMIT,periodic interval,-1,-1,1031461,42863,1.0,1.0,1.0,NaN,NaN,NaN,NaN,18500600,0,0,NaN,NaN,NaN,NaN,,,NaN,NaN,NaN
PUBLICATION,SKEW_80_20,PERIODIC_GLOBAL_REBUILD,6,134775813,SKEW_80_20,,1,-1,50000,50000,50000,50000,-1,-1,50000,-1,,GLOBAL_REBUILD,COMMIT,periodic interval,-1,-1,1005010,41772,1.0,1.0,1.0,NaN,NaN,NaN,NaN,79999800,0,0,NaN,NaN,NaN,NaN,,,NaN,NaN,NaN
PUBLICATION,SKEW_80_20,PERIODIC_GLOBAL_REBUILD,6,134775813,SKEW_80_20,,2,-1,100000,100000,100000,100000,-1,-1,100000,-1,,GLOBAL_REBUILD,COMMIT,periodic interval,-1,-1,1010120,41983,1.0,1.0,1.0,NaN,NaN,NaN,NaN,19998800,0,0,NaN,NaN,NaN,NaN,,,NaN,NaN,NaN
PUBLICATION,SKEW_80_20,PERIODIC_GLOBAL_REBUILD,6,134775813,SKEW_80_20,,3,-1,150000,150000,150000,150000,-1,-1,150000,-1,,GLOBAL_REBUILD,COMMIT,periodic interval,-1,-1,1015336,42198,1.0,1.0,1.0,NaN,NaN,NaN,NaN,78913500,0,0,NaN,NaN,NaN,NaN,,,NaN,NaN,NaN
PUBLICATION,SKEW_80_20,PERIODIC_GLOBAL_REBUILD,6,134775813,SKEW_80_20,,4,-1,200000,200000,200000,200000,-1,-1,200000,-1,,GLOBAL_REBUILD,COMMIT,periodic interval,-1,-1,1020529,42415,1.0,1.0,1.0,NaN,NaN,NaN,NaN,81403500,0,0,NaN,NaN,NaN,NaN,,,NaN,NaN,NaN
PUBLICATION,SKEW_80_20,PERIODIC_GLOBAL_REBUILD,6,134775813,SKEW_80_20,,5,-1,250000,250000,250000,250000,-1,-1,250000,-1,,GLOBAL_REBUILD,COMMIT,periodic interval,-1,-1,1025879,42635,1.0,1.0,1.0,NaN,NaN,NaN,NaN,8159500,0,0,NaN,NaN,NaN,NaN,,,NaN,NaN,NaN
PUBLICATION,SKEW_80_20,PERIODIC_GLOBAL_REBUILD,6,134775813,SKEW_80_20,,6,-1,300000,300000,300000,300000,-1,-1,300000,-1,,GLOBAL_REBUILD,COMMIT,periodic interval,-1,-1,1031421,42861,1.0,1.0,1.0,NaN,NaN,NaN,NaN,50610600,0,0,NaN,NaN,NaN,NaN,,,NaN,NaN,NaN
PUBLICATION,SKEW_80_20,PERIODIC_GLOBAL_REBUILD,7,16807,SKEW_80_20,,1,-1,50000,50000,50000,50000,-1,-1,50000,-1,,GLOBAL_REBUILD,COMMIT,periodic interval,-1,-1,1004841,41769,1.0,1.0,1.0,NaN,NaN,NaN,NaN,80549400,0,0,NaN,NaN,NaN,NaN,,,NaN,NaN,NaN
PUBLICATION,SKEW_80_20,PERIODIC_GLOBAL_REBUILD,7,16807,SKEW_80_20,,2,-1,100000,100000,100000,100000,-1,-1,100000,-1,,GLOBAL_REBUILD,COMMIT,periodic interval,-1,-1,1010112,41979,1.0,1.0,1.0,NaN,NaN,NaN,NaN,19961200,0,0,NaN,NaN,NaN,NaN,,,NaN,NaN,NaN
PUBLICATION,SKEW_80_20,PERIODIC_GLOBAL_REBUILD,7,16807,SKEW_80_20,,3,-1,150000,150000,150000,150000,-1,-1,150000,-1,,GLOBAL_REBUILD,COMMIT,periodic interval,-1,-1,1015486,42200,1.0,1.0,1.0,NaN,NaN,NaN,NaN,86416900,0,0,NaN,NaN,NaN,NaN,,,NaN,NaN,NaN
PUBLICATION,SKEW_80_20,PERIODIC_GLOBAL_REBUILD,7,16807,SKEW_80_20,,4,-1,200000,200000,200000,200000,-1,-1,200000,-1,,GLOBAL_REBUILD,COMMIT,periodic interval,-1,-1,1020997,42427,1.0,1.0,1.0,NaN,NaN,NaN,NaN,47054700,0,0,NaN,NaN,NaN,NaN,,,NaN,NaN,NaN
PUBLICATION,SKEW_80_20,PERIODIC_GLOBAL_REBUILD,7,16807,SKEW_80_20,,5,-1,250000,250000,250000,250000,-1,-1,250000,-1,,GLOBAL_REBUILD,COMMIT,periodic interval,-1,-1,1026172,42650,1.0,1.0,1.0,NaN,NaN,NaN,NaN,9819100,0,0,NaN,NaN,NaN,NaN,,,NaN,NaN,NaN
PUBLICATION,SKEW_80_20,PERIODIC_GLOBAL_REBUILD,7,16807,SKEW_80_20,,6,-1,300000,300000,300000,300000,-1,-1,300000,-1,,GLOBAL_REBUILD,COMMIT,periodic interval,-1,-1,1031644,42872,1.0,1.0,1.0,NaN,NaN,NaN,NaN,15725100,0,0,NaN,NaN,NaN,NaN,,,NaN,NaN,NaN
PUBLICATION,SKEW_80_20,PERIODIC_GLOBAL_REBUILD,8,2147483647,SKEW_80_20,,1,-1,50000,50000,50000,50000,-1,-1,50000,-1,,GLOBAL_REBUILD,COMMIT,periodic interval,-1,-1,1005216,41776,1.0,1.0,1.0,NaN,NaN,NaN,NaN,85020100,0,0,NaN,NaN,NaN,NaN,,,NaN,NaN,NaN
PUBLICATION,SKEW_80_20,PERIODIC_GLOBAL_REBUILD,8,2147483647,SKEW_80_20,,2,-1,100000,100000,100000,100000,-1,-1,100000,-1,,GLOBAL_REBUILD,COMMIT,periodic interval,-1,-1,1010302,41990,1.0,1.0,1.0,NaN,NaN,NaN,NaN,23944300,0,0,NaN,NaN,NaN,NaN,,,NaN,NaN,NaN
PUBLICATION,SKEW_80_20,PERIODIC_GLOBAL_REBUILD,8,2147483647,SKEW_80_20,,3,-1,150000,150000,150000,150000,-1,-1,150000,-1,,GLOBAL_REBUILD,COMMIT,periodic interval,-1,-1,1015683,42209,1.0,1.0,1.0,NaN,NaN,NaN,NaN,85172500,0,0,NaN,NaN,NaN,NaN,,,NaN,NaN,NaN
PUBLICATION,SKEW_80_20,PERIODIC_GLOBAL_REBUILD,8,2147483647,SKEW_80_20,,4,-1,200000,200000,200000,200000,-1,-1,200000,-1,,GLOBAL_REBUILD,COMMIT,periodic interval,-1,-1,1021000,42432,1.0,1.0,1.0,NaN,NaN,NaN,NaN,99299800,0,0,NaN,NaN,NaN,NaN,,,NaN,NaN,NaN
PUBLICATION,SKEW_80_20,PERIODIC_GLOBAL_REBUILD,8,2147483647,SKEW_80_20,,5,-1,250000,250000,250000,250000,-1,-1,250000,-1,,GLOBAL_REBUILD,COMMIT,periodic interval,-1,-1,1026418,42655,1.0,1.0,1.0,NaN,NaN,NaN,NaN,8113200,0,0,NaN,NaN,NaN,NaN,,,NaN,NaN,NaN
PUBLICATION,SKEW_80_20,PERIODIC_GLOBAL_REBUILD,8,2147483647,SKEW_80_20,,6,-1,300000,300000,300000,300000,-1,-1,300000,-1,,GLOBAL_REBUILD,COMMIT,periodic interval,-1,-1,1031594,42876,1.0,1.0,1.0,NaN,NaN,NaN,NaN,52573100,0,0,NaN,NaN,NaN,NaN,,,NaN,NaN,NaN
PUBLICATION,SKEW_80_20,PERIODIC_GLOBAL_REBUILD,9,6364136223846793005,SKEW_80_20,,1,-1,50000,50000,50000,50000,-1,-1,50000,-1,,GLOBAL_REBUILD,COMMIT,periodic interval,-1,-1,1005047,41773,1.0,1.0,1.0,NaN,NaN,NaN,NaN,76416600,0,0,NaN,NaN,NaN,NaN,,,NaN,NaN,NaN
PUBLICATION,SKEW_80_20,PERIODIC_GLOBAL_REBUILD,9,6364136223846793005,SKEW_80_20,,2,-1,100000,100000,100000,100000,-1,-1,100000,-1,,GLOBAL_REBUILD,COMMIT,periodic interval,-1,-1,1010225,41986,1.0,1.0,1.0,NaN,NaN,NaN,NaN,21371400,0,0,NaN,NaN,NaN,NaN,,,NaN,NaN,NaN
PUBLICATION,SKEW_80_20,PERIODIC_GLOBAL_REBUILD,9,6364136223846793005,SKEW_80_20,,3,-1,150000,150000,150000,150000,-1,-1,150000,-1,,GLOBAL_REBUILD,COMMIT,periodic interval,-1,-1,1015419,42202,1.0,1.0,1.0,NaN,NaN,NaN,NaN,88018300,0,0,NaN,NaN,NaN,NaN,,,NaN,NaN,NaN
PUBLICATION,SKEW_80_20,PERIODIC_GLOBAL_REBUILD,9,6364136223846793005,SKEW_80_20,,4,-1,200000,200000,200000,200000,-1,-1,200000,-1,,GLOBAL_REBUILD,COMMIT,periodic interval,-1,-1,1020630,42419,1.0,1.0,1.0,NaN,NaN,NaN,NaN,47677900,0,0,NaN,NaN,NaN,NaN,,,NaN,NaN,NaN
PUBLICATION,SKEW_80_20,PERIODIC_GLOBAL_REBUILD,9,6364136223846793005,SKEW_80_20,,5,-1,250000,250000,250000,250000,-1,-1,250000,-1,,GLOBAL_REBUILD,COMMIT,periodic interval,-1,-1,1026107,42642,1.0,1.0,1.0,NaN,NaN,NaN,NaN,8380100,0,0,NaN,NaN,NaN,NaN,,,NaN,NaN,NaN
PUBLICATION,SKEW_80_20,PERIODIC_GLOBAL_REBUILD,9,6364136223846793005,SKEW_80_20,,6,-1,300000,300000,300000,300000,-1,-1,300000,-1,,GLOBAL_REBUILD,COMMIT,periodic interval,-1,-1,1031628,42871,1.0,1.0,1.0,NaN,NaN,NaN,NaN,14388300,0,0,NaN,NaN,NaN,NaN,,,NaN,NaN,NaN
PUBLICATION,STRESS,LARS_FULL,0,1103515245,STRESS_INSERT,,1,21000,73540,-1,-1,-1,-1,-1,-1,-1,INSERT_SPLIT_PRESSURE,,ABSTAIN,no feasible bounded repair window for SLACKEN,-1,-1,0,0,0.0,0.0,NaN,NaN,NaN,NaN,NaN,0,0,0,NaN,NaN,NaN,NaN,,,NaN,NaN,NaN
PUBLICATION,STRESS,LARS_FULL,0,1103515245,STRESS_MIXED,,2,21612,250811,-1,-1,-1,-1,-1,-1,-1,NO_CONFIDENT_DIAGNOSIS,,ABSTAIN,"diagnostic confidence not satisfied: insertScore=0.02143070975167266, scanScore=0.0",-1,-1,0,0,0.0,0.0,NaN,NaN,NaN,NaN,NaN,0,0,0,NaN,NaN,NaN,NaN,,,NaN,NaN,NaN
PUBLICATION,STRESS,LARS_FULL,0,1103515245,STRESS_MIXED,,3,21172,255902,-1,-1,-1,-1,-1,-1,-1,NO_CONFIDENT_DIAGNOSIS,,ABSTAIN,"diagnostic confidence not satisfied: insertScore=0.007928929993634218, scanScore=0.0",-1,-1,0,0,0.0,0.0,NaN,NaN,NaN,NaN,NaN,0,0,0,NaN,NaN,NaN,NaN,,,NaN,NaN,NaN
PUBLICATION,STRESS,LARS_FULL,0,1103515245,STRESS_MIXED,,4,21003,300000,294030,294030,294030,294124,299938,-1,4,INSERT_SPLIT_PRESSURE,SLACKEN,ROLLBACK,trial censored at RUN_END before a terminal live-trial decision,20,21,62,3,5.79492868966381E-5,1.348314606741573E-4,0.03493330604168799,67342.13488895712,3230.0,3714.4999999999995,1103.1726291793311,834400,127,0,NaN,NaN,1500.0,1800.0,SEARCH=0.3251953125;INSERT=0.3212890625;DELETE=0.1044921875;UPDATE=0.1572265625;RANGE_SEARCH=0.091796875,SEARCH=0.23622047244094488;INSERT=0.36220472440944884;DELETE=0.11811023622047244;UPDATE=0.14173228346456693;RANGE_SEARCH=0.14173228346456693,NaN,NaN,0.1044691190944882
PUBLICATION,STRESS,LARS_FULL,1,214013,STRESS_INSERT,,1,20996,75000,69717,69717,69717,69728,74997,-1,4,INSERT_SPLIT_PRESSURE,SLACKEN,ROLLBACK,trial censored at PHASE_BOUNDARY before a terminal live-trial decision,19,20,49,3,4.6537779179187546E-5,1.3594344752582924E-4,0.03432440585928334,447323.43378138304,2710.0,3116.4999999999995,139.33989434245035,28100,180,0,NaN,NaN,2200.0,3400.0,SEARCH=0.064453125;INSERT=0.7666015625;DELETE=0.0517578125;UPDATE=0.0986328125;RANGE_SEARCH=0.0185546875,SEARCH=0.07777777777777778;INSERT=0.7555555555555555;DELETE=0.05555555555555555;UPDATE=0.08888888888888889;RANGE_SEARCH=0.022222222222222223,NaN,NaN,0.020789930555555565
PUBLICATION,STRESS,LARS_FULL,1,214013,STRESS_READ,,2,20999,102960,-1,-1,-1,-1,-1,-1,-1,NO_CONFIDENT_DIAGNOSIS,,ABSTAIN,"diagnostic confidence not satisfied: insertScore=0.06817358005479796, scanScore=0.04763073825428974",-1,-1,0,0,0.0,0.0,NaN,NaN,NaN,NaN,NaN,0,0,0,NaN,NaN,NaN,NaN,,,NaN,NaN,NaN
PUBLICATION,STRESS,LARS_FULL,1,214013,STRESS_MIXED,,3,20993,296210,-1,-1,-1,-1,-1,-1,-1,SCAN_FRAGMENTATION,,ABSTAIN,predicted benefit does not repay estimated adaptation cost within configured horizon,-1,-1,0,0,0.0,0.0,NaN,NaN,NaN,NaN,NaN,0,0,0,NaN,NaN,NaN,NaN,,,NaN,NaN,NaN
PUBLICATION,STRESS,LARS_FULL,1,214013,STRESS_MIXED,,4,21003,296799,-1,-1,-1,-1,-1,-1,-1,SCAN_FRAGMENTATION,,ABSTAIN,predicted benefit does not repay estimated adaptation cost within configured horizon,-1,-1,0,0,0.0,0.0,NaN,NaN,NaN,NaN,NaN,0,0,0,NaN,NaN,NaN,NaN,,,NaN,NaN,NaN
PUBLICATION,STRESS,LARS_FULL,1,214013,STRESS_MIXED,,5,21004,300000,298056,298056,298056,298077,299967,-1,4,INSERT_SPLIT_PRESSURE,SLACKEN,ROLLBACK,trial censored at RUN_END before a terminal live-trial decision,0,1,59,3,5.515570267897792E-5,1.349892008639309E-4,0.02991702699544233,388979.78263410076,3110.0,3576.4999999999995,183.89130539281956,25100,51,0,NaN,NaN,2900.0,500.0,SEARCH=0.3662109375;INSERT=0.3095703125;DELETE=0.10546875;UPDATE=0.12890625;RANGE_SEARCH=0.08984375,SEARCH=0.45098039215686275;INSERT=0.27450980392156865;DELETE=0.0392156862745098;UPDATE=0.21568627450980393;RANGE_SEARCH=0.0196078431372549,NaN,NaN,0.17154947916666666
PUBLICATION,STRESS,LARS_FULL,2,1664525,STRESS_MIXED,,1,20991,293385,-1,-1,-1,-1,-1,-1,-1,SCAN_FRAGMENTATION,,ABSTAIN,predicted benefit does not repay estimated adaptation cost within configured horizon,-1,-1,0,0,0.0,0.0,NaN,NaN,NaN,NaN,NaN,0,0,0,NaN,NaN,NaN,NaN,,,NaN,NaN,NaN
PUBLICATION,STRESS,LARS_FULL,2,1664525,STRESS_MIXED,,2,21005,296908,-1,-1,-1,-1,-1,-1,-1,NO_CONFIDENT_DIAGNOSIS,,ABSTAIN,"diagnostic confidence not satisfied: insertScore=0.15702877322668937, scanScore=0.1822864877521451",-1,-1,0,0,0.0,0.0,NaN,NaN,NaN,NaN,NaN,0,0,0,NaN,NaN,NaN,NaN,,,NaN,NaN,NaN
PUBLICATION,STRESS,LARS_FULL,3,22695477,STRESS_MIXED,,1,21003,299679,-1,-1,-1,-1,-1,-1,-1,SCAN_FRAGMENTATION,,ABSTAIN,predicted benefit does not repay estimated adaptation cost within configured horizon,-1,-1,0,0,0.0,0.0,NaN,NaN,NaN,NaN,NaN,0,0,0,NaN,NaN,NaN,NaN,,,NaN,NaN,NaN
PUBLICATION,STRESS,LARS_FULL,4,69069,STRESS_INSERT,,1,20997,72438,-1,-1,-1,-1,-1,-1,-1,NO_CONFIDENT_DIAGNOSIS,,ABSTAIN,"diagnostic confidence not satisfied: insertScore=0.10634699612243723, scanScore=0.05370064847021766",-1,-1,0,0,0.0,0.0,NaN,NaN,NaN,NaN,NaN,0,0,0,NaN,NaN,NaN,NaN,,,NaN,NaN,NaN
PUBLICATION,STRESS,LARS_FULL,4,69069,STRESS_INSERT,,2,21001,75000,72605,72605,72605,72786,74978,-1,4,INSERT_SPLIT_PRESSURE,SLACKEN,ROLLBACK,trial censored at PHASE_BOUNDARY before a terminal live-trial decision,40,41,50,3,4.747887190200361E-5,1.3594344752582924E-4,0.031349497918197404,90276.75728630909,2750.0,3162.4999999999995,700.6233043950081,798600,71,0,NaN,NaN,2000.0,800.0,SEARCH=0.07421875;INSERT=0.7578125;DELETE=0.0595703125;UPDATE=0.0908203125;RANGE_SEARCH=0.017578125,SEARCH=0.028169014084507043;INSERT=0.8028169014084507;DELETE=0.07042253521126761;UPDATE=0.08450704225352113;RANGE_SEARCH=0.014084507042253521,NaN,NaN,0.05585662411971833
PUBLICATION,STRESS,LARS_FULL,4,69069,STRESS_READ,,3,20996,75309,-1,-1,-1,-1,-1,-1,-1,NO_CONFIDENT_DIAGNOSIS,,ABSTAIN,"diagnostic confidence not satisfied: insertScore=0.1060752703184768, scanScore=0.010678652152273494",-1,-1,0,0,0.0,0.0,NaN,NaN,NaN,NaN,NaN,0,0,0,NaN,NaN,NaN,NaN,,,NaN,NaN,NaN
PUBLICATION,STRESS,LARS_FULL,4,69069,STRESS_MIXED,,4,21659,245625,-1,-1,-1,-1,-1,-1,-1,NO_CONFIDENT_DIAGNOSIS,,ABSTAIN,"diagnostic confidence not satisfied: insertScore=0.12634113107157688, scanScore=0.0",-1,-1,0,0,0.0,0.0,NaN,NaN,NaN,NaN,NaN,0,0,0,NaN,NaN,NaN,NaN,,,NaN,NaN,NaN
PUBLICATION,STRESS,LARS_FULL,4,69069,STRESS_MIXED,,5,21662,255974,-1,-1,-1,-1,-1,-1,-1,NO_CONFIDENT_DIAGNOSIS,,ABSTAIN,"diagnostic confidence not satisfied: insertScore=0.056405305217559085, scanScore=0.0",-1,-1,0,0,0.0,0.0,NaN,NaN,NaN,NaN,NaN,0,0,0,NaN,NaN,NaN,NaN,,,NaN,NaN,NaN
PUBLICATION,STRESS,LARS_FULL,4,69069,STRESS_MIXED,,6,20999,257472,-1,-1,-1,-1,-1,-1,-1,NO_CONFIDENT_DIAGNOSIS,,ABSTAIN,"diagnostic confidence not satisfied: insertScore=0.0, scanScore=0.05839302415778785",-1,-1,0,0,0.0,0.0,NaN,NaN,NaN,NaN,NaN,0,0,0,NaN,NaN,NaN,NaN,,,NaN,NaN,NaN
PUBLICATION,STRESS,LARS_FULL,4,69069,STRESS_MIXED,,7,20991,285702,-1,-1,-1,-1,-1,-1,-1,SCAN_FRAGMENTATION,,ABSTAIN,no feasible bounded repair window for COMPACT,-1,-1,0,0,0.0,0.0,NaN,NaN,NaN,NaN,NaN,0,0,0,NaN,NaN,NaN,NaN,,,NaN,NaN,NaN
PUBLICATION,STRESS,LARS_FULL,4,69069,STRESS_MIXED,,8,20993,293561,-1,-1,-1,-1,-1,-1,-1,SCAN_FRAGMENTATION,,ABSTAIN,predicted benefit does not repay estimated adaptation cost within configured horizon,-1,-1,0,0,0.0,0.0,NaN,NaN,NaN,NaN,NaN,0,0,0,NaN,NaN,NaN,NaN,,,NaN,NaN,NaN
PUBLICATION,STRESS,LARS_FULL,4,69069,STRESS_MIXED,,9,21003,295463,-1,-1,-1,-1,-1,-1,-1,NO_CONFIDENT_DIAGNOSIS,,ABSTAIN,"diagnostic confidence not satisfied: insertScore=0.21908910874174073, scanScore=0.20046946534966395",-1,-1,0,0,0.0,0.0,NaN,NaN,NaN,NaN,NaN,0,0,0,NaN,NaN,NaN,NaN,,,NaN,NaN,NaN
PUBLICATION,STRESS,LARS_FULL,4,69069,STRESS_MIXED,,10,21004,300000,298865,298865,298865,298900,299986,-1,4,INSERT_SPLIT_PRESSURE,SLACKEN,ROLLBACK,trial censored at RUN_END before a terminal live-trial decision,19,20,56,3,5.233595947701423E-5,1.3502565487442613E-4,0.028647363267589872,136522.590572108,2990.0,3438.4999999999995,503.72615778688515,26700,31,0,NaN,NaN,1900.0,400.0,SEARCH=0.3544921875;INSERT=0.2978515625;DELETE=0.09375;UPDATE=0.1455078125;RANGE_SEARCH=0.1083984375,SEARCH=0.22580645161290322;INSERT=0.3548387096774194;DELETE=0.0967741935483871;UPDATE=0.0967741935483871;RANGE_SEARCH=0.22580645161290322,NaN,NaN,0.1774193548387097
PUBLICATION,STRESS,LARS_FULL,5,48271,STRESS_MIXED,,1,20992,300000,294786,294786,294786,294807,299993,-1,4,INSERT_SPLIT_PRESSURE,SLACKEN,ROLLBACK,trial censored at RUN_END before a terminal live-trial decision,2,3,64,3,5.9851792000059855E-5,1.350621285791464E-4,0.03379314896706488,754207.643059864,3310.0,3806.4999999999995,100.94037192613982,671800,135,0,NaN,NaN,5000.0,2400.0,SEARCH=0.3427734375;INSERT=0.2861328125;DELETE=0.1064453125;UPDATE=0.162109375;RANGE_SEARCH=0.1025390625,SEARCH=0.2962962962962963;INSERT=0.3333333333333333;DELETE=0.11851851851851852;UPDATE=0.14814814814814814;RANGE_SEARCH=0.1037037037037037,NaN,NaN,0.06043836805555556
PUBLICATION,STRESS,LARS_FULL,6,134775813,STRESS_INSERT,,1,20997,72032,-1,-1,-1,-1,-1,-1,-1,INSERT_SPLIT_PRESSURE,,ABSTAIN,predicted benefit does not repay estimated adaptation cost within configured horizon,-1,-1,0,0,0.0,0.0,NaN,NaN,NaN,NaN,NaN,0,0,0,NaN,NaN,NaN,NaN,,,NaN,NaN,NaN
PUBLICATION,STRESS,LARS_FULL,6,134775813,STRESS_READ,,2,20999,75282,-1,-1,-1,-1,-1,-1,-1,INSERT_SPLIT_PRESSURE,,ABSTAIN,no feasible bounded repair window for SLACKEN,-1,-1,0,0,0.0,0.0,NaN,NaN,NaN,NaN,NaN,0,0,0,NaN,NaN,NaN,NaN,,,NaN,NaN,NaN
PUBLICATION,STRESS,LARS_FULL,6,134775813,STRESS_READ,,3,21000,121701,76525,76525,76525,76531,121701,-1,4,INSERT_SPLIT_PRESSURE,SLACKEN,ROLLBACK,workload drift remained above threshold at maximum trial length,31,32,50,3,4.746309744173905E-5,1.3593112822836428E-4,0.03253685815963396,591878.4951703101,2750.0,3162.4999999999995,106.86314930533186,634100,1536,40,200.0,300.0,4200.0,1100.0,SEARCH=0.119140625;INSERT=0.705078125;DELETE=0.0498046875;UPDATE=0.1025390625;RANGE_SEARCH=0.0234375,SEARCH=0.9251302083333334;INSERT=0.01953125;DELETE=0.011067708333333334;UPDATE=0.015625;RANGE_SEARCH=0.028645833333333332,NaN,NaN,0.8111979166666667
PUBLICATION,STRESS,LARS_FULL,6,134775813,STRESS_MIXED,,4,21599,293010,-1,-1,-1,-1,-1,-1,-1,INSERT_SPLIT_PRESSURE,,ABSTAIN,no feasible bounded repair window for SLACKEN,-1,-1,0,0,0.0,0.0,NaN,NaN,NaN,NaN,NaN,0,0,0,NaN,NaN,NaN,NaN,,,NaN,NaN,NaN
PUBLICATION,STRESS,LARS_FULL,6,134775813,STRESS_MIXED,,5,20993,298833,-1,-1,-1,-1,-1,-1,-1,SCAN_FRAGMENTATION,,ABSTAIN,predicted benefit does not repay estimated adaptation cost within configured horizon,-1,-1,0,0,0.0,0.0,NaN,NaN,NaN,NaN,NaN,0,0,0,NaN,NaN,NaN,NaN,,,NaN,NaN,NaN
PUBLICATION,STRESS,LARS_FULL,7,16807,STRESS_INSERT,,1,21000,70936,-1,-1,-1,-1,-1,-1,-1,NO_CONFIDENT_DIAGNOSIS,,ABSTAIN,"diagnostic confidence not satisfied: insertScore=0.13927903065508654, scanScore=0.058129186114422304",-1,-1,0,0,0.0,0.0,NaN,NaN,NaN,NaN,NaN,0,0,0,NaN,NaN,NaN,NaN,,,NaN,NaN,NaN
PUBLICATION,STRESS,LARS_FULL,7,16807,STRESS_READ,,2,21185,89873,-1,-1,-1,-1,-1,-1,-1,NO_CONFIDENT_DIAGNOSIS,,ABSTAIN,"diagnostic confidence not satisfied: insertScore=0.22219703997764967, scanScore=0.0",-1,-1,0,0,0.0,0.0,NaN,NaN,NaN,NaN,NaN,0,0,0,NaN,NaN,NaN,NaN,,,NaN,NaN,NaN
PUBLICATION,STRESS,LARS_FULL,7,16807,STRESS_READ,,3,21001,94019,-1,-1,-1,-1,-1,-1,-1,NO_CONFIDENT_DIAGNOSIS,,ABSTAIN,"diagnostic confidence not satisfied: insertScore=0.05266828206513414, scanScore=0.052789897521383085",-1,-1,0,0,0.0,0.0,NaN,NaN,NaN,NaN,NaN,0,0,0,NaN,NaN,NaN,NaN,,,NaN,NaN,NaN
PUBLICATION,STRESS,LARS_FULL,7,16807,STRESS_MIXED,,4,20994,295775,-1,-1,-1,-1,-1,-1,-1,SCAN_FRAGMENTATION,,ABSTAIN,predicted benefit does not repay estimated adaptation cost within configured horizon,-1,-1,0,0,0.0,0.0,NaN,NaN,NaN,NaN,NaN,0,0,0,NaN,NaN,NaN,NaN,,,NaN,NaN,NaN
PUBLICATION,STRESS,LARS_FULL,7,16807,STRESS_MIXED,,5,20992,300000,299566,299566,299566,299569,299922,-1,4,INSERT_SPLIT_PRESSURE,SLACKEN,ROLLBACK,trial censored at RUN_END before a terminal live-trial decision,8,9,63,3,5.893633939847514E-5,1.351290482410702E-4,0.028747894441325098,98371.70129140934,3270.0,3760.4999999999995,764.5491438356164,722700,13,0,NaN,NaN,1700.0,500.0,SEARCH=0.3583984375;INSERT=0.28515625;DELETE=0.099609375;UPDATE=0.138671875;RANGE_SEARCH=0.1181640625,SEARCH=0.23076923076923078;INSERT=0.3076923076923077;DELETE=0.0;UPDATE=0.23076923076923078;RANGE_SEARCH=0.23076923076923078,NaN,NaN,0.22723858173076925
PUBLICATION,STRESS,LARS_FULL,8,2147483647,STRESS_INSERT,,1,20996,75000,67275,67275,67275,67304,75000,-1,4,INSERT_SPLIT_PRESSURE,SLACKEN,ROLLBACK,trial censored at PHASE_BOUNDARY before a terminal live-trial decision,43,44,41,3,3.8942326414580004E-5,1.3593112822836428E-4,0.03524350369987954,481362.93236964376,2390.0,2748.5,114.19657872157872,30900,257,27,2400.0,1400.0,2400.0,1400.0,SEARCH=0.0751953125;INSERT=0.7587890625;DELETE=0.041015625;UPDATE=0.1044921875;RANGE_SEARCH=0.0205078125,SEARCH=0.1245136186770428;INSERT=0.7315175097276264;DELETE=0.038910505836575876;UPDATE=0.07003891050583658;RANGE_SEARCH=0.03501945525291829,0.4166666666666667,0.3984008890787761,0.0638299489299611
PUBLICATION,STRESS,LARS_FULL,8,2147483647,STRESS_READ,,2,20997,123867,77275,77275,77275,77279,123867,-1,4,INSERT_SPLIT_PRESSURE,SLACKEN,ROLLBACK,workload drift remained above threshold at maximum trial length,28,29,44,3,4.1769032439349464E-5,1.3591265346803787E-4,0.03212448236918058,951869.7452628938,2510.0,2886.5,60.64905443974978,38200,1536,53,200.0,200.0,2000.0,1000.0,SEARCH=0.1396484375;INSERT=0.7021484375;DELETE=0.0478515625;UPDATE=0.0927734375;RANGE_SEARCH=0.017578125,SEARCH=0.900390625;INSERT=0.025390625;DELETE=0.009765625;UPDATE=0.024739583333333332;RANGE_SEARCH=0.039713541666666664,NaN,NaN,0.7828776041666667
PUBLICATION,STRESS,LARS_FULL,8,2147483647,STRESS_MIXED,,3,20991,291679,-1,-1,-1,-1,-1,-1,-1,SCAN_FRAGMENTATION,,ABSTAIN,predicted benefit does not repay estimated adaptation cost within configured horizon,-1,-1,0,0,0.0,0.0,NaN,NaN,NaN,NaN,NaN,0,0,0,NaN,NaN,NaN,NaN,,,NaN,NaN,NaN
PUBLICATION,STRESS,LARS_FULL,8,2147483647,STRESS_MIXED,,4,21004,292389,-1,-1,-1,-1,-1,-1,-1,SCAN_FRAGMENTATION,,ABSTAIN,predicted benefit does not repay estimated adaptation cost within configured horizon,-1,-1,0,0,0.0,0.0,NaN,NaN,NaN,NaN,NaN,0,0,0,NaN,NaN,NaN,NaN,,,NaN,NaN,NaN
PUBLICATION,STRESS,LARS_FULL,8,2147483647,STRESS_MIXED,,5,21003,300000,295628,295628,295628,295660,299910,-1,4,SCAN_FRAGMENTATION,COMPACT,ROLLBACK,trial censored at RUN_END before a terminal live-trial decision,22,24,52,3,4.86216237191241E-5,1.3504996848834067E-4,0.03229570757246034,14507.83738606617,2830.0,3254.4999999999995,4486.540499999998,22900,103,0,NaN,NaN,1000.0,400.0,SEARCH=0.3505859375;INSERT=0.3095703125;DELETE=0.0966796875;UPDATE=0.1533203125;RANGE_SEARCH=0.08984375,SEARCH=0.3786407766990291;INSERT=0.2912621359223301;DELETE=0.07766990291262135;UPDATE=0.17475728155339806;RANGE_SEARCH=0.07766990291262135,NaN,NaN,0.0494918082524272
PUBLICATION,STRESS,LARS_FULL,9,6364136223846793005,STRESS_INSERT,,1,20998,72165,-1,-1,-1,-1,-1,-1,-1,NO_CONFIDENT_DIAGNOSIS,,ABSTAIN,"diagnostic confidence not satisfied: insertScore=0.14248221089175347, scanScore=0.06071895873021921",-1,-1,0,0,0.0,0.0,NaN,NaN,NaN,NaN,NaN,0,0,0,NaN,NaN,NaN,NaN,,,NaN,NaN,NaN
PUBLICATION,STRESS,LARS_FULL,9,6364136223846793005,STRESS_READ,,2,21001,103493,-1,-1,-1,-1,-1,-1,-1,NO_CONFIDENT_DIAGNOSIS,,ABSTAIN,"diagnostic confidence not satisfied: insertScore=0.2785433856764714, scanScore=0.07050459707631022",-1,-1,0,0,0.0,0.0,NaN,NaN,NaN,NaN,NaN,0,0,0,NaN,NaN,NaN,NaN,,,NaN,NaN,NaN
PUBLICATION,STRESS,LARS_FULL,9,6364136223846793005,STRESS_MIXED,,3,21004,300000,290017,290017,290017,290063,299951,-1,4,INSERT_SPLIT_PRESSURE,SLACKEN,ROLLBACK,trial censored at RUN_END before a terminal live-trial decision,16,18,92,4,8.598846072243392E-5,1.8016394919376631E-4,0.039445300462249616,755007.7041602465,4680.0,5382.0,142.56808163265305,34100,243,0,NaN,NaN,4400.0,700.0,SEARCH=0.3623046875;INSERT=0.2734375;DELETE=0.115234375;UPDATE=0.146484375;RANGE_SEARCH=0.1025390625,SEARCH=0.3045267489711934;INSERT=0.32098765432098764;DELETE=0.102880658436214;UPDATE=0.1646090534979424;RANGE_SEARCH=0.10699588477366255,NaN,NaN,0.07013165509259259
PUBLICATION,STRESS,LARS_NO_DIAGNOSIS,0,1103515245,STRESS_INSERT,,1,20998,75000,72232,72232,72232,72236,74969,-1,4,INSERT_SPLIT_PRESSURE,SLACKEN,ROLLBACK,trial censored at PHASE_BOUNDARY before a terminal live-trial decision,30,31,45,3,4.273650381209614E-5,1.3594344752582924E-4,0.03261250358291665,1323137.6795439343,2550.0,2932.5,44.32645287542243,725700,104,0,NaN,NaN,3800.0,3200.0,SEARCH=0.0908203125;INSERT=0.759765625;DELETE=0.044921875;UPDATE=0.0810546875;RANGE_SEARCH=0.0234375,SEARCH=0.0673076923076923;INSERT=0.7596153846153846;DELETE=0.028846153846153848;UPDATE=0.10576923076923077;RANGE_SEARCH=0.038461538461538464,NaN,NaN,0.039738581730769246
PUBLICATION,STRESS,LARS_NO_DIAGNOSIS,0,1103515245,STRESS_READ,,2,20999,75754,-1,-1,-1,-1,-1,-1,-1,NO_CONFIDENT_DIAGNOSIS,,ABSTAIN,no cost-admissible candidate without explicit diagnosis,-1,-1,0,0,0.0,0.0,NaN,NaN,NaN,NaN,NaN,0,0,0,NaN,NaN,NaN,NaN,,,NaN,NaN,NaN
PUBLICATION,STRESS,LARS_NO_DIAGNOSIS,0,1103515245,STRESS_READ,,3,21170,134160,88439,88439,88439,88440,134160,-1,4,INSERT_SPLIT_PRESSURE,SLACKEN,ROLLBACK,workload drift remained above threshold at maximum trial length,57,58,42,3,3.986359058953505E-5,1.3591881116346502E-4,0.03258344735418589,95344.76723836192,2430.0,2794.5,586.1884361233481,48000,1536,38,400.0,200.0,1500.0,3200.0,SEARCH=0.43359375;INSERT=0.443359375;DELETE=0.03125;UPDATE=0.0703125;RANGE_SEARCH=0.021484375,SEARCH=0.912109375;INSERT=0.021484375;DELETE=0.011067708333333334;UPDATE=0.020182291666666668;RANGE_SEARCH=0.03515625,NaN,NaN,0.4921875
PUBLICATION,STRESS,LARS_NO_DIAGNOSIS,0,1103515245,STRESS_MIXED,,4,21003,300000,294030,294030,294030,294124,299938,-1,4,INSERT_SPLIT_PRESSURE,SLACKEN,ROLLBACK,trial censored at RUN_END before a terminal live-trial decision,20,21,62,3,5.79492868966381E-5,1.348314606741573E-4,0.03493330604168799,89789.51318527617,3230.0,3714.4999999999995,827.3794718844982,24000,127,0,NaN,NaN,1100.0,1000.0,SEARCH=0.3251953125;INSERT=0.3212890625;DELETE=0.1044921875;UPDATE=0.1572265625;RANGE_SEARCH=0.091796875,SEARCH=0.23622047244094488;INSERT=0.36220472440944884;DELETE=0.11811023622047244;UPDATE=0.14173228346456693;RANGE_SEARCH=0.14173228346456693,NaN,NaN,0.1044691190944882
PUBLICATION,STRESS,LARS_NO_DIAGNOSIS,1,214013,STRESS_READ,,1,20999,102960,-1,-1,-1,-1,-1,-1,-1,NO_CONFIDENT_DIAGNOSIS,,ABSTAIN,no cost-admissible candidate without explicit diagnosis,-1,-1,0,0,0.0,0.0,NaN,NaN,NaN,NaN,NaN,0,0,0,NaN,NaN,NaN,NaN,,,NaN,NaN,NaN
PUBLICATION,STRESS,LARS_NO_DIAGNOSIS,1,214013,STRESS_SCAN,,2,21598,167902,-1,-1,-1,-1,-1,-1,-1,NO_CONFIDENT_DIAGNOSIS,,ABSTAIN,no cost-admissible candidate without explicit diagnosis,-1,-1,0,0,0.0,0.0,NaN,NaN,NaN,NaN,NaN,0,0,0,NaN,NaN,NaN,NaN,,,NaN,NaN,NaN
PUBLICATION,STRESS,LARS_NO_DIAGNOSIS,1,214013,STRESS_SCAN,,3,21600,214848,-1,-1,-1,-1,-1,-1,-1,NO_CONFIDENT_DIAGNOSIS,,ABSTAIN,no cost-admissible candidate without explicit diagnosis,-1,-1,0,0,0.0,0.0,NaN,NaN,NaN,NaN,NaN,0,0,0,NaN,NaN,NaN,NaN,,,NaN,NaN,NaN
PUBLICATION,STRESS,LARS_NO_DIAGNOSIS,1,214013,STRESS_MIXED,,4,21176,225305,-1,-1,-1,-1,-1,-1,-1,NO_CONFIDENT_DIAGNOSIS,,ABSTAIN,no cost-admissible candidate without explicit diagnosis,-1,-1,0,0,0.0,0.0,NaN,NaN,NaN,NaN,NaN,0,0,0,NaN,NaN,NaN,NaN,,,NaN,NaN,NaN
PUBLICATION,STRESS,LARS_NO_DIAGNOSIS,1,214013,STRESS_MIXED,,5,21174,229419,-1,-1,-1,-1,-1,-1,-1,NO_CONFIDENT_DIAGNOSIS,,ABSTAIN,no cost-admissible candidate without explicit diagnosis,-1,-1,0,0,0.0,0.0,NaN,NaN,NaN,NaN,NaN,0,0,0,NaN,NaN,NaN,NaN,,,NaN,NaN,NaN
PUBLICATION,STRESS,LARS_NO_DIAGNOSIS,1,214013,STRESS_MIXED,,6,21172,232187,-1,-1,-1,-1,-1,-1,-1,NO_CONFIDENT_DIAGNOSIS,,ABSTAIN,no cost-admissible candidate without explicit diagnosis,-1,-1,0,0,0.0,0.0,NaN,NaN,NaN,NaN,NaN,0,0,0,NaN,NaN,NaN,NaN,,,NaN,NaN,NaN
PUBLICATION,STRESS,LARS_NO_DIAGNOSIS,1,214013,STRESS_MIXED,,7,21628,238362,-1,-1,-1,-1,-1,-1,-1,NO_CONFIDENT_DIAGNOSIS,,ABSTAIN,no cost-admissible candidate without explicit diagnosis,-1,-1,0,0,0.0,0.0,NaN,NaN,NaN,NaN,NaN,0,0,0,NaN,NaN,NaN,NaN,,,NaN,NaN,NaN
PUBLICATION,STRESS,LARS_NO_DIAGNOSIS,1,214013,STRESS_MIXED,,8,21613,239836,-1,-1,-1,-1,-1,-1,-1,NO_CONFIDENT_DIAGNOSIS,,ABSTAIN,no cost-admissible candidate without explicit diagnosis,-1,-1,0,0,0.0,0.0,NaN,NaN,NaN,NaN,NaN,0,0,0,NaN,NaN,NaN,NaN,,,NaN,NaN,NaN
PUBLICATION,STRESS,LARS_NO_DIAGNOSIS,1,214013,STRESS_MIXED,,9,21669,249573,-1,-1,-1,-1,-1,-1,-1,NO_CONFIDENT_DIAGNOSIS,,ABSTAIN,no cost-admissible candidate without explicit diagnosis,-1,-1,0,0,0.0,0.0,NaN,NaN,NaN,NaN,NaN,0,0,0,NaN,NaN,NaN,NaN,,,NaN,NaN,NaN
PUBLICATION,STRESS,LARS_NO_DIAGNOSIS,1,214013,STRESS_MIXED,,10,21000,300000,254697,254697,254697,254714,299993,-1,7,INSERT_SPLIT_PRESSURE,SLACKEN,ROLLBACK,trial censored at RUN_END before a terminal live-trial decision,44,45,55,3,5.141633300582687E-5,1.349892008639309E-4,0.008591108538253085,46712.13913568749,2950.0,3392.4999999999995,1452.5132279408595,1061200,516,22,4200.0,1000.0,5000.0,1100.0,SEARCH=0.5673828125;INSERT=0.111328125;DELETE=0.052734375;UPDATE=0.072265625;RANGE_SEARCH=0.1962890625,SEARCH=0.35658914728682173;INSERT=0.3023255813953488;DELETE=0.10077519379844961;UPDATE=0.1375968992248062;RANGE_SEARCH=0.10271317829457365,0.7619047619047619,-0.7086078357514884,0.30436954941860467
PUBLICATION,STRESS,LARS_NO_DIAGNOSIS,2,1664525,STRESS_INSERT,,1,20998,75000,69565,69565,69565,69567,74987,-1,4,INSERT_SPLIT_PRESSURE,SLACKEN,ROLLBACK,trial censored at PHASE_BOUNDARY before a terminal live-trial decision,50,51,35,3,3.3244238773420566E-5,1.3591265346803787E-4,0.03401089411452106,269390.195296931,2150.0,2472.5,183.56273117325048,694800,209,19,2200.0,1400.0,2200.0,1900.0,SEARCH=0.09375;INSERT=0.7333984375;DELETE=0.05078125;UPDATE=0.0986328125;RANGE_SEARCH=0.0234375,SEARCH=0.06698564593301436;INSERT=0.8038277511961722;DELETE=0.03827751196172249;UPDATE=0.07655502392344497;RANGE_SEARCH=0.014354066985645933,0.36363636363636365,-0.10065337357954546,0.07042931369617224
PUBLICATION,STRESS,LARS_NO_DIAGNOSIS,2,1664525,STRESS_READ,,2,20997,119851,101468,101468,101468,101513,119851,119851,5,INSERT_SPLIT_PRESSURE,SLACKEN,COMMIT,trial acceptance rule satisfied,58,59,47,3,4.46220465189582E-5,1.358941837289364E-4,0.02987164527421237,109451.57526254376,2630.0,3024.4999999999995,552.6644989339018,32100,512,19,1500.0,400.0,4300.0,4100.0,SEARCH=0.74609375;INSERT=0.1708984375;DELETE=0.0185546875;UPDATE=0.0341796875;RANGE_SEARCH=0.0302734375,SEARCH=0.93359375;INSERT=0.0078125;DELETE=0.015625;UPDATE=0.015625;RANGE_SEARCH=0.02734375,0.7333333333333333,0.6975134114583332,0.1875
PUBLICATION,STRESS,LARS_NO_DIAGNOSIS,2,1664525,STRESS_MIXED,,3,20999,245952,-1,-1,-1,-1,-1,-1,-1,NO_CONFIDENT_DIAGNOSIS,,ABSTAIN,no cost-admissible candidate without explicit diagnosis,-1,-1,0,0,0.0,0.0,NaN,NaN,NaN,NaN,NaN,0,0,0,NaN,NaN,NaN,NaN,,,NaN,NaN,NaN
PUBLICATION,STRESS,LARS_NO_DIAGNOSIS,2,1664525,STRESS_MIXED,,4,21688,247771,-1,-1,-1,-1,-1,-1,-1,NO_CONFIDENT_DIAGNOSIS,,ABSTAIN,no cost-admissible candidate without explicit diagnosis,-1,-1,0,0,0.0,0.0,NaN,NaN,NaN,NaN,NaN,0,0,0,NaN,NaN,NaN,NaN,,,NaN,NaN,NaN
PUBLICATION,STRESS,LARS_NO_DIAGNOSIS,2,1664525,STRESS_MIXED,,5,20991,300000,293385,293385,293385,293393,299882,-1,4,INSERT_SPLIT_PRESSURE,SLACKEN,ROLLBACK,trial censored at RUN_END before a terminal live-trial decision,33,34,63,3,5.887674387308043E-5,1.3492848790141226E-4,0.03653489367775082,22406.16526330812,3270.0,3760.4999999999995,3356.6654140127384,29000,170,0,NaN,NaN,800.0,700.0,SEARCH=0.34375;INSERT=0.306640625;DELETE=0.1025390625;UPDATE=0.1484375;RANGE_SEARCH=0.0986328125,SEARCH=0.3176470588235294;INSERT=0.3941176470588235;DELETE=0.07647058823529412;UPDATE=0.1411764705882353;RANGE_SEARCH=0.07058823529411765,NaN,NaN,0.08747702205882353
PUBLICATION,STRESS,LARS_NO_DIAGNOSIS,3,22695477,STRESS_INSERT,,1,20999,70679,-1,-1,-1,-1,-1,-1,-1,NO_CONFIDENT_DIAGNOSIS,,ABSTAIN,no cost-admissible candidate without explicit diagnosis,-1,-1,0,0,0.0,0.0,NaN,NaN,NaN,NaN,NaN,0,0,0,NaN,NaN,NaN,NaN,,,NaN,NaN,NaN
PUBLICATION,STRESS,LARS_NO_DIAGNOSIS,3,22695477,STRESS_MIXED,,2,21003,299679,-1,-1,-1,-1,-1,-1,-1,NO_CONFIDENT_DIAGNOSIS,,ABSTAIN,no cost-admissible candidate without explicit diagnosis,-1,-1,0,0,0.0,0.0,NaN,NaN,NaN,NaN,NaN,0,0,0,NaN,NaN,NaN,NaN,,,NaN,NaN,NaN
PUBLICATION,STRESS,LARS_NO_DIAGNOSIS,4,69069,STRESS_INSERT,,1,20998,68548,-1,-1,-1,-1,-1,-1,-1,NO_CONFIDENT_DIAGNOSIS,,ABSTAIN,no cost-admissible candidate without explicit diagnosis,-1,-1,0,0,0.0,0.0,NaN,NaN,NaN,NaN,NaN,0,0,0,NaN,NaN,NaN,NaN,,,NaN,NaN,NaN
PUBLICATION,STRESS,LARS_NO_DIAGNOSIS,4,69069,STRESS_INSERT,,2,20997,72438,-1,-1,-1,-1,-1,-1,-1,NO_CONFIDENT_DIAGNOSIS,,ABSTAIN,no cost-admissible candidate without explicit diagnosis,-1,-1,0,0,0.0,0.0,NaN,NaN,NaN,NaN,NaN,0,0,0,NaN,NaN,NaN,NaN,,,NaN,NaN,NaN
PUBLICATION,STRESS,LARS_NO_DIAGNOSIS,4,69069,STRESS_READ,,3,21181,97466,-1,-1,-1,-1,-1,-1,-1,NO_CONFIDENT_DIAGNOSIS,,ABSTAIN,no cost-admissible candidate without explicit diagnosis,-1,-1,0,0,0.0,0.0,NaN,NaN,NaN,NaN,NaN,0,0,0,NaN,NaN,NaN,NaN,,,NaN,NaN,NaN
PUBLICATION,STRESS,LARS_NO_DIAGNOSIS,4,69069,STRESS_READ,,4,20998,99976,-1,-1,-1,-1,-1,-1,-1,NO_CONFIDENT_DIAGNOSIS,,ABSTAIN,no cost-admissible candidate without explicit diagnosis,-1,-1,0,0,0.0,0.0,NaN,NaN,NaN,NaN,NaN,0,0,0,NaN,NaN,NaN,NaN,,,NaN,NaN,NaN
PUBLICATION,STRESS,LARS_NO_DIAGNOSIS,4,69069,STRESS_MIXED,,5,20991,285702,-1,-1,-1,-1,-1,-1,-1,NO_CONFIDENT_DIAGNOSIS,,ABSTAIN,no cost-admissible candidate without explicit diagnosis,-1,-1,0,0,0.0,0.0,NaN,NaN,NaN,NaN,NaN,0,0,0,NaN,NaN,NaN,NaN,,,NaN,NaN,NaN
PUBLICATION,STRESS,LARS_NO_DIAGNOSIS,4,69069,STRESS_MIXED,,6,20993,300000,293561,293561,293561,293681,299985,-1,4,INSERT_SPLIT_PRESSURE,SLACKEN,ROLLBACK,trial censored at RUN_END before a terminal live-trial decision,1,3,92,4,8.598050485509481E-5,1.8003420649923484E-4,0.03557161218605621,83926.77250147637,4680.0,5382.0,1282.5466390728475,28400,154,0,NaN,NaN,1000.0,500.0,SEARCH=0.33984375;INSERT=0.294921875;DELETE=0.115234375;UPDATE=0.150390625;RANGE_SEARCH=0.099609375,SEARCH=0.38311688311688313;INSERT=0.22727272727272727;DELETE=0.11688311688311688;UPDATE=0.14285714285714285;RANGE_SEARCH=0.12987012987012986,NaN,NaN,0.07518262987012989
PUBLICATION,STRESS,LARS_NO_DIAGNOSIS,5,48271,STRESS_INSERT,,1,20998,72133,-1,-1,-1,-1,-1,-1,-1,NO_CONFIDENT_DIAGNOSIS,,ABSTAIN,no cost-admissible candidate without explicit diagnosis,-1,-1,0,0,0.0,0.0,NaN,NaN,NaN,NaN,NaN,0,0,0,NaN,NaN,NaN,NaN,,,NaN,NaN,NaN
PUBLICATION,STRESS,LARS_NO_DIAGNOSIS,5,48271,STRESS_READ,,2,21182,87976,-1,-1,-1,-1,-1,-1,-1,NO_CONFIDENT_DIAGNOSIS,,ABSTAIN,no cost-admissible candidate without explicit diagnosis,-1,-1,0,0,0.0,0.0,NaN,NaN,NaN,NaN,NaN,0,0,0,NaN,NaN,NaN,NaN,,,NaN,NaN,NaN
PUBLICATION,STRESS,LARS_NO_DIAGNOSIS,5,48271,STRESS_READ,,3,21174,92449,-1,-1,-1,-1,-1,-1,-1,NO_CONFIDENT_DIAGNOSIS,,ABSTAIN,no cost-admissible candidate without explicit diagnosis,-1,-1,0,0,0.0,0.0,NaN,NaN,NaN,NaN,NaN,0,0,0,NaN,NaN,NaN,NaN,,,NaN,NaN,NaN
PUBLICATION,STRESS,LARS_NO_DIAGNOSIS,5,48271,STRESS_MIXED,,4,20992,300000,294786,294786,294786,294807,299993,-1,4,INSERT_SPLIT_PRESSURE,SLACKEN,ROLLBACK,trial censored at RUN_END before a terminal live-trial decision,2,3,64,3,5.9851792000059855E-5,1.350621285791464E-4,0.03379314896706488,812223.6156029305,3310.0,3806.4999999999995,93.73034535998698,690000,135,0,NaN,NaN,4800.0,2100.0,SEARCH=0.3427734375;INSERT=0.2861328125;DELETE=0.1064453125;UPDATE=0.162109375;RANGE_SEARCH=0.1025390625,SEARCH=0.2962962962962963;INSERT=0.3333333333333333;DELETE=0.11851851851851852;UPDATE=0.14814814814814814;RANGE_SEARCH=0.1037037037037037,NaN,NaN,0.06043836805555556
PUBLICATION,STRESS,LARS_NO_DIAGNOSIS,6,134775813,STRESS_INSERT,,1,21001,66995,-1,-1,-1,-1,-1,-1,-1,NO_CONFIDENT_DIAGNOSIS,,ABSTAIN,no cost-admissible candidate without explicit diagnosis,-1,-1,0,0,0.0,0.0,NaN,NaN,NaN,NaN,NaN,0,0,0,NaN,NaN,NaN,NaN,,,NaN,NaN,NaN
PUBLICATION,STRESS,LARS_NO_DIAGNOSIS,6,134775813,STRESS_INSERT,,2,20996,71494,-1,-1,-1,-1,-1,-1,-1,NO_CONFIDENT_DIAGNOSIS,,ABSTAIN,no cost-admissible candidate without explicit diagnosis,-1,-1,0,0,0.0,0.0,NaN,NaN,NaN,NaN,NaN,0,0,0,NaN,NaN,NaN,NaN,,,NaN,NaN,NaN
PUBLICATION,STRESS,LARS_NO_DIAGNOSIS,6,134775813,STRESS_INSERT,,3,20997,72032,-1,-1,-1,-1,-1,-1,-1,NO_CONFIDENT_DIAGNOSIS,,ABSTAIN,no cost-admissible candidate without explicit diagnosis,-1,-1,0,0,0.0,0.0,NaN,NaN,NaN,NaN,NaN,0,0,0,NaN,NaN,NaN,NaN,,,NaN,NaN,NaN
PUBLICATION,STRESS,LARS_NO_DIAGNOSIS,6,134775813,STRESS_READ,,4,21000,121701,76525,76525,76525,76531,121701,-1,4,INSERT_SPLIT_PRESSURE,SLACKEN,ROLLBACK,workload drift remained above threshold at maximum trial length,31,32,50,3,4.746309744173905E-5,1.3593112822836428E-4,0.03253685815963396,192704.6263345196,2750.0,3162.4999999999995,328.22253000923354,631200,1536,40,200.0,300.0,1300.0,1100.0,SEARCH=0.119140625;INSERT=0.705078125;DELETE=0.0498046875;UPDATE=0.1025390625;RANGE_SEARCH=0.0234375,SEARCH=0.9251302083333334;INSERT=0.01953125;DELETE=0.011067708333333334;UPDATE=0.015625;RANGE_SEARCH=0.028645833333333332,NaN,NaN,0.8111979166666667
PUBLICATION,STRESS,LARS_NO_DIAGNOSIS,6,134775813,STRESS_MIXED,,5,20993,298833,-1,-1,-1,-1,-1,-1,-1,NO_CONFIDENT_DIAGNOSIS,,ABSTAIN,no cost-admissible candidate without explicit diagnosis,-1,-1,0,0,0.0,0.0,NaN,NaN,NaN,NaN,NaN,0,0,0,NaN,NaN,NaN,NaN,,,NaN,NaN,NaN
PUBLICATION,STRESS,LARS_NO_DIAGNOSIS,7,16807,STRESS_INSERT,,1,20999,75000,69905,69905,69905,69920,74981,-1,4,INSERT_SPLIT_PRESSURE,SLACKEN,ROLLBACK,trial censored at PHASE_BOUNDARY before a terminal live-trial decision,4,5,63,3,5.986055341556716E-5,1.3595576905646697E-4,0.035934868051656375,138138.68613138687,3270.0,3760.4999999999995,544.4528401585203,826600,164,19,1300.0,1100.0,1300.0,1100.0,SEARCH=0.08203125;INSERT=0.7392578125;DELETE=0.056640625;UPDATE=0.099609375;RANGE_SEARCH=0.0224609375,SEARCH=0.042682926829268296;INSERT=0.7073170731707317;DELETE=0.06707317073170732;UPDATE=0.1524390243902439;RANGE_SEARCH=0.03048780487804878,0.15384615384615385,-0.7308741586538461,0.07128906250000001
PUBLICATION,STRESS,LARS_NO_DIAGNOSIS,7,16807,STRESS_READ,,2,21185,138123,89873,89873,89873,89908,138123,-1,4,INSERT_SPLIT_PRESSURE,SLACKEN,ROLLBACK,workload drift remained above threshold at maximum trial length,41,42,46,3,4.3679774080611973E-5,1.359249694168819E-4,0.03458875190001689,249120.08106738725,2590.0,2978.4999999999995,239.12163059984812,34700,1536,46,4200.0,200.0,4200.0,1000.0,SEARCH=0.4580078125;INSERT=0.4287109375;DELETE=0.0302734375;UPDATE=0.052734375;RANGE_SEARCH=0.0302734375,SEARCH=0.9296875;INSERT=0.020833333333333332;DELETE=0.01171875;UPDATE=0.014322916666666666;RANGE_SEARCH=0.0234375,NaN,NaN,0.47167968750000006
PUBLICATION,STRESS,LARS_NO_DIAGNOSIS,7,16807,STRESS_MIXED,,3,20994,295775,-1,-1,-1,-1,-1,-1,-1,NO_CONFIDENT_DIAGNOSIS,,ABSTAIN,no cost-admissible candidate without explicit diagnosis,-1,-1,0,0,0.0,0.0,NaN,NaN,NaN,NaN,NaN,0,0,0,NaN,NaN,NaN,NaN,,,NaN,NaN,NaN
PUBLICATION,STRESS,LARS_NO_DIAGNOSIS,7,16807,STRESS_MIXED,,4,20992,300000,299566,299566,299566,299569,299922,-1,4,INSERT_SPLIT_PRESSURE,SLACKEN,ROLLBACK,trial censored at RUN_END before a terminal live-trial decision,8,9,63,3,5.893633939847514E-5,1.351290482410702E-4,0.028747894441325098,98371.70129140934,3270.0,3760.4999999999995,764.5491438356164,26600,13,0,NaN,NaN,1600.0,300.0,SEARCH=0.3583984375;INSERT=0.28515625;DELETE=0.099609375;UPDATE=0.138671875;RANGE_SEARCH=0.1181640625,SEARCH=0.23076923076923078;INSERT=0.3076923076923077;DELETE=0.0;UPDATE=0.23076923076923078;RANGE_SEARCH=0.23076923076923078,NaN,NaN,0.22723858173076925
PUBLICATION,STRESS,LARS_NO_DIAGNOSIS,8,2147483647,STRESS_INSERT,,1,21000,75000,68796,68796,68796,68841,74939,-1,4,INSERT_SPLIT_PRESSURE,SLACKEN,ROLLBACK,trial censored at PHASE_BOUNDARY before a terminal live-trial decision,47,48,45,3,4.274157777210001E-5,1.3593112822836428E-4,0.033123079411289016,1479126.6375545852,2550.0,2932.5,39.651777279168634,29800,183,0,NaN,NaN,2300.0,600.0,SEARCH=0.0732421875;INSERT=0.7646484375;DELETE=0.0517578125;UPDATE=0.0966796875;RANGE_SEARCH=0.013671875,SEARCH=0.08196721311475409;INSERT=0.7431693989071039;DELETE=0.03825136612021858;UPDATE=0.10382513661202186;RANGE_SEARCH=0.03278688524590164,NaN,NaN,0.034985484972677575
PUBLICATION,STRESS,LARS_NO_DIAGNOSIS,8,2147483647,STRESS_READ,,2,20997,123867,77275,77275,77275,77279,123867,-1,4,INSERT_SPLIT_PRESSURE,SLACKEN,ROLLBACK,workload drift remained above threshold at maximum trial length,28,29,44,3,4.1769032439349464E-5,1.3591265346803787E-4,0.03212448236918058,487212.9501819551,2510.0,2886.5,118.49028228506668,21900,1536,53,300.0,200.0,1600.0,1000.0,SEARCH=0.1396484375;INSERT=0.7021484375;DELETE=0.0478515625;UPDATE=0.0927734375;RANGE_SEARCH=0.017578125,SEARCH=0.900390625;INSERT=0.025390625;DELETE=0.009765625;UPDATE=0.024739583333333332;RANGE_SEARCH=0.039713541666666664,NaN,NaN,0.7828776041666667
PUBLICATION,STRESS,LARS_NO_DIAGNOSIS,8,2147483647,STRESS_MIXED,,3,21648,244662,-1,-1,-1,-1,-1,-1,-1,NO_CONFIDENT_DIAGNOSIS,,ABSTAIN,no cost-admissible candidate without explicit diagnosis,-1,-1,0,0,0.0,0.0,NaN,NaN,NaN,NaN,NaN,0,0,0,NaN,NaN,NaN,NaN,,,NaN,NaN,NaN
PUBLICATION,STRESS,LARS_NO_DIAGNOSIS,8,2147483647,STRESS_MIXED,,4,21172,300000,268516,268516,268516,268658,299996,-1,6,INSERT_SPLIT_PRESSURE,SLACKEN,ROLLBACK,trial censored at RUN_END before a terminal live-trial decision,43,44,43,3,4.020634269081416E-5,1.3504996848834067E-4,0.008216386234343532,16850.17130844346,2470.0,2840.5,3371.479076389749,26900,395,0,NaN,NaN,3800.0,800.0,SEARCH=0.4306640625;INSERT=0.1923828125;DELETE=0.078125;UPDATE=0.09375;RANGE_SEARCH=0.205078125,SEARCH=0.34177215189873417;INSERT=0.30632911392405066;DELETE=0.09113924050632911;UPDATE=0.14430379746835442;RANGE_SEARCH=0.11645569620253164,NaN,NaN,0.17751433939873418
PUBLICATION,STRESS,LARS_NO_DIAGNOSIS,9,6364136223846793005,STRESS_INSERT,,1,20999,75000,70399,70399,70399,70403,74988,-1,4,INSERT_SPLIT_PRESSURE,SLACKEN,ROLLBACK,trial censored at PHASE_BOUNDARY before a terminal live-trial decision,42,43,48,3,4.557828878213863E-5,1.3594344752582924E-4,0.03306105317534627,86062.05404707327,2670.0,3070.4999999999995,713.5548957082832,29200,158,0,NaN,NaN,1500.0,600.0,SEARCH=0.068359375;INSERT=0.765625;DELETE=0.04296875;UPDATE=0.1025390625;RANGE_SEARCH=0.0205078125,SEARCH=0.06962025316455696;INSERT=0.7278481012658228;DELETE=0.05063291139240506;UPDATE=0.13291139240506328;RANGE_SEARCH=0.0189873417721519,NaN,NaN,0.03929736946202531
PUBLICATION,STRESS,LARS_NO_DIAGNOSIS,9,6364136223846793005,STRESS_READ,,2,21001,120629,103493,103493,103493,103525,120629,120629,5,INSERT_SPLIT_PRESSURE,SLACKEN,COMMIT,trial acceptance rule satisfied,40,41,59,3,5.599428288881149E-5,1.3593112822836428E-4,0.030453531598513012,9755.836431226766,3110.0,3576.4999999999995,7332.021247408851,35300,528,16,300.0,200.0,1000.0,900.0,SEARCH=0.7880859375;INSERT=0.1357421875;DELETE=0.017578125;UPDATE=0.033203125;RANGE_SEARCH=0.025390625,SEARCH=0.8882575757575758;INSERT=0.015151515151515152;DELETE=0.015151515151515152;UPDATE=0.03409090909090909;RANGE_SEARCH=0.04734848484848485,0.3333333333333333,0.140142822265625,0.12301728219696972
PUBLICATION,STRESS,LARS_NO_DIAGNOSIS,9,6364136223846793005,STRESS_MIXED,,3,21642,228203,-1,-1,-1,-1,-1,-1,-1,NO_CONFIDENT_DIAGNOSIS,,ABSTAIN,no cost-admissible candidate without explicit diagnosis,-1,-1,0,0,0.0,0.0,NaN,NaN,NaN,NaN,NaN,0,0,0,NaN,NaN,NaN,NaN,,,NaN,NaN,NaN
PUBLICATION,STRESS,LARS_NO_DIAGNOSIS,9,6364136223846793005,STRESS_MIXED,,4,21000,300000,271293,271293,271293,271303,299882,-1,7,INSERT_SPLIT_PRESSURE,SLACKEN,ROLLBACK,trial censored at RUN_END before a terminal live-trial decision,50,51,49,3,4.579820190651372E-5,1.3512296189532476E-4,0.007948706006551473,5474.0502693555645,2710.0,3116.4999999999995,11386.450056721496,27900,315,0,NaN,NaN,8700.0,700.0,SEARCH=0.4501953125;INSERT=0.16796875;DELETE=0.0625;UPDATE=0.0810546875;RANGE_SEARCH=0.23828125,SEARCH=0.3873015873015873;INSERT=0.26666666666666666;DELETE=0.1111111111111111;UPDATE=0.13015873015873017;RANGE_SEARCH=0.10476190476190476,NaN,NaN,0.19641307043650794
PUBLICATION,STRESS,LARS_NO_LOCALITY,0,1103515245,STRESS_INSERT,,1,20998,75000,72232,72232,72232,72236,74969,-1,4,INSERT_SPLIT_PRESSURE,SLACKEN,ROLLBACK,trial censored at PHASE_BOUNDARY before a terminal live-trial decision,30,31,45,3,4.273650381209614E-5,1.3594344752582924E-4,0.03261250358291665,3.1269658269371632E7,2550.0,2932.5,1.875620113746084,1179100,104,0,NaN,NaN,66900.0,6700.0,SEARCH=0.0908203125;INSERT=0.759765625;DELETE=0.044921875;UPDATE=0.0810546875;RANGE_SEARCH=0.0234375,SEARCH=0.0673076923076923;INSERT=0.7596153846153846;DELETE=0.028846153846153848;UPDATE=0.10576923076923077;RANGE_SEARCH=0.038461538461538464,NaN,NaN,0.039738581730769246
PUBLICATION,STRESS,LARS_NO_LOCALITY,0,1103515245,STRESS_READ,,2,20999,75754,-1,-1,-1,-1,-1,-1,-1,NO_CONFIDENT_DIAGNOSIS,,ABSTAIN,"diagnostic confidence not satisfied: insertScore=0.12881565914040172, scanScore=0.04954398336619898",-1,-1,0,0,0.0,0.0,NaN,NaN,NaN,NaN,NaN,0,0,0,NaN,NaN,NaN,NaN,,,NaN,NaN,NaN
PUBLICATION,STRESS,LARS_NO_LOCALITY,0,1103515245,STRESS_READ,,3,21170,88439,-1,-1,-1,-1,-1,-1,-1,NO_CONFIDENT_DIAGNOSIS,,ABSTAIN,"diagnostic confidence not satisfied: insertScore=0.23930202101988968, scanScore=0.0",-1,-1,0,0,0.0,0.0,NaN,NaN,NaN,NaN,NaN,0,0,0,NaN,NaN,NaN,NaN,,,NaN,NaN,NaN
PUBLICATION,STRESS,LARS_NO_LOCALITY,0,1103515245,STRESS_READ,,4,21184,92364,-1,-1,-1,-1,-1,-1,-1,NO_CONFIDENT_DIAGNOSIS,,ABSTAIN,"diagnostic confidence not satisfied: insertScore=0.3025462793592305, scanScore=0.0",-1,-1,0,0,0.0,0.0,NaN,NaN,NaN,NaN,NaN,0,0,0,NaN,NaN,NaN,NaN,,,NaN,NaN,NaN
PUBLICATION,STRESS,LARS_NO_LOCALITY,0,1103515245,STRESS_READ,,5,21176,128904,99069,99069,99069,99125,128904,128904,4,INSERT_SPLIT_PRESSURE,SLACKEN,COMMIT,trial acceptance rule satisfied,17,18,48,3,4.5561070343445044E-5,1.3591265346803787E-4,0.031222367899503004,1583413.1170533893,2670.0,3070.4999999999995,38.783308877899984,27900,858,16,300.0,200.0,12700.0,1000.0,SEARCH=0.6630859375;INSERT=0.2421875;DELETE=0.0205078125;UPDATE=0.0498046875;RANGE_SEARCH=0.0244140625,SEARCH=0.9207459207459208;INSERT=0.026806526806526808;DELETE=0.011655011655011656;UPDATE=0.01282051282051282;RANGE_SEARCH=0.027972027972027972,0.3333333333333333,0.18440164388020833,0.26121794871794873
PUBLICATION,STRESS,LARS_NO_LOCALITY,0,1103515245,STRESS_MIXED,,6,21001,253479,-1,-1,-1,-1,-1,-1,-1,NO_CONFIDENT_DIAGNOSIS,,ABSTAIN,"diagnostic confidence not satisfied: insertScore=0.0, scanScore=0.02872055299901993",-1,-1,0,0,0.0,0.0,NaN,NaN,NaN,NaN,NaN,0,0,0,NaN,NaN,NaN,NaN,,,NaN,NaN,NaN
PUBLICATION,STRESS,LARS_NO_LOCALITY,0,1103515245,STRESS_MIXED,,7,21003,300000,294030,294030,294030,294124,299938,-1,4,INSERT_SPLIT_PRESSURE,SLACKEN,ROLLBACK,trial censored at RUN_END before a terminal live-trial decision,20,21,62,3,5.79492868966381E-5,1.348314606741573E-4,0.03493330604168799,134684.26977791425,3230.0,3714.4999999999995,551.5863145896656,48000,127,0,NaN,NaN,1300.0,1800.0,SEARCH=0.3251953125;INSERT=0.3212890625;DELETE=0.1044921875;UPDATE=0.1572265625;RANGE_SEARCH=0.091796875,SEARCH=0.23622047244094488;INSERT=0.36220472440944884;DELETE=0.11811023622047244;UPDATE=0.14173228346456693;RANGE_SEARCH=0.14173228346456693,NaN,NaN,0.1044691190944882
PUBLICATION,STRESS,LARS_NO_LOCALITY,1,214013,STRESS_INSERT,,1,20996,69717,-1,-1,-1,-1,-1,-1,-1,NO_CONFIDENT_DIAGNOSIS,,ABSTAIN,"diagnostic confidence not satisfied: insertScore=0.10903847772718313, scanScore=0.033515361697175304",-1,-1,0,0,0.0,0.0,NaN,NaN,NaN,NaN,NaN,0,0,0,NaN,NaN,NaN,NaN,,,NaN,NaN,NaN
PUBLICATION,STRESS,LARS_NO_LOCALITY,1,214013,STRESS_INSERT,,2,20997,75000,72751,72751,72751,72755,74969,-1,4,INSERT_SPLIT_PRESSURE,SLACKEN,ROLLBACK,trial censored at PHASE_BOUNDARY before a terminal live-trial decision,39,40,39,3,3.704027322425131E-5,1.3594344752582924E-4,0.036764441891358204,785667.6121064159,2310.0,2656.5,67.62401705417854,772900,67,0,NaN,NaN,1700.0,2700.0,SEARCH=0.0810546875;INSERT=0.7578125;DELETE=0.04296875;UPDATE=0.09765625;RANGE_SEARCH=0.0205078125,SEARCH=0.11940298507462686;INSERT=0.7014925373134329;DELETE=0.029850746268656716;UPDATE=0.14925373134328357;RANGE_SEARCH=0.0,NaN,NaN,0.08994577891791042
PUBLICATION,STRESS,LARS_NO_LOCALITY,1,214013,STRESS_READ,,3,20998,100585,-1,-1,-1,-1,-1,-1,-1,NO_CONFIDENT_DIAGNOSIS,,ABSTAIN,"diagnostic confidence not satisfied: insertScore=0.4286608096243321, scanScore=0.0421262119159601",-1,-1,0,0,0.0,0.0,NaN,NaN,NaN,NaN,NaN,0,0,0,NaN,NaN,NaN,NaN,,,NaN,NaN,NaN
PUBLICATION,STRESS,LARS_NO_LOCALITY,1,214013,STRESS_READ,,4,20999,102960,-1,-1,-1,-1,-1,-1,-1,NO_CONFIDENT_DIAGNOSIS,,ABSTAIN,"diagnostic confidence not satisfied: insertScore=0.06817358005479796, scanScore=0.04763073825428974",-1,-1,0,0,0.0,0.0,NaN,NaN,NaN,NaN,NaN,0,0,0,NaN,NaN,NaN,NaN,,,NaN,NaN,NaN
PUBLICATION,STRESS,LARS_NO_LOCALITY,1,214013,STRESS_MIXED,,5,20993,296210,-1,-1,-1,-1,-1,-1,-1,SCAN_FRAGMENTATION,,ABSTAIN,predicted benefit does not repay estimated adaptation cost within configured horizon,-1,-1,0,0,0.0,0.0,NaN,NaN,NaN,NaN,NaN,0,0,0,NaN,NaN,NaN,NaN,,,NaN,NaN,NaN
PUBLICATION,STRESS,LARS_NO_LOCALITY,1,214013,STRESS_MIXED,,6,21003,296799,-1,-1,-1,-1,-1,-1,-1,SCAN_FRAGMENTATION,,ABSTAIN,predicted benefit does not repay estimated adaptation cost within configured horizon,-1,-1,0,0,0.0,0.0,NaN,NaN,NaN,NaN,NaN,0,0,0,NaN,NaN,NaN,NaN,,,NaN,NaN,NaN
PUBLICATION,STRESS,LARS_NO_LOCALITY,1,214013,STRESS_MIXED,,7,21004,300000,298056,298056,298056,298077,299967,-1,4,INSERT_SPLIT_PRESSURE,SLACKEN,ROLLBACK,trial censored at RUN_END before a terminal live-trial decision,0,1,59,3,5.515570267897792E-5,1.349892008639309E-4,0.02991702699544233,92614.23396050019,3110.0,3576.4999999999995,772.3434826498421,22700,51,0,NaN,NaN,1400.0,400.0,SEARCH=0.3662109375;INSERT=0.3095703125;DELETE=0.10546875;UPDATE=0.12890625;RANGE_SEARCH=0.08984375,SEARCH=0.45098039215686275;INSERT=0.27450980392156865;DELETE=0.0392156862745098;UPDATE=0.21568627450980393;RANGE_SEARCH=0.0196078431372549,NaN,NaN,0.17154947916666666
PUBLICATION,STRESS,LARS_NO_LOCALITY,2,1664525,STRESS_INSERT,,1,20998,75000,69565,69565,69565,69567,74987,-1,4,INSERT_SPLIT_PRESSURE,SLACKEN,ROLLBACK,trial censored at PHASE_BOUNDARY before a terminal live-trial decision,50,51,35,3,3.3244238773420566E-5,1.3591265346803787E-4,0.03401089411452106,44898.36588282184,2150.0,2472.5,1101.3763870395028,739100,209,19,1300.0,2300.0,1100.0,2300.0,SEARCH=0.09375;INSERT=0.7333984375;DELETE=0.05078125;UPDATE=0.0986328125;RANGE_SEARCH=0.0234375,SEARCH=0.06698564593301436;INSERT=0.8038277511961722;DELETE=0.03827751196172249;UPDATE=0.07655502392344497;RANGE_SEARCH=0.014354066985645933,-0.7692307692307693,-1.6050489332932694,0.07042931369617224
PUBLICATION,STRESS,LARS_NO_LOCALITY,2,1664525,STRESS_READ,,2,21170,96816,-1,-1,-1,-1,-1,-1,-1,NO_CONFIDENT_DIAGNOSIS,,ABSTAIN,"diagnostic confidence not satisfied: insertScore=0.36944124843125997, scanScore=0.0032135067927782693",-1,-1,0,0,0.0,0.0,NaN,NaN,NaN,NaN,NaN,0,0,0,NaN,NaN,NaN,NaN,,,NaN,NaN,NaN
PUBLICATION,STRESS,LARS_NO_LOCALITY,2,1664525,STRESS_MIXED,,3,20991,293385,-1,-1,-1,-1,-1,-1,-1,SCAN_FRAGMENTATION,,ABSTAIN,predicted benefit does not repay estimated adaptation cost within configured horizon,-1,-1,0,0,0.0,0.0,NaN,NaN,NaN,NaN,NaN,0,0,0,NaN,NaN,NaN,NaN,,,NaN,NaN,NaN
PUBLICATION,STRESS,LARS_NO_LOCALITY,2,1664525,STRESS_MIXED,,4,21005,300000,296908,296908,296908,296956,299956,-1,4,INSERT_SPLIT_PRESSURE,SLACKEN,ROLLBACK,trial censored at RUN_END before a terminal live-trial decision,8,9,63,3,5.887674387308043E-5,1.3493455673998112E-4,0.031958055052743274,21222.145933462332,3270.0,3760.4999999999995,3543.93944117647,25900,83,0,NaN,NaN,800.0,400.0,SEARCH=0.333984375;INSERT=0.33203125;DELETE=0.08984375;UPDATE=0.138671875;RANGE_SEARCH=0.10546875,SEARCH=0.3855421686746988;INSERT=0.27710843373493976;DELETE=0.060240963855421686;UPDATE=0.10843373493975904;RANGE_SEARCH=0.1686746987951807,NaN,NaN,0.11476374246987953
PUBLICATION,STRESS,LARS_NO_LOCALITY,3,22695477,STRESS_INSERT,,1,21001,75000,69835,69835,69835,69840,74999,-1,4,INSERT_SPLIT_PRESSURE,SLACKEN,ROLLBACK,trial censored at PHASE_BOUNDARY before a terminal live-trial decision,18,20,77,4,7.313524130830398E-5,1.812332925558425E-4,0.034944034944034946,201774.50177450178,4080.0,4692.0,465.07363009065074,622200,195,18,1999.9999999999998,999.9999999999999,1600.0,1000.0,SEARCH=0.0703125;INSERT=0.759765625;DELETE=0.0341796875;UPDATE=0.1103515625;RANGE_SEARCH=0.025390625,SEARCH=0.07692307692307693;INSERT=0.717948717948718;DELETE=0.05641025641025641;UPDATE=0.11794871794871795;RANGE_SEARCH=0.03076923076923077,0.5,0.054859648437499964,0.04181690705128205
PUBLICATION,STRESS,LARS_NO_LOCALITY,3,22695477,STRESS_MIXED,,2,21003,299679,-1,-1,-1,-1,-1,-1,-1,SCAN_FRAGMENTATION,,ABSTAIN,predicted benefit does not repay estimated adaptation cost within configured horizon,-1,-1,0,0,0.0,0.0,NaN,NaN,NaN,NaN,NaN,0,0,0,NaN,NaN,NaN,NaN,,,NaN,NaN,NaN
PUBLICATION,STRESS,LARS_NO_LOCALITY,4,69069,STRESS_INSERT,,1,20997,72438,-1,-1,-1,-1,-1,-1,-1,NO_CONFIDENT_DIAGNOSIS,,ABSTAIN,"diagnostic confidence not satisfied: insertScore=0.10634699612243723, scanScore=0.05370064847021766",-1,-1,0,0,0.0,0.0,NaN,NaN,NaN,NaN,NaN,0,0,0,NaN,NaN,NaN,NaN,,,NaN,NaN,NaN
PUBLICATION,STRESS,LARS_NO_LOCALITY,4,69069,STRESS_READ,,2,20996,75309,-1,-1,-1,-1,-1,-1,-1,NO_CONFIDENT_DIAGNOSIS,,ABSTAIN,"diagnostic confidence not satisfied: insertScore=0.06925176210706968, scanScore=0.010678652152273494",-1,-1,0,0,0.0,0.0,NaN,NaN,NaN,NaN,NaN,0,0,0,NaN,NaN,NaN,NaN,,,NaN,NaN,NaN
PUBLICATION,STRESS,LARS_NO_LOCALITY,4,69069,STRESS_MIXED,,3,20991,285702,-1,-1,-1,-1,-1,-1,-1,SCAN_FRAGMENTATION,,ABSTAIN,no feasible bounded repair window for COMPACT,-1,-1,0,0,0.0,0.0,NaN,NaN,NaN,NaN,NaN,0,0,0,NaN,NaN,NaN,NaN,,,NaN,NaN,NaN
PUBLICATION,STRESS,LARS_NO_LOCALITY,4,69069,STRESS_MIXED,,4,20993,293561,-1,-1,-1,-1,-1,-1,-1,SCAN_FRAGMENTATION,,ABSTAIN,predicted benefit does not repay estimated adaptation cost within configured horizon,-1,-1,0,0,0.0,0.0,NaN,NaN,NaN,NaN,NaN,0,0,0,NaN,NaN,NaN,NaN,,,NaN,NaN,NaN
PUBLICATION,STRESS,LARS_NO_LOCALITY,4,69069,STRESS_MIXED,,5,21003,300000,295463,295463,295463,295534,299947,-1,4,INSERT_SPLIT_PRESSURE,SLACKEN,ROLLBACK,trial censored at RUN_END before a terminal live-trial decision,14,16,93,4,8.691507556004149E-5,1.8003420649923484E-4,0.03355836665137314,176378.0559743069,4720.0,5428.0,615.4960683760684,700500,100,0,NaN,NaN,1800.0,2700.0,SEARCH=0.3310546875;INSERT=0.2919921875;DELETE=0.1201171875;UPDATE=0.1435546875;RANGE_SEARCH=0.11328125,SEARCH=0.34;INSERT=0.31;DELETE=0.1;UPDATE=0.15;RANGE_SEARCH=0.1,NaN,NaN,0.0333984375
PUBLICATION,STRESS,LARS_NO_LOCALITY,5,48271,STRESS_INSERT,,1,20997,75000,69361,69361,69361,69371,74968,-1,4,INSERT_SPLIT_PRESSURE,SLACKEN,ROLLBACK,trial censored at PHASE_BOUNDARY before a terminal live-trial decision,27,28,37,3,3.5152523951219696E-5,1.3593112822836428E-4,0.035168458288972075,230298.45107669054,2230.0,2564.5,222.7110072178478,791000,184,18,1600.0,1000.0,1800.0,1000.0,SEARCH=0.09375;INSERT=0.744140625;DELETE=0.0546875;UPDATE=0.08984375;RANGE_SEARCH=0.017578125,SEARCH=0.09782608695652174;INSERT=0.7336956521739131;DELETE=0.059782608695652176;UPDATE=0.09239130434782608;RANGE_SEARCH=0.016304347826086956,0.375,-0.32786703491210945,0.011718749999999981
PUBLICATION,STRESS,LARS_NO_LOCALITY,5,48271,STRESS_MIXED,,2,21170,234702,-1,-1,-1,-1,-1,-1,-1,NO_CONFIDENT_DIAGNOSIS,,ABSTAIN,"diagnostic confidence not satisfied: insertScore=0.005672288459945316, scanScore=0.0",-1,-1,0,0,0.0,0.0,NaN,NaN,NaN,NaN,NaN,0,0,0,NaN,NaN,NaN,NaN,,,NaN,NaN,NaN
PUBLICATION,STRESS,LARS_NO_LOCALITY,5,48271,STRESS_MIXED,,3,21637,246854,-1,-1,-1,-1,-1,-1,-1,NO_CONFIDENT_DIAGNOSIS,,ABSTAIN,"diagnostic confidence not satisfied: insertScore=0.01571505424507731, scanScore=0.0",-1,-1,0,0,0.0,0.0,NaN,NaN,NaN,NaN,NaN,0,0,0,NaN,NaN,NaN,NaN,,,NaN,NaN,NaN
PUBLICATION,STRESS,LARS_NO_LOCALITY,5,48271,STRESS_MIXED,,4,20999,248450,-1,-1,-1,-1,-1,-1,-1,NO_CONFIDENT_DIAGNOSIS,,ABSTAIN,"diagnostic confidence not satisfied: insertScore=0.5879598742722265, scanScore=0.045225209361828056",-1,-1,0,0,0.0,0.0,NaN,NaN,NaN,NaN,NaN,0,0,0,NaN,NaN,NaN,NaN,,,NaN,NaN,NaN
PUBLICATION,STRESS,LARS_NO_LOCALITY,5,48271,STRESS_MIXED,,5,21704,254227,-1,-1,-1,-1,-1,-1,-1,NO_CONFIDENT_DIAGNOSIS,,ABSTAIN,"diagnostic confidence not satisfied: insertScore=0.007965353124088349, scanScore=0.0",-1,-1,0,0,0.0,0.0,NaN,NaN,NaN,NaN,NaN,0,0,0,NaN,NaN,NaN,NaN,,,NaN,NaN,NaN
PUBLICATION,STRESS,LARS_NO_LOCALITY,5,48271,STRESS_MIXED,,6,20992,300000,294786,294786,294786,294807,299993,-1,4,INSERT_SPLIT_PRESSURE,SLACKEN,ROLLBACK,trial censored at RUN_END before a terminal live-trial decision,2,3,64,3,5.9851792000059855E-5,1.350621285791464E-4,0.03379314896706488,734868.9855455086,3310.0,3806.4999999999995,103.59669750314352,28400,135,0,NaN,NaN,4600.0,1500.0,SEARCH=0.3427734375;INSERT=0.2861328125;DELETE=0.1064453125;UPDATE=0.162109375;RANGE_SEARCH=0.1025390625,SEARCH=0.2962962962962963;INSERT=0.3333333333333333;DELETE=0.11851851851851852;UPDATE=0.14814814814814814;RANGE_SEARCH=0.1037037037037037,NaN,NaN,0.06043836805555556
PUBLICATION,STRESS,LARS_NO_LOCALITY,6,134775813,STRESS_INSERT,,1,20997,72032,-1,-1,-1,-1,-1,-1,-1,INSERT_SPLIT_PRESSURE,,ABSTAIN,predicted benefit does not repay estimated adaptation cost within configured horizon,-1,-1,0,0,0.0,0.0,NaN,NaN,NaN,NaN,NaN,0,0,0,NaN,NaN,NaN,NaN,,,NaN,NaN,NaN
PUBLICATION,STRESS,LARS_NO_LOCALITY,6,134775813,STRESS_READ,,2,21000,76525,-1,-1,-1,-1,-1,-1,-1,NO_CONFIDENT_DIAGNOSIS,,ABSTAIN,"diagnostic confidence not satisfied: insertScore=0.12448082674343504, scanScore=0.04061215990919673",-1,-1,0,0,0.0,0.0,NaN,NaN,NaN,NaN,NaN,0,0,0,NaN,NaN,NaN,NaN,,,NaN,NaN,NaN
PUBLICATION,STRESS,LARS_NO_LOCALITY,6,134775813,STRESS_MIXED,,3,20993,298833,-1,-1,-1,-1,-1,-1,-1,SCAN_FRAGMENTATION,,ABSTAIN,predicted benefit does not repay estimated adaptation cost within configured horizon,-1,-1,0,0,0.0,0.0,NaN,NaN,NaN,NaN,NaN,0,0,0,NaN,NaN,NaN,NaN,,,NaN,NaN,NaN
PUBLICATION,STRESS,LARS_NO_LOCALITY,7,16807,STRESS_INSERT,,1,20999,75000,69905,69905,69905,69920,74981,-1,4,INSERT_SPLIT_PRESSURE,SLACKEN,ROLLBACK,trial censored at PHASE_BOUNDARY before a terminal live-trial decision,4,5,63,3,5.986055341556716E-5,1.3595576905646697E-4,0.035934868051656375,765075.8001122965,3270.0,3760.4999999999995,98.30398502862174,760500,164,19,2500.0,1300.0,1600.0,1700.0,SEARCH=0.08203125;INSERT=0.7392578125;DELETE=0.056640625;UPDATE=0.099609375;RANGE_SEARCH=0.0224609375,SEARCH=0.042682926829268296;INSERT=0.7073170731707317;DELETE=0.06707317073170732;UPDATE=0.1524390243902439;RANGE_SEARCH=0.03048780487804878,0.48,0.05673421875000001,0.07128906250000001
PUBLICATION,STRESS,LARS_NO_LOCALITY,7,16807,STRESS_READ,,2,21001,140253,94019,94019,94019,94023,140253,-1,5,INSERT_SPLIT_PRESSURE,SLACKEN,ROLLBACK,workload drift remained above threshold at maximum trial length,11,12,50,3,4.747670792709097E-5,1.359249694168819E-4,0.034000730484444,217388.85015107744,2750.0,3162.4999999999995,290.95328466038393,29400,1536,50,300.0,200.0,5300.0,1200.0,SEARCH=0.5869140625;INSERT=0.3212890625;DELETE=0.021484375;UPDATE=0.0439453125;RANGE_SEARCH=0.0263671875,SEARCH=0.92578125;INSERT=0.01171875;DELETE=0.009114583333333334;UPDATE=0.0234375;RANGE_SEARCH=0.029947916666666668,NaN,NaN,0.34244791666666663
PUBLICATION,STRESS,LARS_NO_LOCALITY,7,16807,STRESS_MIXED,,3,21631,234598,-1,-1,-1,-1,-1,-1,-1,INSERT_SPLIT_PRESSURE,,ABSTAIN,predicted benefit does not repay estimated adaptation cost within configured horizon,-1,-1,0,0,0.0,0.0,NaN,NaN,NaN,NaN,NaN,0,0,0,NaN,NaN,NaN,NaN,,,NaN,NaN,NaN
PUBLICATION,STRESS,LARS_NO_LOCALITY,7,16807,STRESS_MIXED,,4,20994,295775,-1,-1,-1,-1,-1,-1,-1,SCAN_FRAGMENTATION,,ABSTAIN,predicted benefit does not repay estimated adaptation cost within configured horizon,-1,-1,0,0,0.0,0.0,NaN,NaN,NaN,NaN,NaN,0,0,0,NaN,NaN,NaN,NaN,,,NaN,NaN,NaN
PUBLICATION,STRESS,LARS_NO_LOCALITY,7,16807,STRESS_MIXED,,5,20992,300000,299566,299566,299566,299569,299922,-1,4,INSERT_SPLIT_PRESSURE,SLACKEN,ROLLBACK,trial censored at RUN_END before a terminal live-trial decision,8,9,63,3,5.893633939847514E-5,1.351290482410702E-4,0.028747894441325098,65581.13419427289,3270.0,3760.4999999999995,1146.8237157534245,24300,13,0,NaN,NaN,1400.0,200.0,SEARCH=0.3583984375;INSERT=0.28515625;DELETE=0.099609375;UPDATE=0.138671875;RANGE_SEARCH=0.1181640625,SEARCH=0.23076923076923078;INSERT=0.3076923076923077;DELETE=0.0;UPDATE=0.23076923076923078;RANGE_SEARCH=0.23076923076923078,NaN,NaN,0.22723858173076925
PUBLICATION,STRESS,LARS_NO_LOCALITY,8,2147483647,STRESS_READ,,1,20999,106244,-1,-1,-1,-1,-1,-1,-1,NO_CONFIDENT_DIAGNOSIS,,ABSTAIN,"diagnostic confidence not satisfied: insertScore=0.0843508273882756, scanScore=0.02500929177716335",-1,-1,0,0,0.0,0.0,NaN,NaN,NaN,NaN,NaN,0,0,0,NaN,NaN,NaN,NaN,,,NaN,NaN,NaN
PUBLICATION,STRESS,LARS_NO_LOCALITY,8,2147483647,STRESS_MIXED,,2,21208,245770,-1,-1,-1,-1,-1,-1,-1,NO_CONFIDENT_DIAGNOSIS,,ABSTAIN,"diagnostic confidence not satisfied: insertScore=0.5103342510899062, scanScore=0.0",-1,-1,0,0,0.0,0.0,NaN,NaN,NaN,NaN,NaN,0,0,0,NaN,NaN,NaN,NaN,,,NaN,NaN,NaN
PUBLICATION,STRESS,LARS_NO_LOCALITY,8,2147483647,STRESS_MIXED,,3,20991,291679,-1,-1,-1,-1,-1,-1,-1,SCAN_FRAGMENTATION,,ABSTAIN,predicted benefit does not repay estimated adaptation cost within configured horizon,-1,-1,0,0,0.0,0.0,NaN,NaN,NaN,NaN,NaN,0,0,0,NaN,NaN,NaN,NaN,,,NaN,NaN,NaN
PUBLICATION,STRESS,LARS_NO_LOCALITY,8,2147483647,STRESS_MIXED,,4,21004,292389,-1,-1,-1,-1,-1,-1,-1,SCAN_FRAGMENTATION,,ABSTAIN,predicted benefit does not repay estimated adaptation cost within configured horizon,-1,-1,0,0,0.0,0.0,NaN,NaN,NaN,NaN,NaN,0,0,0,NaN,NaN,NaN,NaN,,,NaN,NaN,NaN
PUBLICATION,STRESS,LARS_NO_LOCALITY,8,2147483647,STRESS_MIXED,,5,21003,300000,295628,295628,295628,295660,299910,-1,4,SCAN_FRAGMENTATION,COMPACT,ROLLBACK,trial censored at RUN_END before a terminal live-trial decision,22,24,52,3,4.86216237191241E-5,1.3504996848834067E-4,0.03229570757246034,14507.83738606617,2830.0,3254.4999999999995,4486.540499999998,756600,103,0,NaN,NaN,1200.0,500.0,SEARCH=0.3505859375;INSERT=0.3095703125;DELETE=0.0966796875;UPDATE=0.1533203125;RANGE_SEARCH=0.08984375,SEARCH=0.3786407766990291;INSERT=0.2912621359223301;DELETE=0.07766990291262135;UPDATE=0.17475728155339806;RANGE_SEARCH=0.07766990291262135,NaN,NaN,0.0494918082524272
PUBLICATION,STRESS,LARS_NO_LOCALITY,9,6364136223846793005,STRESS_INSERT,,1,20998,75000,72165,72165,72165,72203,74996,-1,4,INSERT_SPLIT_PRESSURE,SLACKEN,ROLLBACK,trial censored at PHASE_BOUNDARY before a terminal live-trial decision,0,1,52,3,4.9376479513983516E-5,1.3594344752582924E-4,0.032297744835199496,1944772.1179624666,2830.0,3254.4999999999995,33.46921698373311,738700,90,0,NaN,NaN,6300.0,900.0,SEARCH=0.0791015625;INSERT=0.7470703125;DELETE=0.05078125;UPDATE=0.1064453125;RANGE_SEARCH=0.0166015625,SEARCH=0.08888888888888889;INSERT=0.7555555555555555;DELETE=0.05555555555555555;UPDATE=0.07777777777777778;RANGE_SEARCH=0.022222222222222223,NaN,NaN,0.028667534722222214
PUBLICATION,STRESS,LARS_NO_LOCALITY,9,6364136223846793005,STRESS_MIXED,,2,21004,300000,290017,290017,290017,290063,299951,-1,4,INSERT_SPLIT_PRESSURE,SLACKEN,ROLLBACK,trial censored at RUN_END before a terminal live-trial decision,16,18,92,4,8.598846072243392E-5,1.8016394919376631E-4,0.039445300462249616,1100154.0832049306,4680.0,5382.0,97.84084033613445,34400,243,0,NaN,NaN,5800.0,700.0,SEARCH=0.3623046875;INSERT=0.2734375;DELETE=0.115234375;UPDATE=0.146484375;RANGE_SEARCH=0.1025390625,SEARCH=0.3045267489711934;INSERT=0.32098765432098764;DELETE=0.102880658436214;UPDATE=0.1646090534979424;RANGE_SEARCH=0.10699588477366255,NaN,NaN,0.07013165509259259
PUBLICATION,STRESS,LARS_NO_ROLLBACK,0,1103515245,STRESS_READ,,1,21170,88439,-1,-1,-1,-1,-1,-1,-1,NO_CONFIDENT_DIAGNOSIS,,ABSTAIN,"diagnostic confidence not satisfied: insertScore=0.48308624790007015, scanScore=0.0",-1,-1,0,0,0.0,0.0,NaN,NaN,NaN,NaN,NaN,0,0,0,NaN,NaN,NaN,NaN,,,NaN,NaN,NaN
PUBLICATION,STRESS,LARS_NO_ROLLBACK,0,1103515245,STRESS_MIXED,,2,21003,300000,294030,294030,294030,294124,299938,-1,4,INSERT_SPLIT_PRESSURE,SLACKEN,KEEP_FAILED_TRIAL,trial censored at RUN_END before a terminal live-trial decision,20,21,62,3,5.79492868966381E-5,1.348314606741573E-4,0.03493330604168799,134684.26977791425,3230.0,3714.4999999999995,551.5863145896656,814200,127,0,NaN,NaN,1400.0,1500.0,SEARCH=0.3251953125;INSERT=0.3212890625;DELETE=0.1044921875;UPDATE=0.1572265625;RANGE_SEARCH=0.091796875,SEARCH=0.23622047244094488;INSERT=0.36220472440944884;DELETE=0.11811023622047244;UPDATE=0.14173228346456693;RANGE_SEARCH=0.14173228346456693,NaN,NaN,0.1044691190944882
PUBLICATION,STRESS,LARS_NO_ROLLBACK,1,214013,STRESS_READ,,1,20999,102960,-1,-1,-1,-1,-1,-1,-1,NO_CONFIDENT_DIAGNOSIS,,ABSTAIN,"diagnostic confidence not satisfied: insertScore=0.06817358005479796, scanScore=0.04763073825428974",-1,-1,0,0,0.0,0.0,NaN,NaN,NaN,NaN,NaN,0,0,0,NaN,NaN,NaN,NaN,,,NaN,NaN,NaN
PUBLICATION,STRESS,LARS_NO_ROLLBACK,1,214013,STRESS_MIXED,,2,21609,229667,-1,-1,-1,-1,-1,-1,-1,NO_CONFIDENT_DIAGNOSIS,,ABSTAIN,"diagnostic confidence not satisfied: insertScore=0.11004854909106239, scanScore=0.0",-1,-1,0,0,0.0,0.0,NaN,NaN,NaN,NaN,NaN,0,0,0,NaN,NaN,NaN,NaN,,,NaN,NaN,NaN
PUBLICATION,STRESS,LARS_NO_ROLLBACK,1,214013,STRESS_MIXED,,3,20998,240904,-1,-1,-1,-1,-1,-1,-1,NO_CONFIDENT_DIAGNOSIS,,ABSTAIN,"diagnostic confidence not satisfied: insertScore=0.0, scanScore=0.03156388613586818",-1,-1,0,0,0.0,0.0,NaN,NaN,NaN,NaN,NaN,0,0,0,NaN,NaN,NaN,NaN,,,NaN,NaN,NaN
PUBLICATION,STRESS,LARS_NO_ROLLBACK,1,214013,STRESS_MIXED,,4,20993,296210,-1,-1,-1,-1,-1,-1,-1,SCAN_FRAGMENTATION,,ABSTAIN,predicted benefit does not repay estimated adaptation cost within configured horizon,-1,-1,0,0,0.0,0.0,NaN,NaN,NaN,NaN,NaN,0,0,0,NaN,NaN,NaN,NaN,,,NaN,NaN,NaN
PUBLICATION,STRESS,LARS_NO_ROLLBACK,1,214013,STRESS_MIXED,,5,21003,296799,-1,-1,-1,-1,-1,-1,-1,SCAN_FRAGMENTATION,,ABSTAIN,predicted benefit does not repay estimated adaptation cost within configured horizon,-1,-1,0,0,0.0,0.0,NaN,NaN,NaN,NaN,NaN,0,0,0,NaN,NaN,NaN,NaN,,,NaN,NaN,NaN
PUBLICATION,STRESS,LARS_NO_ROLLBACK,1,214013,STRESS_MIXED,,6,21004,300000,298056,298056,298056,298077,299967,-1,4,INSERT_SPLIT_PRESSURE,SLACKEN,KEEP_FAILED_TRIAL,trial censored at RUN_END before a terminal live-trial decision,0,1,59,3,5.515570267897792E-5,1.3498312710911135E-4,0.02991702699544233,74091.38716840015,3110.0,3576.4999999999995,965.4293533123026,1363500,51,0,NaN,NaN,1500.0,800.0,SEARCH=0.3662109375;INSERT=0.3095703125;DELETE=0.10546875;UPDATE=0.12890625;RANGE_SEARCH=0.08984375,SEARCH=0.45098039215686275;INSERT=0.27450980392156865;DELETE=0.0392156862745098;UPDATE=0.21568627450980393;RANGE_SEARCH=0.0196078431372549,NaN,NaN,0.17154947916666666
PUBLICATION,STRESS,LARS_NO_ROLLBACK,2,1664525,STRESS_SCAN,,1,21608,199727,-1,-1,-1,-1,-1,-1,-1,NO_CONFIDENT_DIAGNOSIS,,ABSTAIN,"diagnostic confidence not satisfied: insertScore=0.004543153729341308, scanScore=0.0",-1,-1,0,0,0.0,0.0,NaN,NaN,NaN,NaN,NaN,0,0,0,NaN,NaN,NaN,NaN,,,NaN,NaN,NaN
PUBLICATION,STRESS,LARS_NO_ROLLBACK,2,1664525,STRESS_MIXED,,2,20999,245952,-1,-1,-1,-1,-1,-1,-1,NO_CONFIDENT_DIAGNOSIS,,ABSTAIN,"diagnostic confidence not satisfied: insertScore=0.0, scanScore=0.05057597617786085",-1,-1,0,0,0.0,0.0,NaN,NaN,NaN,NaN,NaN,0,0,0,NaN,NaN,NaN,NaN,,,NaN,NaN,NaN
PUBLICATION,STRESS,LARS_NO_ROLLBACK,2,1664525,STRESS_MIXED,,3,20998,249564,-1,-1,-1,-1,-1,-1,-1,NO_CONFIDENT_DIAGNOSIS,,ABSTAIN,"diagnostic confidence not satisfied: insertScore=0.0, scanScore=0.04727319731687602",-1,-1,0,0,0.0,0.0,NaN,NaN,NaN,NaN,NaN,0,0,0,NaN,NaN,NaN,NaN,,,NaN,NaN,NaN
PUBLICATION,STRESS,LARS_NO_ROLLBACK,2,1664525,STRESS_MIXED,,4,20991,293385,-1,-1,-1,-1,-1,-1,-1,NO_CONFIDENT_DIAGNOSIS,,ABSTAIN,"diagnostic confidence not satisfied: insertScore=0.202301854789503, scanScore=0.17403612472876165",-1,-1,0,0,0.0,0.0,NaN,NaN,NaN,NaN,NaN,0,0,0,NaN,NaN,NaN,NaN,,,NaN,NaN,NaN
PUBLICATION,STRESS,LARS_NO_ROLLBACK,2,1664525,STRESS_MIXED,,5,21005,296908,-1,-1,-1,-1,-1,-1,-1,NO_CONFIDENT_DIAGNOSIS,,ABSTAIN,"diagnostic confidence not satisfied: insertScore=0.15702877322668937, scanScore=0.1822864877521451",-1,-1,0,0,0.0,0.0,NaN,NaN,NaN,NaN,NaN,0,0,0,NaN,NaN,NaN,NaN,,,NaN,NaN,NaN
PUBLICATION,STRESS,LARS_NO_ROLLBACK,3,22695477,STRESS_INSERT,,1,21001,75000,69835,69835,69835,69840,74999,-1,4,INSERT_SPLIT_PRESSURE,SLACKEN,KEEP_FAILED_TRIAL,trial censored at PHASE_BOUNDARY before a terminal live-trial decision,18,20,77,4,7.313524130830398E-5,1.812332925558425E-4,0.034944034944034946,1577027.027027027,4080.0,4692.0,59.50437017994859,619000,195,18,5300.0,1100.0,3600.0,1100.0,SEARCH=0.0703125;INSERT=0.759765625;DELETE=0.0341796875;UPDATE=0.1103515625;RANGE_SEARCH=0.025390625,SEARCH=0.07692307692307693;INSERT=0.717948717948718;DELETE=0.05641025641025641;UPDATE=0.11794871794871795;RANGE_SEARCH=0.03076923076923077,0.7924528301886793,0.6253392541273586,0.04181690705128205
PUBLICATION,STRESS,LARS_NO_ROLLBACK,3,22695477,STRESS_MIXED,,2,21649,232326,-1,-1,-1,-1,-1,-1,-1,INSERT_SPLIT_PRESSURE,,ABSTAIN,no feasible bounded repair window for SLACKEN,-1,-1,0,0,0.0,0.0,NaN,NaN,NaN,NaN,NaN,0,0,0,NaN,NaN,NaN,NaN,,,NaN,NaN,NaN
PUBLICATION,STRESS,LARS_NO_ROLLBACK,3,22695477,STRESS_MIXED,,3,20996,232618,-1,-1,-1,-1,-1,-1,-1,NO_CONFIDENT_DIAGNOSIS,,ABSTAIN,"diagnostic confidence not satisfied: insertScore=0.0, scanScore=0.05990899960265053",-1,-1,0,0,0.0,0.0,NaN,NaN,NaN,NaN,NaN,0,0,0,NaN,NaN,NaN,NaN,,,NaN,NaN,NaN
PUBLICATION,STRESS,LARS_NO_ROLLBACK,3,22695477,STRESS_MIXED,,4,21627,235787,-1,-1,-1,-1,-1,-1,-1,NO_CONFIDENT_DIAGNOSIS,,ABSTAIN,"diagnostic confidence not satisfied: insertScore=0.012048139236655047, scanScore=0.0",-1,-1,0,0,0.0,0.0,NaN,NaN,NaN,NaN,NaN,0,0,0,NaN,NaN,NaN,NaN,,,NaN,NaN,NaN
PUBLICATION,STRESS,LARS_NO_ROLLBACK,3,22695477,STRESS_MIXED,,5,21174,236198,-1,-1,-1,-1,-1,-1,-1,NO_CONFIDENT_DIAGNOSIS,,ABSTAIN,"diagnostic confidence not satisfied: insertScore=0.20247162157031118, scanScore=0.0",-1,-1,0,0,0.0,0.0,NaN,NaN,NaN,NaN,NaN,0,0,0,NaN,NaN,NaN,NaN,,,NaN,NaN,NaN
PUBLICATION,STRESS,LARS_NO_ROLLBACK,3,22695477,STRESS_MIXED,,6,20998,240593,-1,-1,-1,-1,-1,-1,-1,NO_CONFIDENT_DIAGNOSIS,,ABSTAIN,"diagnostic confidence not satisfied: insertScore=0.0, scanScore=0.054889206821797064",-1,-1,0,0,0.0,0.0,NaN,NaN,NaN,NaN,NaN,0,0,0,NaN,NaN,NaN,NaN,,,NaN,NaN,NaN
PUBLICATION,STRESS,LARS_NO_ROLLBACK,3,22695477,STRESS_MIXED,,7,21580,245006,-1,-1,-1,-1,-1,-1,-1,NO_CONFIDENT_DIAGNOSIS,,ABSTAIN,"diagnostic confidence not satisfied: insertScore=0.3191744531202371, scanScore=0.0292099048324293",-1,-1,0,0,0.0,0.0,NaN,NaN,NaN,NaN,NaN,0,0,0,NaN,NaN,NaN,NaN,,,NaN,NaN,NaN
PUBLICATION,STRESS,LARS_NO_ROLLBACK,3,22695477,STRESS_MIXED,,8,21620,300000,249185,249185,249185,249221,299972,-1,4,INSERT_SPLIT_PRESSURE,SLACKEN,KEEP_FAILED_TRIAL,trial censored at RUN_END before a terminal live-trial decision,58,59,59,3,5.515585736508316E-5,1.3503781058696435E-4,0.008876175616521475,11738.39552723963,3110.0,3576.4999999999995,6093.677780239256,39100,640,22,2000.0,1100.0,4100.0,1100.0,SEARCH=0.58203125;INSERT=0.1083984375;DELETE=0.0400390625;UPDATE=0.06640625;RANGE_SEARCH=0.203125,SEARCH=0.34375;INSERT=0.29375;DELETE=0.0921875;UPDATE=0.1578125;RANGE_SEARCH=0.1125,0.45,0.33987374267578124,0.32890625
PUBLICATION,STRESS,LARS_NO_ROLLBACK,4,69069,STRESS_INSERT,,1,20997,72438,-1,-1,-1,-1,-1,-1,-1,NO_CONFIDENT_DIAGNOSIS,,ABSTAIN,"diagnostic confidence not satisfied: insertScore=0.10634699612243723, scanScore=0.05370064847021766",-1,-1,0,0,0.0,0.0,NaN,NaN,NaN,NaN,NaN,0,0,0,NaN,NaN,NaN,NaN,,,NaN,NaN,NaN
PUBLICATION,STRESS,LARS_NO_ROLLBACK,4,69069,STRESS_READ,,2,20996,75309,-1,-1,-1,-1,-1,-1,-1,NO_CONFIDENT_DIAGNOSIS,,ABSTAIN,"diagnostic confidence not satisfied: insertScore=0.06925176210706968, scanScore=0.010678652152273494",-1,-1,0,0,0.0,0.0,NaN,NaN,NaN,NaN,NaN,0,0,0,NaN,NaN,NaN,NaN,,,NaN,NaN,NaN
PUBLICATION,STRESS,LARS_NO_ROLLBACK,4,69069,STRESS_MIXED,,3,20991,285702,-1,-1,-1,-1,-1,-1,-1,SCAN_FRAGMENTATION,,ABSTAIN,no feasible bounded repair window for COMPACT,-1,-1,0,0,0.0,0.0,NaN,NaN,NaN,NaN,NaN,0,0,0,NaN,NaN,NaN,NaN,,,NaN,NaN,NaN
PUBLICATION,STRESS,LARS_NO_ROLLBACK,4,69069,STRESS_MIXED,,4,20993,293561,-1,-1,-1,-1,-1,-1,-1,SCAN_FRAGMENTATION,,ABSTAIN,predicted benefit does not repay estimated adaptation cost within configured horizon,-1,-1,0,0,0.0,0.0,NaN,NaN,NaN,NaN,NaN,0,0,0,NaN,NaN,NaN,NaN,,,NaN,NaN,NaN
PUBLICATION,STRESS,LARS_NO_ROLLBACK,4,69069,STRESS_MIXED,,5,21003,300000,295463,295463,295463,295534,299947,-1,4,INSERT_SPLIT_PRESSURE,SLACKEN,KEEP_FAILED_TRIAL,trial censored at RUN_END before a terminal live-trial decision,14,16,93,4,8.691507556004149E-5,1.8003420649923484E-4,0.03355836665137314,176378.0559743069,4720.0,5428.0,615.4960683760684,980000,100,0,NaN,NaN,1700.0,2800.0,SEARCH=0.3310546875;INSERT=0.2919921875;DELETE=0.1201171875;UPDATE=0.1435546875;RANGE_SEARCH=0.11328125,SEARCH=0.34;INSERT=0.31;DELETE=0.1;UPDATE=0.15;RANGE_SEARCH=0.1,NaN,NaN,0.0333984375
PUBLICATION,STRESS,LARS_NO_ROLLBACK,5,48271,STRESS_MIXED,,1,20992,300000,294786,294786,294786,294807,299993,-1,4,INSERT_SPLIT_PRESSURE,SLACKEN,KEEP_FAILED_TRIAL,trial censored at RUN_END before a terminal live-trial decision,2,3,64,3,5.9851792000059855E-5,1.350621285791464E-4,0.03379314896706488,696191.6705167976,3310.0,3806.4999999999995,109.35206958665147,639400,135,0,NaN,NaN,4200.0,2500.0,SEARCH=0.3427734375;INSERT=0.2861328125;DELETE=0.1064453125;UPDATE=0.162109375;RANGE_SEARCH=0.1025390625,SEARCH=0.2962962962962963;INSERT=0.3333333333333333;DELETE=0.11851851851851852;UPDATE=0.14814814814814814;RANGE_SEARCH=0.1037037037037037,NaN,NaN,0.06043836805555556
PUBLICATION,STRESS,LARS_NO_ROLLBACK,6,134775813,STRESS_READ,,1,21000,121701,76525,76525,76525,76531,121701,-1,4,INSERT_SPLIT_PRESSURE,SLACKEN,KEEP_FAILED_TRIAL,workload drift remained above threshold at maximum trial length,31,32,50,3,4.746309744173905E-5,1.359249694168819E-4,0.03253685815963396,564349.2628368073,2750.0,3162.4999999999995,112.07598585681146,883400,1536,40,100.0,300.0,1900.0,1600.0,SEARCH=0.119140625;INSERT=0.705078125;DELETE=0.0498046875;UPDATE=0.1025390625;RANGE_SEARCH=0.0234375,SEARCH=0.9251302083333334;INSERT=0.01953125;DELETE=0.011067708333333334;UPDATE=0.015625;RANGE_SEARCH=0.028645833333333332,NaN,NaN,0.8111979166666667
PUBLICATION,STRESS,LARS_NO_ROLLBACK,6,134775813,STRESS_MIXED,,2,20996,247468,-1,-1,-1,-1,-1,-1,-1,NO_CONFIDENT_DIAGNOSIS,,ABSTAIN,"diagnostic confidence not satisfied: insertScore=0.0, scanScore=0.028087696312851518",-1,-1,0,0,0.0,0.0,NaN,NaN,NaN,NaN,NaN,0,0,0,NaN,NaN,NaN,NaN,,,NaN,NaN,NaN
PUBLICATION,STRESS,LARS_NO_ROLLBACK,6,134775813,STRESS_MIXED,,3,21172,288879,-1,-1,-1,-1,-1,-1,-1,NO_CONFIDENT_DIAGNOSIS,,ABSTAIN,"diagnostic confidence not satisfied: insertScore=0.1467136172359434, scanScore=0.0",-1,-1,0,0,0.0,0.0,NaN,NaN,NaN,NaN,NaN,0,0,0,NaN,NaN,NaN,NaN,,,NaN,NaN,NaN
PUBLICATION,STRESS,LARS_NO_ROLLBACK,6,134775813,STRESS_MIXED,,4,20993,298833,-1,-1,-1,-1,-1,-1,-1,SCAN_FRAGMENTATION,,ABSTAIN,predicted benefit does not repay estimated adaptation cost within configured horizon,-1,-1,0,0,0.0,0.0,NaN,NaN,NaN,NaN,NaN,0,0,0,NaN,NaN,NaN,NaN,,,NaN,NaN,NaN
PUBLICATION,STRESS,LARS_NO_ROLLBACK,7,16807,STRESS_INSERT,,1,21001,63852,-1,-1,-1,-1,-1,-1,-1,NO_CONFIDENT_DIAGNOSIS,,ABSTAIN,"diagnostic confidence not satisfied: insertScore=0.14561457628315674, scanScore=0.05846102067487565",-1,-1,0,0,0.0,0.0,NaN,NaN,NaN,NaN,NaN,0,0,0,NaN,NaN,NaN,NaN,,,NaN,NaN,NaN
PUBLICATION,STRESS,LARS_NO_ROLLBACK,7,16807,STRESS_INSERT,,2,20996,75000,67384,67384,67384,67472,74983,-1,4,INSERT_SPLIT_PRESSURE,SLACKEN,KEEP_FAILED_TRIAL,trial censored at PHASE_BOUNDARY before a terminal live-trial decision,46,47,47,3,4.465787318304217E-5,1.3595576905646697E-4,0.03405613941732074,4972076.626313689,2630.0,3024.4999999999995,12.165942833597768,30000,238,22,14199.999999999998,799.9999999999999,14200.0,800.0,SEARCH=0.072265625;INSERT=0.7314453125;DELETE=0.052734375;UPDATE=0.119140625;RANGE_SEARCH=0.0244140625,SEARCH=0.10504201680672269;INSERT=0.7184873949579832;DELETE=0.05042016806722689;UPDATE=0.11764705882352941;RANGE_SEARCH=0.008403361344537815,0.9436619718309859,0.9405602167693662,0.03277639180672269
PUBLICATION,STRESS,LARS_NO_ROLLBACK,7,16807,STRESS_READ,,3,21001,140253,94019,94019,94019,94023,140253,-1,5,INSERT_SPLIT_PRESSURE,SLACKEN,KEEP_FAILED_TRIAL,workload drift remained above threshold at maximum trial length,11,12,50,3,4.747670792709097E-5,1.3591881116346502E-4,0.034000730484444,297134.5087492114,2750.0,3162.4999999999995,212.8665575272662,37800,1536,50,500.0,300.0,3600.0,1200.0,SEARCH=0.5869140625;INSERT=0.3212890625;DELETE=0.021484375;UPDATE=0.0439453125;RANGE_SEARCH=0.0263671875,SEARCH=0.92578125;INSERT=0.01171875;DELETE=0.009114583333333334;UPDATE=0.0234375;RANGE_SEARCH=0.029947916666666668,NaN,NaN,0.34244791666666663
PUBLICATION,STRESS,LARS_NO_ROLLBACK,7,16807,STRESS_MIXED,,4,21616,231577,-1,-1,-1,-1,-1,-1,-1,NO_CONFIDENT_DIAGNOSIS,,ABSTAIN,"diagnostic confidence not satisfied: insertScore=0.4581508191350395, scanScore=0.0",-1,-1,0,0,0.0,0.0,NaN,NaN,NaN,NaN,NaN,0,0,0,NaN,NaN,NaN,NaN,,,NaN,NaN,NaN
PUBLICATION,STRESS,LARS_NO_ROLLBACK,7,16807,STRESS_MIXED,,5,20998,248324,-1,-1,-1,-1,-1,-1,-1,NO_CONFIDENT_DIAGNOSIS,,ABSTAIN,"diagnostic confidence not satisfied: insertScore=0.0, scanScore=0.016827601551137217",-1,-1,0,0,0.0,0.0,NaN,NaN,NaN,NaN,NaN,0,0,0,NaN,NaN,NaN,NaN,,,NaN,NaN,NaN
PUBLICATION,STRESS,LARS_NO_ROLLBACK,7,16807,STRESS_MIXED,,6,20997,271746,-1,-1,-1,-1,-1,-1,-1,NO_CONFIDENT_DIAGNOSIS,,ABSTAIN,"diagnostic confidence not satisfied: insertScore=0.06787030038053826, scanScore=0.03400377715838215",-1,-1,0,0,0.0,0.0,NaN,NaN,NaN,NaN,NaN,0,0,0,NaN,NaN,NaN,NaN,,,NaN,NaN,NaN
PUBLICATION,STRESS,LARS_NO_ROLLBACK,7,16807,STRESS_MIXED,,7,20994,295775,-1,-1,-1,-1,-1,-1,-1,SCAN_FRAGMENTATION,,ABSTAIN,predicted benefit does not repay estimated adaptation cost within configured horizon,-1,-1,0,0,0.0,0.0,NaN,NaN,NaN,NaN,NaN,0,0,0,NaN,NaN,NaN,NaN,,,NaN,NaN,NaN
PUBLICATION,STRESS,LARS_NO_ROLLBACK,7,16807,STRESS_MIXED,,8,20992,300000,299566,299566,299566,299569,299922,-1,4,SCAN_FRAGMENTATION,COMPACT,KEEP_FAILED_TRIAL,trial censored at RUN_END before a terminal live-trial decision,10,12,50,3,4.677487253847233E-5,1.3513513513513514E-4,0.028747894441325098,16984.83997754071,2750.0,3162.4999999999995,3723.9090909090905,28700,13,0,NaN,NaN,1500.0,400.0,SEARCH=0.3583984375;INSERT=0.28515625;DELETE=0.099609375;UPDATE=0.138671875;RANGE_SEARCH=0.1181640625,SEARCH=0.23076923076923078;INSERT=0.3076923076923077;DELETE=0.0;UPDATE=0.23076923076923078;RANGE_SEARCH=0.23076923076923078,NaN,NaN,0.22723858173076925
PUBLICATION,STRESS,LARS_NO_ROLLBACK,8,2147483647,STRESS_INSERT,,1,20996,75000,67275,67275,67275,67304,75000,-1,4,INSERT_SPLIT_PRESSURE,SLACKEN,KEEP_FAILED_TRIAL,trial censored at PHASE_BOUNDARY before a terminal live-trial decision,43,44,41,3,3.8942326414580004E-5,1.359249694168819E-4,0.03524350369987954,288817.75942178624,2390.0,2748.5,190.3276312026312,831000,257,27,1700.0,900.0,1700.0,900.0,SEARCH=0.0751953125;INSERT=0.7587890625;DELETE=0.041015625;UPDATE=0.1044921875;RANGE_SEARCH=0.0205078125,SEARCH=0.1245136186770428;INSERT=0.7315175097276264;DELETE=0.038910505836575876;UPDATE=0.07003891050583658;RANGE_SEARCH=0.03501945525291829,0.47058823529411764,-0.22290627872242652,0.0638299489299611
PUBLICATION,STRESS,LARS_NO_ROLLBACK,8,2147483647,STRESS_READ,,2,20997,123867,77275,77275,77275,77279,123867,-1,4,INSERT_SPLIT_PRESSURE,SLACKEN,KEEP_FAILED_TRIAL,workload drift remained above threshold at maximum trial length,28,29,44,3,4.1769032439349464E-5,1.359064963305246E-4,0.03212448236918058,1006004.5175053333,2510.0,2886.5,57.38542819187086,36400,1536,53,200.0,200.0,3300.0,1500.0,SEARCH=0.1396484375;INSERT=0.7021484375;DELETE=0.0478515625;UPDATE=0.0927734375;RANGE_SEARCH=0.017578125,SEARCH=0.900390625;INSERT=0.025390625;DELETE=0.009765625;UPDATE=0.024739583333333332;RANGE_SEARCH=0.039713541666666664,NaN,NaN,0.7828776041666667
PUBLICATION,STRESS,LARS_NO_ROLLBACK,8,2147483647,STRESS_SCAN,,3,21619,203121,-1,-1,-1,-1,-1,-1,-1,INSERT_SPLIT_PRESSURE,,ABSTAIN,predicted benefit does not repay estimated adaptation cost within configured horizon,-1,-1,0,0,0.0,0.0,NaN,NaN,NaN,NaN,NaN,0,0,0,NaN,NaN,NaN,NaN,,,NaN,NaN,NaN
PUBLICATION,STRESS,LARS_NO_ROLLBACK,8,2147483647,STRESS_MIXED,,4,21176,276670,-1,-1,-1,-1,-1,-1,-1,NO_CONFIDENT_DIAGNOSIS,,ABSTAIN,"diagnostic confidence not satisfied: insertScore=0.11972230843473125, scanScore=0.0",-1,-1,0,0,0.0,0.0,NaN,NaN,NaN,NaN,NaN,0,0,0,NaN,NaN,NaN,NaN,,,NaN,NaN,NaN
PUBLICATION,STRESS,LARS_NO_ROLLBACK,8,2147483647,STRESS_MIXED,,5,20991,291679,-1,-1,-1,-1,-1,-1,-1,SCAN_FRAGMENTATION,,ABSTAIN,predicted benefit does not repay estimated adaptation cost within configured horizon,-1,-1,0,0,0.0,0.0,NaN,NaN,NaN,NaN,NaN,0,0,0,NaN,NaN,NaN,NaN,,,NaN,NaN,NaN
PUBLICATION,STRESS,LARS_NO_ROLLBACK,8,2147483647,STRESS_MIXED,,6,21004,292389,-1,-1,-1,-1,-1,-1,-1,SCAN_FRAGMENTATION,,ABSTAIN,predicted benefit does not repay estimated adaptation cost within configured horizon,-1,-1,0,0,0.0,0.0,NaN,NaN,NaN,NaN,NaN,0,0,0,NaN,NaN,NaN,NaN,,,NaN,NaN,NaN
PUBLICATION,STRESS,LARS_NO_ROLLBACK,8,2147483647,STRESS_MIXED,,7,21003,295628,-1,-1,-1,-1,-1,-1,-1,NO_CONFIDENT_DIAGNOSIS,,ABSTAIN,"diagnostic confidence not satisfied: insertScore=0.21651810609579256, scanScore=0.21613292780946455",-1,-1,0,0,0.0,0.0,NaN,NaN,NaN,NaN,NaN,0,0,0,NaN,NaN,NaN,NaN,,,NaN,NaN,NaN
PUBLICATION,STRESS,LARS_NO_ROLLBACK,8,2147483647,STRESS_MIXED,,8,20992,300000,299264,299264,299264,299317,299981,-1,4,INSERT_SPLIT_PRESSURE,SLACKEN,KEEP_FAILED_TRIAL,trial censored at RUN_END before a terminal live-trial decision,36,37,62,3,5.797193597280181E-5,1.3503781058696435E-4,0.029273033932706326,53514.76515822874,3230.0,3714.4999999999995,1388.21500534188,25700,19,0,NaN,NaN,1500.0,500.0,SEARCH=0.3544921875;INSERT=0.3046875;DELETE=0.10546875;UPDATE=0.1376953125;RANGE_SEARCH=0.09765625,SEARCH=0.42105263157894735;INSERT=0.3684210526315789;DELETE=0.0;UPDATE=0.05263157894736842;RANGE_SEARCH=0.15789473684210525,NaN,NaN,0.19053248355263155
PUBLICATION,STRESS,LARS_NO_ROLLBACK,9,6364136223846793005,STRESS_MIXED,,1,21174,268073,-1,-1,-1,-1,-1,-1,-1,NO_CONFIDENT_DIAGNOSIS,,ABSTAIN,"diagnostic confidence not satisfied: insertScore=0.12218594149241085, scanScore=0.0",-1,-1,0,0,0.0,0.0,NaN,NaN,NaN,NaN,NaN,0,0,0,NaN,NaN,NaN,NaN,,,NaN,NaN,NaN
PUBLICATION,STRESS,LARS_NO_ROLLBACK,9,6364136223846793005,STRESS_MIXED,,2,21004,300000,290017,290017,290017,290063,299951,-1,4,INSERT_SPLIT_PRESSURE,SLACKEN,KEEP_FAILED_TRIAL,trial censored at RUN_END before a terminal live-trial decision,16,18,92,4,8.598846072243392E-5,1.8017206432142696E-4,0.039445300462249616,3429892.1417565485,4680.0,5382.0,31.382911051212936,1458600,243,0,NaN,NaN,16900.0,3700.0,SEARCH=0.3623046875;INSERT=0.2734375;DELETE=0.115234375;UPDATE=0.146484375;RANGE_SEARCH=0.1025390625,SEARCH=0.3045267489711934;INSERT=0.32098765432098764;DELETE=0.102880658436214;UPDATE=0.1646090534979424;RANGE_SEARCH=0.10699588477366255,NaN,NaN,0.07013165509259259
PUBLICATION,STRESS,LARS_NO_RUNTIME_VALIDATION,0,1103515245,STRESS_INSERT,,1,21001,72453,72453,72453,72453,-1,-1,72453,4,INSERT_SPLIT_PRESSURE,SLACKEN,COMMIT_NO_TRIAL,runtime validation disabled by evaluation policy,3,4,48,3,4.566444623296859E-5,1.3602357742008615E-4,0.03361454879690116,1222341.857335128,2670.0,3070.4999999999995,50.23962783527857,579500,0,0,NaN,NaN,NaN,NaN,,,NaN,NaN,NaN
PUBLICATION,STRESS,LARS_NO_RUNTIME_VALIDATION,0,1103515245,STRESS_INSERT,,2,21000,73540,-1,-1,-1,-1,-1,-1,-1,INSERT_SPLIT_PRESSURE,,ABSTAIN,no feasible bounded repair window for SLACKEN,-1,-1,0,0,0.0,0.0,NaN,NaN,NaN,NaN,NaN,0,0,0,NaN,NaN,NaN,NaN,,,NaN,NaN,NaN
PUBLICATION,STRESS,LARS_NO_RUNTIME_VALIDATION,0,1103515245,STRESS_MIXED,,3,21003,294030,294030,294030,294030,-1,-1,294030,4,INSERT_SPLIT_PRESSURE,SLACKEN,COMMIT_NO_TRIAL,runtime validation disabled by evaluation policy,20,21,62,3,5.8016364357740134E-5,1.3516557783284524E-4,0.03493330604168799,112236.8914815952,3230.0,3714.4999999999995,661.9035775075987,28300,0,0,NaN,NaN,NaN,NaN,,,NaN,NaN,NaN
PUBLICATION,STRESS,LARS_NO_RUNTIME_VALIDATION,1,214013,STRESS_INSERT,,1,21000,70200,70200,70200,70200,-1,-1,70200,4,INSERT_SPLIT_PRESSURE,SLACKEN,COMMIT_NO_TRIAL,runtime validation disabled by evaluation policy,44,45,50,3,4.764404940116194E-5,1.3609145345672293E-4,0.03444100632315351,46011.03188483788,2750.0,3162.4999999999995,1374.6703216374267,613700,0,0,NaN,NaN,NaN,NaN,,,NaN,NaN,NaN
PUBLICATION,STRESS,LARS_NO_RUNTIME_VALIDATION,1,214013,STRESS_READ,,2,20998,100585,-1,-1,-1,-1,-1,-1,-1,NO_CONFIDENT_DIAGNOSIS,,ABSTAIN,"diagnostic confidence not satisfied: insertScore=0.3204903566984667, scanScore=0.0421262119159601",-1,-1,0,0,0.0,0.0,NaN,NaN,NaN,NaN,NaN,0,0,0,NaN,NaN,NaN,NaN,,,NaN,NaN,NaN
PUBLICATION,STRESS,LARS_NO_RUNTIME_VALIDATION,1,214013,STRESS_READ,,3,20999,102960,-1,-1,-1,-1,-1,-1,-1,NO_CONFIDENT_DIAGNOSIS,,ABSTAIN,"diagnostic confidence not satisfied: insertScore=0.06817358005479796, scanScore=0.04763073825428974",-1,-1,0,0,0.0,0.0,NaN,NaN,NaN,NaN,NaN,0,0,0,NaN,NaN,NaN,NaN,,,NaN,NaN,NaN
PUBLICATION,STRESS,LARS_NO_RUNTIME_VALIDATION,1,214013,STRESS_MIXED,,4,20993,296210,-1,-1,-1,-1,-1,-1,-1,SCAN_FRAGMENTATION,,ABSTAIN,predicted benefit does not repay estimated adaptation cost within configured horizon,-1,-1,0,0,0.0,0.0,NaN,NaN,NaN,NaN,NaN,0,0,0,NaN,NaN,NaN,NaN,,,NaN,NaN,NaN
PUBLICATION,STRESS,LARS_NO_RUNTIME_VALIDATION,1,214013,STRESS_MIXED,,5,21003,296799,-1,-1,-1,-1,-1,-1,-1,SCAN_FRAGMENTATION,,ABSTAIN,predicted benefit does not repay estimated adaptation cost within configured horizon,-1,-1,0,0,0.0,0.0,NaN,NaN,NaN,NaN,NaN,0,0,0,NaN,NaN,NaN,NaN,,,NaN,NaN,NaN
PUBLICATION,STRESS,LARS_NO_RUNTIME_VALIDATION,1,214013,STRESS_MIXED,,6,21004,298056,298056,298056,298056,-1,-1,298056,4,INSERT_SPLIT_PRESSURE,SLACKEN,COMMIT_NO_TRIAL,runtime validation disabled by evaluation policy,0,1,59,3,5.517700596472787E-5,1.350621285791464E-4,0.02991702699544233,203751.3147131004,3110.0,3576.4999999999995,351.0652193862919,26600,0,0,NaN,NaN,NaN,NaN,,,NaN,NaN,NaN
PUBLICATION,STRESS,LARS_NO_RUNTIME_VALIDATION,2,1664525,STRESS_READ,,1,21177,95061,-1,-1,-1,-1,-1,-1,-1,NO_CONFIDENT_DIAGNOSIS,,ABSTAIN,"diagnostic confidence not satisfied: insertScore=0.43888008268609513, scanScore=0.007808159138246995",-1,-1,0,0,0.0,0.0,NaN,NaN,NaN,NaN,NaN,0,0,0,NaN,NaN,NaN,NaN,,,NaN,NaN,NaN
PUBLICATION,STRESS,LARS_NO_RUNTIME_VALIDATION,2,1664525,STRESS_READ,,2,21000,102973,-1,-1,-1,-1,-1,-1,-1,NO_CONFIDENT_DIAGNOSIS,,ABSTAIN,"diagnostic confidence not satisfied: insertScore=0.11180675365601483, scanScore=0.05692207433847112",-1,-1,0,0,0.0,0.0,NaN,NaN,NaN,NaN,NaN,0,0,0,NaN,NaN,NaN,NaN,,,NaN,NaN,NaN
PUBLICATION,STRESS,LARS_NO_RUNTIME_VALIDATION,2,1664525,STRESS_MIXED,,3,20991,293385,-1,-1,-1,-1,-1,-1,-1,NO_CONFIDENT_DIAGNOSIS,,ABSTAIN,"diagnostic confidence not satisfied: insertScore=0.15857816798539726, scanScore=0.17403612472876165",-1,-1,0,0,0.0,0.0,NaN,NaN,NaN,NaN,NaN,0,0,0,NaN,NaN,NaN,NaN,,,NaN,NaN,NaN
PUBLICATION,STRESS,LARS_NO_RUNTIME_VALIDATION,2,1664525,STRESS_MIXED,,4,21005,296908,-1,-1,-1,-1,-1,-1,-1,NO_CONFIDENT_DIAGNOSIS,,ABSTAIN,"diagnostic confidence not satisfied: insertScore=0.15702877322668937, scanScore=0.1822864877521451",-1,-1,0,0,0.0,0.0,NaN,NaN,NaN,NaN,NaN,0,0,0,NaN,NaN,NaN,NaN,,,NaN,NaN,NaN
PUBLICATION,STRESS,LARS_NO_RUNTIME_VALIDATION,3,22695477,STRESS_INSERT,,1,21000,68658,68658,68658,68658,-1,-1,68658,4,INSERT_SPLIT_PRESSURE,SLACKEN,COMMIT_NO_TRIAL,runtime validation disabled by evaluation policy,4,5,49,3,4.673668266841659E-5,1.3612232859930125E-4,0.03523501479595348,5587626.453788453,2710.0,3116.4999999999995,11.15500481563863,28400,0,0,NaN,NaN,NaN,NaN,,,NaN,NaN,NaN
PUBLICATION,STRESS,LARS_NO_RUNTIME_VALIDATION,3,22695477,STRESS_MIXED,,2,21649,232326,-1,-1,-1,-1,-1,-1,-1,INSERT_SPLIT_PRESSURE,,ABSTAIN,no feasible bounded repair window for SLACKEN,-1,-1,0,0,0.0,0.0,NaN,NaN,NaN,NaN,NaN,0,0,0,NaN,NaN,NaN,NaN,,,NaN,NaN,NaN
PUBLICATION,STRESS,LARS_NO_RUNTIME_VALIDATION,3,22695477,STRESS_MIXED,,3,20996,232618,-1,-1,-1,-1,-1,-1,-1,NO_CONFIDENT_DIAGNOSIS,,ABSTAIN,"diagnostic confidence not satisfied: insertScore=0.0, scanScore=0.05990899960265053",-1,-1,0,0,0.0,0.0,NaN,NaN,NaN,NaN,NaN,0,0,0,NaN,NaN,NaN,NaN,,,NaN,NaN,NaN
PUBLICATION,STRESS,LARS_NO_RUNTIME_VALIDATION,3,22695477,STRESS_MIXED,,4,21174,236198,-1,-1,-1,-1,-1,-1,-1,NO_CONFIDENT_DIAGNOSIS,,ABSTAIN,"diagnostic confidence not satisfied: insertScore=0.004517055661212333, scanScore=0.0",-1,-1,0,0,0.0,0.0,NaN,NaN,NaN,NaN,NaN,0,0,0,NaN,NaN,NaN,NaN,,,NaN,NaN,NaN
PUBLICATION,STRESS,LARS_NO_RUNTIME_VALIDATION,3,22695477,STRESS_MIXED,,5,20999,248905,-1,-1,-1,-1,-1,-1,-1,NO_CONFIDENT_DIAGNOSIS,,ABSTAIN,"diagnostic confidence not satisfied: insertScore=0.0, scanScore=0.01487857010518047",-1,-1,0,0,0.0,0.0,NaN,NaN,NaN,NaN,NaN,0,0,0,NaN,NaN,NaN,NaN,,,NaN,NaN,NaN
PUBLICATION,STRESS,LARS_NO_RUNTIME_VALIDATION,3,22695477,STRESS_MIXED,,6,21620,249185,249185,249185,249185,-1,-1,249185,4,INSERT_SPLIT_PRESSURE,SLACKEN,COMMIT_NO_TRIAL,runtime validation disabled by evaluation policy,58,59,59,3,5.5723460521344917E-5,1.358757190090131E-4,0.008876175616521475,16934.078793394878,3110.0,3576.4999999999995,4224.026643120393,32900,0,0,NaN,NaN,NaN,NaN,,,NaN,NaN,NaN
PUBLICATION,STRESS,LARS_NO_RUNTIME_VALIDATION,3,22695477,STRESS_MIXED,,7,21003,299679,-1,-1,-1,-1,-1,-1,-1,SCAN_FRAGMENTATION,,ABSTAIN,predicted benefit does not repay estimated adaptation cost within configured horizon,-1,-1,0,0,0.0,0.0,NaN,NaN,NaN,NaN,NaN,0,0,0,NaN,NaN,NaN,NaN,,,NaN,NaN,NaN
PUBLICATION,STRESS,LARS_NO_RUNTIME_VALIDATION,4,69069,STRESS_INSERT,,1,20997,72438,72438,72438,72438,-1,-1,72438,4,INSERT_SPLIT_PRESSURE,SLACKEN,COMMIT_NO_TRIAL,runtime validation disabled by evaluation policy,19,20,42,3,3.9951107454210796E-5,1.3597425554095092E-4,0.033569367951744034,170980.85496984003,2430.0,2794.5,326.878702354475,564000,0,0,NaN,NaN,NaN,NaN,,,NaN,NaN,NaN
PUBLICATION,STRESS,LARS_NO_RUNTIME_VALIDATION,4,69069,STRESS_INSERT,,2,20999,72858,72858,72858,72858,-1,-1,72858,4,INSERT_SPLIT_PRESSURE,SLACKEN,COMMIT_NO_TRIAL,runtime validation disabled by evaluation policy,37,39,57,4,5.4204665405061005E-5,1.8125793003443902E-4,0.0334094616639478,540332.7895595434,3280.0,3771.9999999999995,139.61766055599833,29500,0,0,NaN,NaN,NaN,NaN,,,NaN,NaN,NaN
PUBLICATION,STRESS,LARS_NO_RUNTIME_VALIDATION,4,69069,STRESS_READ,,3,20996,75309,-1,-1,-1,-1,-1,-1,-1,NO_CONFIDENT_DIAGNOSIS,,ABSTAIN,"diagnostic confidence not satisfied: insertScore=0.09629852793841392, scanScore=0.010678652152273494",-1,-1,0,0,0.0,0.0,NaN,NaN,NaN,NaN,NaN,0,0,0,NaN,NaN,NaN,NaN,,,NaN,NaN,NaN
PUBLICATION,STRESS,LARS_NO_RUNTIME_VALIDATION,4,69069,STRESS_MIXED,,4,20991,285702,-1,-1,-1,-1,-1,-1,-1,INSERT_SPLIT_PRESSURE,,ABSTAIN,no feasible bounded repair window for SLACKEN,-1,-1,0,0,0.0,0.0,NaN,NaN,NaN,NaN,NaN,0,0,0,NaN,NaN,NaN,NaN,,,NaN,NaN,NaN
PUBLICATION,STRESS,LARS_NO_RUNTIME_VALIDATION,4,69069,STRESS_MIXED,,5,20993,293561,-1,-1,-1,-1,-1,-1,-1,SCAN_FRAGMENTATION,,ABSTAIN,predicted benefit does not repay estimated adaptation cost within configured horizon,-1,-1,0,0,0.0,0.0,NaN,NaN,NaN,NaN,NaN,0,0,0,NaN,NaN,NaN,NaN,,,NaN,NaN,NaN
PUBLICATION,STRESS,LARS_NO_RUNTIME_VALIDATION,4,69069,STRESS_MIXED,,6,21003,295463,295463,295463,295463,-1,-1,295463,4,INSERT_SPLIT_PRESSURE,SLACKEN,COMMIT_NO_TRIAL,runtime validation disabled by evaluation policy,14,16,93,4,8.699157865395031E-5,1.8030200585981518E-4,0.03355836665137314,215573.17952415286,4720.0,5428.0,503.5876923076922,26500,0,0,NaN,NaN,NaN,NaN,,,NaN,NaN,NaN
PUBLICATION,STRESS,LARS_NO_RUNTIME_VALIDATION,4,69069,STRESS_MIXED,,7,21004,298865,298865,298865,298865,-1,-1,298865,4,INSERT_SPLIT_PRESSURE,SLACKEN,COMMIT_NO_TRIAL,runtime validation disabled by evaluation policy,19,20,56,3,5.2347651974114086E-5,1.35074290859973E-4,0.028647363267589872,68261.295286054,2990.0,3438.4999999999995,1007.4523155737703,19200,0,0,NaN,NaN,NaN,NaN,,,NaN,NaN,NaN
PUBLICATION,STRESS,LARS_NO_RUNTIME_VALIDATION,5,48271,STRESS_INSERT,,1,20998,72133,72133,72133,72133,-1,-1,72133,4,INSERT_SPLIT_PRESSURE,SLACKEN,COMMIT_NO_TRIAL,runtime validation disabled by evaluation policy,39,40,44,3,4.188358077962478E-5,1.3602974517094404E-4,0.03491067775807991,81603.7092595118,2510.0,2886.5,707.4433322192514,747900,0,0,NaN,NaN,NaN,NaN,,,NaN,NaN,NaN
PUBLICATION,STRESS,LARS_NO_RUNTIME_VALIDATION,5,48271,STRESS_READ,,2,21182,87976,-1,-1,-1,-1,-1,-1,-1,NO_CONFIDENT_DIAGNOSIS,,ABSTAIN,"diagnostic confidence not satisfied: insertScore=0.19606109557163579, scanScore=0.0",-1,-1,0,0,0.0,0.0,NaN,NaN,NaN,NaN,NaN,0,0,0,NaN,NaN,NaN,NaN,,,NaN,NaN,NaN
PUBLICATION,STRESS,LARS_NO_RUNTIME_VALIDATION,5,48271,STRESS_MIXED,,3,21704,254227,-1,-1,-1,-1,-1,-1,-1,NO_CONFIDENT_DIAGNOSIS,,ABSTAIN,"diagnostic confidence not satisfied: insertScore=0.007965353124088349, scanScore=0.0",-1,-1,0,0,0.0,0.0,NaN,NaN,NaN,NaN,NaN,0,0,0,NaN,NaN,NaN,NaN,,,NaN,NaN,NaN
PUBLICATION,STRESS,LARS_NO_RUNTIME_VALIDATION,5,48271,STRESS_MIXED,,4,20992,294786,294786,294786,294786,-1,-1,294786,4,INSERT_SPLIT_PRESSURE,SLACKEN,COMMIT_NO_TRIAL,runtime validation disabled by evaluation policy,2,3,64,3,5.991280814140172E-5,1.3521431468878172E-4,0.03379314896706488,715530.3280311531,3310.0,3806.4999999999995,106.3966082464717,23400,0,0,NaN,NaN,NaN,NaN,,,NaN,NaN,NaN
PUBLICATION,STRESS,LARS_NO_RUNTIME_VALIDATION,5,48271,STRESS_MIXED,,5,20994,299618,299618,299618,299618,-1,-1,299618,4,SCAN_FRAGMENTATION,COMPACT,COMMIT_NO_TRIAL,runtime validation disabled by evaluation policy,14,16,47,3,4.3956496162223785E-5,1.3506820944577012E-4,0.030068123091378907,15122.151750058729,2630.0,3024.4999999999995,4000.0921165048535,19100,0,0,NaN,NaN,NaN,NaN,,,NaN,NaN,NaN
PUBLICATION,STRESS,LARS_NO_RUNTIME_VALIDATION,6,134775813,STRESS_INSERT,,1,20997,72032,72032,72032,72032,-1,-1,72032,4,INSERT_SPLIT_PRESSURE,SLACKEN,COMMIT_NO_TRIAL,runtime validation disabled by evaluation policy,52,53,43,3,4.0924357511380306E-5,1.3601124359613728E-4,0.03263849046981577,393312.93427678966,2470.0,2840.5,144.43969432243637,683200,0,0,NaN,NaN,NaN,NaN,,,NaN,NaN,NaN
PUBLICATION,STRESS,LARS_NO_RUNTIME_VALIDATION,6,134775813,STRESS_READ,,2,21172,89933,-1,-1,-1,-1,-1,-1,-1,NO_CONFIDENT_DIAGNOSIS,,ABSTAIN,"diagnostic confidence not satisfied: insertScore=1.5585661465712357, scanScore=0.0",-1,-1,0,0,0.0,0.0,NaN,NaN,NaN,NaN,NaN,0,0,0,NaN,NaN,NaN,NaN,,,NaN,NaN,NaN
PUBLICATION,STRESS,LARS_NO_RUNTIME_VALIDATION,6,134775813,STRESS_MIXED,,3,20993,298833,-1,-1,-1,-1,-1,-1,-1,SCAN_FRAGMENTATION,,ABSTAIN,predicted benefit does not repay estimated adaptation cost within configured horizon,-1,-1,0,0,0.0,0.0,NaN,NaN,NaN,NaN,NaN,0,0,0,NaN,NaN,NaN,NaN,,,NaN,NaN,NaN
PUBLICATION,STRESS,LARS_NO_RUNTIME_VALIDATION,7,16807,STRESS_INSERT,,1,20999,69905,69905,69905,69905,-1,-1,69905,4,INSERT_SPLIT_PRESSURE,SLACKEN,COMMIT_NO_TRIAL,runtime validation disabled by evaluation policy,4,5,63,3,6.006641629458859E-5,1.3616557734204794E-4,0.035934868051656375,834145.1431779899,3270.0,3760.4999999999995,90.16416461223903,540800,0,0,NaN,NaN,NaN,NaN,,,NaN,NaN,NaN
PUBLICATION,STRESS,LARS_NO_RUNTIME_VALIDATION,7,16807,STRESS_READ,,2,21001,94019,94019,94019,94019,-1,-1,94019,5,INSERT_SPLIT_PRESSURE,SLACKEN,COMMIT_NO_TRIAL,runtime validation disabled by evaluation policy,11,12,50,3,4.749781510050538E-5,1.3593728759798813E-4,0.034000730484444,294731.2149284457,2750.0,3162.4999999999995,214.60231151748113,29000,0,0,NaN,NaN,NaN,NaN,,,NaN,NaN,NaN
PUBLICATION,STRESS,LARS_NO_RUNTIME_VALIDATION,7,16807,STRESS_MIXED,,3,20997,271746,-1,-1,-1,-1,-1,-1,-1,NO_CONFIDENT_DIAGNOSIS,,ABSTAIN,"diagnostic confidence not satisfied: insertScore=0.06439537963825681, scanScore=0.03400377715838215",-1,-1,0,0,0.0,0.0,NaN,NaN,NaN,NaN,NaN,0,0,0,NaN,NaN,NaN,NaN,,,NaN,NaN,NaN
PUBLICATION,STRESS,LARS_NO_RUNTIME_VALIDATION,7,16807,STRESS_MIXED,,4,20994,295775,-1,-1,-1,-1,-1,-1,-1,SCAN_FRAGMENTATION,,ABSTAIN,predicted benefit does not repay estimated adaptation cost within configured horizon,-1,-1,0,0,0.0,0.0,NaN,NaN,NaN,NaN,NaN,0,0,0,NaN,NaN,NaN,NaN,,,NaN,NaN,NaN
PUBLICATION,STRESS,LARS_NO_RUNTIME_VALIDATION,7,16807,STRESS_MIXED,,5,20992,299566,299566,299566,299566,-1,-1,299566,4,INSERT_SPLIT_PRESSURE,SLACKEN,COMMIT_NO_TRIAL,runtime validation disabled by evaluation policy,8,9,63,3,5.8941743103816054E-5,1.351473105685197E-4,0.028747894441325098,114766.98483997755,3270.0,3760.4999999999995,655.3278375733855,27000,0,0,NaN,NaN,NaN,NaN,,,NaN,NaN,NaN
PUBLICATION,STRESS,LARS_NO_RUNTIME_VALIDATION,7,16807,STRESS_MIXED,,6,20991,299833,299833,299833,299833,-1,-1,299833,4,INSERT_SPLIT_PRESSURE,SLACKEN,COMMIT_NO_TRIAL,runtime validation disabled by evaluation policy,19,20,62,3,5.80029038873172E-5,1.3511687609782462E-4,0.02899371425335523,1454046.0954753947,3230.0,3714.4999999999995,51.0919153327881,21300,0,0,NaN,NaN,NaN,NaN,,,NaN,NaN,NaN
PUBLICATION,STRESS,LARS_NO_RUNTIME_VALIDATION,8,2147483647,STRESS_READ,,1,21170,90364,-1,-1,-1,-1,-1,-1,-1,NO_CONFIDENT_DIAGNOSIS,,ABSTAIN,"diagnostic confidence not satisfied: insertScore=0.5079725380175769, scanScore=0.0",-1,-1,0,0,0.0,0.0,NaN,NaN,NaN,NaN,NaN,0,0,0,NaN,NaN,NaN,NaN,,,NaN,NaN,NaN
PUBLICATION,STRESS,LARS_NO_RUNTIME_VALIDATION,8,2147483647,STRESS_READ,,2,20999,106244,-1,-1,-1,-1,-1,-1,-1,NO_CONFIDENT_DIAGNOSIS,,ABSTAIN,"diagnostic confidence not satisfied: insertScore=0.0843508273882756, scanScore=0.02500929177716335",-1,-1,0,0,0.0,0.0,NaN,NaN,NaN,NaN,NaN,0,0,0,NaN,NaN,NaN,NaN,,,NaN,NaN,NaN
PUBLICATION,STRESS,LARS_NO_RUNTIME_VALIDATION,8,2147483647,STRESS_MIXED,,3,20991,291679,-1,-1,-1,-1,-1,-1,-1,SCAN_FRAGMENTATION,,ABSTAIN,predicted benefit does not repay estimated adaptation cost within configured horizon,-1,-1,0,0,0.0,0.0,NaN,NaN,NaN,NaN,NaN,0,0,0,NaN,NaN,NaN,NaN,,,NaN,NaN,NaN
PUBLICATION,STRESS,LARS_NO_RUNTIME_VALIDATION,8,2147483647,STRESS_MIXED,,4,21004,292389,-1,-1,-1,-1,-1,-1,-1,SCAN_FRAGMENTATION,,ABSTAIN,predicted benefit does not repay estimated adaptation cost within configured horizon,-1,-1,0,0,0.0,0.0,NaN,NaN,NaN,NaN,NaN,0,0,0,NaN,NaN,NaN,NaN,,,NaN,NaN,NaN
PUBLICATION,STRESS,LARS_NO_RUNTIME_VALIDATION,8,2147483647,STRESS_MIXED,,5,21003,295628,295628,295628,295628,-1,-1,295628,4,SCAN_FRAGMENTATION,COMPACT,COMMIT_NO_TRIAL,runtime validation disabled by evaluation policy,22,24,52,3,4.866444182821078E-5,1.3523260007212407E-4,0.03229570757246034,14507.83738606617,2830.0,3254.4999999999995,4486.540499999998,705600,0,0,NaN,NaN,NaN,NaN,,,NaN,NaN,NaN
PUBLICATION,STRESS,LARS_NO_RUNTIME_VALIDATION,8,2147483647,STRESS_MIXED,,6,20992,299264,-1,-1,-1,-1,-1,-1,-1,SCAN_FRAGMENTATION,,ABSTAIN,predicted benefit does not repay estimated adaptation cost within configured horizon,-1,-1,0,0,0.0,0.0,NaN,NaN,NaN,NaN,NaN,0,0,0,NaN,NaN,NaN,NaN,,,NaN,NaN,NaN
PUBLICATION,STRESS,LARS_NO_RUNTIME_VALIDATION,9,6364136223846793005,STRESS_READ,,1,21177,94248,-1,-1,-1,-1,-1,-1,-1,NO_CONFIDENT_DIAGNOSIS,,ABSTAIN,"diagnostic confidence not satisfied: insertScore=0.9021866329490171, scanScore=0.0",-1,-1,0,0,0.0,0.0,NaN,NaN,NaN,NaN,NaN,0,0,0,NaN,NaN,NaN,NaN,,,NaN,NaN,NaN
PUBLICATION,STRESS,LARS_NO_RUNTIME_VALIDATION,9,6364136223846793005,STRESS_READ,,2,21172,97221,-1,-1,-1,-1,-1,-1,-1,NO_CONFIDENT_DIAGNOSIS,,ABSTAIN,"diagnostic confidence not satisfied: insertScore=0.14471263085725136, scanScore=7.364278316657636E-4",-1,-1,0,0,0.0,0.0,NaN,NaN,NaN,NaN,NaN,0,0,0,NaN,NaN,NaN,NaN,,,NaN,NaN,NaN
PUBLICATION,STRESS,LARS_NO_RUNTIME_VALIDATION,9,6364136223846793005,STRESS_READ,,3,20996,106713,-1,-1,-1,-1,-1,-1,-1,NO_CONFIDENT_DIAGNOSIS,,ABSTAIN,"diagnostic confidence not satisfied: insertScore=0.39639541214275675, scanScore=0.03276018898328338",-1,-1,0,0,0.0,0.0,NaN,NaN,NaN,NaN,NaN,0,0,0,NaN,NaN,NaN,NaN,,,NaN,NaN,NaN
PUBLICATION,STRESS,LARS_NO_RUNTIME_VALIDATION,9,6364136223846793005,STRESS_MIXED,,4,21004,290017,290017,290017,290017,-1,-1,290017,4,INSERT_SPLIT_PRESSURE,SLACKEN,COMMIT_NO_TRIAL,runtime validation disabled by evaluation policy,16,18,92,4,8.615773045554027E-5,1.8056245203809868E-4,0.039445300462249616,1013867.4884437596,4680.0,5382.0,106.16772036474163,889300,0,0,NaN,NaN,NaN,NaN,,,NaN,NaN,NaN
PUBLICATION,STRESS,LARS_NO_RUNTIME_VALIDATION,9,6364136223846793005,STRESS_MIXED,,5,21003,299436,-1,-1,-1,-1,-1,-1,-1,NO_CONFIDENT_DIAGNOSIS,,ABSTAIN,"diagnostic confidence not satisfied: insertScore=0.07694094665051723, scanScore=0.14731770039859862",-1,-1,0,0,0.0,0.0,NaN,NaN,NaN,NaN,NaN,0,0,0,NaN,NaN,NaN,NaN,,,NaN,NaN,NaN
PUBLICATION,STRESS,LARS_NO_RUNTIME_VALIDATION,9,6364136223846793005,STRESS_MIXED,,6,20993,299549,-1,-1,-1,-1,-1,-1,-1,SCAN_FRAGMENTATION,,ABSTAIN,predicted benefit does not repay estimated adaptation cost within configured horizon,-1,-1,0,0,0.0,0.0,NaN,NaN,NaN,NaN,NaN,0,0,0,NaN,NaN,NaN,NaN,,,NaN,NaN,NaN
PUBLICATION,STRESS,LARS_NO_RUNTIME_VALIDATION,9,6364136223846793005,STRESS_MIXED,,7,21005,299598,299598,299598,299598,-1,-1,299598,4,INSERT_SPLIT_PRESSURE,SLACKEN,COMMIT_NO_TRIAL,runtime validation disabled by evaluation policy,18,19,63,3,5.8888466179793034E-5,1.3513513513513514E-4,0.03025468297583171,133309.69686225845,3270.0,3760.4999999999995,564.1750132978723,29900,0,0,NaN,NaN,NaN,NaN,,,NaN,NaN,NaN
PUBLICATION,STRESS,LOCAL_COST_ADAPTIVE,0,1103515245,STRESS_INSERT,,1,20998,72232,-1,-1,-1,-1,-1,-1,-1,NO_CONFIDENT_DIAGNOSIS,,ABSTAIN,no cost-admissible candidate without explicit diagnosis,-1,-1,0,0,0.0,0.0,NaN,NaN,NaN,NaN,NaN,0,0,0,NaN,NaN,NaN,NaN,,,NaN,NaN,NaN
PUBLICATION,STRESS,LOCAL_COST_ADAPTIVE,0,1103515245,STRESS_INSERT,,2,21000,73540,-1,-1,-1,-1,-1,-1,-1,NO_CONFIDENT_DIAGNOSIS,,ABSTAIN,no cost-admissible candidate without explicit diagnosis,-1,-1,0,0,0.0,0.0,NaN,NaN,NaN,NaN,NaN,0,0,0,NaN,NaN,NaN,NaN,,,NaN,NaN,NaN
PUBLICATION,STRESS,LOCAL_COST_ADAPTIVE,0,1103515245,STRESS_INSERT,,3,20997,73722,-1,-1,-1,-1,-1,-1,-1,NO_CONFIDENT_DIAGNOSIS,,ABSTAIN,no cost-admissible candidate without explicit diagnosis,-1,-1,0,0,0.0,0.0,NaN,NaN,NaN,NaN,NaN,0,0,0,NaN,NaN,NaN,NaN,,,NaN,NaN,NaN
PUBLICATION,STRESS,LOCAL_COST_ADAPTIVE,0,1103515245,STRESS_MIXED,,4,21612,250811,-1,-1,-1,-1,-1,-1,-1,NO_CONFIDENT_DIAGNOSIS,,ABSTAIN,no cost-admissible candidate without explicit diagnosis,-1,-1,0,0,0.0,0.0,NaN,NaN,NaN,NaN,NaN,0,0,0,NaN,NaN,NaN,NaN,,,NaN,NaN,NaN
PUBLICATION,STRESS,LOCAL_COST_ADAPTIVE,0,1103515245,STRESS_MIXED,,5,21003,294030,294030,294030,294030,-1,-1,294030,4,INSERT_SPLIT_PRESSURE,SLACKEN,COMMIT_NO_TRIAL,runtime validation disabled by evaluation policy,20,21,62,3,5.8016364357740134E-5,1.3516557783284524E-4,0.03493330604168799,67342.13488895712,3230.0,3714.4999999999995,1103.1726291793311,751800,0,0,NaN,NaN,NaN,NaN,,,NaN,NaN,NaN
PUBLICATION,STRESS,LOCAL_COST_ADAPTIVE,1,214013,STRESS_READ,,1,20999,102960,-1,-1,-1,-1,-1,-1,-1,NO_CONFIDENT_DIAGNOSIS,,ABSTAIN,no cost-admissible candidate without explicit diagnosis,-1,-1,0,0,0.0,0.0,NaN,NaN,NaN,NaN,NaN,0,0,0,NaN,NaN,NaN,NaN,,,NaN,NaN,NaN
PUBLICATION,STRESS,LOCAL_COST_ADAPTIVE,1,214013,STRESS_MIXED,,2,21609,229667,-1,-1,-1,-1,-1,-1,-1,NO_CONFIDENT_DIAGNOSIS,,ABSTAIN,no cost-admissible candidate without explicit diagnosis,-1,-1,0,0,0.0,0.0,NaN,NaN,NaN,NaN,NaN,0,0,0,NaN,NaN,NaN,NaN,,,NaN,NaN,NaN
PUBLICATION,STRESS,LOCAL_COST_ADAPTIVE,1,214013,STRESS_MIXED,,3,21634,229790,-1,-1,-1,-1,-1,-1,-1,NO_CONFIDENT_DIAGNOSIS,,ABSTAIN,no cost-admissible candidate without explicit diagnosis,-1,-1,0,0,0.0,0.0,NaN,NaN,NaN,NaN,NaN,0,0,0,NaN,NaN,NaN,NaN,,,NaN,NaN,NaN
PUBLICATION,STRESS,LOCAL_COST_ADAPTIVE,1,214013,STRESS_MIXED,,4,21172,232187,-1,-1,-1,-1,-1,-1,-1,NO_CONFIDENT_DIAGNOSIS,,ABSTAIN,no cost-admissible candidate without explicit diagnosis,-1,-1,0,0,0.0,0.0,NaN,NaN,NaN,NaN,NaN,0,0,0,NaN,NaN,NaN,NaN,,,NaN,NaN,NaN
PUBLICATION,STRESS,LOCAL_COST_ADAPTIVE,1,214013,STRESS_MIXED,,5,21000,254697,-1,-1,-1,-1,-1,-1,-1,NO_CONFIDENT_DIAGNOSIS,,ABSTAIN,no cost-admissible candidate without explicit diagnosis,-1,-1,0,0,0.0,0.0,NaN,NaN,NaN,NaN,NaN,0,0,0,NaN,NaN,NaN,NaN,,,NaN,NaN,NaN
PUBLICATION,STRESS,LOCAL_COST_ADAPTIVE,1,214013,STRESS_MIXED,,6,21188,280519,-1,-1,-1,-1,-1,-1,-1,NO_CONFIDENT_DIAGNOSIS,,ABSTAIN,no cost-admissible candidate without explicit diagnosis,-1,-1,0,0,0.0,0.0,NaN,NaN,NaN,NaN,NaN,0,0,0,NaN,NaN,NaN,NaN,,,NaN,NaN,NaN
PUBLICATION,STRESS,LOCAL_COST_ADAPTIVE,1,214013,STRESS_MIXED,,7,20993,296210,-1,-1,-1,-1,-1,-1,-1,NO_CONFIDENT_DIAGNOSIS,,ABSTAIN,no cost-admissible candidate without explicit diagnosis,-1,-1,0,0,0.0,0.0,NaN,NaN,NaN,NaN,NaN,0,0,0,NaN,NaN,NaN,NaN,,,NaN,NaN,NaN
PUBLICATION,STRESS,LOCAL_COST_ADAPTIVE,1,214013,STRESS_MIXED,,8,21003,296799,-1,-1,-1,-1,-1,-1,-1,NO_CONFIDENT_DIAGNOSIS,,ABSTAIN,no cost-admissible candidate without explicit diagnosis,-1,-1,0,0,0.0,0.0,NaN,NaN,NaN,NaN,NaN,0,0,0,NaN,NaN,NaN,NaN,,,NaN,NaN,NaN
PUBLICATION,STRESS,LOCAL_COST_ADAPTIVE,1,214013,STRESS_MIXED,,9,21004,298056,298056,298056,298056,-1,-1,298056,4,INSERT_SPLIT_PRESSURE,SLACKEN,COMMIT_NO_TRIAL,runtime validation disabled by evaluation policy,0,1,59,3,5.517700596472787E-5,1.3506820944577012E-4,0.02991702699544233,74091.38716840015,3110.0,3576.4999999999995,965.4293533123026,850100,0,0,NaN,NaN,NaN,NaN,,,NaN,NaN,NaN
PUBLICATION,STRESS,LOCAL_COST_ADAPTIVE,2,1664525,STRESS_INSERT,,1,20997,67134,-1,-1,-1,-1,-1,-1,-1,NO_CONFIDENT_DIAGNOSIS,,ABSTAIN,no cost-admissible candidate without explicit diagnosis,-1,-1,0,0,0.0,0.0,NaN,NaN,NaN,NaN,NaN,0,0,0,NaN,NaN,NaN,NaN,,,NaN,NaN,NaN
PUBLICATION,STRESS,LOCAL_COST_ADAPTIVE,2,1664525,STRESS_INSERT,,2,20999,67733,-1,-1,-1,-1,-1,-1,-1,NO_CONFIDENT_DIAGNOSIS,,ABSTAIN,no cost-admissible candidate without explicit diagnosis,-1,-1,0,0,0.0,0.0,NaN,NaN,NaN,NaN,NaN,0,0,0,NaN,NaN,NaN,NaN,,,NaN,NaN,NaN
PUBLICATION,STRESS,LOCAL_COST_ADAPTIVE,2,1664525,STRESS_INSERT,,3,21001,68729,68729,68729,68729,-1,-1,68729,4,INSERT_SPLIT_PRESSURE,SLACKEN,COMMIT_NO_TRIAL,runtime validation disabled by evaluation policy,11,12,44,3,4.196907451513796E-5,1.3614703880190606E-4,0.03336917913122821,1867396.6174601621,2510.0,2886.5,30.914696674624118,813700,0,0,NaN,NaN,NaN,NaN,,,NaN,NaN,NaN
PUBLICATION,STRESS,LOCAL_COST_ADAPTIVE,2,1664525,STRESS_READ,,4,21170,96816,-1,-1,-1,-1,-1,-1,-1,NO_CONFIDENT_DIAGNOSIS,,ABSTAIN,no cost-admissible candidate without explicit diagnosis,-1,-1,0,0,0.0,0.0,NaN,NaN,NaN,NaN,NaN,0,0,0,NaN,NaN,NaN,NaN,,,NaN,NaN,NaN
PUBLICATION,STRESS,LOCAL_COST_ADAPTIVE,2,1664525,STRESS_MIXED,,5,21179,283503,-1,-1,-1,-1,-1,-1,-1,NO_CONFIDENT_DIAGNOSIS,,ABSTAIN,no cost-admissible candidate without explicit diagnosis,-1,-1,0,0,0.0,0.0,NaN,NaN,NaN,NaN,NaN,0,0,0,NaN,NaN,NaN,NaN,,,NaN,NaN,NaN
PUBLICATION,STRESS,LOCAL_COST_ADAPTIVE,2,1664525,STRESS_MIXED,,6,20991,293385,293385,293385,293385,-1,-1,293385,4,INSERT_SPLIT_PRESSURE,SLACKEN,COMMIT_NO_TRIAL,runtime validation disabled by evaluation policy,33,34,63,3,5.8955532555619396E-5,1.351777587527599E-4,0.03653489367775082,22406.16526330812,3270.0,3760.4999999999995,3356.6654140127384,148700,0,0,NaN,NaN,NaN,NaN,,,NaN,NaN,NaN
PUBLICATION,STRESS,LOCAL_COST_ADAPTIVE,2,1664525,STRESS_MIXED,,7,21005,296908,296908,296908,296908,-1,-1,296908,4,INSERT_SPLIT_PRESSURE,SLACKEN,COMMIT_NO_TRIAL,runtime validation disabled by evaluation policy,8,9,63,3,5.891456919890213E-5,1.35013501350135E-4,0.031958055052743274,63666.43780038699,3270.0,3760.4999999999995,1181.3131470588235,21300,0,0,NaN,NaN,NaN,NaN,,,NaN,NaN,NaN
PUBLICATION,STRESS,LOCAL_COST_ADAPTIVE,3,22695477,STRESS_INSERT,,1,21001,69835,-1,-1,-1,-1,-1,-1,-1,NO_CONFIDENT_DIAGNOSIS,,ABSTAIN,no cost-admissible candidate without explicit diagnosis,-1,-1,0,0,0.0,0.0,NaN,NaN,NaN,NaN,NaN,0,0,0,NaN,NaN,NaN,NaN,,,NaN,NaN,NaN
PUBLICATION,STRESS,LOCAL_COST_ADAPTIVE,3,22695477,STRESS_MIXED,,2,21580,245006,-1,-1,-1,-1,-1,-1,-1,NO_CONFIDENT_DIAGNOSIS,,ABSTAIN,no cost-admissible candidate without explicit diagnosis,-1,-1,0,0,0.0,0.0,NaN,NaN,NaN,NaN,NaN,0,0,0,NaN,NaN,NaN,NaN,,,NaN,NaN,NaN
PUBLICATION,STRESS,LOCAL_COST_ADAPTIVE,3,22695477,STRESS_MIXED,,3,21003,299679,299679,299679,299679,-1,-1,299679,4,INSERT_SPLIT_PRESSURE,SLACKEN,COMMIT_NO_TRIAL,runtime validation disabled by evaluation policy,19,20,64,3,5.9833718357078284E-5,1.350438892640108E-4,0.02846658512176137,50372.51195374179,3310.0,3806.4999999999995,1511.340154525386,960100,0,0,NaN,NaN,NaN,NaN,,,NaN,NaN,NaN
PUBLICATION,STRESS,LOCAL_COST_ADAPTIVE,4,69069,STRESS_INSERT,,1,20997,72438,72438,72438,72438,-1,-1,72438,4,INSERT_SPLIT_PRESSURE,SLACKEN,COMMIT_NO_TRIAL,runtime validation disabled by evaluation policy,19,20,42,3,3.9951107454210796E-5,1.3597425554095092E-4,0.033569367951744034,236355.88775242592,2430.0,2794.5,236.46544425642875,711700,0,0,NaN,NaN,NaN,NaN,,,NaN,NaN,NaN
PUBLICATION,STRESS,LOCAL_COST_ADAPTIVE,4,69069,STRESS_READ,,2,21181,97466,-1,-1,-1,-1,-1,-1,-1,NO_CONFIDENT_DIAGNOSIS,,ABSTAIN,no cost-admissible candidate without explicit diagnosis,-1,-1,0,0,0.0,0.0,NaN,NaN,NaN,NaN,NaN,0,0,0,NaN,NaN,NaN,NaN,,,NaN,NaN,NaN
PUBLICATION,STRESS,LOCAL_COST_ADAPTIVE,4,69069,STRESS_MIXED,,3,20991,285702,-1,-1,-1,-1,-1,-1,-1,NO_CONFIDENT_DIAGNOSIS,,ABSTAIN,no cost-admissible candidate without explicit diagnosis,-1,-1,0,0,0.0,0.0,NaN,NaN,NaN,NaN,NaN,0,0,0,NaN,NaN,NaN,NaN,,,NaN,NaN,NaN
PUBLICATION,STRESS,LOCAL_COST_ADAPTIVE,4,69069,STRESS_MIXED,,4,20993,293561,-1,-1,-1,-1,-1,-1,-1,NO_CONFIDENT_DIAGNOSIS,,ABSTAIN,no cost-admissible candidate without explicit diagnosis,-1,-1,0,0,0.0,0.0,NaN,NaN,NaN,NaN,NaN,0,0,0,NaN,NaN,NaN,NaN,,,NaN,NaN,NaN
PUBLICATION,STRESS,LOCAL_COST_ADAPTIVE,4,69069,STRESS_MIXED,,5,21003,295463,295463,295463,295463,-1,-1,295463,4,INSERT_SPLIT_PRESSURE,SLACKEN,COMMIT_NO_TRIAL,runtime validation disabled by evaluation policy,14,16,93,4,8.699157865395031E-5,1.8031013342949875E-4,0.03355836665137314,215573.17952415286,4720.0,5428.0,503.5876923076922,30100,0,0,NaN,NaN,NaN,NaN,,,NaN,NaN,NaN
PUBLICATION,STRESS,LOCAL_COST_ADAPTIVE,4,69069,STRESS_MIXED,,6,21004,298865,298865,298865,298865,-1,-1,298865,4,INSERT_SPLIT_PRESSURE,SLACKEN,COMMIT_NO_TRIAL,runtime validation disabled by evaluation policy,19,20,56,3,5.2347651974114086E-5,1.3508037282182898E-4,0.028647363267589872,136522.590572108,2990.0,3438.4999999999995,503.72615778688515,23700,0,0,NaN,NaN,NaN,NaN,,,NaN,NaN,NaN
PUBLICATION,STRESS,LOCAL_COST_ADAPTIVE,5,48271,STRESS_INSERT,,1,20997,69361,69361,69361,69361,-1,-1,69361,4,INSERT_SPLIT_PRESSURE,SLACKEN,COMMIT_NO_TRIAL,runtime validation disabled by evaluation policy,27,28,37,3,3.528514209422087E-5,1.361532177543796E-4,0.035168458288972075,88978.94700690317,2230.0,2564.5,576.4284892697237,29500,0,0,NaN,NaN,NaN,NaN,,,NaN,NaN,NaN
PUBLICATION,STRESS,LOCAL_COST_ADAPTIVE,5,48271,STRESS_INSERT,,2,21001,72191,72191,72191,72191,-1,-1,72191,4,INSERT_SPLIT_PRESSURE,SLACKEN,COMMIT_NO_TRIAL,runtime validation disabled by evaluation policy,48,49,60,3,5.7111853565207456E-5,1.3601741022850925E-4,0.03254616533706258,1581381.3050249498,3150.0,3622.4999999999995,45.81437744950256,25800,0,0,NaN,NaN,NaN,NaN,,,NaN,NaN,NaN
PUBLICATION,STRESS,LOCAL_COST_ADAPTIVE,5,48271,STRESS_READ,,3,21182,87976,-1,-1,-1,-1,-1,-1,-1,NO_CONFIDENT_DIAGNOSIS,,ABSTAIN,no cost-admissible candidate without explicit diagnosis,-1,-1,0,0,0.0,0.0,NaN,NaN,NaN,NaN,NaN,0,0,0,NaN,NaN,NaN,NaN,,,NaN,NaN,NaN
PUBLICATION,STRESS,LOCAL_COST_ADAPTIVE,5,48271,STRESS_READ,,4,20999,101667,101667,101667,101667,-1,-1,101667,5,INSERT_SPLIT_PRESSURE,SLACKEN,COMMIT_NO_TRIAL,runtime validation disabled by evaluation policy,36,37,49,3,4.654184586860382E-5,1.359064963305246E-4,0.03047528347370614,254558.4952828785,2710.0,3116.4999999999995,244.85531284562194,27600,0,0,NaN,NaN,NaN,NaN,,,NaN,NaN,NaN
PUBLICATION,STRESS,LOCAL_COST_ADAPTIVE,5,48271,STRESS_MIXED,,5,20992,294786,294786,294786,294786,-1,-1,294786,4,INSERT_SPLIT_PRESSURE,SLACKEN,COMMIT_NO_TRIAL,runtime validation disabled by evaluation policy,2,3,64,3,5.991280814140172E-5,1.3520822065981613E-4,0.03379314896706488,1121642.1358326185,3310.0,3806.4999999999995,67.87369836412851,22500,0,0,NaN,NaN,NaN,NaN,,,NaN,NaN,NaN
PUBLICATION,STRESS,LOCAL_COST_ADAPTIVE,5,48271,STRESS_MIXED,,6,20994,299618,299618,299618,299618,-1,-1,299618,4,SCAN_FRAGMENTATION,COMPACT,COMMIT_NO_TRIAL,runtime validation disabled by evaluation policy,14,16,47,3,4.3956496162223785E-5,1.350621285791464E-4,0.030068123091378907,15122.151750058729,2630.0,3024.4999999999995,4000.0921165048535,22100,0,0,NaN,NaN,NaN,NaN,,,NaN,NaN,NaN
PUBLICATION,STRESS,LOCAL_COST_ADAPTIVE,6,134775813,STRESS_INSERT,,1,20997,72032,72032,72032,72032,-1,-1,72032,4,INSERT_SPLIT_PRESSURE,SLACKEN,COMMIT_NO_TRIAL,runtime validation disabled by evaluation policy,52,53,43,3,4.0924357511380306E-5,1.3601124359613728E-4,0.03263849046981577,527736.3421941735,2470.0,2840.5,107.64845142898558,27300,0,0,NaN,NaN,NaN,NaN,,,NaN,NaN,NaN
PUBLICATION,STRESS,LOCAL_COST_ADAPTIVE,6,134775813,STRESS_READ,,2,20999,75282,-1,-1,-1,-1,-1,-1,-1,NO_CONFIDENT_DIAGNOSIS,,ABSTAIN,no cost-admissible candidate without explicit diagnosis,-1,-1,0,0,0.0,0.0,NaN,NaN,NaN,NaN,NaN,0,0,0,NaN,NaN,NaN,NaN,,,NaN,NaN,NaN
PUBLICATION,STRESS,LOCAL_COST_ADAPTIVE,6,134775813,STRESS_MIXED,,3,21626,236877,-1,-1,-1,-1,-1,-1,-1,NO_CONFIDENT_DIAGNOSIS,,ABSTAIN,no cost-admissible candidate without explicit diagnosis,-1,-1,0,0,0.0,0.0,NaN,NaN,NaN,NaN,NaN,0,0,0,NaN,NaN,NaN,NaN,,,NaN,NaN,NaN
PUBLICATION,STRESS,LOCAL_COST_ADAPTIVE,6,134775813,STRESS_MIXED,,4,20993,298833,-1,-1,-1,-1,-1,-1,-1,NO_CONFIDENT_DIAGNOSIS,,ABSTAIN,no cost-admissible candidate without explicit diagnosis,-1,-1,0,0,0.0,0.0,NaN,NaN,NaN,NaN,NaN,0,0,0,NaN,NaN,NaN,NaN,,,NaN,NaN,NaN
PUBLICATION,STRESS,LOCAL_COST_ADAPTIVE,7,16807,STRESS_INSERT,,1,20999,69905,69905,69905,69905,-1,-1,69905,4,INSERT_SPLIT_PRESSURE,SLACKEN,COMMIT_NO_TRIAL,runtime validation disabled by evaluation policy,4,5,63,3,6.006641629458859E-5,1.3616557734204794E-4,0.035934868051656375,1700168.4446939921,3270.0,3760.4999999999995,44.23679326287977,582500,0,0,NaN,NaN,NaN,NaN,,,NaN,NaN,NaN
PUBLICATION,STRESS,LOCAL_COST_ADAPTIVE,7,16807,STRESS_READ,,2,21185,89873,89873,89873,89873,-1,-1,89873,4,INSERT_SPLIT_PRESSURE,SLACKEN,COMMIT_NO_TRIAL,runtime validation disabled by evaluation policy,41,42,46,3,4.369927677696934E-5,1.3594344752582924E-4,0.03458875190001689,186840.06080054044,2590.0,2978.4999999999995,318.82884079979743,27400,0,0,NaN,NaN,NaN,NaN,,,NaN,NaN,NaN
PUBLICATION,STRESS,LOCAL_COST_ADAPTIVE,7,16807,STRESS_READ,,3,21001,94019,94019,94019,94019,-1,-1,94019,5,INSERT_SPLIT_PRESSURE,SLACKEN,COMMIT_NO_TRIAL,runtime validation disabled by evaluation policy,11,12,50,3,4.749781510050538E-5,1.3593112822836428E-4,0.034000730484444,204279.97476508282,2750.0,3162.4999999999995,309.6240836760236,26700,0,0,NaN,NaN,NaN,NaN,,,NaN,NaN,NaN
PUBLICATION,STRESS,LOCAL_COST_ADAPTIVE,7,16807,STRESS_MIXED,,4,20994,295775,-1,-1,-1,-1,-1,-1,-1,NO_CONFIDENT_DIAGNOSIS,,ABSTAIN,no cost-admissible candidate without explicit diagnosis,-1,-1,0,0,0.0,0.0,NaN,NaN,NaN,NaN,NaN,0,0,0,NaN,NaN,NaN,NaN,,,NaN,NaN,NaN
PUBLICATION,STRESS,LOCAL_COST_ADAPTIVE,7,16807,STRESS_MIXED,,5,20992,299566,299566,299566,299566,-1,-1,299566,4,INSERT_SPLIT_PRESSURE,SLACKEN,COMMIT_NO_TRIAL,runtime validation disabled by evaluation policy,8,9,63,3,5.8941743103816054E-5,1.351473105685197E-4,0.028747894441325098,81976.4177428411,3270.0,3760.4999999999995,917.4589726027397,24300,0,0,NaN,NaN,NaN,NaN,,,NaN,NaN,NaN
PUBLICATION,STRESS,LOCAL_COST_ADAPTIVE,7,16807,STRESS_MIXED,,6,20991,299833,299833,299833,299833,-1,-1,299833,4,INSERT_SPLIT_PRESSURE,SLACKEN,COMMIT_NO_TRIAL,runtime validation disabled by evaluation policy,19,20,62,3,5.80029038873172E-5,1.3511687609782462E-4,0.02899371425335523,1041168.8091058382,3230.0,3714.4999999999995,71.35250244751441,24300,0,0,NaN,NaN,NaN,NaN,,,NaN,NaN,NaN
PUBLICATION,STRESS,LOCAL_COST_ADAPTIVE,8,2147483647,STRESS_READ,,1,20999,106244,-1,-1,-1,-1,-1,-1,-1,NO_CONFIDENT_DIAGNOSIS,,ABSTAIN,no cost-admissible candidate without explicit diagnosis,-1,-1,0,0,0.0,0.0,NaN,NaN,NaN,NaN,NaN,0,0,0,NaN,NaN,NaN,NaN,,,NaN,NaN,NaN
PUBLICATION,STRESS,LOCAL_COST_ADAPTIVE,8,2147483647,STRESS_SCAN,,2,21619,203121,-1,-1,-1,-1,-1,-1,-1,NO_CONFIDENT_DIAGNOSIS,,ABSTAIN,no cost-admissible candidate without explicit diagnosis,-1,-1,0,0,0.0,0.0,NaN,NaN,NaN,NaN,NaN,0,0,0,NaN,NaN,NaN,NaN,,,NaN,NaN,NaN
PUBLICATION,STRESS,LOCAL_COST_ADAPTIVE,8,2147483647,STRESS_MIXED,,3,21614,228873,-1,-1,-1,-1,-1,-1,-1,NO_CONFIDENT_DIAGNOSIS,,ABSTAIN,no cost-admissible candidate without explicit diagnosis,-1,-1,0,0,0.0,0.0,NaN,NaN,NaN,NaN,NaN,0,0,0,NaN,NaN,NaN,NaN,,,NaN,NaN,NaN
PUBLICATION,STRESS,LOCAL_COST_ADAPTIVE,8,2147483647,STRESS_MIXED,,4,21612,234363,-1,-1,-1,-1,-1,-1,-1,NO_CONFIDENT_DIAGNOSIS,,ABSTAIN,no cost-admissible candidate without explicit diagnosis,-1,-1,0,0,0.0,0.0,NaN,NaN,NaN,NaN,NaN,0,0,0,NaN,NaN,NaN,NaN,,,NaN,NaN,NaN
PUBLICATION,STRESS,LOCAL_COST_ADAPTIVE,8,2147483647,STRESS_MIXED,,5,20996,236831,-1,-1,-1,-1,-1,-1,-1,NO_CONFIDENT_DIAGNOSIS,,ABSTAIN,no cost-admissible candidate without explicit diagnosis,-1,-1,0,0,0.0,0.0,NaN,NaN,NaN,NaN,NaN,0,0,0,NaN,NaN,NaN,NaN,,,NaN,NaN,NaN
PUBLICATION,STRESS,LOCAL_COST_ADAPTIVE,8,2147483647,STRESS_MIXED,,6,21000,255082,255082,255082,255082,-1,-1,255082,7,INSERT_SPLIT_PRESSURE,SLACKEN,COMMIT_NO_TRIAL,runtime validation disabled by evaluation policy,43,44,49,3,4.622676397557717E-5,1.358695652173913E-4,0.008569396209046403,4932.490899200803,2710.0,3116.4999999999995,12636.61733468158,927100,0,0,NaN,NaN,NaN,NaN,,,NaN,NaN,NaN
PUBLICATION,STRESS,LOCAL_COST_ADAPTIVE,8,2147483647,STRESS_MIXED,,7,20997,262937,262937,262937,262937,-1,-1,262937,7,INSERT_SPLIT_PRESSURE,SLACKEN,COMMIT_NO_TRIAL,runtime validation disabled by evaluation policy,13,14,52,3,4.8981698741829714E-5,1.3585725930622227E-4,0.008329740590402902,9901.002985366013,2830.0,3254.4999999999995,6574.081443688585,26700,0,0,NaN,NaN,NaN,NaN,,,NaN,NaN,NaN
PUBLICATION,STRESS,LOCAL_COST_ADAPTIVE,8,2147483647,STRESS_MIXED,,8,20991,291679,291679,291679,291679,-1,-1,291679,4,INSERT_SPLIT_PRESSURE,SLACKEN,COMMIT_NO_TRIAL,runtime validation disabled by evaluation policy,23,24,61,3,5.7131832171028354E-5,1.3539739134359345E-4,0.03997969780970601,457580.13508765085,3190.0,3668.4999999999995,160.34349914675767,27700,0,0,NaN,NaN,NaN,NaN,,,NaN,NaN,NaN
PUBLICATION,STRESS,LOCAL_COST_ADAPTIVE,8,2147483647,STRESS_MIXED,,9,21004,292389,292389,292389,292389,-1,-1,292389,4,INSERT_SPLIT_PRESSURE,SLACKEN,COMMIT_NO_TRIAL,runtime validation disabled by evaluation policy,13,14,60,3,5.618756157220289E-5,1.3536073636240582E-4,0.034761355149704666,217258.46968565419,3150.0,3622.4999999999995,333.473765625,22400,0,0,NaN,NaN,NaN,NaN,,,NaN,NaN,NaN
PUBLICATION,STRESS,LOCAL_COST_ADAPTIVE,8,2147483647,STRESS_MIXED,,10,21003,295628,295628,295628,295628,-1,-1,295628,4,INSERT_SPLIT_PRESSURE,SLACKEN,COMMIT_NO_TRIAL,runtime validation disabled by evaluation policy,34,35,62,3,5.802298833363593E-5,1.352021271801343E-4,0.03229570757246034,119973.50742738198,3230.0,3714.4999999999995,619.2200394321766,28800,0,0,NaN,NaN,NaN,NaN,,,NaN,NaN,NaN
PUBLICATION,STRESS,LOCAL_COST_ADAPTIVE,8,2147483647,STRESS_MIXED,,11,20992,299264,299264,299264,299264,-1,-1,299264,4,INSERT_SPLIT_PRESSURE,SLACKEN,COMMIT_NO_TRIAL,runtime validation disabled by evaluation policy,36,37,62,3,5.798055594001444E-5,1.350621285791464E-4,0.029273033932706326,35676.51010548583,3230.0,3714.4999999999995,2082.3225080128204,24800,0,0,NaN,NaN,NaN,NaN,,,NaN,NaN,NaN
PUBLICATION,STRESS,LOCAL_COST_ADAPTIVE,9,6364136223846793005,STRESS_INSERT,,1,21001,69820,-1,-1,-1,-1,-1,-1,-1,NO_CONFIDENT_DIAGNOSIS,,ABSTAIN,no cost-admissible candidate without explicit diagnosis,-1,-1,0,0,0.0,0.0,NaN,NaN,NaN,NaN,NaN,0,0,0,NaN,NaN,NaN,NaN,,,NaN,NaN,NaN
PUBLICATION,STRESS,LOCAL_COST_ADAPTIVE,9,6364136223846793005,STRESS_INSERT,,2,20999,70399,-1,-1,-1,-1,-1,-1,-1,NO_CONFIDENT_DIAGNOSIS,,ABSTAIN,no cost-admissible candidate without explicit diagnosis,-1,-1,0,0,0.0,0.0,NaN,NaN,NaN,NaN,NaN,0,0,0,NaN,NaN,NaN,NaN,,,NaN,NaN,NaN
PUBLICATION,STRESS,LOCAL_COST_ADAPTIVE,9,6364136223846793005,STRESS_READ,,3,21172,97221,97221,97221,97221,-1,-1,97221,4,INSERT_SPLIT_PRESSURE,SLACKEN,COMMIT_NO_TRIAL,runtime validation disabled by evaluation policy,30,31,46,3,4.366783209148981E-5,1.3593112822836428E-4,0.03268641470888662,39006.63942798775,2590.0,2978.4999999999995,1527.1759083469717,865700,0,0,NaN,NaN,NaN,NaN,,,NaN,NaN,NaN
PUBLICATION,STRESS,LOCAL_COST_ADAPTIVE,9,6364136223846793005,STRESS_MIXED,,4,21004,290017,290017,290017,290017,-1,-1,290017,4,INSERT_SPLIT_PRESSURE,SLACKEN,COMMIT_NO_TRIAL,runtime validation disabled by evaluation policy,16,18,92,4,8.615773045554027E-5,1.8055430170623815E-4,0.039445300462249616,906009.2449922959,4680.0,5382.0,118.80673469387754,27200,0,0,NaN,NaN,NaN,NaN,,,NaN,NaN,NaN
PUBLICATION,STRESS,LOCAL_COST_ADAPTIVE,9,6364136223846793005,STRESS_MIXED,,5,21003,299436,299436,299436,299436,-1,-1,299436,4,SCAN_FRAGMENTATION,COMPACT,COMMIT_NO_TRIAL,runtime validation disabled by evaluation policy,25,29,156,5,1.4582328461340004E-4,2.2524551761419947E-4,0.029584260249039377,30624.331898419667,7490.0,8613.5,5625.265575471698,28100,0,0,NaN,NaN,NaN,NaN,,,NaN,NaN,NaN
PUBLICATION,STRESS,LOCAL_COST_ADAPTIVE,9,6364136223846793005,STRESS_MIXED,,6,20993,299549,-1,-1,-1,-1,-1,-1,-1,NO_CONFIDENT_DIAGNOSIS,,ABSTAIN,no cost-admissible candidate without explicit diagnosis,-1,-1,0,0,0.0,0.0,NaN,NaN,NaN,NaN,NaN,0,0,0,NaN,NaN,NaN,NaN,,,NaN,NaN,NaN
PUBLICATION,STRESS,LOCAL_COST_ADAPTIVE,9,6364136223846793005,STRESS_MIXED,,7,21005,299598,299598,299598,299598,-1,-1,299598,4,INSERT_SPLIT_PRESSURE,SLACKEN,COMMIT_NO_TRIAL,runtime validation disabled by evaluation policy,18,19,63,3,5.8888466179793034E-5,1.351412225775936E-4,0.03025468297583171,33327.42421556461,3270.0,3760.4999999999995,2256.700053191489,24200,0,0,NaN,NaN,NaN,NaN,,,NaN,NaN,NaN
PUBLICATION,STRESS,PERIODIC_GLOBAL_REBUILD,0,1103515245,STRESS_INSERT,,1,-1,50000,50000,50000,50000,-1,-1,50000,-1,,GLOBAL_REBUILD,COMMIT,periodic interval,-1,-1,1035134,43120,1.0,1.0,1.0,NaN,NaN,NaN,NaN,53972900,0,0,NaN,NaN,NaN,NaN,,,NaN,NaN,NaN
PUBLICATION,STRESS,PERIODIC_GLOBAL_REBUILD,0,1103515245,STRESS_READ,,2,-1,100000,100000,100000,100000,-1,-1,100000,-1,,GLOBAL_REBUILD,COMMIT,periodic interval,-1,-1,1053248,43905,1.0,1.0,1.0,NaN,NaN,NaN,NaN,61787400,0,0,NaN,NaN,NaN,NaN,,,NaN,NaN,NaN
PUBLICATION,STRESS,PERIODIC_GLOBAL_REBUILD,0,1103515245,STRESS_READ,,3,-1,150000,150000,150000,150000,-1,-1,150000,-1,,GLOBAL_REBUILD,COMMIT,periodic interval,-1,-1,1053774,43897,1.0,1.0,1.0,NaN,NaN,NaN,NaN,18082200,0,0,NaN,NaN,NaN,NaN,,,NaN,NaN,NaN
PUBLICATION,STRESS,PERIODIC_GLOBAL_REBUILD,0,1103515245,STRESS_SCAN,,4,-1,200000,200000,200000,200000,-1,-1,200000,-1,,GLOBAL_REBUILD,COMMIT,periodic interval,-1,-1,1053816,43909,1.0,1.0,1.0,NaN,NaN,NaN,NaN,14691400,0,0,NaN,NaN,NaN,NaN,,,NaN,NaN,NaN
PUBLICATION,STRESS,PERIODIC_GLOBAL_REBUILD,0,1103515245,STRESS_MIXED,,5,-1,250000,250000,250000,250000,-1,-1,250000,-1,,GLOBAL_REBUILD,COMMIT,periodic interval,-1,-1,1059087,44020,1.0,1.0,1.0,NaN,NaN,NaN,NaN,16303500,0,0,NaN,NaN,NaN,NaN,,,NaN,NaN,NaN
PUBLICATION,STRESS,PERIODIC_GLOBAL_REBUILD,0,1103515245,STRESS_MIXED,,6,-1,300000,300000,300000,300000,-1,-1,300000,-1,,GLOBAL_REBUILD,COMMIT,periodic interval,-1,-1,1069901,44364,1.0,1.0,1.0,NaN,NaN,NaN,NaN,8528700,0,0,NaN,NaN,NaN,NaN,,,NaN,NaN,NaN
PUBLICATION,STRESS,PERIODIC_GLOBAL_REBUILD,1,214013,STRESS_INSERT,,1,-1,50000,50000,50000,50000,-1,-1,50000,-1,,GLOBAL_REBUILD,COMMIT,periodic interval,-1,-1,1035141,43113,1.0,1.0,1.0,NaN,NaN,NaN,NaN,61173800,0,0,NaN,NaN,NaN,NaN,,,NaN,NaN,NaN
PUBLICATION,STRESS,PERIODIC_GLOBAL_REBUILD,1,214013,STRESS_READ,,2,-1,100000,100000,100000,100000,-1,-1,100000,-1,,GLOBAL_REBUILD,COMMIT,periodic interval,-1,-1,1053211,43914,1.0,1.0,1.0,NaN,NaN,NaN,NaN,59435100,0,0,NaN,NaN,NaN,NaN,,,NaN,NaN,NaN
PUBLICATION,STRESS,PERIODIC_GLOBAL_REBUILD,1,214013,STRESS_READ,,3,-1,150000,150000,150000,150000,-1,-1,150000,-1,,GLOBAL_REBUILD,COMMIT,periodic interval,-1,-1,1053780,43896,1.0,1.0,1.0,NaN,NaN,NaN,NaN,18964500,0,0,NaN,NaN,NaN,NaN,,,NaN,NaN,NaN
PUBLICATION,STRESS,PERIODIC_GLOBAL_REBUILD,1,214013,STRESS_SCAN,,4,-1,200000,200000,200000,200000,-1,-1,200000,-1,,GLOBAL_REBUILD,COMMIT,periodic interval,-1,-1,1053925,43911,1.0,1.0,1.0,NaN,NaN,NaN,NaN,16736000,0,0,NaN,NaN,NaN,NaN,,,NaN,NaN,NaN
PUBLICATION,STRESS,PERIODIC_GLOBAL_REBUILD,1,214013,STRESS_MIXED,,5,-1,250000,250000,250000,250000,-1,-1,250000,-1,,GLOBAL_REBUILD,COMMIT,periodic interval,-1,-1,1059076,44022,1.0,1.0,1.0,NaN,NaN,NaN,NaN,14221900,0,0,NaN,NaN,NaN,NaN,,,NaN,NaN,NaN
PUBLICATION,STRESS,PERIODIC_GLOBAL_REBUILD,1,214013,STRESS_MIXED,,6,-1,300000,300000,300000,300000,-1,-1,300000,-1,,GLOBAL_REBUILD,COMMIT,periodic interval,-1,-1,1069699,44364,1.0,1.0,1.0,NaN,NaN,NaN,NaN,9200400,0,0,NaN,NaN,NaN,NaN,,,NaN,NaN,NaN
PUBLICATION,STRESS,PERIODIC_GLOBAL_REBUILD,2,1664525,STRESS_INSERT,,1,-1,50000,50000,50000,50000,-1,-1,50000,-1,,GLOBAL_REBUILD,COMMIT,periodic interval,-1,-1,1035157,43100,1.0,1.0,1.0,NaN,NaN,NaN,NaN,88362000,0,0,NaN,NaN,NaN,NaN,,,NaN,NaN,NaN
PUBLICATION,STRESS,PERIODIC_GLOBAL_REBUILD,2,1664525,STRESS_READ,,2,-1,100000,100000,100000,100000,-1,-1,100000,-1,,GLOBAL_REBUILD,COMMIT,periodic interval,-1,-1,1053112,43915,1.0,1.0,1.0,NaN,NaN,NaN,NaN,22045500,0,0,NaN,NaN,NaN,NaN,,,NaN,NaN,NaN
PUBLICATION,STRESS,PERIODIC_GLOBAL_REBUILD,2,1664525,STRESS_READ,,3,-1,150000,150000,150000,150000,-1,-1,150000,-1,,GLOBAL_REBUILD,COMMIT,periodic interval,-1,-1,1053645,43891,1.0,1.0,1.0,NaN,NaN,NaN,NaN,56442400,0,0,NaN,NaN,NaN,NaN,,,NaN,NaN,NaN
PUBLICATION,STRESS,PERIODIC_GLOBAL_REBUILD,2,1664525,STRESS_SCAN,,4,-1,200000,200000,200000,200000,-1,-1,200000,-1,,GLOBAL_REBUILD,COMMIT,periodic interval,-1,-1,1053581,43901,1.0,1.0,1.0,NaN,NaN,NaN,NaN,56821900,0,0,NaN,NaN,NaN,NaN,,,NaN,NaN,NaN
PUBLICATION,STRESS,PERIODIC_GLOBAL_REBUILD,2,1664525,STRESS_MIXED,,5,-1,250000,250000,250000,250000,-1,-1,250000,-1,,GLOBAL_REBUILD,COMMIT,periodic interval,-1,-1,1059122,44016,1.0,1.0,1.0,NaN,NaN,NaN,NaN,9292700,0,0,NaN,NaN,NaN,NaN,,,NaN,NaN,NaN
PUBLICATION,STRESS,PERIODIC_GLOBAL_REBUILD,2,1664525,STRESS_MIXED,,6,-1,300000,300000,300000,300000,-1,-1,300000,-1,,GLOBAL_REBUILD,COMMIT,periodic interval,-1,-1,1070032,44365,1.0,1.0,1.0,NaN,NaN,NaN,NaN,9086700,0,0,NaN,NaN,NaN,NaN,,,NaN,NaN,NaN
PUBLICATION,STRESS,PERIODIC_GLOBAL_REBUILD,3,22695477,STRESS_INSERT,,1,-1,50000,50000,50000,50000,-1,-1,50000,-1,,GLOBAL_REBUILD,COMMIT,periodic interval,-1,-1,1035192,43113,1.0,1.0,1.0,NaN,NaN,NaN,NaN,59003500,0,0,NaN,NaN,NaN,NaN,,,NaN,NaN,NaN
PUBLICATION,STRESS,PERIODIC_GLOBAL_REBUILD,3,22695477,STRESS_READ,,2,-1,100000,100000,100000,100000,-1,-1,100000,-1,,GLOBAL_REBUILD,COMMIT,periodic interval,-1,-1,1053085,43898,1.0,1.0,1.0,NaN,NaN,NaN,NaN,54135300,0,0,NaN,NaN,NaN,NaN,,,NaN,NaN,NaN
PUBLICATION,STRESS,PERIODIC_GLOBAL_REBUILD,3,22695477,STRESS_READ,,3,-1,150000,150000,150000,150000,-1,-1,150000,-1,,GLOBAL_REBUILD,COMMIT,periodic interval,-1,-1,1053643,43891,1.0,1.0,1.0,NaN,NaN,NaN,NaN,17619300,0,0,NaN,NaN,NaN,NaN,,,NaN,NaN,NaN
PUBLICATION,STRESS,PERIODIC_GLOBAL_REBUILD,3,22695477,STRESS_SCAN,,4,-1,200000,200000,200000,200000,-1,-1,200000,-1,,GLOBAL_REBUILD,COMMIT,periodic interval,-1,-1,1053680,43903,1.0,1.0,1.0,NaN,NaN,NaN,NaN,14542300,0,0,NaN,NaN,NaN,NaN,,,NaN,NaN,NaN
PUBLICATION,STRESS,PERIODIC_GLOBAL_REBUILD,3,22695477,STRESS_MIXED,,5,-1,250000,250000,250000,250000,-1,-1,250000,-1,,GLOBAL_REBUILD,COMMIT,periodic interval,-1,-1,1058956,44014,1.0,1.0,1.0,NaN,NaN,NaN,NaN,12105600,0,0,NaN,NaN,NaN,NaN,,,NaN,NaN,NaN
PUBLICATION,STRESS,PERIODIC_GLOBAL_REBUILD,3,22695477,STRESS_MIXED,,6,-1,300000,300000,300000,300000,-1,-1,300000,-1,,GLOBAL_REBUILD,COMMIT,periodic interval,-1,-1,1069696,44353,1.0,1.0,1.0,NaN,NaN,NaN,NaN,9129100,0,0,NaN,NaN,NaN,NaN,,,NaN,NaN,NaN
PUBLICATION,STRESS,PERIODIC_GLOBAL_REBUILD,4,69069,STRESS_INSERT,,1,-1,50000,50000,50000,50000,-1,-1,50000,-1,,GLOBAL_REBUILD,COMMIT,periodic interval,-1,-1,1035359,43135,1.0,1.0,1.0,NaN,NaN,NaN,NaN,89850900,0,0,NaN,NaN,NaN,NaN,,,NaN,NaN,NaN
PUBLICATION,STRESS,PERIODIC_GLOBAL_REBUILD,4,69069,STRESS_READ,,2,-1,100000,100000,100000,100000,-1,-1,100000,-1,,GLOBAL_REBUILD,COMMIT,periodic interval,-1,-1,1053360,43931,1.0,1.0,1.0,NaN,NaN,NaN,NaN,22995100,0,0,NaN,NaN,NaN,NaN,,,NaN,NaN,NaN
PUBLICATION,STRESS,PERIODIC_GLOBAL_REBUILD,4,69069,STRESS_READ,,3,-1,150000,150000,150000,150000,-1,-1,150000,-1,,GLOBAL_REBUILD,COMMIT,periodic interval,-1,-1,1053900,43902,1.0,1.0,1.0,NaN,NaN,NaN,NaN,88943600,0,0,NaN,NaN,NaN,NaN,,,NaN,NaN,NaN
PUBLICATION,STRESS,PERIODIC_GLOBAL_REBUILD,4,69069,STRESS_SCAN,,4,-1,200000,200000,200000,200000,-1,-1,200000,-1,,GLOBAL_REBUILD,COMMIT,periodic interval,-1,-1,1054087,43918,1.0,1.0,1.0,NaN,NaN,NaN,NaN,12442800,0,0,NaN,NaN,NaN,NaN,,,NaN,NaN,NaN
PUBLICATION,STRESS,PERIODIC_GLOBAL_REBUILD,4,69069,STRESS_MIXED,,5,-1,250000,250000,250000,250000,-1,-1,250000,-1,,GLOBAL_REBUILD,COMMIT,periodic interval,-1,-1,1059361,44032,1.0,1.0,1.0,NaN,NaN,NaN,NaN,8321700,0,0,NaN,NaN,NaN,NaN,,,NaN,NaN,NaN
PUBLICATION,STRESS,PERIODIC_GLOBAL_REBUILD,4,69069,STRESS_MIXED,,6,-1,300000,300000,300000,300000,-1,-1,300000,-1,,GLOBAL_REBUILD,COMMIT,periodic interval,-1,-1,1070010,44376,1.0,1.0,1.0,NaN,NaN,NaN,NaN,13716600,0,0,NaN,NaN,NaN,NaN,,,NaN,NaN,NaN
PUBLICATION,STRESS,PERIODIC_GLOBAL_REBUILD,5,48271,STRESS_INSERT,,1,-1,50000,50000,50000,50000,-1,-1,50000,-1,,GLOBAL_REBUILD,COMMIT,periodic interval,-1,-1,1034950,43088,1.0,1.0,1.0,NaN,NaN,NaN,NaN,54888800,0,0,NaN,NaN,NaN,NaN,,,NaN,NaN,NaN
PUBLICATION,STRESS,PERIODIC_GLOBAL_REBUILD,5,48271,STRESS_READ,,2,-1,100000,100000,100000,100000,-1,-1,100000,-1,,GLOBAL_REBUILD,COMMIT,periodic interval,-1,-1,1052803,43886,1.0,1.0,1.0,NaN,NaN,NaN,NaN,52281800,0,0,NaN,NaN,NaN,NaN,,,NaN,NaN,NaN
PUBLICATION,STRESS,PERIODIC_GLOBAL_REBUILD,5,48271,STRESS_READ,,3,-1,150000,150000,150000,150000,-1,-1,150000,-1,,GLOBAL_REBUILD,COMMIT,periodic interval,-1,-1,1053350,43879,1.0,1.0,1.0,NaN,NaN,NaN,NaN,17217300,0,0,NaN,NaN,NaN,NaN,,,NaN,NaN,NaN
PUBLICATION,STRESS,PERIODIC_GLOBAL_REBUILD,5,48271,STRESS_SCAN,,4,-1,200000,200000,200000,200000,-1,-1,200000,-1,,GLOBAL_REBUILD,COMMIT,periodic interval,-1,-1,1053286,43889,1.0,1.0,1.0,NaN,NaN,NaN,NaN,14762800,0,0,NaN,NaN,NaN,NaN,,,NaN,NaN,NaN
PUBLICATION,STRESS,PERIODIC_GLOBAL_REBUILD,5,48271,STRESS_MIXED,,5,-1,250000,250000,250000,250000,-1,-1,250000,-1,,GLOBAL_REBUILD,COMMIT,periodic interval,-1,-1,1058665,44000,1.0,1.0,1.0,NaN,NaN,NaN,NaN,13320100,0,0,NaN,NaN,NaN,NaN,,,NaN,NaN,NaN
PUBLICATION,STRESS,PERIODIC_GLOBAL_REBUILD,5,48271,STRESS_MIXED,,6,-1,300000,300000,300000,300000,-1,-1,300000,-1,,GLOBAL_REBUILD,COMMIT,periodic interval,-1,-1,1069308,44337,1.0,1.0,1.0,NaN,NaN,NaN,NaN,11086800,0,0,NaN,NaN,NaN,NaN,,,NaN,NaN,NaN
PUBLICATION,STRESS,PERIODIC_GLOBAL_REBUILD,6,134775813,STRESS_INSERT,,1,-1,50000,50000,50000,50000,-1,-1,50000,-1,,GLOBAL_REBUILD,COMMIT,periodic interval,-1,-1,1035039,43107,1.0,1.0,1.0,NaN,NaN,NaN,NaN,82647200,0,0,NaN,NaN,NaN,NaN,,,NaN,NaN,NaN
PUBLICATION,STRESS,PERIODIC_GLOBAL_REBUILD,6,134775813,STRESS_READ,,2,-1,100000,100000,100000,100000,-1,-1,100000,-1,,GLOBAL_REBUILD,COMMIT,periodic interval,-1,-1,1053118,43907,1.0,1.0,1.0,NaN,NaN,NaN,NaN,20200300,0,0,NaN,NaN,NaN,NaN,,,NaN,NaN,NaN
PUBLICATION,STRESS,PERIODIC_GLOBAL_REBUILD,6,134775813,STRESS_READ,,3,-1,150000,150000,150000,150000,-1,-1,150000,-1,,GLOBAL_REBUILD,COMMIT,periodic interval,-1,-1,1053773,43894,1.0,1.0,1.0,NaN,NaN,NaN,NaN,83998300,0,0,NaN,NaN,NaN,NaN,,,NaN,NaN,NaN
PUBLICATION,STRESS,PERIODIC_GLOBAL_REBUILD,6,134775813,STRESS_SCAN,,4,-1,200000,200000,200000,200000,-1,-1,200000,-1,,GLOBAL_REBUILD,COMMIT,periodic interval,-1,-1,1053837,43909,1.0,1.0,1.0,NaN,NaN,NaN,NaN,11932800,0,0,NaN,NaN,NaN,NaN,,,NaN,NaN,NaN
PUBLICATION,STRESS,PERIODIC_GLOBAL_REBUILD,6,134775813,STRESS_MIXED,,5,-1,250000,250000,250000,250000,-1,-1,250000,-1,,GLOBAL_REBUILD,COMMIT,periodic interval,-1,-1,1059213,44022,1.0,1.0,1.0,NaN,NaN,NaN,NaN,8536400,0,0,NaN,NaN,NaN,NaN,,,NaN,NaN,NaN
PUBLICATION,STRESS,PERIODIC_GLOBAL_REBUILD,6,134775813,STRESS_MIXED,,6,-1,300000,300000,300000,300000,-1,-1,300000,-1,,GLOBAL_REBUILD,COMMIT,periodic interval,-1,-1,1070003,44370,1.0,1.0,1.0,NaN,NaN,NaN,NaN,15384600,0,0,NaN,NaN,NaN,NaN,,,NaN,NaN,NaN
PUBLICATION,STRESS,PERIODIC_GLOBAL_REBUILD,7,16807,STRESS_INSERT,,1,-1,50000,50000,50000,50000,-1,-1,50000,-1,,GLOBAL_REBUILD,COMMIT,periodic interval,-1,-1,1034802,43067,1.0,1.0,1.0,NaN,NaN,NaN,NaN,58925100,0,0,NaN,NaN,NaN,NaN,,,NaN,NaN,NaN
PUBLICATION,STRESS,PERIODIC_GLOBAL_REBUILD,7,16807,STRESS_READ,,2,-1,100000,100000,100000,100000,-1,-1,100000,-1,,GLOBAL_REBUILD,COMMIT,periodic interval,-1,-1,1052731,43893,1.0,1.0,1.0,NaN,NaN,NaN,NaN,58802700,0,0,NaN,NaN,NaN,NaN,,,NaN,NaN,NaN
PUBLICATION,STRESS,PERIODIC_GLOBAL_REBUILD,7,16807,STRESS_READ,,3,-1,150000,150000,150000,150000,-1,-1,150000,-1,,GLOBAL_REBUILD,COMMIT,periodic interval,-1,-1,1053242,43875,1.0,1.0,1.0,NaN,NaN,NaN,NaN,30047900,0,0,NaN,NaN,NaN,NaN,,,NaN,NaN,NaN
PUBLICATION,STRESS,PERIODIC_GLOBAL_REBUILD,7,16807,STRESS_SCAN,,4,-1,200000,200000,200000,200000,-1,-1,200000,-1,,GLOBAL_REBUILD,COMMIT,periodic interval,-1,-1,1053281,43887,1.0,1.0,1.0,NaN,NaN,NaN,NaN,16205000,0,0,NaN,NaN,NaN,NaN,,,NaN,NaN,NaN
PUBLICATION,STRESS,PERIODIC_GLOBAL_REBUILD,7,16807,STRESS_MIXED,,5,-1,250000,250000,250000,250000,-1,-1,250000,-1,,GLOBAL_REBUILD,COMMIT,periodic interval,-1,-1,1058453,43996,1.0,1.0,1.0,NaN,NaN,NaN,NaN,16208900,0,0,NaN,NaN,NaN,NaN,,,NaN,NaN,NaN
PUBLICATION,STRESS,PERIODIC_GLOBAL_REBUILD,7,16807,STRESS_MIXED,,6,-1,300000,300000,300000,300000,-1,-1,300000,-1,,GLOBAL_REBUILD,COMMIT,periodic interval,-1,-1,1068950,44330,1.0,1.0,1.0,NaN,NaN,NaN,NaN,11742800,0,0,NaN,NaN,NaN,NaN,,,NaN,NaN,NaN
PUBLICATION,STRESS,PERIODIC_GLOBAL_REBUILD,8,2147483647,STRESS_INSERT,,1,-1,50000,50000,50000,50000,-1,-1,50000,-1,,GLOBAL_REBUILD,COMMIT,periodic interval,-1,-1,1035138,43122,1.0,1.0,1.0,NaN,NaN,NaN,NaN,82418600,0,0,NaN,NaN,NaN,NaN,,,NaN,NaN,NaN
PUBLICATION,STRESS,PERIODIC_GLOBAL_REBUILD,8,2147483647,STRESS_READ,,2,-1,100000,100000,100000,100000,-1,-1,100000,-1,,GLOBAL_REBUILD,COMMIT,periodic interval,-1,-1,1053179,43915,1.0,1.0,1.0,NaN,NaN,NaN,NaN,23214500,0,0,NaN,NaN,NaN,NaN,,,NaN,NaN,NaN
PUBLICATION,STRESS,PERIODIC_GLOBAL_REBUILD,8,2147483647,STRESS_READ,,3,-1,150000,150000,150000,150000,-1,-1,150000,-1,,GLOBAL_REBUILD,COMMIT,periodic interval,-1,-1,1053714,43895,1.0,1.0,1.0,NaN,NaN,NaN,NaN,53570300,0,0,NaN,NaN,NaN,NaN,,,NaN,NaN,NaN
PUBLICATION,STRESS,PERIODIC_GLOBAL_REBUILD,8,2147483647,STRESS_SCAN,,4,-1,200000,200000,200000,200000,-1,-1,200000,-1,,GLOBAL_REBUILD,COMMIT,periodic interval,-1,-1,1053722,43906,1.0,1.0,1.0,NaN,NaN,NaN,NaN,49762000,0,0,NaN,NaN,NaN,NaN,,,NaN,NaN,NaN
PUBLICATION,STRESS,PERIODIC_GLOBAL_REBUILD,8,2147483647,STRESS_MIXED,,5,-1,250000,250000,250000,250000,-1,-1,250000,-1,,GLOBAL_REBUILD,COMMIT,periodic interval,-1,-1,1059010,44016,1.0,1.0,1.0,NaN,NaN,NaN,NaN,10378000,0,0,NaN,NaN,NaN,NaN,,,NaN,NaN,NaN
PUBLICATION,STRESS,PERIODIC_GLOBAL_REBUILD,8,2147483647,STRESS_MIXED,,6,-1,300000,300000,300000,300000,-1,-1,300000,-1,,GLOBAL_REBUILD,COMMIT,periodic interval,-1,-1,1069483,44352,1.0,1.0,1.0,NaN,NaN,NaN,NaN,8723800,0,0,NaN,NaN,NaN,NaN,,,NaN,NaN,NaN
PUBLICATION,STRESS,PERIODIC_GLOBAL_REBUILD,9,6364136223846793005,STRESS_INSERT,,1,-1,50000,50000,50000,50000,-1,-1,50000,-1,,GLOBAL_REBUILD,COMMIT,periodic interval,-1,-1,1035318,43124,1.0,1.0,1.0,NaN,NaN,NaN,NaN,91544100,0,0,NaN,NaN,NaN,NaN,,,NaN,NaN,NaN
PUBLICATION,STRESS,PERIODIC_GLOBAL_REBUILD,9,6364136223846793005,STRESS_READ,,2,-1,100000,100000,100000,100000,-1,-1,100000,-1,,GLOBAL_REBUILD,COMMIT,periodic interval,-1,-1,1053439,43923,1.0,1.0,1.0,NaN,NaN,NaN,NaN,22936900,0,0,NaN,NaN,NaN,NaN,,,NaN,NaN,NaN
PUBLICATION,STRESS,PERIODIC_GLOBAL_REBUILD,9,6364136223846793005,STRESS_READ,,3,-1,150000,150000,150000,150000,-1,-1,150000,-1,,GLOBAL_REBUILD,COMMIT,periodic interval,-1,-1,1054061,43907,1.0,1.0,1.0,NaN,NaN,NaN,NaN,91226000,0,0,NaN,NaN,NaN,NaN,,,NaN,NaN,NaN
PUBLICATION,STRESS,PERIODIC_GLOBAL_REBUILD,9,6364136223846793005,STRESS_SCAN,,4,-1,200000,200000,200000,200000,-1,-1,200000,-1,,GLOBAL_REBUILD,COMMIT,periodic interval,-1,-1,1054148,43922,1.0,1.0,1.0,NaN,NaN,NaN,NaN,12255600,0,0,NaN,NaN,NaN,NaN,,,NaN,NaN,NaN
PUBLICATION,STRESS,PERIODIC_GLOBAL_REBUILD,9,6364136223846793005,STRESS_MIXED,,5,-1,250000,250000,250000,250000,-1,-1,250000,-1,,GLOBAL_REBUILD,COMMIT,periodic interval,-1,-1,1059336,44032,1.0,1.0,1.0,NaN,NaN,NaN,NaN,10741400,0,0,NaN,NaN,NaN,NaN,,,NaN,NaN,NaN
PUBLICATION,STRESS,PERIODIC_GLOBAL_REBUILD,9,6364136223846793005,STRESS_MIXED,,6,-1,300000,300000,300000,300000,-1,-1,300000,-1,,GLOBAL_REBUILD,COMMIT,periodic interval,-1,-1,1069911,44365,1.0,1.0,1.0,NaN,NaN,NaN,NaN,16372900,0,0,NaN,NaN,NaN,NaN,,,NaN,NaN,NaN
PUBLICATION,STRESS,THRESHOLD_GLOBAL_REBUILD,0,1103515245,STRESS_INSERT,,1,-1,10000,10000,10000,10000,-1,-1,10000,-1,,GLOBAL_REBUILD,COMMIT,global threshold,-1,-1,1007037,41982,1.0,1.0,1.0,NaN,NaN,NaN,NaN,44070600,0,0,NaN,NaN,NaN,NaN,,,NaN,NaN,NaN
PUBLICATION,STRESS,THRESHOLD_GLOBAL_REBUILD,0,1103515245,STRESS_INSERT,,2,-1,30000,30000,30000,30000,-1,-1,30000,-1,,GLOBAL_REBUILD,COMMIT,global threshold,-1,-1,1021000,42746,1.0,1.0,1.0,NaN,NaN,NaN,NaN,53701200,0,0,NaN,NaN,NaN,NaN,,,NaN,NaN,NaN
PUBLICATION,STRESS,THRESHOLD_GLOBAL_REBUILD,0,1103515245,STRESS_INSERT,,3,-1,50000,50000,50000,50000,-1,-1,50000,-1,,GLOBAL_REBUILD,COMMIT,global threshold,-1,-1,1035134,43177,1.0,1.0,1.0,NaN,NaN,NaN,NaN,17585100,0,0,NaN,NaN,NaN,NaN,,,NaN,NaN,NaN
PUBLICATION,STRESS,THRESHOLD_GLOBAL_REBUILD,0,1103515245,STRESS_INSERT,,4,-1,70000,70000,70000,70000,-1,-1,70000,-1,,GLOBAL_REBUILD,COMMIT,global threshold,-1,-1,1049419,43555,1.0,1.0,1.0,NaN,NaN,NaN,NaN,15316100,0,0,NaN,NaN,NaN,NaN,,,NaN,NaN,NaN
PUBLICATION,STRESS,THRESHOLD_GLOBAL_REBUILD,0,1103515245,STRESS_MIXED,,5,-1,300000,300000,300000,300000,-1,-1,300000,-1,,GLOBAL_REBUILD,COMMIT,global threshold,-1,-1,1069901,44296,1.0,1.0,1.0,NaN,NaN,NaN,NaN,10864000,0,0,NaN,NaN,NaN,NaN,,,NaN,NaN,NaN
PUBLICATION,STRESS,THRESHOLD_GLOBAL_REBUILD,1,214013,STRESS_INSERT,,1,-1,10000,10000,10000,10000,-1,-1,10000,-1,,GLOBAL_REBUILD,COMMIT,global threshold,-1,-1,1007071,41966,1.0,1.0,1.0,NaN,NaN,NaN,NaN,132829000,0,0,NaN,NaN,NaN,NaN,,,NaN,NaN,NaN
PUBLICATION,STRESS,THRESHOLD_GLOBAL_REBUILD,1,214013,STRESS_INSERT,,2,-1,30000,30000,30000,30000,-1,-1,30000,-1,,GLOBAL_REBUILD,COMMIT,global threshold,-1,-1,1021038,42741,1.0,1.0,1.0,NaN,NaN,NaN,NaN,23360800,0,0,NaN,NaN,NaN,NaN,,,NaN,NaN,NaN
PUBLICATION,STRESS,THRESHOLD_GLOBAL_REBUILD,1,214013,STRESS_INSERT,,3,-1,50000,50000,50000,50000,-1,-1,50000,-1,,GLOBAL_REBUILD,COMMIT,global threshold,-1,-1,1035141,43178,1.0,1.0,1.0,NaN,NaN,NaN,NaN,41188100,0,0,NaN,NaN,NaN,NaN,,,NaN,NaN,NaN
PUBLICATION,STRESS,THRESHOLD_GLOBAL_REBUILD,1,214013,STRESS_INSERT,,4,-1,70000,70000,70000,70000,-1,-1,70000,-1,,GLOBAL_REBUILD,COMMIT,global threshold,-1,-1,1049315,43566,1.0,1.0,1.0,NaN,NaN,NaN,NaN,79786300,0,0,NaN,NaN,NaN,NaN,,,NaN,NaN,NaN
PUBLICATION,STRESS,THRESHOLD_GLOBAL_REBUILD,1,214013,STRESS_MIXED,,5,-1,300000,300000,300000,300000,-1,-1,300000,-1,,GLOBAL_REBUILD,COMMIT,global threshold,-1,-1,1069699,44274,1.0,1.0,1.0,NaN,NaN,NaN,NaN,87062100,0,0,NaN,NaN,NaN,NaN,,,NaN,NaN,NaN
PUBLICATION,STRESS,THRESHOLD_GLOBAL_REBUILD,2,1664525,STRESS_INSERT,,1,-1,10000,10000,10000,10000,-1,-1,10000,-1,,GLOBAL_REBUILD,COMMIT,global threshold,-1,-1,1006978,41957,1.0,1.0,1.0,NaN,NaN,NaN,NaN,119743700,0,0,NaN,NaN,NaN,NaN,,,NaN,NaN,NaN
PUBLICATION,STRESS,THRESHOLD_GLOBAL_REBUILD,2,1664525,STRESS_INSERT,,2,-1,30000,30000,30000,30000,-1,-1,30000,-1,,GLOBAL_REBUILD,COMMIT,global threshold,-1,-1,1021016,42736,1.0,1.0,1.0,NaN,NaN,NaN,NaN,22659900,0,0,NaN,NaN,NaN,NaN,,,NaN,NaN,NaN
PUBLICATION,STRESS,THRESHOLD_GLOBAL_REBUILD,2,1664525,STRESS_INSERT,,3,-1,50000,50000,50000,50000,-1,-1,50000,-1,,GLOBAL_REBUILD,COMMIT,global threshold,-1,-1,1035157,43187,1.0,1.0,1.0,NaN,NaN,NaN,NaN,37020900,0,0,NaN,NaN,NaN,NaN,,,NaN,NaN,NaN
PUBLICATION,STRESS,THRESHOLD_GLOBAL_REBUILD,2,1664525,STRESS_INSERT,,4,-1,70000,70000,70000,70000,-1,-1,70000,-1,,GLOBAL_REBUILD,COMMIT,global threshold,-1,-1,1049287,43568,1.0,1.0,1.0,NaN,NaN,NaN,NaN,75308400,0,0,NaN,NaN,NaN,NaN,,,NaN,NaN,NaN
PUBLICATION,STRESS,THRESHOLD_GLOBAL_REBUILD,2,1664525,STRESS_MIXED,,5,-1,300000,300000,300000,300000,-1,-1,300000,-1,,GLOBAL_REBUILD,COMMIT,global threshold,-1,-1,1070032,44284,1.0,1.0,1.0,NaN,NaN,NaN,NaN,83576100,0,0,NaN,NaN,NaN,NaN,,,NaN,NaN,NaN
PUBLICATION,STRESS,THRESHOLD_GLOBAL_REBUILD,3,22695477,STRESS_INSERT,,1,-1,10000,10000,10000,10000,-1,-1,10000,-1,,GLOBAL_REBUILD,COMMIT,global threshold,-1,-1,1006890,41948,1.0,1.0,1.0,NaN,NaN,NaN,NaN,21595500,0,0,NaN,NaN,NaN,NaN,,,NaN,NaN,NaN
PUBLICATION,STRESS,THRESHOLD_GLOBAL_REBUILD,3,22695477,STRESS_INSERT,,2,-1,30000,30000,30000,30000,-1,-1,30000,-1,,GLOBAL_REBUILD,COMMIT,global threshold,-1,-1,1020991,42739,1.0,1.0,1.0,NaN,NaN,NaN,NaN,19282800,0,0,NaN,NaN,NaN,NaN,,,NaN,NaN,NaN
PUBLICATION,STRESS,THRESHOLD_GLOBAL_REBUILD,3,22695477,STRESS_INSERT,,3,-1,50000,50000,50000,50000,-1,-1,50000,-1,,GLOBAL_REBUILD,COMMIT,global threshold,-1,-1,1035192,43190,1.0,1.0,1.0,NaN,NaN,NaN,NaN,15677300,0,0,NaN,NaN,NaN,NaN,,,NaN,NaN,NaN
PUBLICATION,STRESS,THRESHOLD_GLOBAL_REBUILD,3,22695477,STRESS_INSERT,,4,-1,70000,70000,70000,70000,-1,-1,70000,-1,,GLOBAL_REBUILD,COMMIT,global threshold,-1,-1,1049393,43568,1.0,1.0,1.0,NaN,NaN,NaN,NaN,15170800,0,0,NaN,NaN,NaN,NaN,,,NaN,NaN,NaN
PUBLICATION,STRESS,THRESHOLD_GLOBAL_REBUILD,3,22695477,STRESS_MIXED,,5,-1,300000,300000,300000,300000,-1,-1,300000,-1,,GLOBAL_REBUILD,COMMIT,global threshold,-1,-1,1069696,44279,1.0,1.0,1.0,NaN,NaN,NaN,NaN,8255100,0,0,NaN,NaN,NaN,NaN,,,NaN,NaN,NaN
PUBLICATION,STRESS,THRESHOLD_GLOBAL_REBUILD,4,69069,STRESS_INSERT,,1,-1,10000,10000,10000,10000,-1,-1,10000,-1,,GLOBAL_REBUILD,COMMIT,global threshold,-1,-1,1007010,41958,1.0,1.0,1.0,NaN,NaN,NaN,NaN,145375800,0,0,NaN,NaN,NaN,NaN,,,NaN,NaN,NaN
PUBLICATION,STRESS,THRESHOLD_GLOBAL_REBUILD,4,69069,STRESS_INSERT,,2,-1,30000,30000,30000,30000,-1,-1,30000,-1,,GLOBAL_REBUILD,COMMIT,global threshold,-1,-1,1021109,42742,1.0,1.0,1.0,NaN,NaN,NaN,NaN,24013500,0,0,NaN,NaN,NaN,NaN,,,NaN,NaN,NaN
PUBLICATION,STRESS,THRESHOLD_GLOBAL_REBUILD,4,69069,STRESS_INSERT,,3,-1,50000,50000,50000,50000,-1,-1,50000,-1,,GLOBAL_REBUILD,COMMIT,global threshold,-1,-1,1035359,43196,1.0,1.0,1.0,NaN,NaN,NaN,NaN,87687200,0,0,NaN,NaN,NaN,NaN,,,NaN,NaN,NaN
PUBLICATION,STRESS,THRESHOLD_GLOBAL_REBUILD,4,69069,STRESS_INSERT,,4,-1,70000,70000,70000,70000,-1,-1,70000,-1,,GLOBAL_REBUILD,COMMIT,global threshold,-1,-1,1049596,43568,1.0,1.0,1.0,NaN,NaN,NaN,NaN,97638800,0,0,NaN,NaN,NaN,NaN,,,NaN,NaN,NaN
PUBLICATION,STRESS,THRESHOLD_GLOBAL_REBUILD,4,69069,STRESS_MIXED,,5,-1,300000,300000,300000,300000,-1,-1,300000,-1,,GLOBAL_REBUILD,COMMIT,global threshold,-1,-1,1070010,44287,1.0,1.0,1.0,NaN,NaN,NaN,NaN,8403200,0,0,NaN,NaN,NaN,NaN,,,NaN,NaN,NaN
PUBLICATION,STRESS,THRESHOLD_GLOBAL_REBUILD,5,48271,STRESS_INSERT,,1,-1,10000,10000,10000,10000,-1,-1,10000,-1,,GLOBAL_REBUILD,COMMIT,global threshold,-1,-1,1006942,41961,1.0,1.0,1.0,NaN,NaN,NaN,NaN,86959900,0,0,NaN,NaN,NaN,NaN,,,NaN,NaN,NaN
PUBLICATION,STRESS,THRESHOLD_GLOBAL_REBUILD,5,48271,STRESS_INSERT,,2,-1,30000,30000,30000,30000,-1,-1,30000,-1,,GLOBAL_REBUILD,COMMIT,global threshold,-1,-1,1020865,42744,1.0,1.0,1.0,NaN,NaN,NaN,NaN,55729400,0,0,NaN,NaN,NaN,NaN,,,NaN,NaN,NaN
PUBLICATION,STRESS,THRESHOLD_GLOBAL_REBUILD,5,48271,STRESS_INSERT,,3,-1,50000,50000,50000,50000,-1,-1,50000,-1,,GLOBAL_REBUILD,COMMIT,global threshold,-1,-1,1034950,43158,1.0,1.0,1.0,NaN,NaN,NaN,NaN,27945600,0,0,NaN,NaN,NaN,NaN,,,NaN,NaN,NaN
PUBLICATION,STRESS,THRESHOLD_GLOBAL_REBUILD,5,48271,STRESS_INSERT,,4,-1,70000,70000,70000,70000,-1,-1,70000,-1,,GLOBAL_REBUILD,COMMIT,global threshold,-1,-1,1049049,43541,1.0,1.0,1.0,NaN,NaN,NaN,NaN,54278300,0,0,NaN,NaN,NaN,NaN,,,NaN,NaN,NaN
PUBLICATION,STRESS,THRESHOLD_GLOBAL_REBUILD,5,48271,STRESS_MIXED,,5,-1,300000,300000,300000,300000,-1,-1,300000,-1,,GLOBAL_REBUILD,COMMIT,global threshold,-1,-1,1069308,44267,1.0,1.0,1.0,NaN,NaN,NaN,NaN,10909100,0,0,NaN,NaN,NaN,NaN,,,NaN,NaN,NaN
PUBLICATION,STRESS,THRESHOLD_GLOBAL_REBUILD,6,134775813,STRESS_INSERT,,1,-1,10000,10000,10000,10000,-1,-1,10000,-1,,GLOBAL_REBUILD,COMMIT,global threshold,-1,-1,1006926,41957,1.0,1.0,1.0,NaN,NaN,NaN,NaN,130835500,0,0,NaN,NaN,NaN,NaN,,,NaN,NaN,NaN
PUBLICATION,STRESS,THRESHOLD_GLOBAL_REBUILD,6,134775813,STRESS_INSERT,,2,-1,30000,30000,30000,30000,-1,-1,30000,-1,,GLOBAL_REBUILD,COMMIT,global threshold,-1,-1,1020951,42735,1.0,1.0,1.0,NaN,NaN,NaN,NaN,22331400,0,0,NaN,NaN,NaN,NaN,,,NaN,NaN,NaN
PUBLICATION,STRESS,THRESHOLD_GLOBAL_REBUILD,6,134775813,STRESS_INSERT,,3,-1,50000,50000,50000,50000,-1,-1,50000,-1,,GLOBAL_REBUILD,COMMIT,global threshold,-1,-1,1035039,43174,1.0,1.0,1.0,NaN,NaN,NaN,NaN,42946000,0,0,NaN,NaN,NaN,NaN,,,NaN,NaN,NaN
PUBLICATION,STRESS,THRESHOLD_GLOBAL_REBUILD,6,134775813,STRESS_INSERT,,4,-1,70000,70000,70000,70000,-1,-1,70000,-1,,GLOBAL_REBUILD,COMMIT,global threshold,-1,-1,1049245,43552,1.0,1.0,1.0,NaN,NaN,NaN,NaN,86947500,0,0,NaN,NaN,NaN,NaN,,,NaN,NaN,NaN
PUBLICATION,STRESS,THRESHOLD_GLOBAL_REBUILD,6,134775813,STRESS_MIXED,,5,-1,300000,300000,300000,300000,-1,-1,300000,-1,,GLOBAL_REBUILD,COMMIT,global threshold,-1,-1,1070003,44292,1.0,1.0,1.0,NaN,NaN,NaN,NaN,94376400,0,0,NaN,NaN,NaN,NaN,,,NaN,NaN,NaN
PUBLICATION,STRESS,THRESHOLD_GLOBAL_REBUILD,7,16807,STRESS_INSERT,,1,-1,10000,10000,10000,10000,-1,-1,10000,-1,,GLOBAL_REBUILD,COMMIT,global threshold,-1,-1,1006992,41980,1.0,1.0,1.0,NaN,NaN,NaN,NaN,104852000,0,0,NaN,NaN,NaN,NaN,,,NaN,NaN,NaN
PUBLICATION,STRESS,THRESHOLD_GLOBAL_REBUILD,7,16807,STRESS_INSERT,,2,-1,30000,30000,30000,30000,-1,-1,30000,-1,,GLOBAL_REBUILD,COMMIT,global threshold,-1,-1,1020891,42735,1.0,1.0,1.0,NaN,NaN,NaN,NaN,20703700,0,0,NaN,NaN,NaN,NaN,,,NaN,NaN,NaN
PUBLICATION,STRESS,THRESHOLD_GLOBAL_REBUILD,7,16807,STRESS_INSERT,,3,-1,50000,50000,50000,50000,-1,-1,50000,-1,,GLOBAL_REBUILD,COMMIT,global threshold,-1,-1,1034802,43152,1.0,1.0,1.0,NaN,NaN,NaN,NaN,20195100,0,0,NaN,NaN,NaN,NaN,,,NaN,NaN,NaN
PUBLICATION,STRESS,THRESHOLD_GLOBAL_REBUILD,7,16807,STRESS_INSERT,,4,-1,70000,70000,70000,70000,-1,-1,70000,-1,,GLOBAL_REBUILD,COMMIT,global threshold,-1,-1,1048907,43539,1.0,1.0,1.0,NaN,NaN,NaN,NaN,74155300,0,0,NaN,NaN,NaN,NaN,,,NaN,NaN,NaN
PUBLICATION,STRESS,THRESHOLD_GLOBAL_REBUILD,7,16807,STRESS_MIXED,,5,-1,300000,300000,300000,300000,-1,-1,300000,-1,,GLOBAL_REBUILD,COMMIT,global threshold,-1,-1,1068950,44238,1.0,1.0,1.0,NaN,NaN,NaN,NaN,38604900,0,0,NaN,NaN,NaN,NaN,,,NaN,NaN,NaN
PUBLICATION,STRESS,THRESHOLD_GLOBAL_REBUILD,8,2147483647,STRESS_INSERT,,1,-1,10000,10000,10000,10000,-1,-1,10000,-1,,GLOBAL_REBUILD,COMMIT,global threshold,-1,-1,1006992,41978,1.0,1.0,1.0,NaN,NaN,NaN,NaN,118636300,0,0,NaN,NaN,NaN,NaN,,,NaN,NaN,NaN
PUBLICATION,STRESS,THRESHOLD_GLOBAL_REBUILD,8,2147483647,STRESS_INSERT,,2,-1,30000,30000,30000,30000,-1,-1,30000,-1,,GLOBAL_REBUILD,COMMIT,global threshold,-1,-1,1021044,42737,1.0,1.0,1.0,NaN,NaN,NaN,NaN,26238900,0,0,NaN,NaN,NaN,NaN,,,NaN,NaN,NaN
PUBLICATION,STRESS,THRESHOLD_GLOBAL_REBUILD,8,2147483647,STRESS_INSERT,,3,-1,50000,50000,50000,50000,-1,-1,50000,-1,,GLOBAL_REBUILD,COMMIT,global threshold,-1,-1,1035138,43165,1.0,1.0,1.0,NaN,NaN,NaN,NaN,37664300,0,0,NaN,NaN,NaN,NaN,,,NaN,NaN,NaN
PUBLICATION,STRESS,THRESHOLD_GLOBAL_REBUILD,8,2147483647,STRESS_INSERT,,4,-1,70000,70000,70000,70000,-1,-1,70000,-1,,GLOBAL_REBUILD,COMMIT,global threshold,-1,-1,1049303,43571,1.0,1.0,1.0,NaN,NaN,NaN,NaN,76963400,0,0,NaN,NaN,NaN,NaN,,,NaN,NaN,NaN
PUBLICATION,STRESS,THRESHOLD_GLOBAL_REBUILD,8,2147483647,STRESS_MIXED,,5,-1,300000,300000,300000,300000,-1,-1,300000,-1,,GLOBAL_REBUILD,COMMIT,global threshold,-1,-1,1069483,44261,1.0,1.0,1.0,NaN,NaN,NaN,NaN,82354200,0,0,NaN,NaN,NaN,NaN,,,NaN,NaN,NaN
PUBLICATION,STRESS,THRESHOLD_GLOBAL_REBUILD,9,6364136223846793005,STRESS_INSERT,,1,-1,10000,10000,10000,10000,-1,-1,10000,-1,,GLOBAL_REBUILD,COMMIT,global threshold,-1,-1,1007004,41969,1.0,1.0,1.0,NaN,NaN,NaN,NaN,131659600,0,0,NaN,NaN,NaN,NaN,,,NaN,NaN,NaN
PUBLICATION,STRESS,THRESHOLD_GLOBAL_REBUILD,9,6364136223846793005,STRESS_INSERT,,2,-1,30000,30000,30000,30000,-1,-1,30000,-1,,GLOBAL_REBUILD,COMMIT,global threshold,-1,-1,1021117,42739,1.0,1.0,1.0,NaN,NaN,NaN,NaN,22728500,0,0,NaN,NaN,NaN,NaN,,,NaN,NaN,NaN
PUBLICATION,STRESS,THRESHOLD_GLOBAL_REBUILD,9,6364136223846793005,STRESS_INSERT,,3,-1,50000,50000,50000,50000,-1,-1,50000,-1,,GLOBAL_REBUILD,COMMIT,global threshold,-1,-1,1035318,43202,1.0,1.0,1.0,NaN,NaN,NaN,NaN,80015500,0,0,NaN,NaN,NaN,NaN,,,NaN,NaN,NaN
PUBLICATION,STRESS,THRESHOLD_GLOBAL_REBUILD,9,6364136223846793005,STRESS_INSERT,,4,-1,70000,70000,70000,70000,-1,-1,70000,-1,,GLOBAL_REBUILD,COMMIT,global threshold,-1,-1,1049544,43562,1.0,1.0,1.0,NaN,NaN,NaN,NaN,91162400,0,0,NaN,NaN,NaN,NaN,,,NaN,NaN,NaN
PUBLICATION,STRESS,THRESHOLD_GLOBAL_REBUILD,9,6364136223846793005,STRESS_MIXED,,5,-1,300000,300000,300000,300000,-1,-1,300000,-1,,GLOBAL_REBUILD,COMMIT,global threshold,-1,-1,1069911,44276,1.0,1.0,1.0,NaN,NaN,NaN,NaN,8696700,0,0,NaN,NaN,NaN,NaN,,,NaN,NaN,NaN
PUBLICATION,WORKLOAD_SHIFT,LARS_FULL,0,1103515245,SHIFT_WRITE_HOT,,1,21000,144445,-1,-1,-1,-1,-1,-1,-1,NO_CONFIDENT_DIAGNOSIS,,ABSTAIN,"diagnostic confidence not satisfied: insertScore=0.05152936964012744, scanScore=0.014625778009187558",-1,-1,0,0,0.0,0.0,NaN,NaN,NaN,NaN,NaN,0,0,0,NaN,NaN,NaN,NaN,,,NaN,NaN,NaN
PUBLICATION,WORKLOAD_SHIFT,LARS_FULL,0,1103515245,SHIFT_WRITE_HOT,,2,21001,144711,-1,-1,-1,-1,-1,-1,-1,NO_CONFIDENT_DIAGNOSIS,,ABSTAIN,"diagnostic confidence not satisfied: insertScore=0.5654774420148936, scanScore=0.018491910417137634",-1,-1,0,0,0.0,0.0,NaN,NaN,NaN,NaN,NaN,0,0,0,NaN,NaN,NaN,NaN,,,NaN,NaN,NaN
PUBLICATION,WORKLOAD_SHIFT,LARS_FULL,0,1103515245,SHIFT_WRITE_HOT,,3,21000,163574,-1,-1,-1,-1,-1,-1,-1,NO_CONFIDENT_DIAGNOSIS,,ABSTAIN,"diagnostic confidence not satisfied: insertScore=0.06259777206027735, scanScore=0.003365904431622293",-1,-1,0,0,0.0,0.0,NaN,NaN,NaN,NaN,NaN,0,0,0,NaN,NaN,NaN,NaN,,,NaN,NaN,NaN
PUBLICATION,WORKLOAD_SHIFT,LARS_FULL,0,1103515245,SHIFT_WRITE_HOT,,4,21001,168752,-1,-1,-1,-1,-1,-1,-1,NO_CONFIDENT_DIAGNOSIS,,ABSTAIN,"diagnostic confidence not satisfied: insertScore=0.12089157036474235, scanScore=0.03644004584324737",-1,-1,0,0,0.0,0.0,NaN,NaN,NaN,NaN,NaN,0,0,0,NaN,NaN,NaN,NaN,,,NaN,NaN,NaN
PUBLICATION,WORKLOAD_SHIFT,LARS_FULL,0,1103515245,SHIFT_WRITE_HOT,,5,20998,193701,-1,-1,-1,-1,-1,-1,-1,INSERT_SPLIT_PRESSURE,,ABSTAIN,predicted benefit does not repay estimated adaptation cost within configured horizon,-1,-1,0,0,0.0,0.0,NaN,NaN,NaN,NaN,NaN,0,0,0,NaN,NaN,NaN,NaN,,,NaN,NaN,NaN
PUBLICATION,WORKLOAD_SHIFT,LARS_FULL,0,1103515245,SHIFT_WRITE_HOT,,6,20996,195450,-1,-1,-1,-1,-1,-1,-1,INSERT_SPLIT_PRESSURE,,ABSTAIN,predicted benefit does not repay estimated adaptation cost within configured horizon,-1,-1,0,0,0.0,0.0,NaN,NaN,NaN,NaN,NaN,0,0,0,NaN,NaN,NaN,NaN,,,NaN,NaN,NaN
PUBLICATION,WORKLOAD_SHIFT,LARS_FULL,0,1103515245,SHIFT_WRITE_HOT,,7,21000,197271,-1,-1,-1,-1,-1,-1,-1,INSERT_SPLIT_PRESSURE,,ABSTAIN,predicted benefit does not repay estimated adaptation cost within configured horizon,-1,-1,0,0,0.0,0.0,NaN,NaN,NaN,NaN,NaN,0,0,0,NaN,NaN,NaN,NaN,,,NaN,NaN,NaN
PUBLICATION,WORKLOAD_SHIFT,LARS_FULL,0,1103515245,SHIFT_WRITE_HOT,,8,20999,197283,-1,-1,-1,-1,-1,-1,-1,INSERT_SPLIT_PRESSURE,,ABSTAIN,predicted benefit does not repay estimated adaptation cost within configured horizon,-1,-1,0,0,0.0,0.0,NaN,NaN,NaN,NaN,NaN,0,0,0,NaN,NaN,NaN,NaN,,,NaN,NaN,NaN
PUBLICATION,WORKLOAD_SHIFT,LARS_FULL,0,1103515245,SHIFT_WRITE_HOT,,9,21001,200000,199572,199572,199572,199589,199985,-1,6,INSERT_SPLIT_PRESSURE,SLACKEN,ROLLBACK,trial censored at PHASE_BOUNDARY before a terminal live-trial decision,57,58,45,3,4.27760313538804E-5,1.3617175797739548E-4,0.03325107156773607,156565.78776464475,2550.0,2932.5,374.6029118964659,955300,15,0,NaN,NaN,1900.0,1400.0,SEARCH=0.1875;INSERT=0.560546875;DELETE=0.0673828125;UPDATE=0.15234375;RANGE_SEARCH=0.0322265625,SEARCH=0.3333333333333333;INSERT=0.4666666666666667;DELETE=0.0;UPDATE=0.2;RANGE_SEARCH=0.0,NaN,NaN,0.19348958333333333
PUBLICATION,WORKLOAD_SHIFT,LARS_FULL,0,1103515245,SHIFT_SCAN,,10,20997,213503,-1,-1,-1,-1,-1,-1,-1,INSERT_SPLIT_PRESSURE,,ABSTAIN,predicted benefit does not repay estimated adaptation cost within configured horizon,-1,-1,0,0,0.0,0.0,NaN,NaN,NaN,NaN,NaN,0,0,0,NaN,NaN,NaN,NaN,,,NaN,NaN,NaN
PUBLICATION,WORKLOAD_SHIFT,LARS_FULL,1,214013,SHIFT_WRITE_HOT,,1,20996,144859,-1,-1,-1,-1,-1,-1,-1,NO_CONFIDENT_DIAGNOSIS,,ABSTAIN,"diagnostic confidence not satisfied: insertScore=0.6642231431108376, scanScore=0.026392976502515902",-1,-1,0,0,0.0,0.0,NaN,NaN,NaN,NaN,NaN,0,0,0,NaN,NaN,NaN,NaN,,,NaN,NaN,NaN
PUBLICATION,WORKLOAD_SHIFT,LARS_FULL,1,214013,SHIFT_WRITE_HOT,,2,20996,180824,164052,164052,164052,164093,180824,-1,5,INSERT_SPLIT_PRESSURE,SLACKEN,ROLLBACK,minimum net-gain threshold not met,17,18,58,3,5.563543823938778E-5,1.3778533045515087E-4,0.05339173053860994,475832.9422806195,3070.0,3530.4999999999995,148.39241617356998,1074300,512,40,2600.0,2800.0,2600.0,2800.0,SEARCH=0.1865234375;INSERT=0.5712890625;DELETE=0.068359375;UPDATE=0.1435546875;RANGE_SEARCH=0.0302734375,SEARCH=0.169921875;INSERT=0.59375;DELETE=0.05859375;UPDATE=0.150390625;RANGE_SEARCH=0.02734375,-0.07692307692307693,-0.4638671818659855,0.029296875
PUBLICATION,WORKLOAD_SHIFT,LARS_FULL,1,214013,SHIFT_WRITE_HOT,,3,21001,200000,190376,190376,190376,190436,199995,-1,6,INSERT_SPLIT_PRESSURE,SLACKEN,ROLLBACK,trial censored at PHASE_BOUNDARY before a terminal live-trial decision,0,1,62,3,5.893267227350843E-5,1.361408604102378E-4,0.03385571645837466,56814.12418170998,3230.0,3714.4999999999995,1307.597381284916,46200,315,20,1899.9999999999998,1000.0,1900.0,1000.0,SEARCH=0.2099609375;INSERT=0.5244140625;DELETE=0.0732421875;UPDATE=0.15625;RANGE_SEARCH=0.0361328125,SEARCH=0.18095238095238095;INSERT=0.5777777777777777;DELETE=0.07936507936507936;UPDATE=0.13968253968253969;RANGE_SEARCH=0.022222222222222223,0.4736842105263157,0.43777330386513147,0.05948660714285711
PUBLICATION,WORKLOAD_SHIFT,LARS_FULL,1,214013,SHIFT_SCAN,,4,20999,200696,-1,-1,-1,-1,-1,-1,-1,INSERT_SPLIT_PRESSURE,,ABSTAIN,predicted benefit does not repay estimated adaptation cost within configured horizon,-1,-1,0,0,0.0,0.0,NaN,NaN,NaN,NaN,NaN,0,0,0,NaN,NaN,NaN,NaN,,,NaN,NaN,NaN
PUBLICATION,WORKLOAD_SHIFT,LARS_FULL,2,1664525,SHIFT_WRITE_HOT,,1,21000,141065,-1,-1,-1,-1,-1,-1,-1,NO_CONFIDENT_DIAGNOSIS,,ABSTAIN,"diagnostic confidence not satisfied: insertScore=0.21111881731438292, scanScore=0.02807836249739652",-1,-1,0,0,0.0,0.0,NaN,NaN,NaN,NaN,NaN,0,0,0,NaN,NaN,NaN,NaN,,,NaN,NaN,NaN
PUBLICATION,WORKLOAD_SHIFT,LARS_FULL,2,1664525,SHIFT_WRITE_HOT,,2,21001,142437,-1,-1,-1,-1,-1,-1,-1,NO_CONFIDENT_DIAGNOSIS,,ABSTAIN,"diagnostic confidence not satisfied: insertScore=0.364459647741898, scanScore=0.031086884579055674",-1,-1,0,0,0.0,0.0,NaN,NaN,NaN,NaN,NaN,0,0,0,NaN,NaN,NaN,NaN,,,NaN,NaN,NaN
PUBLICATION,WORKLOAD_SHIFT,LARS_FULL,2,1664525,SHIFT_WRITE_HOT,,3,20996,142653,-1,-1,-1,-1,-1,-1,-1,NO_CONFIDENT_DIAGNOSIS,,ABSTAIN,"diagnostic confidence not satisfied: insertScore=0.332374299586243, scanScore=0.025998828030007744",-1,-1,0,0,0.0,0.0,NaN,NaN,NaN,NaN,NaN,0,0,0,NaN,NaN,NaN,NaN,,,NaN,NaN,NaN
PUBLICATION,WORKLOAD_SHIFT,LARS_FULL,2,1664525,SHIFT_WRITE_HOT,,4,20998,145066,-1,-1,-1,-1,-1,-1,-1,NO_CONFIDENT_DIAGNOSIS,,ABSTAIN,"diagnostic confidence not satisfied: insertScore=0.12945693260321806, scanScore=0.01569393765645737",-1,-1,0,0,0.0,0.0,NaN,NaN,NaN,NaN,NaN,0,0,0,NaN,NaN,NaN,NaN,,,NaN,NaN,NaN
PUBLICATION,WORKLOAD_SHIFT,LARS_FULL,2,1664525,SHIFT_WRITE_HOT,,5,20997,145483,-1,-1,-1,-1,-1,-1,-1,NO_CONFIDENT_DIAGNOSIS,,ABSTAIN,"diagnostic confidence not satisfied: insertScore=0.6635784103311608, scanScore=0.020430981810280417",-1,-1,0,0,0.0,0.0,NaN,NaN,NaN,NaN,NaN,0,0,0,NaN,NaN,NaN,NaN,,,NaN,NaN,NaN
PUBLICATION,WORKLOAD_SHIFT,LARS_FULL,2,1664525,SHIFT_WRITE_HOT,,6,21001,160707,-1,-1,-1,-1,-1,-1,-1,NO_CONFIDENT_DIAGNOSIS,,ABSTAIN,"diagnostic confidence not satisfied: insertScore=0.4898231343972281, scanScore=0.0",-1,-1,0,0,0.0,0.0,NaN,NaN,NaN,NaN,NaN,0,0,0,NaN,NaN,NaN,NaN,,,NaN,NaN,NaN
PUBLICATION,WORKLOAD_SHIFT,LARS_FULL,2,1664525,SHIFT_WRITE_HOT,,7,20996,176293,161127,161127,161127,161128,176293,-1,5,INSERT_SPLIT_PRESSURE,SLACKEN,ROLLBACK,minimum net-gain threshold not met,5,6,61,3,5.864527492135765E-5,1.38644976430354E-4,0.0554472601256227,511241.06562703056,3190.0,3668.4999999999995,143.51351042196237,818100,512,46,1700.0,1600.0,1700.0,1600.0,SEARCH=0.1943359375;INSERT=0.548828125;DELETE=0.0654296875;UPDATE=0.1552734375;RANGE_SEARCH=0.0361328125,SEARCH=0.1796875;INSERT=0.58203125;DELETE=0.056640625;UPDATE=0.14453125;RANGE_SEARCH=0.037109375,0.058823529411764705,-0.37513415670955885,0.0341796875
PUBLICATION,WORKLOAD_SHIFT,LARS_FULL,2,1664525,SHIFT_WRITE_HOT,,8,21198,198913,182861,182861,182861,183001,198913,198913,4,INSERT_SPLIT_PRESSURE,SLACKEN,COMMIT,trial acceptance rule satisfied,10,11,58,3,5.5157932376374906E-5,1.3614703880190606E-4,0.03530790979932418,1985856.147851872,3070.0,3530.4999999999995,35.556452604273375,28900,512,34,7600.0,4500.0,7600.0,4500.0,SEARCH=0.1884765625;INSERT=0.5439453125;DELETE=0.0712890625;UPDATE=0.1669921875;RANGE_SEARCH=0.029296875,SEARCH=0.201171875;INSERT=0.546875;DELETE=0.0703125;UPDATE=0.14453125;RANGE_SEARCH=0.037109375,0.40789473684210525,0.40250977975945723,0.0234375
PUBLICATION,WORKLOAD_SHIFT,LARS_FULL,3,22695477,SHIFT_WRITE_HOT,,1,20997,149535,142555,142555,142555,142572,149535,149535,4,INSERT_SPLIT_PRESSURE,SLACKEN,COMMIT,trial acceptance rule satisfied,60,61,54,3,5.2578334415733E-5,1.4112998071223596E-4,0.06474865633891874,1633335.44103699,2910.0,3346.4999999999995,40.97749814178203,961100,512,30,4000.0,1800.0,4000.0,1800.0,SEARCH=0.1953125;INSERT=0.55078125;DELETE=0.0771484375;UPDATE=0.1484375;RANGE_SEARCH=0.0283203125,SEARCH=0.224609375;INSERT=0.517578125;DELETE=0.0859375;UPDATE=0.15234375;RANGE_SEARCH=0.01953125,0.55,0.3644556091308594,0.0419921875
PUBLICATION,WORKLOAD_SHIFT,LARS_FULL,3,22695477,SHIFT_WRITE_HOT,,2,21000,200000,191754,191754,191754,191762,199896,-1,6,INSERT_SPLIT_PRESSURE,SLACKEN,ROLLBACK,trial censored at PHASE_BOUNDARY before a terminal live-trial decision,39,40,44,3,4.183340606641434E-5,1.3616557734204794E-4,0.03362448282655809,264627.306757733,2510.0,2886.5,218.15586874733216,40200,266,20,1999.9999999999998,2900.0,1300.0,2900.0,SEARCH=0.2001953125;INSERT=0.560546875;DELETE=0.0595703125;UPDATE=0.1455078125;RANGE_SEARCH=0.0341796875,SEARCH=0.23684210526315788;INSERT=0.5526315789473685;DELETE=0.07518796992481203;UPDATE=0.12030075187969924;RANGE_SEARCH=0.015037593984962405,-0.4500000000000002,-0.4798889355468752,0.052264450187969894
PUBLICATION,WORKLOAD_SHIFT,LARS_FULL,3,22695477,SHIFT_SCAN,,3,20999,207531,-1,-1,-1,-1,-1,-1,-1,INSERT_SPLIT_PRESSURE,,ABSTAIN,predicted benefit does not repay estimated adaptation cost within configured horizon,-1,-1,0,0,0.0,0.0,NaN,NaN,NaN,NaN,NaN,0,0,0,NaN,NaN,NaN,NaN,,,NaN,NaN,NaN
PUBLICATION,WORKLOAD_SHIFT,LARS_FULL,3,22695477,SHIFT_SCAN,,4,21001,223177,-1,-1,-1,-1,-1,-1,-1,INSERT_SPLIT_PRESSURE,,ABSTAIN,predicted benefit does not repay estimated adaptation cost within configured horizon,-1,-1,0,0,0.0,0.0,NaN,NaN,NaN,NaN,NaN,0,0,0,NaN,NaN,NaN,NaN,,,NaN,NaN,NaN
PUBLICATION,WORKLOAD_SHIFT,LARS_FULL,4,69069,SHIFT_WRITE_HOT,,1,20999,143804,-1,-1,-1,-1,-1,-1,-1,NO_CONFIDENT_DIAGNOSIS,,ABSTAIN,"diagnostic confidence not satisfied: insertScore=0.41704291428350965, scanScore=0.019691091586525968",-1,-1,0,0,0.0,0.0,NaN,NaN,NaN,NaN,NaN,0,0,0,NaN,NaN,NaN,NaN,,,NaN,NaN,NaN
PUBLICATION,WORKLOAD_SHIFT,LARS_FULL,4,69069,SHIFT_WRITE_HOT,,2,21001,144423,-1,-1,-1,-1,-1,-1,-1,NO_CONFIDENT_DIAGNOSIS,,ABSTAIN,"diagnostic confidence not satisfied: insertScore=0.06360935323754824, scanScore=0.01948610470383419",-1,-1,0,0,0.0,0.0,NaN,NaN,NaN,NaN,NaN,0,0,0,NaN,NaN,NaN,NaN,,,NaN,NaN,NaN
PUBLICATION,WORKLOAD_SHIFT,LARS_FULL,4,69069,SHIFT_WRITE_HOT,,3,20997,144470,-1,-1,-1,-1,-1,-1,-1,NO_CONFIDENT_DIAGNOSIS,,ABSTAIN,"diagnostic confidence not satisfied: insertScore=0.2596837541881009, scanScore=0.017108496435212783",-1,-1,0,0,0.0,0.0,NaN,NaN,NaN,NaN,NaN,0,0,0,NaN,NaN,NaN,NaN,,,NaN,NaN,NaN
PUBLICATION,WORKLOAD_SHIFT,LARS_FULL,4,69069,SHIFT_WRITE_HOT,,4,21000,144887,-1,-1,-1,-1,-1,-1,-1,NO_CONFIDENT_DIAGNOSIS,,ABSTAIN,"diagnostic confidence not satisfied: insertScore=0.4974433460069637, scanScore=0.01781579212281682",-1,-1,0,0,0.0,0.0,NaN,NaN,NaN,NaN,NaN,0,0,0,NaN,NaN,NaN,NaN,,,NaN,NaN,NaN
PUBLICATION,WORKLOAD_SHIFT,LARS_FULL,4,69069,SHIFT_WRITE_HOT,,5,20999,160191,-1,-1,-1,-1,-1,-1,-1,NO_CONFIDENT_DIAGNOSIS,,ABSTAIN,"diagnostic confidence not satisfied: insertScore=0.052389750800615496, scanScore=0.014341356935137975",-1,-1,0,0,0.0,0.0,NaN,NaN,NaN,NaN,NaN,0,0,0,NaN,NaN,NaN,NaN,,,NaN,NaN,NaN
PUBLICATION,WORKLOAD_SHIFT,LARS_FULL,4,69069,SHIFT_WRITE_HOT,,6,20997,178568,162502,162502,162502,162542,178568,-1,5,INSERT_SPLIT_PRESSURE,SLACKEN,ROLLBACK,minimum net-gain threshold not met,6,7,60,3,5.762011633501488E-5,1.381406271584473E-4,0.05682259586038511,210931.69080517176,3150.0,3622.4999999999995,343.4761259602231,739000,512,42,1800.0,1600.0,1800.0,1600.0,SEARCH=0.2412109375;INSERT=0.5458984375;DELETE=0.0703125;UPDATE=0.109375;RANGE_SEARCH=0.033203125,SEARCH=0.19140625;INSERT=0.560546875;DELETE=0.072265625;UPDATE=0.16015625;RANGE_SEARCH=0.015625,0.1111111111111111,-0.2501497124565973,0.0673828125
PUBLICATION,WORKLOAD_SHIFT,LARS_FULL,4,69069,SHIFT_WRITE_HOT,,7,20999,200000,192417,192417,192417,192458,199996,-1,6,INSERT_SPLIT_PRESSURE,SLACKEN,ROLLBACK,trial censored at PHASE_BOUNDARY before a terminal live-trial decision,39,40,59,3,5.609031491384432E-5,1.3619648613065783E-4,0.03180519319170083,1272456.2057398432,3110.0,3576.4999999999995,56.214115407147034,31300,239,23,5500.0,1700.0,8200.0,1700.0,SEARCH=0.197265625;INSERT=0.5556640625;DELETE=0.0703125;UPDATE=0.1533203125;RANGE_SEARCH=0.0234375,SEARCH=0.20920502092050208;INSERT=0.5271966527196653;DELETE=0.07112970711297072;UPDATE=0.14644351464435146;RANGE_SEARCH=0.04602510460251046,0.6909090909090909,0.6819625816761363,0.03534420763598324
PUBLICATION,WORKLOAD_SHIFT,LARS_FULL,4,69069,SHIFT_SCAN,,8,21184,264224,-1,-1,-1,-1,-1,-1,-1,NO_CONFIDENT_DIAGNOSIS,,ABSTAIN,"diagnostic confidence not satisfied: insertScore=0.3661685956468866, scanScore=0.0",-1,-1,0,0,0.0,0.0,NaN,NaN,NaN,NaN,NaN,0,0,0,NaN,NaN,NaN,NaN,,,NaN,NaN,NaN
PUBLICATION,WORKLOAD_SHIFT,LARS_FULL,5,48271,SHIFT_WRITE_HOT,,1,20998,142944,-1,-1,-1,-1,-1,-1,-1,NO_CONFIDENT_DIAGNOSIS,,ABSTAIN,"diagnostic confidence not satisfied: insertScore=0.11057304300869222, scanScore=0.02345344758239769",-1,-1,0,0,0.0,0.0,NaN,NaN,NaN,NaN,NaN,0,0,0,NaN,NaN,NaN,NaN,,,NaN,NaN,NaN
PUBLICATION,WORKLOAD_SHIFT,LARS_FULL,5,48271,SHIFT_WRITE_HOT,,2,20999,143649,-1,-1,-1,-1,-1,-1,-1,NO_CONFIDENT_DIAGNOSIS,,ABSTAIN,"diagnostic confidence not satisfied: insertScore=0.18050701792920823, scanScore=0.03076512110705114",-1,-1,0,0,0.0,0.0,NaN,NaN,NaN,NaN,NaN,0,0,0,NaN,NaN,NaN,NaN,,,NaN,NaN,NaN
PUBLICATION,WORKLOAD_SHIFT,LARS_FULL,5,48271,SHIFT_WRITE_HOT,,3,20998,177188,162179,162179,162179,162205,177188,177188,5,INSERT_SPLIT_PRESSURE,SLACKEN,COMMIT,trial acceptance rule satisfied,7,8,60,3,5.765549687507207E-5,1.3831896352989995E-4,0.05323628801663634,1344268.2609825837,3150.0,3622.4999999999995,53.89549251653324,925700,512,27,4400.0,2300.0,4400.0,2300.0,SEARCH=0.1708984375;INSERT=0.5712890625;DELETE=0.0830078125;UPDATE=0.15234375;RANGE_SEARCH=0.0224609375,SEARCH=0.19921875;INSERT=0.525390625;DELETE=0.068359375;UPDATE=0.173828125;RANGE_SEARCH=0.033203125,0.4772727272727273,0.27967596435546876,0.060546875
PUBLICATION,WORKLOAD_SHIFT,LARS_FULL,5,48271,SHIFT_WRITE_HOT,,4,20997,200000,190772,190772,190772,190883,199972,-1,6,INSERT_SPLIT_PRESSURE,SLACKEN,ROLLBACK,trial censored at PHASE_BOUNDARY before a terminal live-trial decision,23,24,63,3,5.988946116596225E-5,1.362274089546817E-4,0.035926042872680065,1287721.9941760513,3270.0,3760.4999999999995,58.405463555138766,32100,333,23,5100.0,999.9999999999999,5100.0,1000.0,SEARCH=0.19140625;INSERT=0.5458984375;DELETE=0.078125;UPDATE=0.142578125;RANGE_SEARCH=0.0419921875,SEARCH=0.1921921921921922;INSERT=0.5405405405405406;DELETE=0.07207207207207207;UPDATE=0.16216216216216217;RANGE_SEARCH=0.03303303303303303,0.803921568627451,0.7951617426853554,0.020369979354354344
PUBLICATION,WORKLOAD_SHIFT,LARS_FULL,5,48271,SHIFT_SCAN,,5,20996,300000,209720,209720,209720,209747,299664,-1,6,INSERT_SPLIT_PRESSURE,SLACKEN,ROLLBACK,trial censored at RUN_END before a terminal live-trial decision,22,23,50,3,4.735409020954185E-5,1.3619030325040857E-4,0.026701434159061278,356400.0,2750.0,3162.4999999999995,177.4691358024691,31900,296,0,NaN,NaN,4000.0,2100.0,SEARCH=0.203125;INSERT=0.5185546875;DELETE=0.07421875;UPDATE=0.162109375;RANGE_SEARCH=0.0419921875,SEARCH=0.47635135135135137;INSERT=0.07432432432432433;DELETE=0.02702702702702703;UPDATE=0.06418918918918919;RANGE_SEARCH=0.3581081081081081,NaN,NaN,0.5893422719594594
PUBLICATION,WORKLOAD_SHIFT,LARS_FULL,6,134775813,SHIFT_WRITE_HOT,,1,20997,141682,-1,-1,-1,-1,-1,-1,-1,NO_CONFIDENT_DIAGNOSIS,,ABSTAIN,"diagnostic confidence not satisfied: insertScore=0.1436793353400876, scanScore=0.03134740321164351",-1,-1,0,0,0.0,0.0,NaN,NaN,NaN,NaN,NaN,0,0,0,NaN,NaN,NaN,NaN,,,NaN,NaN,NaN
PUBLICATION,WORKLOAD_SHIFT,LARS_FULL,6,134775813,SHIFT_WRITE_HOT,,2,20997,158992,-1,-1,-1,-1,-1,-1,-1,NO_CONFIDENT_DIAGNOSIS,,ABSTAIN,"diagnostic confidence not satisfied: insertScore=0.25851400550368164, scanScore=0.0",-1,-1,0,0,0.0,0.0,NaN,NaN,NaN,NaN,NaN,0,0,0,NaN,NaN,NaN,NaN,,,NaN,NaN,NaN
PUBLICATION,WORKLOAD_SHIFT,LARS_FULL,6,134775813,SHIFT_WRITE_HOT,,3,20997,200000,188918,188918,188918,188932,199986,-1,6,INSERT_SPLIT_PRESSURE,SLACKEN,ROLLBACK,trial censored at PHASE_BOUNDARY before a terminal live-trial decision,39,40,63,3,5.988530538178783E-5,1.3617793917385383E-4,0.03421888053467001,238496.24060150379,3270.0,3760.4999999999995,315.35088272383354,1312200,361,28,1700.0,2100.0,1700.0,2100.0,SEARCH=0.19921875;INSERT=0.5712890625;DELETE=0.064453125;UPDATE=0.1337890625;RANGE_SEARCH=0.03125,SEARCH=0.22437673130193905;INSERT=0.6038781163434903;DELETE=0.05263157894736842;UPDATE=0.11080332409972299;RANGE_SEARCH=0.008310249307479225,-0.23529411764705882,-1.3631544404871323,0.057747035145429365
PUBLICATION,WORKLOAD_SHIFT,LARS_FULL,6,134775813,SHIFT_SCAN,,4,20998,218731,-1,-1,-1,-1,-1,-1,-1,INSERT_SPLIT_PRESSURE,,ABSTAIN,predicted benefit does not repay estimated adaptation cost within configured horizon,-1,-1,0,0,0.0,0.0,NaN,NaN,NaN,NaN,NaN,0,0,0,NaN,NaN,NaN,NaN,,,NaN,NaN,NaN
PUBLICATION,WORKLOAD_SHIFT,LARS_FULL,6,134775813,SHIFT_SCAN,,5,21176,254595,-1,-1,-1,-1,-1,-1,-1,NO_CONFIDENT_DIAGNOSIS,,ABSTAIN,"diagnostic confidence not satisfied: insertScore=0.09594054693861087, scanScore=0.0",-1,-1,0,0,0.0,0.0,NaN,NaN,NaN,NaN,NaN,0,0,0,NaN,NaN,NaN,NaN,,,NaN,NaN,NaN
PUBLICATION,WORKLOAD_SHIFT,LARS_FULL,7,16807,SHIFT_WRITE_HOT,,1,21001,143123,-1,-1,-1,-1,-1,-1,-1,NO_CONFIDENT_DIAGNOSIS,,ABSTAIN,"diagnostic confidence not satisfied: insertScore=0.348930050070673, scanScore=0.03759298070736556",-1,-1,0,0,0.0,0.0,NaN,NaN,NaN,NaN,NaN,0,0,0,NaN,NaN,NaN,NaN,,,NaN,NaN,NaN
PUBLICATION,WORKLOAD_SHIFT,LARS_FULL,7,16807,SHIFT_WRITE_HOT,,2,20998,147353,-1,-1,-1,-1,-1,-1,-1,NO_CONFIDENT_DIAGNOSIS,,ABSTAIN,"diagnostic confidence not satisfied: insertScore=0.48039371730754143, scanScore=0.02355276964661385",-1,-1,0,0,0.0,0.0,NaN,NaN,NaN,NaN,NaN,0,0,0,NaN,NaN,NaN,NaN,,,NaN,NaN,NaN
PUBLICATION,WORKLOAD_SHIFT,LARS_FULL,7,16807,SHIFT_WRITE_HOT,,3,20998,187809,172714,172714,172714,172733,187809,187809,5,INSERT_SPLIT_PRESSURE,SLACKEN,COMMIT,trial acceptance rule satisfied,28,30,92,4,8.79599973229566E-5,1.8263172313030774E-4,0.04038332610324565,4182450.605355523,4680.0,5382.0,25.736107884255627,1181000,512,45,10900.0,3000.0,10900.0,3000.0,SEARCH=0.177734375;INSERT=0.5703125;DELETE=0.0732421875;UPDATE=0.1396484375;RANGE_SEARCH=0.0390625,SEARCH=0.2109375;INSERT=0.578125;DELETE=0.05078125;UPDATE=0.140625;RANGE_SEARCH=0.01953125,0.7247706422018348,0.5906204442015481,0.0419921875
PUBLICATION,WORKLOAD_SHIFT,LARS_FULL,7,16807,SHIFT_WRITE_HOT,,4,21000,193814,-1,-1,-1,-1,-1,-1,-1,INSERT_SPLIT_PRESSURE,,ABSTAIN,predicted benefit does not repay estimated adaptation cost within configured horizon,-1,-1,0,0,0.0,0.0,NaN,NaN,NaN,NaN,NaN,0,0,0,NaN,NaN,NaN,NaN,,,NaN,NaN,NaN
PUBLICATION,WORKLOAD_SHIFT,LARS_FULL,7,16807,SHIFT_WRITE_HOT,,5,20999,200000,194537,194537,194537,194545,199959,-1,6,INSERT_SPLIT_PRESSURE,SLACKEN,ROLLBACK,trial censored at PHASE_BOUNDARY before a terminal live-trial decision,29,30,46,3,4.3729935327228254E-5,1.3617793917385383E-4,0.03374971161135098,216918.3612932995,2590.0,2978.4999999999995,274.6194450522067,33300,203,19,3200.0,5000.0,3200.0,5000.0,SEARCH=0.20703125;INSERT=0.541015625;DELETE=0.0712890625;UPDATE=0.1494140625;RANGE_SEARCH=0.03125,SEARCH=0.20689655172413793;INSERT=0.5024630541871922;DELETE=0.09359605911330049;UPDATE=0.1625615763546798;RANGE_SEARCH=0.034482758620689655,-0.5625,-0.577916798400879,0.03868726908866992
PUBLICATION,WORKLOAD_SHIFT,LARS_FULL,7,16807,SHIFT_SCAN,,6,21001,300000,243357,243357,243357,243424,299700,-1,6,INSERT_SPLIT_PRESSURE,SLACKEN,ROLLBACK,trial censored at RUN_END before a terminal live-trial decision,18,19,62,3,5.871395602324694E-5,1.361285053090117E-4,0.014829189173533373,1103355.393683113,3230.0,3714.4999999999995,67.3309800498753,35900,186,0,NaN,NaN,9000.0,3400.0,SEARCH=0.24609375;INSERT=0.4638671875;DELETE=0.0751953125;UPDATE=0.1279296875;RANGE_SEARCH=0.0869140625,SEARCH=0.5376344086021505;INSERT=0.04838709677419355;DELETE=0.026881720430107527;UPDATE=0.03763440860215054;RANGE_SEARCH=0.34946236559139787,NaN,NaN,0.5540889616935485
PUBLICATION,WORKLOAD_SHIFT,LARS_FULL,8,2147483647,SHIFT_WRITE_HOT,,1,20999,151456,144191,144191,144191,144223,151456,151456,4,INSERT_SPLIT_PRESSURE,SLACKEN,COMMIT,trial acceptance rule satisfied,14,15,49,3,4.767547981965047E-5,1.4111006585136406E-4,0.0680896336192566,5020759.358999933,2710.0,3116.4999999999995,12.414456767036784,1069300,512,25,10000.0,800.0,10000.0,3700.0,SEARCH=0.2001953125;INSERT=0.53125;DELETE=0.0693359375;UPDATE=0.1630859375;RANGE_SEARCH=0.0361328125,SEARCH=0.2109375;INSERT=0.529296875;DELETE=0.0859375;UPDATE=0.150390625;RANGE_SEARCH=0.0234375,0.92,0.8414785024414063,0.02734375
PUBLICATION,WORKLOAD_SHIFT,LARS_FULL,8,2147483647,SHIFT_WRITE_HOT,,2,20996,200000,189549,189549,189549,189558,199999,-1,6,INSERT_SPLIT_PRESSURE,SLACKEN,ROLLBACK,trial censored at PHASE_BOUNDARY before a terminal live-trial decision,31,32,62,3,5.894029158332636E-5,1.361285053090117E-4,0.033506756977847586,472235.8561565394,3230.0,3714.4999999999995,157.31545800997782,28900,353,24,2400.0,1700.0,2100.0,3900.0,SEARCH=0.208984375;INSERT=0.537109375;DELETE=0.0771484375;UPDATE=0.138671875;RANGE_SEARCH=0.0380859375,SEARCH=0.1954674220963173;INSERT=0.5127478753541076;DELETE=0.0906515580736544;UPDATE=0.16997167138810199;RANGE_SEARCH=0.031161473087818695,0.2916666666666667,0.2736976542154948,0.0448029169617564
PUBLICATION,WORKLOAD_SHIFT,LARS_FULL,8,2147483647,SHIFT_SCAN,,3,21000,216107,-1,-1,-1,-1,-1,-1,-1,INSERT_SPLIT_PRESSURE,,ABSTAIN,predicted benefit does not repay estimated adaptation cost within configured horizon,-1,-1,0,0,0.0,0.0,NaN,NaN,NaN,NaN,NaN,0,0,0,NaN,NaN,NaN,NaN,,,NaN,NaN,NaN
PUBLICATION,WORKLOAD_SHIFT,LARS_FULL,8,2147483647,SHIFT_SCAN,,4,20997,266762,-1,-1,-1,-1,-1,-1,-1,INSERT_SPLIT_PRESSURE,,ABSTAIN,predicted benefit does not repay estimated adaptation cost within configured horizon,-1,-1,0,0,0.0,0.0,NaN,NaN,NaN,NaN,NaN,0,0,0,NaN,NaN,NaN,NaN,,,NaN,NaN,NaN
PUBLICATION,WORKLOAD_SHIFT,LARS_FULL,9,6364136223846793005,SHIFT_WRITE_HOT,,1,20998,144426,-1,-1,-1,-1,-1,-1,-1,NO_CONFIDENT_DIAGNOSIS,,ABSTAIN,"diagnostic confidence not satisfied: insertScore=0.155585643032801, scanScore=0.024695109270089766",-1,-1,0,0,0.0,0.0,NaN,NaN,NaN,NaN,NaN,0,0,0,NaN,NaN,NaN,NaN,,,NaN,NaN,NaN
PUBLICATION,WORKLOAD_SHIFT,LARS_FULL,9,6364136223846793005,SHIFT_WRITE_HOT,,2,20998,178702,162728,162728,162728,162729,178702,-1,5,INSERT_SPLIT_PRESSURE,SLACKEN,ROLLBACK,tail-latency guard failed,10,11,63,3,6.048166445540581E-5,1.381279064413647E-4,0.05600525049223365,390177.20411288564,3270.0,3760.4999999999995,192.75857022708155,709700,512,22,1500.0,2400.0,1500.0,2400.0,SEARCH=0.173828125;INSERT=0.6005859375;DELETE=0.0595703125;UPDATE=0.1416015625;RANGE_SEARCH=0.0244140625,SEARCH=0.21484375;INSERT=0.53125;DELETE=0.083984375;UPDATE=0.140625;RANGE_SEARCH=0.029296875,-0.6,-1.022400872395833,0.0703125
PUBLICATION,WORKLOAD_SHIFT,LARS_FULL,9,6364136223846793005,SHIFT_WRITE_HOT,,3,21001,200000,190006,190006,190006,190008,199921,-1,6,INSERT_SPLIT_PRESSURE,SLACKEN,ROLLBACK,trial censored at PHASE_BOUNDARY before a terminal live-trial decision,31,32,64,3,6.082863812282823E-5,1.3619648613065783E-4,0.032803690415171706,263240.00512557663,3310.0,3806.4999999999995,289.20376279313155,26300,349,34,2300.0,900.0000000000001,9300.0,900.0,SEARCH=0.2080078125;INSERT=0.5458984375;DELETE=0.068359375;UPDATE=0.1416015625;RANGE_SEARCH=0.0361328125,SEARCH=0.18051575931232092;INSERT=0.5759312320916905;DELETE=0.0659025787965616;UPDATE=0.15472779369627507;RANGE_SEARCH=0.022922636103151862,0.6086956521739131,0.5912665421195653,0.0431590257879656
PUBLICATION,WORKLOAD_SHIFT,LARS_NO_DIAGNOSIS,0,1103515245,SHIFT_WRITE_HOT,,1,21000,152164,144445,144445,144445,144453,152164,152164,4,INSERT_SPLIT_PRESSURE,SLACKEN,COMMIT,trial acceptance rule satisfied,22,23,56,3,5.4442508710801394E-5,1.410238330277817E-4,0.06890982503364737,1832732.1668909825,2990.0,3438.4999999999995,37.52321328907558,1137400,512,37,4400.0,2100.0,4400.0,2100.0,SEARCH=0.205078125;INSERT=0.5634765625;DELETE=0.076171875;UPDATE=0.125;RANGE_SEARCH=0.0302734375,SEARCH=0.189453125;INSERT=0.568359375;DELETE=0.068359375;UPDATE=0.142578125;RANGE_SEARCH=0.03125,0.5227272727272727,0.33516330788352267,0.0234375
PUBLICATION,WORKLOAD_SHIFT,LARS_NO_DIAGNOSIS,0,1103515245,SHIFT_WRITE_HOT,,2,20998,200000,193701,193701,193701,193704,199998,-1,6,INSERT_SPLIT_PRESSURE,SLACKEN,ROLLBACK,trial censored at PHASE_BOUNDARY before a terminal live-trial decision,19,20,60,3,5.7034708471840537E-5,1.3617793917385383E-4,0.033335503613516504,95868.22058727781,3150.0,3622.4999999999995,755.7248852245252,31700,215,20,2800.0,1999.9999999999998,2800.0,2000.0,SEARCH=0.19921875;INSERT=0.548828125;DELETE=0.0751953125;UPDATE=0.1416015625;RANGE_SEARCH=0.03515625,SEARCH=0.20930232558139536;INSERT=0.5395348837209303;DELETE=0.08837209302325581;UPDATE=0.14418604651162792;RANGE_SEARCH=0.018604651162790697,0.2857142857142858,0.26873324846540186,0.025844840116279057
PUBLICATION,WORKLOAD_SHIFT,LARS_NO_DIAGNOSIS,0,1103515245,SHIFT_SCAN,,3,20997,213503,-1,-1,-1,-1,-1,-1,-1,NO_CONFIDENT_DIAGNOSIS,,ABSTAIN,no cost-admissible candidate without explicit diagnosis,-1,-1,0,0,0.0,0.0,NaN,NaN,NaN,NaN,NaN,0,0,0,NaN,NaN,NaN,NaN,,,NaN,NaN,NaN
PUBLICATION,WORKLOAD_SHIFT,LARS_NO_DIAGNOSIS,1,214013,SHIFT_WRITE_HOT,,1,21001,143421,-1,-1,-1,-1,-1,-1,-1,NO_CONFIDENT_DIAGNOSIS,,ABSTAIN,no cost-admissible candidate without explicit diagnosis,-1,-1,0,0,0.0,0.0,NaN,NaN,NaN,NaN,NaN,0,0,0,NaN,NaN,NaN,NaN,,,NaN,NaN,NaN
PUBLICATION,WORKLOAD_SHIFT,LARS_NO_DIAGNOSIS,1,214013,SHIFT_WRITE_HOT,,2,20997,152194,144536,144536,144536,144537,152194,152194,4,INSERT_SPLIT_PRESSURE,SLACKEN,COMMIT,trial acceptance rule satisfied,27,28,58,3,5.6403663515193007E-5,1.4109015661007383E-4,0.06830309498399147,3569863.927427962,3070.0,3530.4999999999995,19.779465390120215,595400,512,33,7600.0,1000.0,7600.0,1000.0,SEARCH=0.1982421875;INSERT=0.5478515625;DELETE=0.0595703125;UPDATE=0.154296875;RANGE_SEARCH=0.0400390625,SEARCH=0.203125;INSERT=0.56640625;DELETE=0.0625;UPDATE=0.138671875;RANGE_SEARCH=0.029296875,0.868421052631579,0.8110721833881579,0.0263671875
PUBLICATION,WORKLOAD_SHIFT,LARS_NO_DIAGNOSIS,1,214013,SHIFT_WRITE_HOT,,3,21001,175176,160123,160123,160123,160131,175176,-1,5,INSERT_SPLIT_PRESSURE,SLACKEN,ROLLBACK,tail-latency guard failed,24,25,63,3,6.0595684433064855E-5,1.3870908082115775E-4,0.06137249026071322,585687.7434821697,3270.0,3760.4999999999995,128.41313624362988,25500,512,33,1700.0,2100.0,1700.0,2100.0,SEARCH=0.21484375;INSERT=0.5361328125;DELETE=0.0693359375;UPDATE=0.140625;RANGE_SEARCH=0.0390625,SEARCH=0.212890625;INSERT=0.505859375;DELETE=0.08203125;UPDATE=0.162109375;RANGE_SEARCH=0.037109375,-0.23529411764705882,-0.2475145766314338,0.0341796875
PUBLICATION,WORKLOAD_SHIFT,LARS_NO_DIAGNOSIS,1,214013,SHIFT_WRITE_HOT,,4,20996,200000,196510,196510,196510,196521,199906,-1,6,INSERT_SPLIT_PRESSURE,SLACKEN,ROLLBACK,trial censored at PHASE_BOUNDARY before a terminal live-trial decision,19,20,44,3,4.182318677474792E-5,1.3614703880190606E-4,0.031587389721759514,287741.37824665307,2510.0,2886.5,200.63155445969127,30900,121,0,NaN,NaN,1600.0,600.0,SEARCH=0.193359375;INSERT=0.5693359375;DELETE=0.064453125;UPDATE=0.1455078125;RANGE_SEARCH=0.02734375,SEARCH=0.2396694214876033;INSERT=0.5206611570247934;DELETE=0.0743801652892562;UPDATE=0.14049586776859505;RANGE_SEARCH=0.024793388429752067,NaN,NaN,0.056237086776859485
PUBLICATION,WORKLOAD_SHIFT,LARS_NO_DIAGNOSIS,1,214013,SHIFT_SCAN,,5,20999,200696,-1,-1,-1,-1,-1,-1,-1,NO_CONFIDENT_DIAGNOSIS,,ABSTAIN,no cost-admissible candidate without explicit diagnosis,-1,-1,0,0,0.0,0.0,NaN,NaN,NaN,NaN,NaN,0,0,0,NaN,NaN,NaN,NaN,,,NaN,NaN,NaN
PUBLICATION,WORKLOAD_SHIFT,LARS_NO_DIAGNOSIS,2,1664525,SHIFT_WRITE_HOT,,1,21001,142437,-1,-1,-1,-1,-1,-1,-1,NO_CONFIDENT_DIAGNOSIS,,ABSTAIN,no cost-admissible candidate without explicit diagnosis,-1,-1,0,0,0.0,0.0,NaN,NaN,NaN,NaN,NaN,0,0,0,NaN,NaN,NaN,NaN,,,NaN,NaN,NaN
PUBLICATION,WORKLOAD_SHIFT,LARS_NO_DIAGNOSIS,2,1664525,SHIFT_WRITE_HOT,,2,20997,152808,145483,145483,145483,145494,152806,-1,4,INSERT_SPLIT_PRESSURE,SLACKEN,ROLLBACK,trial mutation would escape the monitored leaf-level region,32,33,53,3,5.15201857059675E-5,1.4107025298598703E-4,0.06629977338944643,6.776748462285529E7,2870.0,3300.4999999999995,0.9740659605025008,797500,491,0,NaN,NaN,NaN,NaN,SEARCH=0.203125;INSERT=0.568359375;DELETE=0.0625;UPDATE=0.14453125;RANGE_SEARCH=0.021484375,SEARCH=0.17718940936863545;INSERT=0.5824847250509165;DELETE=0.0814663951120163;UPDATE=0.1446028513238289;RANGE_SEARCH=0.014256619144602852,NaN,NaN,NaN
PUBLICATION,WORKLOAD_SHIFT,LARS_NO_DIAGNOSIS,2,1664525,SHIFT_WRITE_HOT,,3,21001,176332,160707,160707,160707,160708,176332,176332,5,INSERT_SPLIT_PRESSURE,SLACKEN,COMMIT,trial acceptance rule satisfied,0,1,62,3,5.960581329728784E-5,1.38644976430354E-4,0.0562019758507135,2830647.639956092,3230.0,3714.4999999999995,26.244877303468385,26300,512,24,6200.0,1500.0,6200.0,1500.0,SEARCH=0.1982421875;INSERT=0.5546875;DELETE=0.0634765625;UPDATE=0.1494140625;RANGE_SEARCH=0.0341796875,SEARCH=0.21484375;INSERT=0.544921875;DELETE=0.05859375;UPDATE=0.15234375;RANGE_SEARCH=0.029296875,0.7580645161290323,0.7542906848538307,0.01953125
PUBLICATION,WORKLOAD_SHIFT,LARS_NO_DIAGNOSIS,2,1664525,SHIFT_WRITE_HOT,,4,20999,200000,187072,187072,187072,187092,199969,-1,6,INSERT_SPLIT_PRESSURE,SLACKEN,ROLLBACK,trial censored at PHASE_BOUNDARY before a terminal live-trial decision,4,5,56,3,5.322920686580727E-5,1.3611615245009076E-4,0.03455257119719261,4527990.282089351,2990.0,3438.4999999999995,15.187753443734742,31000,426,33,13200.0,1900.0,13200.0,3900.0,SEARCH=0.201171875;INSERT=0.5703125;DELETE=0.076171875;UPDATE=0.1162109375;RANGE_SEARCH=0.0361328125,SEARCH=0.22065727699530516;INSERT=0.5352112676056338;DELETE=0.0539906103286385;UPDATE=0.15258215962441316;RANGE_SEARCH=0.03755868544600939,0.8560606060606061,0.8526621833570076,0.057282497065727724
PUBLICATION,WORKLOAD_SHIFT,LARS_NO_DIAGNOSIS,3,22695477,SHIFT_WRITE_HOT,,1,20999,153817,146579,146579,146579,146580,153817,153817,4,INSERT_SPLIT_PRESSURE,SLACKEN,COMMIT,trial acceptance rule satisfied,8,9,60,3,5.830036933283972E-5,1.4107688690336235E-4,0.0644430459408433,890182.5047199497,3150.0,3622.4999999999995,81.38780487804877,885200,512,45,4000.0,1200.0,69100.0,1200.0,SEARCH=0.1953125;INSERT=0.5615234375;DELETE=0.060546875;UPDATE=0.154296875;RANGE_SEARCH=0.0283203125,SEARCH=0.203125;INSERT=0.546875;DELETE=0.05859375;UPDATE=0.16015625;RANGE_SEARCH=0.03125,0.7,0.5282979980468749,0.0166015625
PUBLICATION,WORKLOAD_SHIFT,LARS_NO_DIAGNOSIS,3,22695477,SHIFT_WRITE_HOT,,2,20997,188200,-1,-1,-1,-1,-1,-1,-1,NO_CONFIDENT_DIAGNOSIS,,ABSTAIN,no cost-admissible candidate without explicit diagnosis,-1,-1,0,0,0.0,0.0,NaN,NaN,NaN,NaN,NaN,0,0,0,NaN,NaN,NaN,NaN,,,NaN,NaN,NaN
PUBLICATION,WORKLOAD_SHIFT,LARS_NO_DIAGNOSIS,3,22695477,SHIFT_WRITE_HOT,,3,21000,200000,191754,191754,191754,191762,199896,-1,6,INSERT_SPLIT_PRESSURE,SLACKEN,ROLLBACK,trial censored at PHASE_BOUNDARY before a terminal live-trial decision,39,40,44,3,4.183340606641434E-5,1.3616557734204794E-4,0.03362448282655809,589191.5676101662,2510.0,2886.5,97.98171456214149,36800,266,20,2300.0,1700.0,1500.0,1700.0,SEARCH=0.2001953125;INSERT=0.560546875;DELETE=0.0595703125;UPDATE=0.1455078125;RANGE_SEARCH=0.0341796875,SEARCH=0.23684210526315788;INSERT=0.5526315789473685;DELETE=0.07518796992481203;UPDATE=0.12030075187969924;RANGE_SEARCH=0.015037593984962405,0.2608695652173913,0.2370773777173913,0.052264450187969894
PUBLICATION,WORKLOAD_SHIFT,LARS_NO_DIAGNOSIS,3,22695477,SHIFT_SCAN,,4,21001,300000,223177,223177,223177,224102,299041,-1,6,INSERT_SPLIT_PRESSURE,SLACKEN,ROLLBACK,trial censored at RUN_END before a terminal live-trial decision,14,15,44,3,4.1669705082662276E-5,1.361408604102378E-4,0.020294105989139482,37701.851044432995,2510.0,2886.5,1531.2245526609054,26900,221,0,NaN,NaN,3900.0,4200.0,SEARCH=0.2431640625;INSERT=0.486328125;DELETE=0.060546875;UPDATE=0.1572265625;RANGE_SEARCH=0.052734375,SEARCH=0.4298642533936652;INSERT=0.08597285067873303;DELETE=0.03167420814479638;UPDATE=0.027149321266968326;RANGE_SEARCH=0.4253393665158371,NaN,NaN,0.5593051824095022
PUBLICATION,WORKLOAD_SHIFT,LARS_NO_DIAGNOSIS,4,69069,SHIFT_WRITE_HOT,,1,20998,149394,142047,142047,142047,142051,149394,149394,4,INSERT_SPLIT_PRESSURE,SLACKEN,COMMIT,trial acceptance rule satisfied,6,7,55,3,5.355289370626919E-5,1.4112998071223596E-4,0.06844462268564935,821870.1958425238,2950.0,3392.4999999999995,82.55561564736499,1381600,512,39,3400.0,1100.0,3400.0,1100.0,SEARCH=0.1767578125;INSERT=0.56640625;DELETE=0.068359375;UPDATE=0.1591796875;RANGE_SEARCH=0.029296875,SEARCH=0.203125;INSERT=0.513671875;DELETE=0.08984375;UPDATE=0.1640625;RANGE_SEARCH=0.029296875,0.6764705882352942,0.37962262178308825,0.052734375
PUBLICATION,WORKLOAD_SHIFT,LARS_NO_DIAGNOSIS,4,69069,SHIFT_WRITE_HOT,,2,21001,179768,164657,164657,164657,164724,179768,179768,5,INSERT_SPLIT_PRESSURE,SLACKEN,COMMIT,trial acceptance rule satisfied,20,22,92,4,8.83017462630125E-5,1.840180337673092E-4,0.0506228989519478,1340715.8394304924,4680.0,5382.0,80.28546902654868,31900,512,24,3900.0,1500.0,3900.0,1500.0,SEARCH=0.208984375;INSERT=0.5517578125;DELETE=0.0634765625;UPDATE=0.146484375;RANGE_SEARCH=0.029296875,SEARCH=0.20703125;INSERT=0.546875;DELETE=0.072265625;UPDATE=0.150390625;RANGE_SEARCH=0.0234375,0.6153846153846154,0.6073057742387821,0.0126953125
PUBLICATION,WORKLOAD_SHIFT,LARS_NO_DIAGNOSIS,4,69069,SHIFT_WRITE_HOT,,3,20996,189886,-1,-1,-1,-1,-1,-1,-1,NO_CONFIDENT_DIAGNOSIS,,ABSTAIN,no cost-admissible candidate without explicit diagnosis,-1,-1,0,0,0.0,0.0,NaN,NaN,NaN,NaN,NaN,0,0,0,NaN,NaN,NaN,NaN,,,NaN,NaN,NaN
PUBLICATION,WORKLOAD_SHIFT,LARS_NO_DIAGNOSIS,4,69069,SHIFT_WRITE_HOT,,4,20999,192417,-1,-1,-1,-1,-1,-1,-1,NO_CONFIDENT_DIAGNOSIS,,ABSTAIN,no cost-admissible candidate without explicit diagnosis,-1,-1,0,0,0.0,0.0,NaN,NaN,NaN,NaN,NaN,0,0,0,NaN,NaN,NaN,NaN,,,NaN,NaN,NaN
PUBLICATION,WORKLOAD_SHIFT,LARS_NO_DIAGNOSIS,4,69069,SHIFT_WRITE_HOT,,5,20997,193766,-1,-1,-1,-1,-1,-1,-1,NO_CONFIDENT_DIAGNOSIS,,ABSTAIN,no cost-admissible candidate without explicit diagnosis,-1,-1,0,0,0.0,0.0,NaN,NaN,NaN,NaN,NaN,0,0,0,NaN,NaN,NaN,NaN,,,NaN,NaN,NaN
PUBLICATION,WORKLOAD_SHIFT,LARS_NO_DIAGNOSIS,4,69069,SHIFT_WRITE_HOT,,6,21000,195705,-1,-1,-1,-1,-1,-1,-1,NO_CONFIDENT_DIAGNOSIS,,ABSTAIN,no cost-admissible candidate without explicit diagnosis,-1,-1,0,0,0.0,0.0,NaN,NaN,NaN,NaN,NaN,0,0,0,NaN,NaN,NaN,NaN,,,NaN,NaN,NaN
PUBLICATION,WORKLOAD_SHIFT,LARS_NO_DIAGNOSIS,5,48271,SHIFT_WRITE_HOT,,1,20997,200000,190772,190772,190772,190883,199972,-1,6,INSERT_SPLIT_PRESSURE,SLACKEN,ROLLBACK,trial censored at PHASE_BOUNDARY before a terminal live-trial decision,23,24,63,3,5.988946116596225E-5,1.3622122326658494E-4,0.035926042872680065,947650.4227625161,3270.0,3760.4999999999995,79.36470896172209,810000,333,23,4700.0,900.0,4700.0,900.0,SEARCH=0.19140625;INSERT=0.5458984375;DELETE=0.078125;UPDATE=0.142578125;RANGE_SEARCH=0.0419921875,SEARCH=0.1921921921921922;INSERT=0.5405405405405406;DELETE=0.07207207207207207;UPDATE=0.16216216216216217;RANGE_SEARCH=0.03303303303303303,0.8085106382978723,0.5686561876662233,0.020369979354354344
PUBLICATION,WORKLOAD_SHIFT,LARS_NO_DIAGNOSIS,5,48271,SHIFT_SCAN,,2,20996,300000,209720,209720,209720,209747,299664,-1,6,INSERT_SPLIT_PRESSURE,SLACKEN,ROLLBACK,trial censored at RUN_END before a terminal live-trial decision,22,23,50,3,4.735409020954185E-5,1.3618412093149938E-4,0.026701434159061278,432830.7692307692,2750.0,3162.4999999999995,146.13101585270488,32500,296,0,NaN,NaN,3300.0,4400.0,SEARCH=0.203125;INSERT=0.5185546875;DELETE=0.07421875;UPDATE=0.162109375;RANGE_SEARCH=0.0419921875,SEARCH=0.47635135135135137;INSERT=0.07432432432432433;DELETE=0.02702702702702703;UPDATE=0.06418918918918919;RANGE_SEARCH=0.3581081081081081,NaN,NaN,0.5893422719594594
PUBLICATION,WORKLOAD_SHIFT,LARS_NO_DIAGNOSIS,6,134775813,SHIFT_WRITE_HOT,,1,21170,184589,170880,170880,170880,170916,184589,184589,4,INSERT_SPLIT_PRESSURE,SLACKEN,COMMIT,trial acceptance rule satisfied,34,35,60,3,5.745750538664113E-5,1.3742556115437472E-4,0.04789522918615528,1361627.6894293732,3150.0,3622.4999999999995,53.20837741656246,833300,512,42,5700.0,3200.0,5700.0,3200.0,SEARCH=0.205078125;INSERT=0.548828125;DELETE=0.072265625;UPDATE=0.1376953125;RANGE_SEARCH=0.0361328125,SEARCH=0.220703125;INSERT=0.529296875;DELETE=0.0859375;UPDATE=0.12890625;RANGE_SEARCH=0.03515625,0.43859649122807015,0.2859790124725877,0.029296875
PUBLICATION,WORKLOAD_SHIFT,LARS_NO_DIAGNOSIS,6,134775813,SHIFT_WRITE_HOT,,2,20996,200000,186696,186696,186696,186728,199966,-1,6,INSERT_SPLIT_PRESSURE,SLACKEN,ROLLBACK,trial censored at PHASE_BOUNDARY before a terminal live-trial decision,28,29,63,3,5.988530538178783E-5,1.3618412093149938E-4,0.03470715835140998,4432297.993492408,3270.0,3760.4999999999995,16.968624426973296,29400,467,35,13800.0,2400.0,13800.0,2400.0,SEARCH=0.1845703125;INSERT=0.5283203125;DELETE=0.0751953125;UPDATE=0.1787109375;RANGE_SEARCH=0.033203125,SEARCH=0.21841541755888652;INSERT=0.5310492505353319;DELETE=0.09207708779443255;UPDATE=0.13276231263383298;RANGE_SEARCH=0.02569593147751606,0.8260869565217391,0.8230177989130435,0.053455818388650975
PUBLICATION,WORKLOAD_SHIFT,LARS_NO_DIAGNOSIS,6,134775813,SHIFT_SCAN,,3,20998,300000,218731,218731,218731,219319,299920,-1,6,INSERT_SPLIT_PRESSURE,SLACKEN,ROLLBACK,trial censored at RUN_END before a terminal live-trial decision,23,24,61,3,5.776515151515151E-5,1.3615939726773475E-4,0.021925316889345667,30909.986296676943,3190.0,3668.4999999999995,2373.6665327440733,34500,268,0,NaN,NaN,2200.0,4900.0,SEARCH=0.216796875;INSERT=0.5380859375;DELETE=0.0546875;UPDATE=0.1259765625;RANGE_SEARCH=0.064453125,SEARCH=0.5074626865671642;INSERT=0.055970149253731345;DELETE=0.033582089552238806;UPDATE=0.018656716417910446;RANGE_SEARCH=0.3843283582089552,NaN,NaN,0.6105410447761194
PUBLICATION,WORKLOAD_SHIFT,LARS_NO_DIAGNOSIS,7,16807,SHIFT_WRITE_HOT,,1,21001,158757,143123,143123,143123,143130,158757,158757,4,INSERT_SPLIT_PRESSURE,SLACKEN,COMMIT,trial acceptance rule satisfied,18,19,48,3,4.653800846410029E-5,1.407525570047856E-4,0.0670200929380195,3114235.224818378,2670.0,3070.4999999999995,19.719127030162408,1167000,512,30,5300.0,1200.0,5300.0,1200.0,SEARCH=0.220703125;INSERT=0.5390625;DELETE=0.0654296875;UPDATE=0.1474609375;RANGE_SEARCH=0.02734375,SEARCH=0.224609375;INSERT=0.54296875;DELETE=0.060546875;UPDATE=0.15625;RANGE_SEARCH=0.015625,0.7735849056603774,0.6093142596550708,0.0166015625
PUBLICATION,WORKLOAD_SHIFT,LARS_NO_DIAGNOSIS,7,16807,SHIFT_WRITE_HOT,,2,20999,179183,164181,164181,164181,164197,179183,179183,5,INSERT_SPLIT_PRESSURE,SLACKEN,COMMIT,trial acceptance rule satisfied,0,1,61,3,5.856751538357402E-5,1.3805163131011E-4,0.05057039853819942,485001.72848041874,3190.0,3668.4999999999995,151.2778113799283,56200,512,31,5900.0,2800.0,5900.0,2800.0,SEARCH=0.2216796875;INSERT=0.544921875;DELETE=0.060546875;UPDATE=0.142578125;RANGE_SEARCH=0.0302734375,SEARCH=0.21875;INSERT=0.54296875;DELETE=0.060546875;UPDATE=0.150390625;RANGE_SEARCH=0.02734375,0.5254237288135594,0.5160057451668433,0.0078125
PUBLICATION,WORKLOAD_SHIFT,LARS_NO_DIAGNOSIS,7,16807,SHIFT_WRITE_HOT,,3,21000,193814,-1,-1,-1,-1,-1,-1,-1,NO_CONFIDENT_DIAGNOSIS,,ABSTAIN,no cost-admissible candidate without explicit diagnosis,-1,-1,0,0,0.0,0.0,NaN,NaN,NaN,NaN,NaN,0,0,0,NaN,NaN,NaN,NaN,,,NaN,NaN,NaN
PUBLICATION,WORKLOAD_SHIFT,LARS_NO_DIAGNOSIS,7,16807,SHIFT_WRITE_HOT,,4,20997,196207,-1,-1,-1,-1,-1,-1,-1,NO_CONFIDENT_DIAGNOSIS,,ABSTAIN,no cost-admissible candidate without explicit diagnosis,-1,-1,0,0,0.0,0.0,NaN,NaN,NaN,NaN,NaN,0,0,0,NaN,NaN,NaN,NaN,,,NaN,NaN,NaN
PUBLICATION,WORKLOAD_SHIFT,LARS_NO_DIAGNOSIS,7,16807,SHIFT_SCAN,,5,20998,300000,239329,239329,239329,239432,299812,-1,6,INSERT_SPLIT_PRESSURE,SLACKEN,ROLLBACK,trial censored at RUN_END before a terminal live-trial decision,16,17,44,3,4.166796879069138E-5,1.361285053090117E-4,0.015376067991050648,20613.54115050227,2510.0,2886.5,2800.58625437063,31300,196,0,NaN,NaN,5067.0,2900.0,SEARCH=0.240234375;INSERT=0.515625;DELETE=0.0546875;UPDATE=0.1279296875;RANGE_SEARCH=0.0615234375,SEARCH=0.4846938775510204;INSERT=0.05102040816326531;DELETE=0.015306122448979591;UPDATE=0.04081632653061224;RANGE_SEARCH=0.40816326530612246,NaN,NaN,0.5910993303571429
PUBLICATION,WORKLOAD_SHIFT,LARS_NO_DIAGNOSIS,8,2147483647,SHIFT_WRITE_HOT,,1,20999,151456,144191,144191,144191,144223,151456,151456,4,INSERT_SPLIT_PRESSURE,SLACKEN,COMMIT,trial acceptance rule satisfied,14,15,49,3,4.767547981965047E-5,1.4111006585136406E-4,0.0680896336192566,1309448.7665403283,2710.0,3116.4999999999995,47.60018230012998,798800,512,25,3600.0,900.0,6200.0,3300.0,SEARCH=0.2001953125;INSERT=0.53125;DELETE=0.0693359375;UPDATE=0.1630859375;RANGE_SEARCH=0.0361328125,SEARCH=0.2109375;INSERT=0.529296875;DELETE=0.0859375;UPDATE=0.150390625;RANGE_SEARCH=0.0234375,0.75,0.587061181640625,0.02734375
PUBLICATION,WORKLOAD_SHIFT,LARS_NO_DIAGNOSIS,8,2147483647,SHIFT_WRITE_HOT,,2,20996,200000,189549,189549,189549,189558,199999,-1,6,INSERT_SPLIT_PRESSURE,SLACKEN,ROLLBACK,trial censored at PHASE_BOUNDARY before a terminal live-trial decision,31,32,62,3,5.894029158332636E-5,1.361285053090117E-4,0.033506756977847586,198684.5980170806,3230.0,3714.4999999999995,373.9092045454545,28600,353,24,2100.0,1800.0,2100.0,1800.0,SEARCH=0.208984375;INSERT=0.537109375;DELETE=0.0771484375;UPDATE=0.138671875;RANGE_SEARCH=0.0380859375,SEARCH=0.1954674220963173;INSERT=0.5127478753541076;DELETE=0.0906515580736544;UPDATE=0.16997167138810199;RANGE_SEARCH=0.031161473087818695,0.14285714285714285,0.12253430524553571,0.0448029169617564
PUBLICATION,WORKLOAD_SHIFT,LARS_NO_DIAGNOSIS,8,2147483647,SHIFT_SCAN,,3,21000,216107,-1,-1,-1,-1,-1,-1,-1,NO_CONFIDENT_DIAGNOSIS,,ABSTAIN,no cost-admissible candidate without explicit diagnosis,-1,-1,0,0,0.0,0.0,NaN,NaN,NaN,NaN,NaN,0,0,0,NaN,NaN,NaN,NaN,,,NaN,NaN,NaN
PUBLICATION,WORKLOAD_SHIFT,LARS_NO_DIAGNOSIS,8,2147483647,SHIFT_SCAN,,4,20997,300000,266762,266762,266762,266771,299974,-1,6,INSERT_SPLIT_PRESSURE,SLACKEN,ROLLBACK,trial censored at RUN_END before a terminal live-trial decision,1,2,42,3,3.977355588847495E-5,1.3609145345672293E-4,0.011013950286642359,2403588.568724253,2430.0,2794.5,23.25273165601074,25300,95,0,NaN,NaN,38600.0,1100.0,SEARCH=0.263671875;INSERT=0.4560546875;DELETE=0.0615234375;UPDATE=0.125;RANGE_SEARCH=0.09375,SEARCH=0.5368421052631579;INSERT=0.09473684210526316;DELETE=0.010526315789473684;UPDATE=0.031578947368421054;RANGE_SEARCH=0.3263157894736842,NaN,NaN,0.5057360197368421
PUBLICATION,WORKLOAD_SHIFT,LARS_NO_DIAGNOSIS,9,6364136223846793005,SHIFT_WRITE_HOT,,1,21001,200000,190006,190006,190006,190008,199921,-1,6,INSERT_SPLIT_PRESSURE,SLACKEN,ROLLBACK,trial censored at PHASE_BOUNDARY before a terminal live-trial decision,31,32,64,3,6.082863812282823E-5,1.3619648613065783E-4,0.032803690415171706,234229.88211173756,3310.0,3806.4999999999995,325.02257745099644,939800,349,34,2100.0,1100.0,2100.0,1100.0,SEARCH=0.2080078125;INSERT=0.5458984375;DELETE=0.068359375;UPDATE=0.1416015625;RANGE_SEARCH=0.0361328125,SEARCH=0.18051575931232092;INSERT=0.5759312320916905;DELETE=0.0659025787965616;UPDATE=0.15472779369627507;RANGE_SEARCH=0.022922636103151862,0.47619047619047616,-0.20593370535714295,0.0431590257879656
PUBLICATION,WORKLOAD_SHIFT,LARS_NO_LOCALITY,0,1103515245,SHIFT_WRITE_HOT,,1,20997,143714,-1,-1,-1,-1,-1,-1,-1,NO_CONFIDENT_DIAGNOSIS,,ABSTAIN,"diagnostic confidence not satisfied: insertScore=0.056596224280051365, scanScore=0.01754976169435853",-1,-1,0,0,0.0,0.0,NaN,NaN,NaN,NaN,NaN,0,0,0,NaN,NaN,NaN,NaN,,,NaN,NaN,NaN
PUBLICATION,WORKLOAD_SHIFT,LARS_NO_LOCALITY,0,1103515245,SHIFT_WRITE_HOT,,2,20996,145270,-1,-1,-1,-1,-1,-1,-1,NO_CONFIDENT_DIAGNOSIS,,ABSTAIN,"diagnostic confidence not satisfied: insertScore=1.4994920295786973, scanScore=0.014710028502898223",-1,-1,0,0,0.0,0.0,NaN,NaN,NaN,NaN,NaN,0,0,0,NaN,NaN,NaN,NaN,,,NaN,NaN,NaN
PUBLICATION,WORKLOAD_SHIFT,LARS_NO_LOCALITY,0,1103515245,SHIFT_WRITE_HOT,,3,20996,179270,165190,165190,165190,165200,179270,179270,5,INSERT_SPLIT_PRESSURE,SLACKEN,COMMIT,trial acceptance rule satisfied,10,11,63,3,6.0468835034299266E-5,1.3799448022079117E-4,0.05140562248995984,2632530.120481928,3270.0,3760.4999999999995,28.56947368421052,1068300,512,31,7600.0,2900.0,3200.0,2900.0,SEARCH=0.1826171875;INSERT=0.556640625;DELETE=0.0751953125;UPDATE=0.1572265625;RANGE_SEARCH=0.0283203125,SEARCH=0.212890625;INSERT=0.544921875;DELETE=0.05859375;UPDATE=0.1640625;RANGE_SEARCH=0.01953125,0.618421052631579,0.4816988589638158,0.037109375
PUBLICATION,WORKLOAD_SHIFT,LARS_NO_LOCALITY,0,1103515245,SHIFT_WRITE_HOT,,4,21170,185043,-1,-1,-1,-1,-1,-1,-1,NO_CONFIDENT_DIAGNOSIS,,ABSTAIN,"diagnostic confidence not satisfied: insertScore=0.5587001582891108, scanScore=0.0",-1,-1,0,0,0.0,0.0,NaN,NaN,NaN,NaN,NaN,0,0,0,NaN,NaN,NaN,NaN,,,NaN,NaN,NaN
PUBLICATION,WORKLOAD_SHIFT,LARS_NO_LOCALITY,0,1103515245,SHIFT_WRITE_HOT,,5,20998,193701,-1,-1,-1,-1,-1,-1,-1,INSERT_SPLIT_PRESSURE,,ABSTAIN,predicted benefit does not repay estimated adaptation cost within configured horizon,-1,-1,0,0,0.0,0.0,NaN,NaN,NaN,NaN,NaN,0,0,0,NaN,NaN,NaN,NaN,,,NaN,NaN,NaN
PUBLICATION,WORKLOAD_SHIFT,LARS_NO_LOCALITY,0,1103515245,SHIFT_WRITE_HOT,,6,21000,197271,-1,-1,-1,-1,-1,-1,-1,INSERT_SPLIT_PRESSURE,,ABSTAIN,predicted benefit does not repay estimated adaptation cost within configured horizon,-1,-1,0,0,0.0,0.0,NaN,NaN,NaN,NaN,NaN,0,0,0,NaN,NaN,NaN,NaN,,,NaN,NaN,NaN
PUBLICATION,WORKLOAD_SHIFT,LARS_NO_LOCALITY,0,1103515245,SHIFT_WRITE_HOT,,7,20999,197283,-1,-1,-1,-1,-1,-1,-1,INSERT_SPLIT_PRESSURE,,ABSTAIN,predicted benefit does not repay estimated adaptation cost within configured horizon,-1,-1,0,0,0.0,0.0,NaN,NaN,NaN,NaN,NaN,0,0,0,NaN,NaN,NaN,NaN,,,NaN,NaN,NaN
PUBLICATION,WORKLOAD_SHIFT,LARS_NO_LOCALITY,0,1103515245,SHIFT_WRITE_HOT,,8,21001,200000,199572,199572,199572,199589,199985,-1,6,INSERT_SPLIT_PRESSURE,SLACKEN,ROLLBACK,trial censored at PHASE_BOUNDARY before a terminal live-trial decision,57,58,45,3,4.27760313538804E-5,1.3617793917385383E-4,0.03325107156773607,1386725.5487725679,2550.0,2932.5,42.293877149600995,36400,15,0,NaN,NaN,4800.0,800.0,SEARCH=0.1875;INSERT=0.560546875;DELETE=0.0673828125;UPDATE=0.15234375;RANGE_SEARCH=0.0322265625,SEARCH=0.3333333333333333;INSERT=0.4666666666666667;DELETE=0.0;UPDATE=0.2;RANGE_SEARCH=0.0,NaN,NaN,0.19348958333333333
PUBLICATION,WORKLOAD_SHIFT,LARS_NO_LOCALITY,0,1103515245,SHIFT_SCAN,,9,20997,213503,-1,-1,-1,-1,-1,-1,-1,INSERT_SPLIT_PRESSURE,,ABSTAIN,predicted benefit does not repay estimated adaptation cost within configured horizon,-1,-1,0,0,0.0,0.0,NaN,NaN,NaN,NaN,NaN,0,0,0,NaN,NaN,NaN,NaN,,,NaN,NaN,NaN
PUBLICATION,WORKLOAD_SHIFT,LARS_NO_LOCALITY,1,214013,SHIFT_WRITE_HOT,,1,21001,143421,-1,-1,-1,-1,-1,-1,-1,NO_CONFIDENT_DIAGNOSIS,,ABSTAIN,"diagnostic confidence not satisfied: insertScore=0.08808505970668884, scanScore=0.02352530976773182",-1,-1,0,0,0.0,0.0,NaN,NaN,NaN,NaN,NaN,0,0,0,NaN,NaN,NaN,NaN,,,NaN,NaN,NaN
PUBLICATION,WORKLOAD_SHIFT,LARS_NO_LOCALITY,1,214013,SHIFT_WRITE_HOT,,2,21000,143946,-1,-1,-1,-1,-1,-1,-1,NO_CONFIDENT_DIAGNOSIS,,ABSTAIN,"diagnostic confidence not satisfied: insertScore=0.0593334589971487, scanScore=0.026260849040183512",-1,-1,0,0,0.0,0.0,NaN,NaN,NaN,NaN,NaN,0,0,0,NaN,NaN,NaN,NaN,,,NaN,NaN,NaN
PUBLICATION,WORKLOAD_SHIFT,LARS_NO_LOCALITY,1,214013,SHIFT_WRITE_HOT,,3,20996,144859,-1,-1,-1,-1,-1,-1,-1,NO_CONFIDENT_DIAGNOSIS,,ABSTAIN,"diagnostic confidence not satisfied: insertScore=0.3883261303120367, scanScore=0.026392976502515902",-1,-1,0,0,0.0,0.0,NaN,NaN,NaN,NaN,NaN,0,0,0,NaN,NaN,NaN,NaN,,,NaN,NaN,NaN
PUBLICATION,WORKLOAD_SHIFT,LARS_NO_LOCALITY,1,214013,SHIFT_WRITE_HOT,,4,21001,175176,160123,160123,160123,160131,175176,-1,5,INSERT_SPLIT_PRESSURE,SLACKEN,ROLLBACK,tail-latency guard failed,24,25,63,3,6.0595684433064855E-5,1.3870266771464238E-4,0.06137249026071322,473814.80371591257,3270.0,3760.4999999999995,158.73290452337582,1174500,512,33,2200.0,2700.0,2200.0,2700.0,SEARCH=0.21484375;INSERT=0.5361328125;DELETE=0.0693359375;UPDATE=0.140625;RANGE_SEARCH=0.0390625,SEARCH=0.212890625;INSERT=0.505859375;DELETE=0.08203125;UPDATE=0.162109375;RANGE_SEARCH=0.037109375,-0.22727272727272727,-0.662209972034801,0.0341796875
PUBLICATION,WORKLOAD_SHIFT,LARS_NO_LOCALITY,1,214013,SHIFT_WRITE_HOT,,5,20996,200000,196510,196510,196510,196521,199906,-1,6,INSERT_SPLIT_PRESSURE,SLACKEN,ROLLBACK,trial censored at PHASE_BOUNDARY before a terminal live-trial decision,19,20,44,3,4.182318677474792E-5,1.361408604102378E-4,0.031587389721759514,1079030.168424949,2510.0,2886.5,53.50174785591768,29900,121,0,NaN,NaN,5400.0,600.0,SEARCH=0.193359375;INSERT=0.5693359375;DELETE=0.064453125;UPDATE=0.1455078125;RANGE_SEARCH=0.02734375,SEARCH=0.2396694214876033;INSERT=0.5206611570247934;DELETE=0.0743801652892562;UPDATE=0.14049586776859505;RANGE_SEARCH=0.024793388429752067,NaN,NaN,0.056237086776859485
PUBLICATION,WORKLOAD_SHIFT,LARS_NO_LOCALITY,1,214013,SHIFT_SCAN,,6,20999,200696,-1,-1,-1,-1,-1,-1,-1,INSERT_SPLIT_PRESSURE,,ABSTAIN,predicted benefit does not repay estimated adaptation cost within configured horizon,-1,-1,0,0,0.0,0.0,NaN,NaN,NaN,NaN,NaN,0,0,0,NaN,NaN,NaN,NaN,,,NaN,NaN,NaN
PUBLICATION,WORKLOAD_SHIFT,LARS_NO_LOCALITY,2,1664525,SHIFT_WRITE_HOT,,1,20996,142653,-1,-1,-1,-1,-1,-1,-1,NO_CONFIDENT_DIAGNOSIS,,ABSTAIN,"diagnostic confidence not satisfied: insertScore=0.16050372477226885, scanScore=0.025998828030007744",-1,-1,0,0,0.0,0.0,NaN,NaN,NaN,NaN,NaN,0,0,0,NaN,NaN,NaN,NaN,,,NaN,NaN,NaN
PUBLICATION,WORKLOAD_SHIFT,LARS_NO_LOCALITY,2,1664525,SHIFT_WRITE_HOT,,2,20998,145066,-1,-1,-1,-1,-1,-1,-1,NO_CONFIDENT_DIAGNOSIS,,ABSTAIN,"diagnostic confidence not satisfied: insertScore=0.19839016582147778, scanScore=0.01569393765645737",-1,-1,0,0,0.0,0.0,NaN,NaN,NaN,NaN,NaN,0,0,0,NaN,NaN,NaN,NaN,,,NaN,NaN,NaN
PUBLICATION,WORKLOAD_SHIFT,LARS_NO_LOCALITY,2,1664525,SHIFT_WRITE_HOT,,3,20996,176293,161127,161127,161127,161128,176293,176293,5,INSERT_SPLIT_PRESSURE,SLACKEN,COMMIT,trial acceptance rule satisfied,5,6,61,3,5.864527492135765E-5,1.386513842029856E-4,0.0554472601256227,1923240.1992635913,3190.0,3668.4999999999995,38.14916099824316,1363100,512,46,4000.0,1400.0,4000.0,1400.0,SEARCH=0.1943359375;INSERT=0.548828125;DELETE=0.0654296875;UPDATE=0.1552734375;RANGE_SEARCH=0.0361328125,SEARCH=0.1796875;INSERT=0.58203125;DELETE=0.056640625;UPDATE=0.14453125;RANGE_SEARCH=0.037109375,0.65,0.3427034814453125,0.0341796875
PUBLICATION,WORKLOAD_SHIFT,LARS_NO_LOCALITY,2,1664525,SHIFT_WRITE_HOT,,4,21000,200000,191082,191082,191082,191084,199978,-1,6,INSERT_SPLIT_PRESSURE,SLACKEN,ROLLBACK,trial censored at PHASE_BOUNDARY before a terminal live-trial decision,24,25,61,3,5.7981814621682914E-5,1.3611615245009076E-4,0.03376529165430145,299947.2417317902,3190.0,3668.4999999999995,244.60968394437418,27600,319,24,2400.0,800.0,2400.0,800.0,SEARCH=0.2001953125;INSERT=0.5517578125;DELETE=0.0791015625;UPDATE=0.142578125;RANGE_SEARCH=0.0263671875,SEARCH=0.19122257053291536;INSERT=0.6081504702194357;DELETE=0.05642633228840126;UPDATE=0.12225705329153605;RANGE_SEARCH=0.0219435736677116,0.6666666666666666,0.6496373453776041,0.05639265771943571
PUBLICATION,WORKLOAD_SHIFT,LARS_NO_LOCALITY,3,22695477,SHIFT_WRITE_HOT,,1,21000,143862,-1,-1,-1,-1,-1,-1,-1,NO_CONFIDENT_DIAGNOSIS,,ABSTAIN,"diagnostic confidence not satisfied: insertScore=1.0154699908880473, scanScore=0.017506518730552516",-1,-1,0,0,0.0,0.0,NaN,NaN,NaN,NaN,NaN,0,0,0,NaN,NaN,NaN,NaN,,,NaN,NaN,NaN
PUBLICATION,WORKLOAD_SHIFT,LARS_NO_LOCALITY,3,22695477,SHIFT_WRITE_HOT,,2,21000,161296,-1,-1,-1,-1,-1,-1,-1,NO_CONFIDENT_DIAGNOSIS,,ABSTAIN,"diagnostic confidence not satisfied: insertScore=0.07845227374617526, scanScore=0.011767292611019347",-1,-1,0,0,0.0,0.0,NaN,NaN,NaN,NaN,NaN,0,0,0,NaN,NaN,NaN,NaN,,,NaN,NaN,NaN
PUBLICATION,WORKLOAD_SHIFT,LARS_NO_LOCALITY,3,22695477,SHIFT_WRITE_HOT,,3,20997,200000,188200,188200,188200,188206,199978,-1,6,INSERT_SPLIT_PRESSURE,SLACKEN,ROLLBACK,trial censored at PHASE_BOUNDARY before a terminal live-trial decision,8,9,59,3,5.6094794498146494E-5,1.3615939726773475E-4,0.03391851606492216,8532.626697581982,3110.0,3576.4999999999995,8383.11607142857,1163800,387,36,2300.0,3999.9999999999995,2300.0,4000.0,SEARCH=0.201171875;INSERT=0.546875;DELETE=0.0615234375;UPDATE=0.1513671875;RANGE_SEARCH=0.0390625,SEARCH=0.21188630490956073;INSERT=0.5943152454780362;DELETE=0.056847545219638244;UPDATE=0.11627906976744186;RANGE_SEARCH=0.020671834625323,-0.7391304347826085,-1.4850357082201087,0.05815467538759689
PUBLICATION,WORKLOAD_SHIFT,LARS_NO_LOCALITY,3,22695477,SHIFT_SCAN,,4,20999,300000,207531,207531,207531,207884,299936,-1,6,INSERT_SPLIT_PRESSURE,SLACKEN,ROLLBACK,trial censored at RUN_END before a terminal live-trial decision,50,51,42,3,3.97756275789049E-5,1.3613468257929844E-4,0.026510640501216796,283552.0115984052,2430.0,2794.5,197.10669546988447,40200,267,0,NaN,NaN,2800.0,5700.0,SEARCH=0.208984375;INSERT=0.5263671875;DELETE=0.06640625;UPDATE=0.1591796875;RANGE_SEARCH=0.0390625,SEARCH=0.50187265917603;INSERT=0.056179775280898875;DELETE=0.04868913857677903;UPDATE=0.04119850187265917;RANGE_SEARCH=0.352059925093633,NaN,NaN,0.6058857092696629
PUBLICATION,WORKLOAD_SHIFT,LARS_NO_LOCALITY,4,69069,SHIFT_WRITE_HOT,,1,20998,142047,-1,-1,-1,-1,-1,-1,-1,NO_CONFIDENT_DIAGNOSIS,,ABSTAIN,"diagnostic confidence not satisfied: insertScore=0.454221519722988, scanScore=0.025075668594244954",-1,-1,0,0,0.0,0.0,NaN,NaN,NaN,NaN,NaN,0,0,0,NaN,NaN,NaN,NaN,,,NaN,NaN,NaN
PUBLICATION,WORKLOAD_SHIFT,LARS_NO_LOCALITY,4,69069,SHIFT_WRITE_HOT,,2,20996,144328,-1,-1,-1,-1,-1,-1,-1,NO_CONFIDENT_DIAGNOSIS,,ABSTAIN,"diagnostic confidence not satisfied: insertScore=0.0855480131964316, scanScore=0.026704653675058348",-1,-1,0,0,0.0,0.0,NaN,NaN,NaN,NaN,NaN,0,0,0,NaN,NaN,NaN,NaN,,,NaN,NaN,NaN
PUBLICATION,WORKLOAD_SHIFT,LARS_NO_LOCALITY,4,69069,SHIFT_WRITE_HOT,,3,20996,159822,-1,-1,-1,-1,-1,-1,-1,NO_CONFIDENT_DIAGNOSIS,,ABSTAIN,"diagnostic confidence not satisfied: insertScore=0.0940616535792197, scanScore=0.0",-1,-1,0,0,0.0,0.0,NaN,NaN,NaN,NaN,NaN,0,0,0,NaN,NaN,NaN,NaN,,,NaN,NaN,NaN
PUBLICATION,WORKLOAD_SHIFT,LARS_NO_LOCALITY,4,69069,SHIFT_WRITE_HOT,,4,20998,162238,-1,-1,-1,-1,-1,-1,-1,NO_CONFIDENT_DIAGNOSIS,,ABSTAIN,"diagnostic confidence not satisfied: insertScore=0.05759041061994329, scanScore=0.0023927395111770825",-1,-1,0,0,0.0,0.0,NaN,NaN,NaN,NaN,NaN,0,0,0,NaN,NaN,NaN,NaN,,,NaN,NaN,NaN
PUBLICATION,WORKLOAD_SHIFT,LARS_NO_LOCALITY,4,69069,SHIFT_WRITE_HOT,,5,20996,200000,189886,189886,189886,189924,199993,-1,6,INSERT_SPLIT_PRESSURE,SLACKEN,ROLLBACK,trial censored at PHASE_BOUNDARY before a terminal live-trial decision,2,3,60,3,5.7040998217468804E-5,1.3619648613065783E-4,0.03406633620546259,3753458.198875544,3150.0,3622.4999999999995,19.302199774518456,1176900,346,16,11600.0,2000.0,11600.0,2900.0,SEARCH=0.189453125;INSERT=0.5498046875;DELETE=0.07421875;UPDATE=0.1513671875;RANGE_SEARCH=0.03515625,SEARCH=0.19653179190751446;INSERT=0.5260115606936416;DELETE=0.06069364161849711;UPDATE=0.1791907514450867;RANGE_SEARCH=0.03757225433526012,0.8275862068965517,0.6786754230367726,0.03731823518786127
PUBLICATION,WORKLOAD_SHIFT,LARS_NO_LOCALITY,5,48271,SHIFT_WRITE_HOT,,1,21001,145768,-1,-1,-1,-1,-1,-1,-1,NO_CONFIDENT_DIAGNOSIS,,ABSTAIN,"diagnostic confidence not satisfied: insertScore=0.06192962004418985, scanScore=0.017442286478987563",-1,-1,0,0,0.0,0.0,NaN,NaN,NaN,NaN,NaN,0,0,0,NaN,NaN,NaN,NaN,,,NaN,NaN,NaN
PUBLICATION,WORKLOAD_SHIFT,LARS_NO_LOCALITY,5,48271,SHIFT_WRITE_HOT,,2,20997,190772,-1,-1,-1,-1,-1,-1,-1,INSERT_SPLIT_PRESSURE,,ABSTAIN,predicted benefit does not repay estimated adaptation cost within configured horizon,-1,-1,0,0,0.0,0.0,NaN,NaN,NaN,NaN,NaN,0,0,0,NaN,NaN,NaN,NaN,,,NaN,NaN,NaN
PUBLICATION,WORKLOAD_SHIFT,LARS_NO_LOCALITY,5,48271,SHIFT_SCAN,,3,20996,209720,-1,-1,-1,-1,-1,-1,-1,INSERT_SPLIT_PRESSURE,,ABSTAIN,predicted benefit does not repay estimated adaptation cost within configured horizon,-1,-1,0,0,0.0,0.0,NaN,NaN,NaN,NaN,NaN,0,0,0,NaN,NaN,NaN,NaN,,,NaN,NaN,NaN
PUBLICATION,WORKLOAD_SHIFT,LARS_NO_LOCALITY,6,134775813,SHIFT_WRITE_HOT,,1,20999,192314,-1,-1,-1,-1,-1,-1,-1,INSERT_SPLIT_PRESSURE,,ABSTAIN,predicted benefit does not repay estimated adaptation cost within configured horizon,-1,-1,0,0,0.0,0.0,NaN,NaN,NaN,NaN,NaN,0,0,0,NaN,NaN,NaN,NaN,,,NaN,NaN,NaN
PUBLICATION,WORKLOAD_SHIFT,LARS_NO_LOCALITY,6,134775813,SHIFT_WRITE_HOT,,2,21000,193125,-1,-1,-1,-1,-1,-1,-1,INSERT_SPLIT_PRESSURE,,ABSTAIN,predicted benefit does not repay estimated adaptation cost within configured horizon,-1,-1,0,0,0.0,0.0,NaN,NaN,NaN,NaN,NaN,0,0,0,NaN,NaN,NaN,NaN,,,NaN,NaN,NaN
PUBLICATION,WORKLOAD_SHIFT,LARS_NO_LOCALITY,6,134775813,SHIFT_WRITE_HOT,,3,21001,200000,196476,196476,196476,196545,199988,-1,6,INSERT_SPLIT_PRESSURE,SLACKEN,ROLLBACK,trial censored at PHASE_BOUNDARY before a terminal live-trial decision,34,35,61,3,5.798418457601679E-5,1.3617793917385383E-4,0.031958055052743274,439236.6269271581,3190.0,3668.4999999999995,167.03980383714105,1006100,114,0,NaN,NaN,5100.0,1500.0,SEARCH=0.181640625;INSERT=0.5888671875;DELETE=0.0693359375;UPDATE=0.1279296875;RANGE_SEARCH=0.0322265625,SEARCH=0.17543859649122806;INSERT=0.5789473684210527;DELETE=0.09649122807017543;UPDATE=0.14035087719298245;RANGE_SEARCH=0.008771929824561403,NaN,NaN,0.03957648026315788
PUBLICATION,WORKLOAD_SHIFT,LARS_NO_LOCALITY,6,134775813,SHIFT_SCAN,,4,20998,218731,-1,-1,-1,-1,-1,-1,-1,INSERT_SPLIT_PRESSURE,,ABSTAIN,predicted benefit does not repay estimated adaptation cost within configured horizon,-1,-1,0,0,0.0,0.0,NaN,NaN,NaN,NaN,NaN,0,0,0,NaN,NaN,NaN,NaN,,,NaN,NaN,NaN
PUBLICATION,WORKLOAD_SHIFT,LARS_NO_LOCALITY,6,134775813,SHIFT_SCAN,,5,21179,291020,-1,-1,-1,-1,-1,-1,-1,NO_CONFIDENT_DIAGNOSIS,,ABSTAIN,"diagnostic confidence not satisfied: insertScore=0.0784155535047493, scanScore=0.0",-1,-1,0,0,0.0,0.0,NaN,NaN,NaN,NaN,NaN,0,0,0,NaN,NaN,NaN,NaN,,,NaN,NaN,NaN
PUBLICATION,WORKLOAD_SHIFT,LARS_NO_LOCALITY,7,16807,SHIFT_WRITE_HOT,,1,20997,144415,-1,-1,-1,-1,-1,-1,-1,NO_CONFIDENT_DIAGNOSIS,,ABSTAIN,"diagnostic confidence not satisfied: insertScore=0.12519149782365366, scanScore=0.017655649108252614",-1,-1,0,0,0.0,0.0,NaN,NaN,NaN,NaN,NaN,0,0,0,NaN,NaN,NaN,NaN,,,NaN,NaN,NaN
PUBLICATION,WORKLOAD_SHIFT,LARS_NO_LOCALITY,7,16807,SHIFT_WRITE_HOT,,2,20997,180191,164090,164090,164090,164100,180191,-1,5,INSERT_SPLIT_PRESSURE,SLACKEN,ROLLBACK,minimum net-gain threshold not met,15,16,64,3,6.141598389365822E-5,1.378993334865548E-4,0.05205368035786905,3942944.2862952417,3310.0,3806.4999999999995,19.307906597770142,1314500,512,41,7900.0,6500.0,7900.0,6500.0,SEARCH=0.185546875;INSERT=0.5537109375;DELETE=0.0791015625;UPDATE=0.15234375;RANGE_SEARCH=0.029296875,SEARCH=0.23046875;INSERT=0.548828125;DELETE=0.068359375;UPDATE=0.126953125;RANGE_SEARCH=0.025390625,0.17721518987341772,0.01738748516613925,0.044921875
PUBLICATION,WORKLOAD_SHIFT,LARS_NO_LOCALITY,7,16807,SHIFT_WRITE_HOT,,3,21000,193814,-1,-1,-1,-1,-1,-1,-1,INSERT_SPLIT_PRESSURE,,ABSTAIN,predicted benefit does not repay estimated adaptation cost within configured horizon,-1,-1,0,0,0.0,0.0,NaN,NaN,NaN,NaN,NaN,0,0,0,NaN,NaN,NaN,NaN,,,NaN,NaN,NaN
PUBLICATION,WORKLOAD_SHIFT,LARS_NO_LOCALITY,7,16807,SHIFT_WRITE_HOT,,4,20999,200000,194537,194537,194537,194545,199959,-1,6,INSERT_SPLIT_PRESSURE,SLACKEN,ROLLBACK,trial censored at PHASE_BOUNDARY before a terminal live-trial decision,29,30,46,3,4.3729935327228254E-5,1.3616557734204794E-4,0.03374971161135098,3219083.088889621,2590.0,2978.4999999999995,18.50526946806702,32000,203,19,11300.0,5200.0,11300.0,5200.0,SEARCH=0.20703125;INSERT=0.541015625;DELETE=0.0712890625;UPDATE=0.1494140625;RANGE_SEARCH=0.03125,SEARCH=0.20689655172413793;INSERT=0.5024630541871922;DELETE=0.09359605911330049;UPDATE=0.1625615763546798;RANGE_SEARCH=0.034482758620689655,0.5398230088495575,0.5356276272123893,0.03868726908866992
PUBLICATION,WORKLOAD_SHIFT,LARS_NO_LOCALITY,7,16807,SHIFT_SCAN,,5,20998,300000,239329,239329,239329,239432,299812,-1,6,INSERT_SPLIT_PRESSURE,SLACKEN,ROLLBACK,trial censored at RUN_END before a terminal live-trial decision,16,17,44,3,4.166796879069138E-5,1.3611615245009076E-4,0.015376067991050648,2170288.7517455737,2510.0,2886.5,26.600147078847215,27900,196,0,NaN,NaN,15700.0,2500.0,SEARCH=0.240234375;INSERT=0.515625;DELETE=0.0546875;UPDATE=0.1279296875;RANGE_SEARCH=0.0615234375,SEARCH=0.4846938775510204;INSERT=0.05102040816326531;DELETE=0.015306122448979591;UPDATE=0.04081632653061224;RANGE_SEARCH=0.40816326530612246,NaN,NaN,0.5910993303571429
PUBLICATION,WORKLOAD_SHIFT,LARS_NO_LOCALITY,8,2147483647,SHIFT_WRITE_HOT,,1,20999,151456,144191,144191,144191,144223,151456,151456,4,INSERT_SPLIT_PRESSURE,SLACKEN,COMMIT,trial acceptance rule satisfied,14,15,49,3,4.767547981965047E-5,1.4111006585136406E-4,0.0680896336192566,564292.838619589,2710.0,3116.4999999999995,110.45683328619907,1190700,512,25,2600.0,800.0,5100.0,1400.0,SEARCH=0.2001953125;INSERT=0.53125;DELETE=0.0693359375;UPDATE=0.1630859375;RANGE_SEARCH=0.0361328125,SEARCH=0.2109375;INSERT=0.529296875;DELETE=0.0859375;UPDATE=0.150390625;RANGE_SEARCH=0.0234375,0.6923076923076923,0.3560145489032452,0.02734375
PUBLICATION,WORKLOAD_SHIFT,LARS_NO_LOCALITY,8,2147483647,SHIFT_WRITE_HOT,,2,21001,165844,-1,-1,-1,-1,-1,-1,-1,NO_CONFIDENT_DIAGNOSIS,,ABSTAIN,"diagnostic confidence not satisfied: insertScore=0.0808961703931232, scanScore=0.00728600614482969",-1,-1,0,0,0.0,0.0,NaN,NaN,NaN,NaN,NaN,0,0,0,NaN,NaN,NaN,NaN,,,NaN,NaN,NaN
PUBLICATION,WORKLOAD_SHIFT,LARS_NO_LOCALITY,8,2147483647,SHIFT_WRITE_HOT,,3,20996,200000,189549,189549,189549,189558,199999,-1,6,INSERT_SPLIT_PRESSURE,SLACKEN,ROLLBACK,trial censored at PHASE_BOUNDARY before a terminal live-trial decision,31,32,62,3,5.894029158332636E-5,1.361285053090117E-4,0.033506756977847586,79545.82638002683,3230.0,3714.4999999999995,933.9270629370627,30100,353,24,2000.0,1500.0,2000.0,1500.0,SEARCH=0.208984375;INSERT=0.537109375;DELETE=0.0771484375;UPDATE=0.138671875;RANGE_SEARCH=0.0380859375,SEARCH=0.1954674220963173;INSERT=0.5127478753541076;DELETE=0.0906515580736544;UPDATE=0.16997167138810199;RANGE_SEARCH=0.031161473087818695,0.25,0.22754184326171875,0.0448029169617564
PUBLICATION,WORKLOAD_SHIFT,LARS_NO_LOCALITY,8,2147483647,SHIFT_SCAN,,4,21000,216107,-1,-1,-1,-1,-1,-1,-1,INSERT_SPLIT_PRESSURE,,ABSTAIN,predicted benefit does not repay estimated adaptation cost within configured horizon,-1,-1,0,0,0.0,0.0,NaN,NaN,NaN,NaN,NaN,0,0,0,NaN,NaN,NaN,NaN,,,NaN,NaN,NaN
PUBLICATION,WORKLOAD_SHIFT,LARS_NO_LOCALITY,8,2147483647,SHIFT_SCAN,,5,20997,266762,-1,-1,-1,-1,-1,-1,-1,INSERT_SPLIT_PRESSURE,,ABSTAIN,predicted benefit does not repay estimated adaptation cost within configured horizon,-1,-1,0,0,0.0,0.0,NaN,NaN,NaN,NaN,NaN,0,0,0,NaN,NaN,NaN,NaN,,,NaN,NaN,NaN
PUBLICATION,WORKLOAD_SHIFT,LARS_NO_LOCALITY,9,6364136223846793005,SHIFT_WRITE_HOT,,1,20998,144426,-1,-1,-1,-1,-1,-1,-1,NO_CONFIDENT_DIAGNOSIS,,ABSTAIN,"diagnostic confidence not satisfied: insertScore=0.36729327299242875, scanScore=0.024695109270089766",-1,-1,0,0,0.0,0.0,NaN,NaN,NaN,NaN,NaN,0,0,0,NaN,NaN,NaN,NaN,,,NaN,NaN,NaN
PUBLICATION,WORKLOAD_SHIFT,LARS_NO_LOCALITY,9,6364136223846793005,SHIFT_WRITE_HOT,,2,20998,178702,162728,162728,162728,162729,178702,-1,5,INSERT_SPLIT_PRESSURE,SLACKEN,ROLLBACK,tail-latency guard failed,10,11,63,3,6.048166445540581E-5,1.381279064413647E-4,0.05600525049223365,1453073.7256617812,3270.0,3760.4999999999995,51.759245709123746,705400,512,22,3000.0,2800.0,3000.0,8900.0,SEARCH=0.173828125;INSERT=0.6005859375;DELETE=0.0595703125;UPDATE=0.1416015625;RANGE_SEARCH=0.0244140625,SEARCH=0.21484375;INSERT=0.53125;DELETE=0.083984375;UPDATE=0.140625;RANGE_SEARCH=0.029296875,0.06666666666666667,-0.14325412760416667,0.0703125
PUBLICATION,WORKLOAD_SHIFT,LARS_NO_LOCALITY,9,6364136223846793005,SHIFT_WRITE_HOT,,3,21001,200000,190006,190006,190006,190008,199921,-1,6,INSERT_SPLIT_PRESSURE,SLACKEN,ROLLBACK,trial censored at PHASE_BOUNDARY before a terminal live-trial decision,31,32,64,3,6.082863812282823E-5,1.3619648613065783E-4,0.032803690415171706,519317.01691440283,3310.0,3806.4999999999995,146.59639010548392,30000,349,34,3000.0,800.0,3000.0,800.0,SEARCH=0.2080078125;INSERT=0.5458984375;DELETE=0.068359375;UPDATE=0.1416015625;RANGE_SEARCH=0.0361328125,SEARCH=0.18051575931232092;INSERT=0.5759312320916905;DELETE=0.0659025787965616;UPDATE=0.15472779369627507;RANGE_SEARCH=0.022922636103151862,0.7333333333333333,0.7180911458333333,0.0431590257879656
PUBLICATION,WORKLOAD_SHIFT,LARS_NO_ROLLBACK,0,1103515245,SHIFT_WRITE_HOT,,1,20999,142479,-1,-1,-1,-1,-1,-1,-1,NO_CONFIDENT_DIAGNOSIS,,ABSTAIN,"diagnostic confidence not satisfied: insertScore=0.4641120277463476, scanScore=0.014653539330555002",-1,-1,0,0,0.0,0.0,NaN,NaN,NaN,NaN,NaN,0,0,0,NaN,NaN,NaN,NaN,,,NaN,NaN,NaN
PUBLICATION,WORKLOAD_SHIFT,LARS_NO_ROLLBACK,0,1103515245,SHIFT_WRITE_HOT,,2,20997,143714,-1,-1,-1,-1,-1,-1,-1,NO_CONFIDENT_DIAGNOSIS,,ABSTAIN,"diagnostic confidence not satisfied: insertScore=0.7711878415765742, scanScore=0.01754976169435853",-1,-1,0,0,0.0,0.0,NaN,NaN,NaN,NaN,NaN,0,0,0,NaN,NaN,NaN,NaN,,,NaN,NaN,NaN
PUBLICATION,WORKLOAD_SHIFT,LARS_NO_ROLLBACK,0,1103515245,SHIFT_WRITE_HOT,,3,21001,144711,-1,-1,-1,-1,-1,-1,-1,NO_CONFIDENT_DIAGNOSIS,,ABSTAIN,"diagnostic confidence not satisfied: insertScore=0.3025408921454694, scanScore=0.018491910417137634",-1,-1,0,0,0.0,0.0,NaN,NaN,NaN,NaN,NaN,0,0,0,NaN,NaN,NaN,NaN,,,NaN,NaN,NaN
PUBLICATION,WORKLOAD_SHIFT,LARS_NO_ROLLBACK,0,1103515245,SHIFT_WRITE_HOT,,4,20996,145270,-1,-1,-1,-1,-1,-1,-1,NO_CONFIDENT_DIAGNOSIS,,ABSTAIN,"diagnostic confidence not satisfied: insertScore=0.5354227336228092, scanScore=0.014710028502898223",-1,-1,0,0,0.0,0.0,NaN,NaN,NaN,NaN,NaN,0,0,0,NaN,NaN,NaN,NaN,,,NaN,NaN,NaN
PUBLICATION,WORKLOAD_SHIFT,LARS_NO_ROLLBACK,0,1103515245,SHIFT_WRITE_HOT,,5,20996,179270,165190,165190,165190,165200,179270,-1,5,INSERT_SPLIT_PRESSURE,SLACKEN,KEEP_FAILED_TRIAL,tail-latency guard failed,10,11,63,3,6.0468835034299266E-5,1.3799448022079117E-4,0.05140562248995984,1739759.0361445784,3270.0,3760.4999999999995,43.2301246537396,1049400,512,31,6600.0,4000.0,2800.0,4000.0,SEARCH=0.1826171875;INSERT=0.556640625;DELETE=0.0751953125;UPDATE=0.1572265625;RANGE_SEARCH=0.0283203125,SEARCH=0.212890625;INSERT=0.544921875;DELETE=0.05859375;UPDATE=0.1640625;RANGE_SEARCH=0.01953125,0.3939393939393939,0.23928705018939395,0.037109375
PUBLICATION,WORKLOAD_SHIFT,LARS_NO_ROLLBACK,0,1103515245,SHIFT_WRITE_HOT,,6,20998,200000,193701,193701,193701,193704,199998,-1,6,INSERT_SPLIT_PRESSURE,SLACKEN,KEEP_FAILED_TRIAL,trial censored at PHASE_BOUNDARY before a terminal live-trial decision,19,20,60,3,5.7034708471840537E-5,1.3618412093149938E-4,0.033335503613516504,523250.21160231787,3150.0,3622.4999999999995,138.4614824677102,40400,215,20,3700.0,1400.0,3700.0,1400.0,SEARCH=0.19921875;INSERT=0.548828125;DELETE=0.0751953125;UPDATE=0.1416015625;RANGE_SEARCH=0.03515625,SEARCH=0.20930232558139536;INSERT=0.5395348837209303;DELETE=0.08837209302325581;UPDATE=0.14418604651162792;RANGE_SEARCH=0.018604651162790697,0.6216216216216216,0.605244309543919,0.025844840116279057
PUBLICATION,WORKLOAD_SHIFT,LARS_NO_ROLLBACK,0,1103515245,SHIFT_SCAN,,7,20997,300000,213503,213503,213503,214595,299897,-1,6,INSERT_SPLIT_PRESSURE,SLACKEN,KEEP_FAILED_TRIAL,trial censored at RUN_END before a terminal live-trial decision,29,30,61,3,5.776110386203997E-5,1.3614703880190606E-4,0.025908308875619877,2175766.622811456,3190.0,3668.4999999999995,33.72144752601895,40700,278,0,NaN,NaN,10100.0,2500.0,SEARCH=0.21875;INSERT=0.5126953125;DELETE=0.0556640625;UPDATE=0.15234375;RANGE_SEARCH=0.060546875,SEARCH=0.5071942446043165;INSERT=0.07913669064748201;DELETE=0.025179856115107913;UPDATE=0.050359712230215826;RANGE_SEARCH=0.3381294964028777,NaN,NaN,0.5660268660071943
PUBLICATION,WORKLOAD_SHIFT,LARS_NO_ROLLBACK,1,214013,SHIFT_WRITE_HOT,,1,20996,144859,-1,-1,-1,-1,-1,-1,-1,NO_CONFIDENT_DIAGNOSIS,,ABSTAIN,"diagnostic confidence not satisfied: insertScore=0.8710335948264856, scanScore=0.026392976502515902",-1,-1,0,0,0.0,0.0,NaN,NaN,NaN,NaN,NaN,0,0,0,NaN,NaN,NaN,NaN,,,NaN,NaN,NaN
PUBLICATION,WORKLOAD_SHIFT,LARS_NO_ROLLBACK,1,214013,SHIFT_WRITE_HOT,,2,20996,180824,164052,164052,164052,164093,180824,-1,5,INSERT_SPLIT_PRESSURE,SLACKEN,KEEP_FAILED_TRIAL,minimum net-gain threshold not met,17,18,58,3,5.563543823938778E-5,1.377916590115745E-4,0.05339173053860994,835757.8601595496,3070.0,3530.4999999999995,84.48619314991578,696100,512,40,2400.0,2600.0,2400.0,2600.0,SEARCH=0.1865234375;INSERT=0.5712890625;DELETE=0.068359375;UPDATE=0.1435546875;RANGE_SEARCH=0.0302734375,SEARCH=0.169921875;INSERT=0.59375;DELETE=0.05859375;UPDATE=0.150390625;RANGE_SEARCH=0.02734375,-0.08333333333333333,-0.35494998982747394,0.029296875
PUBLICATION,WORKLOAD_SHIFT,LARS_NO_ROLLBACK,1,214013,SHIFT_WRITE_HOT,,3,21185,184644,-1,-1,-1,-1,-1,-1,-1,NO_CONFIDENT_DIAGNOSIS,,ABSTAIN,"diagnostic confidence not satisfied: insertScore=1.5791915059885637, scanScore=0.0",-1,-1,0,0,0.0,0.0,NaN,NaN,NaN,NaN,NaN,0,0,0,NaN,NaN,NaN,NaN,,,NaN,NaN,NaN
PUBLICATION,WORKLOAD_SHIFT,LARS_NO_ROLLBACK,1,214013,SHIFT_WRITE_HOT,,4,21001,190376,-1,-1,-1,-1,-1,-1,-1,INSERT_SPLIT_PRESSURE,,ABSTAIN,predicted benefit does not repay estimated adaptation cost within configured horizon,-1,-1,0,0,0.0,0.0,NaN,NaN,NaN,NaN,NaN,0,0,0,NaN,NaN,NaN,NaN,,,NaN,NaN,NaN
PUBLICATION,WORKLOAD_SHIFT,LARS_NO_ROLLBACK,1,214013,SHIFT_SCAN,,5,20999,300000,200696,200696,200696,201183,299983,-1,6,INSERT_SPLIT_PRESSURE,SLACKEN,KEEP_FAILED_TRIAL,trial censored at RUN_END before a terminal live-trial decision,39,40,63,3,5.96573960967018E-5,1.3610997686130393E-4,0.02978822434256458,2453273.213870142,3270.0,3760.4999999999995,30.657001256436924,33800,283,0,NaN,NaN,13300.0,2400.0,SEARCH=0.1865234375;INSERT=0.548828125;DELETE=0.0849609375;UPDATE=0.15234375;RANGE_SEARCH=0.02734375,SEARCH=0.4911660777385159;INSERT=0.0706713780918728;DELETE=0.04240282685512368;UPDATE=0.03180212014134275;RANGE_SEARCH=0.36395759717314485,NaN,NaN,0.6412564874116607
PUBLICATION,WORKLOAD_SHIFT,LARS_NO_ROLLBACK,2,1664525,SHIFT_WRITE_HOT,,1,21000,141065,-1,-1,-1,-1,-1,-1,-1,NO_CONFIDENT_DIAGNOSIS,,ABSTAIN,"diagnostic confidence not satisfied: insertScore=0.26902665033996354, scanScore=0.02807836249739652",-1,-1,0,0,0.0,0.0,NaN,NaN,NaN,NaN,NaN,0,0,0,NaN,NaN,NaN,NaN,,,NaN,NaN,NaN
PUBLICATION,WORKLOAD_SHIFT,LARS_NO_ROLLBACK,2,1664525,SHIFT_WRITE_HOT,,2,20996,142653,-1,-1,-1,-1,-1,-1,-1,NO_CONFIDENT_DIAGNOSIS,,ABSTAIN,"diagnostic confidence not satisfied: insertScore=0.5330496233106752, scanScore=0.025998828030007744",-1,-1,0,0,0.0,0.0,NaN,NaN,NaN,NaN,NaN,0,0,0,NaN,NaN,NaN,NaN,,,NaN,NaN,NaN
PUBLICATION,WORKLOAD_SHIFT,LARS_NO_ROLLBACK,2,1664525,SHIFT_WRITE_HOT,,3,20999,143055,-1,-1,-1,-1,-1,-1,-1,NO_CONFIDENT_DIAGNOSIS,,ABSTAIN,"diagnostic confidence not satisfied: insertScore=0.06533190443000504, scanScore=0.02537988680182868",-1,-1,0,0,0.0,0.0,NaN,NaN,NaN,NaN,NaN,0,0,0,NaN,NaN,NaN,NaN,,,NaN,NaN,NaN
PUBLICATION,WORKLOAD_SHIFT,LARS_NO_ROLLBACK,2,1664525,SHIFT_WRITE_HOT,,4,20999,157426,-1,-1,-1,-1,-1,-1,-1,NO_CONFIDENT_DIAGNOSIS,,ABSTAIN,"diagnostic confidence not satisfied: insertScore=0.07433645833407734, scanScore=0.0",-1,-1,0,0,0.0,0.0,NaN,NaN,NaN,NaN,NaN,0,0,0,NaN,NaN,NaN,NaN,,,NaN,NaN,NaN
PUBLICATION,WORKLOAD_SHIFT,LARS_NO_ROLLBACK,2,1664525,SHIFT_WRITE_HOT,,5,20996,176293,161127,161127,161127,161128,176293,-1,5,INSERT_SPLIT_PRESSURE,SLACKEN,KEEP_FAILED_TRIAL,tail-latency guard failed,5,6,61,3,5.864527492135765E-5,1.386513842029856E-4,0.0554472601256227,401689.4087069526,3190.0,3668.4999999999995,182.6535587188612,1040000,512,46,1700.0,1600.0,1700.0,4500.0,SEARCH=0.1943359375;INSERT=0.548828125;DELETE=0.0654296875;UPDATE=0.1552734375;RANGE_SEARCH=0.0361328125,SEARCH=0.1796875;INSERT=0.58203125;DELETE=0.056640625;UPDATE=0.14453125;RANGE_SEARCH=0.037109375,0.058823529411764705,-0.4928400735294117,0.0341796875
PUBLICATION,WORKLOAD_SHIFT,LARS_NO_ROLLBACK,2,1664525,SHIFT_WRITE_HOT,,6,20999,187072,-1,-1,-1,-1,-1,-1,-1,INSERT_SPLIT_PRESSURE,,ABSTAIN,predicted benefit does not repay estimated adaptation cost within configured horizon,-1,-1,0,0,0.0,0.0,NaN,NaN,NaN,NaN,NaN,0,0,0,NaN,NaN,NaN,NaN,,,NaN,NaN,NaN
PUBLICATION,WORKLOAD_SHIFT,LARS_NO_ROLLBACK,2,1664525,SHIFT_WRITE_HOT,,7,21001,191324,-1,-1,-1,-1,-1,-1,-1,INSERT_SPLIT_PRESSURE,,ABSTAIN,predicted benefit does not repay estimated adaptation cost within configured horizon,-1,-1,0,0,0.0,0.0,NaN,NaN,NaN,NaN,NaN,0,0,0,NaN,NaN,NaN,NaN,,,NaN,NaN,NaN
PUBLICATION,WORKLOAD_SHIFT,LARS_NO_ROLLBACK,2,1664525,SHIFT_WRITE_HOT,,8,20998,200000,194586,194586,194586,194600,199999,-1,6,INSERT_SPLIT_PRESSURE,SLACKEN,KEEP_FAILED_TRIAL,trial censored at PHASE_BOUNDARY before a terminal live-trial decision,49,50,43,3,4.087242670053058E-5,1.3610997686130393E-4,0.033511143109598455,3340998.134633635,2470.0,2840.5,17.003900544299356,27900,200,17,10300.0,600.0,10300.0,600.0,SEARCH=0.166015625;INSERT=0.5791015625;DELETE=0.0634765625;UPDATE=0.15625;RANGE_SEARCH=0.03515625,SEARCH=0.195;INSERT=0.555;DELETE=0.075;UPDATE=0.155;RANGE_SEARCH=0.02,0.941747572815534,0.9377060248217537,0.040507812499999976
PUBLICATION,WORKLOAD_SHIFT,LARS_NO_ROLLBACK,3,22695477,SHIFT_WRITE_HOT,,1,20997,188200,-1,-1,-1,-1,-1,-1,-1,INSERT_SPLIT_PRESSURE,,ABSTAIN,predicted benefit does not repay estimated adaptation cost within configured horizon,-1,-1,0,0,0.0,0.0,NaN,NaN,NaN,NaN,NaN,0,0,0,NaN,NaN,NaN,NaN,,,NaN,NaN,NaN
PUBLICATION,WORKLOAD_SHIFT,LARS_NO_ROLLBACK,3,22695477,SHIFT_WRITE_HOT,,2,21000,191754,-1,-1,-1,-1,-1,-1,-1,INSERT_SPLIT_PRESSURE,,ABSTAIN,predicted benefit does not repay estimated adaptation cost within configured horizon,-1,-1,0,0,0.0,0.0,NaN,NaN,NaN,NaN,NaN,0,0,0,NaN,NaN,NaN,NaN,,,NaN,NaN,NaN
PUBLICATION,WORKLOAD_SHIFT,LARS_NO_ROLLBACK,3,22695477,SHIFT_WRITE_HOT,,3,20998,200000,192527,192527,192527,192534,199906,-1,6,INSERT_SPLIT_PRESSURE,SLACKEN,KEEP_FAILED_TRIAL,trial censored at PHASE_BOUNDARY before a terminal live-trial decision,51,52,61,3,5.799631295571078E-5,1.3615939726773475E-4,0.032459504865755856,1491758.9628173835,3190.0,3668.4999999999995,49.1835489705596,1118100,254,17,8200.0,3699.9999999999995,5800.0,3700.0,SEARCH=0.1826171875;INSERT=0.568359375;DELETE=0.072265625;UPDATE=0.1396484375;RANGE_SEARCH=0.037109375,SEARCH=0.1732283464566929;INSERT=0.5590551181102362;DELETE=0.10236220472440945;UPDATE=0.14960629921259844;RANGE_SEARCH=0.015748031496062992,0.5487804878048781,0.33874392208936743,0.04005444143700788
PUBLICATION,WORKLOAD_SHIFT,LARS_NO_ROLLBACK,3,22695477,SHIFT_SCAN,,4,20999,300000,207531,207531,207531,207884,299936,-1,6,INSERT_SPLIT_PRESSURE,SLACKEN,KEEP_FAILED_TRIAL,trial censored at RUN_END before a terminal live-trial decision,50,51,42,3,3.97756275789049E-5,1.361408604102378E-4,0.026510640501216796,905077.9267850671,2430.0,2794.5,61.75158883669522,36600,267,0,NaN,NaN,5200.0,4200.0,SEARCH=0.208984375;INSERT=0.5263671875;DELETE=0.06640625;UPDATE=0.1591796875;RANGE_SEARCH=0.0390625,SEARCH=0.50187265917603;INSERT=0.056179775280898875;DELETE=0.04868913857677903;UPDATE=0.04119850187265917;RANGE_SEARCH=0.352059925093633,NaN,NaN,0.6058857092696629
PUBLICATION,WORKLOAD_SHIFT,LARS_NO_ROLLBACK,4,69069,SHIFT_WRITE_HOT,,1,20996,144328,-1,-1,-1,-1,-1,-1,-1,NO_CONFIDENT_DIAGNOSIS,,ABSTAIN,"diagnostic confidence not satisfied: insertScore=0.5823935321455358, scanScore=0.026704653675058348",-1,-1,0,0,0.0,0.0,NaN,NaN,NaN,NaN,NaN,0,0,0,NaN,NaN,NaN,NaN,,,NaN,NaN,NaN
PUBLICATION,WORKLOAD_SHIFT,LARS_NO_ROLLBACK,4,69069,SHIFT_WRITE_HOT,,2,20997,144470,-1,-1,-1,-1,-1,-1,-1,NO_CONFIDENT_DIAGNOSIS,,ABSTAIN,"diagnostic confidence not satisfied: insertScore=1.0212859038297568, scanScore=0.017108496435212783",-1,-1,0,0,0.0,0.0,NaN,NaN,NaN,NaN,NaN,0,0,0,NaN,NaN,NaN,NaN,,,NaN,NaN,NaN
PUBLICATION,WORKLOAD_SHIFT,LARS_NO_ROLLBACK,4,69069,SHIFT_WRITE_HOT,,3,20997,162502,-1,-1,-1,-1,-1,-1,-1,NO_CONFIDENT_DIAGNOSIS,,ABSTAIN,"diagnostic confidence not satisfied: insertScore=0.0675454190330378, scanScore=0.0015413326775633688",-1,-1,0,0,0.0,0.0,NaN,NaN,NaN,NaN,NaN,0,0,0,NaN,NaN,NaN,NaN,,,NaN,NaN,NaN
PUBLICATION,WORKLOAD_SHIFT,LARS_NO_ROLLBACK,4,69069,SHIFT_WRITE_HOT,,4,20999,192417,-1,-1,-1,-1,-1,-1,-1,INSERT_SPLIT_PRESSURE,,ABSTAIN,predicted benefit does not repay estimated adaptation cost within configured horizon,-1,-1,0,0,0.0,0.0,NaN,NaN,NaN,NaN,NaN,0,0,0,NaN,NaN,NaN,NaN,,,NaN,NaN,NaN
PUBLICATION,WORKLOAD_SHIFT,LARS_NO_ROLLBACK,4,69069,SHIFT_WRITE_HOT,,5,20998,192839,-1,-1,-1,-1,-1,-1,-1,INSERT_SPLIT_PRESSURE,,ABSTAIN,predicted benefit does not repay estimated adaptation cost within configured horizon,-1,-1,0,0,0.0,0.0,NaN,NaN,NaN,NaN,NaN,0,0,0,NaN,NaN,NaN,NaN,,,NaN,NaN,NaN
PUBLICATION,WORKLOAD_SHIFT,LARS_NO_ROLLBACK,4,69069,SHIFT_WRITE_HOT,,6,20997,193766,-1,-1,-1,-1,-1,-1,-1,INSERT_SPLIT_PRESSURE,,ABSTAIN,predicted benefit does not repay estimated adaptation cost within configured horizon,-1,-1,0,0,0.0,0.0,NaN,NaN,NaN,NaN,NaN,0,0,0,NaN,NaN,NaN,NaN,,,NaN,NaN,NaN
PUBLICATION,WORKLOAD_SHIFT,LARS_NO_ROLLBACK,4,69069,SHIFT_WRITE_HOT,,7,21001,195320,-1,-1,-1,-1,-1,-1,-1,INSERT_SPLIT_PRESSURE,,ABSTAIN,predicted benefit does not repay estimated adaptation cost within configured horizon,-1,-1,0,0,0.0,0.0,NaN,NaN,NaN,NaN,NaN,0,0,0,NaN,NaN,NaN,NaN,,,NaN,NaN,NaN
PUBLICATION,WORKLOAD_SHIFT,LARS_NO_ROLLBACK,4,69069,SHIFT_WRITE_HOT,,8,21000,195705,-1,-1,-1,-1,-1,-1,-1,INSERT_SPLIT_PRESSURE,,ABSTAIN,predicted benefit does not repay estimated adaptation cost within configured horizon,-1,-1,0,0,0.0,0.0,NaN,NaN,NaN,NaN,NaN,0,0,0,NaN,NaN,NaN,NaN,,,NaN,NaN,NaN
PUBLICATION,WORKLOAD_SHIFT,LARS_NO_ROLLBACK,5,48271,SHIFT_WRITE_HOT,,1,20997,141660,-1,-1,-1,-1,-1,-1,-1,NO_CONFIDENT_DIAGNOSIS,,ABSTAIN,"diagnostic confidence not satisfied: insertScore=0.21245344783163211, scanScore=0.02978467081158011",-1,-1,0,0,0.0,0.0,NaN,NaN,NaN,NaN,NaN,0,0,0,NaN,NaN,NaN,NaN,,,NaN,NaN,NaN
PUBLICATION,WORKLOAD_SHIFT,LARS_NO_ROLLBACK,5,48271,SHIFT_WRITE_HOT,,2,21001,145768,-1,-1,-1,-1,-1,-1,-1,NO_CONFIDENT_DIAGNOSIS,,ABSTAIN,"diagnostic confidence not satisfied: insertScore=0.12945693260323327, scanScore=0.017442286478987563",-1,-1,0,0,0.0,0.0,NaN,NaN,NaN,NaN,NaN,0,0,0,NaN,NaN,NaN,NaN,,,NaN,NaN,NaN
PUBLICATION,WORKLOAD_SHIFT,LARS_NO_ROLLBACK,5,48271,SHIFT_WRITE_HOT,,3,20997,162266,-1,-1,-1,-1,-1,-1,-1,NO_CONFIDENT_DIAGNOSIS,,ABSTAIN,"diagnostic confidence not satisfied: insertScore=0.051787154970437066, scanScore=0.0027434877646030143",-1,-1,0,0,0.0,0.0,NaN,NaN,NaN,NaN,NaN,0,0,0,NaN,NaN,NaN,NaN,,,NaN,NaN,NaN
PUBLICATION,WORKLOAD_SHIFT,LARS_NO_ROLLBACK,5,48271,SHIFT_WRITE_HOT,,4,21176,181078,-1,-1,-1,-1,-1,-1,-1,NO_CONFIDENT_DIAGNOSIS,,ABSTAIN,"diagnostic confidence not satisfied: insertScore=0.511358677492813, scanScore=4.2085870975640326E-4",-1,-1,0,0,0.0,0.0,NaN,NaN,NaN,NaN,NaN,0,0,0,NaN,NaN,NaN,NaN,,,NaN,NaN,NaN
PUBLICATION,WORKLOAD_SHIFT,LARS_NO_ROLLBACK,5,48271,SHIFT_WRITE_HOT,,5,21192,188172,-1,-1,-1,-1,-1,-1,-1,NO_CONFIDENT_DIAGNOSIS,,ABSTAIN,"diagnostic confidence not satisfied: insertScore=0.32672358874008434, scanScore=0.0",-1,-1,0,0,0.0,0.0,NaN,NaN,NaN,NaN,NaN,0,0,0,NaN,NaN,NaN,NaN,,,NaN,NaN,NaN
PUBLICATION,WORKLOAD_SHIFT,LARS_NO_ROLLBACK,5,48271,SHIFT_WRITE_HOT,,6,20997,200000,190772,190772,190772,190883,199972,-1,6,INSERT_SPLIT_PRESSURE,SLACKEN,KEEP_FAILED_TRIAL,trial censored at PHASE_BOUNDARY before a terminal live-trial decision,23,24,63,3,5.988946116596225E-5,1.362274089546817E-4,0.035926042872680065,282412.37764445844,3270.0,3760.4999999999995,266.31269007155635,1581200,333,23,4400.0,999.9999999999999,4400.0,1000.0,SEARCH=0.19140625;INSERT=0.5458984375;DELETE=0.078125;UPDATE=0.142578125;RANGE_SEARCH=0.0419921875,SEARCH=0.1921921921921922;INSERT=0.5405405405405406;DELETE=0.07207207207207207;UPDATE=0.16216216216216217;RANGE_SEARCH=0.03303303303303303,0.7727272727272727,0.27258363370028404,0.020369979354354344
PUBLICATION,WORKLOAD_SHIFT,LARS_NO_ROLLBACK,5,48271,SHIFT_SCAN,,7,20996,300000,209720,209720,209720,209747,299664,-1,6,INSERT_SPLIT_PRESSURE,SLACKEN,KEEP_FAILED_TRIAL,trial censored at RUN_END before a terminal live-trial decision,22,23,50,3,4.735409020954185E-5,1.3618412093149938E-4,0.026701434159061278,328707.6923076923,2750.0,3162.4999999999995,192.4202003182626,32000,296,0,NaN,NaN,7200.0,4400.0,SEARCH=0.203125;INSERT=0.5185546875;DELETE=0.07421875;UPDATE=0.162109375;RANGE_SEARCH=0.0419921875,SEARCH=0.47635135135135137;INSERT=0.07432432432432433;DELETE=0.02702702702702703;UPDATE=0.06418918918918919;RANGE_SEARCH=0.3581081081081081,NaN,NaN,0.5893422719594594
PUBLICATION,WORKLOAD_SHIFT,LARS_NO_ROLLBACK,6,134775813,SHIFT_WRITE_HOT,,1,20997,141682,-1,-1,-1,-1,-1,-1,-1,NO_CONFIDENT_DIAGNOSIS,,ABSTAIN,"diagnostic confidence not satisfied: insertScore=0.42970750560065263, scanScore=0.03134740321164351",-1,-1,0,0,0.0,0.0,NaN,NaN,NaN,NaN,NaN,0,0,0,NaN,NaN,NaN,NaN,,,NaN,NaN,NaN
PUBLICATION,WORKLOAD_SHIFT,LARS_NO_ROLLBACK,6,134775813,SHIFT_WRITE_HOT,,2,20998,144579,-1,-1,-1,-1,-1,-1,-1,NO_CONFIDENT_DIAGNOSIS,,ABSTAIN,"diagnostic confidence not satisfied: insertScore=0.2971608109815126, scanScore=0.015182200338955315",-1,-1,0,0,0.0,0.0,NaN,NaN,NaN,NaN,NaN,0,0,0,NaN,NaN,NaN,NaN,,,NaN,NaN,NaN
PUBLICATION,WORKLOAD_SHIFT,LARS_NO_ROLLBACK,6,134775813,SHIFT_WRITE_HOT,,3,20997,158992,-1,-1,-1,-1,-1,-1,-1,NO_CONFIDENT_DIAGNOSIS,,ABSTAIN,"diagnostic confidence not satisfied: insertScore=0.21281834607487465, scanScore=0.0",-1,-1,0,0,0.0,0.0,NaN,NaN,NaN,NaN,NaN,0,0,0,NaN,NaN,NaN,NaN,,,NaN,NaN,NaN
PUBLICATION,WORKLOAD_SHIFT,LARS_NO_ROLLBACK,6,134775813,SHIFT_WRITE_HOT,,4,20998,172014,-1,-1,-1,-1,-1,-1,-1,NO_CONFIDENT_DIAGNOSIS,,ABSTAIN,"diagnostic confidence not satisfied: insertScore=0.1389294564831607, scanScore=0.022486302233393676",-1,-1,0,0,0.0,0.0,NaN,NaN,NaN,NaN,NaN,0,0,0,NaN,NaN,NaN,NaN,,,NaN,NaN,NaN
PUBLICATION,WORKLOAD_SHIFT,LARS_NO_ROLLBACK,6,134775813,SHIFT_WRITE_HOT,,5,20997,200000,188918,188918,188918,188932,199986,-1,6,INSERT_SPLIT_PRESSURE,SLACKEN,KEEP_FAILED_TRIAL,trial censored at PHASE_BOUNDARY before a terminal live-trial decision,39,40,63,3,5.988530538178783E-5,1.3618412093149938E-4,0.03421888053467001,324511.27819548873,3270.0,3760.4999999999995,231.76390176088967,1268700,361,28,2100.0,1300.0,2100.0,1300.0,SEARCH=0.19921875;INSERT=0.5712890625;DELETE=0.064453125;UPDATE=0.1337890625;RANGE_SEARCH=0.03125,SEARCH=0.22437673130193905;INSERT=0.6038781163434903;DELETE=0.05263157894736842;UPDATE=0.11080332409972299;RANGE_SEARCH=0.008310249307479225,0.38095238095238093,-0.501810070219494,0.057747035145429365
PUBLICATION,WORKLOAD_SHIFT,LARS_NO_ROLLBACK,6,134775813,SHIFT_SCAN,,6,20998,218731,-1,-1,-1,-1,-1,-1,-1,INSERT_SPLIT_PRESSURE,,ABSTAIN,predicted benefit does not repay estimated adaptation cost within configured horizon,-1,-1,0,0,0.0,0.0,NaN,NaN,NaN,NaN,NaN,0,0,0,NaN,NaN,NaN,NaN,,,NaN,NaN,NaN
PUBLICATION,WORKLOAD_SHIFT,LARS_NO_ROLLBACK,7,16807,SHIFT_WRITE_HOT,,1,21001,143123,-1,-1,-1,-1,-1,-1,-1,NO_CONFIDENT_DIAGNOSIS,,ABSTAIN,"diagnostic confidence not satisfied: insertScore=0.5015604192692039, scanScore=0.03759298070736556",-1,-1,0,0,0.0,0.0,NaN,NaN,NaN,NaN,NaN,0,0,0,NaN,NaN,NaN,NaN,,,NaN,NaN,NaN
PUBLICATION,WORKLOAD_SHIFT,LARS_NO_ROLLBACK,7,16807,SHIFT_WRITE_HOT,,2,20997,144415,-1,-1,-1,-1,-1,-1,-1,NO_CONFIDENT_DIAGNOSIS,,ABSTAIN,"diagnostic confidence not satisfied: insertScore=0.1408499461961285, scanScore=0.017655649108252614",-1,-1,0,0,0.0,0.0,NaN,NaN,NaN,NaN,NaN,0,0,0,NaN,NaN,NaN,NaN,,,NaN,NaN,NaN
PUBLICATION,WORKLOAD_SHIFT,LARS_NO_ROLLBACK,7,16807,SHIFT_WRITE_HOT,,3,20998,147353,-1,-1,-1,-1,-1,-1,-1,NO_CONFIDENT_DIAGNOSIS,,ABSTAIN,"diagnostic confidence not satisfied: insertScore=0.4477397805729855, scanScore=0.02355276964661385",-1,-1,0,0,0.0,0.0,NaN,NaN,NaN,NaN,NaN,0,0,0,NaN,NaN,NaN,NaN,,,NaN,NaN,NaN
PUBLICATION,WORKLOAD_SHIFT,LARS_NO_ROLLBACK,7,16807,SHIFT_WRITE_HOT,,4,20997,180191,164090,164090,164090,164100,180191,180191,5,INSERT_SPLIT_PRESSURE,SLACKEN,COMMIT,trial acceptance rule satisfied,15,16,64,3,6.141598389365822E-5,1.3790567251999633E-4,0.05205368035786905,5954768.198454656,3310.0,3806.4999999999995,12.784712597168228,1005600,512,41,11500.0,4000.0,11500.0,4000.0,SEARCH=0.185546875;INSERT=0.5537109375;DELETE=0.0791015625;UPDATE=0.15234375;RANGE_SEARCH=0.029296875,SEARCH=0.23046875;INSERT=0.548828125;DELETE=0.068359375;UPDATE=0.126953125;RANGE_SEARCH=0.025390625,0.6521739130434783,0.5681803532608696,0.044921875
PUBLICATION,WORKLOAD_SHIFT,LARS_NO_ROLLBACK,7,16807,SHIFT_WRITE_HOT,,5,21000,200000,193814,193814,193814,193839,199984,-1,6,INSERT_SPLIT_PRESSURE,SLACKEN,KEEP_FAILED_TRIAL,trial censored at PHASE_BOUNDARY before a terminal live-trial decision,55,56,36,3,3.4223427647396025E-5,1.3617175797739548E-4,0.035718022951620215,2060087.2022044715,2190.0,2518.5,24.450421295807157,28300,196,16,7000.000000000001,800.0,7700.0,800.0,SEARCH=0.1943359375;INSERT=0.5546875;DELETE=0.0634765625;UPDATE=0.15234375;RANGE_SEARCH=0.03515625,SEARCH=0.17346938775510204;INSERT=0.5867346938775511;DELETE=0.04591836734693878;UPDATE=0.14795918367346939;RANGE_SEARCH=0.04591836734693878,0.8857142857142857,0.8800548779296875,0.04280931122448982
PUBLICATION,WORKLOAD_SHIFT,LARS_NO_ROLLBACK,7,16807,SHIFT_SCAN,,6,20998,300000,239329,239329,239329,239432,299812,-1,6,INSERT_SPLIT_PRESSURE,SLACKEN,KEEP_FAILED_TRIAL,trial censored at RUN_END before a terminal live-trial decision,16,17,44,3,4.166796879069138E-5,1.3612232859930125E-4,0.015376067991050648,245776.83679445015,2510.0,2886.5,234.88787939882698,40000,196,0,NaN,NaN,4200.0,2400.0,SEARCH=0.240234375;INSERT=0.515625;DELETE=0.0546875;UPDATE=0.1279296875;RANGE_SEARCH=0.0615234375,SEARCH=0.4846938775510204;INSERT=0.05102040816326531;DELETE=0.015306122448979591;UPDATE=0.04081632653061224;RANGE_SEARCH=0.40816326530612246,NaN,NaN,0.5910993303571429
PUBLICATION,WORKLOAD_SHIFT,LARS_NO_ROLLBACK,8,2147483647,SHIFT_WRITE_HOT,,1,20999,151456,144191,144191,144191,144223,151456,-1,4,INSERT_SPLIT_PRESSURE,SLACKEN,KEEP_FAILED_TRIAL,tail-latency guard failed,14,15,49,3,4.767547981965047E-5,1.4111006585136406E-4,0.0680896336192566,1070709.4886628098,2710.0,3116.4999999999995,58.21373646164546,582700,512,25,4300.0,1200.0,4300.0,6300.0,SEARCH=0.2001953125;INSERT=0.53125;DELETE=0.0693359375;UPDATE=0.1630859375;RANGE_SEARCH=0.0361328125,SEARCH=0.2109375;INSERT=0.529296875;DELETE=0.0859375;UPDATE=0.150390625;RANGE_SEARCH=0.0234375,0.7209302325581395,0.6214204975926598,0.02734375
PUBLICATION,WORKLOAD_SHIFT,LARS_NO_ROLLBACK,8,2147483647,SHIFT_WRITE_HOT,,2,20996,189549,-1,-1,-1,-1,-1,-1,-1,INSERT_SPLIT_PRESSURE,,ABSTAIN,predicted benefit does not repay estimated adaptation cost within configured horizon,-1,-1,0,0,0.0,0.0,NaN,NaN,NaN,NaN,NaN,0,0,0,NaN,NaN,NaN,NaN,,,NaN,NaN,NaN
PUBLICATION,WORKLOAD_SHIFT,LARS_NO_ROLLBACK,8,2147483647,SHIFT_WRITE_HOT,,3,21001,195421,-1,-1,-1,-1,-1,-1,-1,INSERT_SPLIT_PRESSURE,,ABSTAIN,predicted benefit does not repay estimated adaptation cost within configured horizon,-1,-1,0,0,0.0,0.0,NaN,NaN,NaN,NaN,NaN,0,0,0,NaN,NaN,NaN,NaN,,,NaN,NaN,NaN
PUBLICATION,WORKLOAD_SHIFT,LARS_NO_ROLLBACK,8,2147483647,SHIFT_WRITE_HOT,,4,20998,197037,-1,-1,-1,-1,-1,-1,-1,INSERT_SPLIT_PRESSURE,,ABSTAIN,predicted benefit does not repay estimated adaptation cost within configured horizon,-1,-1,0,0,0.0,0.0,NaN,NaN,NaN,NaN,NaN,0,0,0,NaN,NaN,NaN,NaN,,,NaN,NaN,NaN
PUBLICATION,WORKLOAD_SHIFT,LARS_NO_ROLLBACK,8,2147483647,SHIFT_SCAN,,5,21000,216107,-1,-1,-1,-1,-1,-1,-1,INSERT_SPLIT_PRESSURE,,ABSTAIN,predicted benefit does not repay estimated adaptation cost within configured horizon,-1,-1,0,0,0.0,0.0,NaN,NaN,NaN,NaN,NaN,0,0,0,NaN,NaN,NaN,NaN,,,NaN,NaN,NaN
PUBLICATION,WORKLOAD_SHIFT,LARS_NO_ROLLBACK,8,2147483647,SHIFT_SCAN,,6,20997,266762,-1,-1,-1,-1,-1,-1,-1,INSERT_SPLIT_PRESSURE,,ABSTAIN,predicted benefit does not repay estimated adaptation cost within configured horizon,-1,-1,0,0,0.0,0.0,NaN,NaN,NaN,NaN,NaN,0,0,0,NaN,NaN,NaN,NaN,,,NaN,NaN,NaN
PUBLICATION,WORKLOAD_SHIFT,LARS_NO_ROLLBACK,9,6364136223846793005,SHIFT_WRITE_HOT,,1,21001,141967,-1,-1,-1,-1,-1,-1,-1,NO_CONFIDENT_DIAGNOSIS,,ABSTAIN,"diagnostic confidence not satisfied: insertScore=0.6634184103294322, scanScore=0.029652158863274658",-1,-1,0,0,0.0,0.0,NaN,NaN,NaN,NaN,NaN,0,0,0,NaN,NaN,NaN,NaN,,,NaN,NaN,NaN
PUBLICATION,WORKLOAD_SHIFT,LARS_NO_ROLLBACK,9,6364136223846793005,SHIFT_WRITE_HOT,,2,21001,158740,-1,-1,-1,-1,-1,-1,-1,NO_CONFIDENT_DIAGNOSIS,,ABSTAIN,"diagnostic confidence not satisfied: insertScore=0.14338114193222992, scanScore=0.009318987608871258",-1,-1,0,0,0.0,0.0,NaN,NaN,NaN,NaN,NaN,0,0,0,NaN,NaN,NaN,NaN,,,NaN,NaN,NaN
PUBLICATION,WORKLOAD_SHIFT,LARS_NO_ROLLBACK,9,6364136223846793005,SHIFT_WRITE_HOT,,3,21001,190006,-1,-1,-1,-1,-1,-1,-1,INSERT_SPLIT_PRESSURE,,ABSTAIN,predicted benefit does not repay estimated adaptation cost within configured horizon,-1,-1,0,0,0.0,0.0,NaN,NaN,NaN,NaN,NaN,0,0,0,NaN,NaN,NaN,NaN,,,NaN,NaN,NaN
PUBLICATION,WORKLOAD_SHIFT,LARS_NO_ROLLBACK,9,6364136223846793005,SHIFT_WRITE_HOT,,4,20996,193988,-1,-1,-1,-1,-1,-1,-1,INSERT_SPLIT_PRESSURE,,ABSTAIN,predicted benefit does not repay estimated adaptation cost within configured horizon,-1,-1,0,0,0.0,0.0,NaN,NaN,NaN,NaN,NaN,0,0,0,NaN,NaN,NaN,NaN,,,NaN,NaN,NaN
PUBLICATION,WORKLOAD_SHIFT,LARS_NO_ROLLBACK,9,6364136223846793005,SHIFT_WRITE_HOT,,5,20999,195975,-1,-1,-1,-1,-1,-1,-1,INSERT_SPLIT_PRESSURE,,ABSTAIN,predicted benefit does not repay estimated adaptation cost within configured horizon,-1,-1,0,0,0.0,0.0,NaN,NaN,NaN,NaN,NaN,0,0,0,NaN,NaN,NaN,NaN,,,NaN,NaN,NaN
PUBLICATION,WORKLOAD_SHIFT,LARS_NO_ROLLBACK,9,6364136223846793005,SHIFT_SCAN,,6,21170,213342,-1,-1,-1,-1,-1,-1,-1,NO_CONFIDENT_DIAGNOSIS,,ABSTAIN,"diagnostic confidence not satisfied: insertScore=0.9494798644360896, scanScore=0.0",-1,-1,0,0,0.0,0.0,NaN,NaN,NaN,NaN,NaN,0,0,0,NaN,NaN,NaN,NaN,,,NaN,NaN,NaN
PUBLICATION,WORKLOAD_SHIFT,LARS_NO_RUNTIME_VALIDATION,0,1103515245,SHIFT_WRITE_HOT,,1,20998,142665,-1,-1,-1,-1,-1,-1,-1,NO_CONFIDENT_DIAGNOSIS,,ABSTAIN,"diagnostic confidence not satisfied: insertScore=0.49341910020991747, scanScore=0.029639040280664473",-1,-1,0,0,0.0,0.0,NaN,NaN,NaN,NaN,NaN,0,0,0,NaN,NaN,NaN,NaN,,,NaN,NaN,NaN
PUBLICATION,WORKLOAD_SHIFT,LARS_NO_RUNTIME_VALIDATION,0,1103515245,SHIFT_WRITE_HOT,,2,21001,144711,-1,-1,-1,-1,-1,-1,-1,NO_CONFIDENT_DIAGNOSIS,,ABSTAIN,"diagnostic confidence not satisfied: insertScore=0.05198079920477988, scanScore=0.018491910417137634",-1,-1,0,0,0.0,0.0,NaN,NaN,NaN,NaN,NaN,0,0,0,NaN,NaN,NaN,NaN,,,NaN,NaN,NaN
PUBLICATION,WORKLOAD_SHIFT,LARS_NO_RUNTIME_VALIDATION,0,1103515245,SHIFT_WRITE_HOT,,3,20998,162959,162959,162959,162959,-1,-1,162959,5,INSERT_SPLIT_PRESSURE,SLACKEN,COMMIT_NO_TRIAL,runtime validation disabled by evaluation policy,2,3,61,3,5.900395519955428E-5,1.404231417337577E-4,0.050473186119873815,3457038.643533123,3190.0,3668.4999999999995,21.223367039083843,857100,0,0,NaN,NaN,NaN,NaN,,,NaN,NaN,NaN
PUBLICATION,WORKLOAD_SHIFT,LARS_NO_RUNTIME_VALIDATION,0,1103515245,SHIFT_WRITE_HOT,,4,21001,168752,168752,168752,168752,-1,-1,168752,5,INSERT_SPLIT_PRESSURE,SLACKEN,COMMIT_NO_TRIAL,runtime validation disabled by evaluation policy,10,11,59,3,5.690965158753814E-5,1.3956084852995905E-4,0.04261517333222356,295692.70464854967,3110.0,3576.4999999999995,241.9065430951979,27500,0,0,NaN,NaN,NaN,NaN,,,NaN,NaN,NaN
PUBLICATION,WORKLOAD_SHIFT,LARS_NO_RUNTIME_VALIDATION,0,1103515245,SHIFT_WRITE_HOT,,5,21170,185043,-1,-1,-1,-1,-1,-1,-1,NO_CONFIDENT_DIAGNOSIS,,ABSTAIN,"diagnostic confidence not satisfied: insertScore=0.6680851530857598, scanScore=0.0",-1,-1,0,0,0.0,0.0,NaN,NaN,NaN,NaN,NaN,0,0,0,NaN,NaN,NaN,NaN,,,NaN,NaN,NaN
PUBLICATION,WORKLOAD_SHIFT,LARS_NO_RUNTIME_VALIDATION,0,1103515245,SHIFT_WRITE_HOT,,6,20996,195450,-1,-1,-1,-1,-1,-1,-1,INSERT_SPLIT_PRESSURE,,ABSTAIN,predicted benefit does not repay estimated adaptation cost within configured horizon,-1,-1,0,0,0.0,0.0,NaN,NaN,NaN,NaN,NaN,0,0,0,NaN,NaN,NaN,NaN,,,NaN,NaN,NaN
PUBLICATION,WORKLOAD_SHIFT,LARS_NO_RUNTIME_VALIDATION,0,1103515245,SHIFT_WRITE_HOT,,7,21000,197271,197271,197271,197271,-1,-1,197271,6,INSERT_SPLIT_PRESSURE,SLACKEN,COMMIT_NO_TRIAL,runtime validation disabled by evaluation policy,50,51,64,3,6.091409209449299E-5,1.3632026173490252E-4,0.030392069569346748,727347.5202564329,3310.0,3806.4999999999995,104.66798590742381,33200,0,0,NaN,NaN,NaN,NaN,,,NaN,NaN,NaN
PUBLICATION,WORKLOAD_SHIFT,LARS_NO_RUNTIME_VALIDATION,0,1103515245,SHIFT_WRITE_HOT,,8,20999,197283,197283,197283,197283,-1,-1,197283,6,INSERT_SPLIT_PRESSURE,SLACKEN,COMMIT_NO_TRIAL,runtime validation disabled by evaluation policy,11,12,44,3,4.187819916129388E-5,1.3631406761177754E-4,0.03234876006949929,1397921.3394408468,2510.0,2886.5,41.2970303630184,27300,0,0,NaN,NaN,NaN,NaN,,,NaN,NaN,NaN
PUBLICATION,WORKLOAD_SHIFT,LARS_NO_RUNTIME_VALIDATION,0,1103515245,SHIFT_SCAN,,9,20997,213503,213503,213503,213503,-1,-1,213503,6,INSERT_SPLIT_PRESSURE,SLACKEN,COMMIT_NO_TRIAL,runtime validation disabled by evaluation policy,29,30,61,3,5.795526233782027E-5,1.3617175797739548E-4,0.025908308875619877,64024.39024390244,3190.0,3668.4999999999995,1145.9695238095237,30800,0,0,NaN,NaN,NaN,NaN,,,NaN,NaN,NaN
PUBLICATION,WORKLOAD_SHIFT,LARS_NO_RUNTIME_VALIDATION,1,214013,SHIFT_WRITE_HOT,,1,20996,144859,-1,-1,-1,-1,-1,-1,-1,NO_CONFIDENT_DIAGNOSIS,,ABSTAIN,"diagnostic confidence not satisfied: insertScore=0.6222700869906277, scanScore=0.026392976502515902",-1,-1,0,0,0.0,0.0,NaN,NaN,NaN,NaN,NaN,0,0,0,NaN,NaN,NaN,NaN,,,NaN,NaN,NaN
PUBLICATION,WORKLOAD_SHIFT,LARS_NO_RUNTIME_VALIDATION,1,214013,SHIFT_WRITE_HOT,,2,20999,145568,-1,-1,-1,-1,-1,-1,-1,NO_CONFIDENT_DIAGNOSIS,,ABSTAIN,"diagnostic confidence not satisfied: insertScore=0.1213486051270646, scanScore=0.012089729192127538",-1,-1,0,0,0.0,0.0,NaN,NaN,NaN,NaN,NaN,0,0,0,NaN,NaN,NaN,NaN,,,NaN,NaN,NaN
PUBLICATION,WORKLOAD_SHIFT,LARS_NO_RUNTIME_VALIDATION,1,214013,SHIFT_WRITE_HOT,,3,20996,164052,164052,164052,164052,-1,-1,164052,5,INSERT_SPLIT_PRESSURE,SLACKEN,COMMIT_NO_TRIAL,runtime validation disabled by evaluation policy,17,18,58,3,5.608562921790524E-5,1.4035744362309347E-4,0.05339173053860994,1939934.3031440643,3070.0,3530.4999999999995,36.39813981615868,1215600,0,0,NaN,NaN,NaN,NaN,,,NaN,NaN,NaN
PUBLICATION,WORKLOAD_SHIFT,LARS_NO_RUNTIME_VALIDATION,1,214013,SHIFT_WRITE_HOT,,4,20999,166297,-1,-1,-1,-1,-1,-1,-1,NO_CONFIDENT_DIAGNOSIS,,ABSTAIN,"diagnostic confidence not satisfied: insertScore=0.06698063364803918, scanScore=0.014945082108329184",-1,-1,0,0,0.0,0.0,NaN,NaN,NaN,NaN,NaN,0,0,0,NaN,NaN,NaN,NaN,,,NaN,NaN,NaN
PUBLICATION,WORKLOAD_SHIFT,LARS_NO_RUNTIME_VALIDATION,1,214013,SHIFT_WRITE_HOT,,5,21001,190376,190376,190376,190376,-1,-1,190376,6,INSERT_SPLIT_PRESSURE,SLACKEN,COMMIT_NO_TRIAL,runtime validation disabled by evaluation policy,0,1,62,3,5.920629190993768E-5,1.3679890560875513E-4,0.03385571645837466,1197357.6671295378,3230.0,3714.4999999999995,62.044952848631844,44800,0,0,NaN,NaN,NaN,NaN,,,NaN,NaN,NaN
PUBLICATION,WORKLOAD_SHIFT,LARS_NO_RUNTIME_VALIDATION,1,214013,SHIFT_SCAN,,6,20999,200696,-1,-1,-1,-1,-1,-1,-1,INSERT_SPLIT_PRESSURE,,ABSTAIN,predicted benefit does not repay estimated adaptation cost within configured horizon,-1,-1,0,0,0.0,0.0,NaN,NaN,NaN,NaN,NaN,0,0,0,NaN,NaN,NaN,NaN,,,NaN,NaN,NaN
PUBLICATION,WORKLOAD_SHIFT,LARS_NO_RUNTIME_VALIDATION,2,1664525,SHIFT_WRITE_HOT,,1,20996,190735,190735,190735,190735,-1,-1,190735,6,INSERT_SPLIT_PRESSURE,SLACKEN,COMMIT_NO_TRIAL,runtime validation disabled by evaluation policy,29,30,62,3,5.91942516653157E-5,1.3665558238054024E-4,0.03458524723047825,438148.47338557144,3230.0,3714.4999999999995,169.5543965404272,621500,0,0,NaN,NaN,NaN,NaN,,,NaN,NaN,NaN
PUBLICATION,WORKLOAD_SHIFT,LARS_NO_RUNTIME_VALIDATION,2,1664525,SHIFT_WRITE_HOT,,2,21001,191324,191324,191324,191324,-1,-1,191324,6,INSERT_SPLIT_PRESSURE,SLACKEN,COMMIT_NO_TRIAL,runtime validation disabled by evaluation policy,32,33,42,3,4.0087811396392096E-5,1.3659336156262805E-4,0.03344547147009831,1599005.7811020021,2430.0,2794.5,34.95296931414578,28900,0,0,NaN,NaN,NaN,NaN,,,NaN,NaN,NaN
PUBLICATION,WORKLOAD_SHIFT,LARS_NO_RUNTIME_VALIDATION,2,1664525,SHIFT_WRITE_HOT,,3,20998,194586,-1,-1,-1,-1,-1,-1,-1,INSERT_SPLIT_PRESSURE,,ABSTAIN,predicted benefit does not repay estimated adaptation cost within configured horizon,-1,-1,0,0,0.0,0.0,NaN,NaN,NaN,NaN,NaN,0,0,0,NaN,NaN,NaN,NaN,,,NaN,NaN,NaN
PUBLICATION,WORKLOAD_SHIFT,LARS_NO_RUNTIME_VALIDATION,2,1664525,SHIFT_WRITE_HOT,,4,20997,196291,-1,-1,-1,-1,-1,-1,-1,INSERT_SPLIT_PRESSURE,,ABSTAIN,predicted benefit does not repay estimated adaptation cost within configured horizon,-1,-1,0,0,0.0,0.0,NaN,NaN,NaN,NaN,NaN,0,0,0,NaN,NaN,NaN,NaN,,,NaN,NaN,NaN
PUBLICATION,WORKLOAD_SHIFT,LARS_NO_RUNTIME_VALIDATION,3,22695477,SHIFT_WRITE_HOT,,1,20996,142718,-1,-1,-1,-1,-1,-1,-1,NO_CONFIDENT_DIAGNOSIS,,ABSTAIN,"diagnostic confidence not satisfied: insertScore=0.11546616842175277, scanScore=0.023395265083139008",-1,-1,0,0,0.0,0.0,NaN,NaN,NaN,NaN,NaN,0,0,0,NaN,NaN,NaN,NaN,,,NaN,NaN,NaN
PUBLICATION,WORKLOAD_SHIFT,LARS_NO_RUNTIME_VALIDATION,3,22695477,SHIFT_WRITE_HOT,,2,21000,143862,-1,-1,-1,-1,-1,-1,-1,NO_CONFIDENT_DIAGNOSIS,,ABSTAIN,"diagnostic confidence not satisfied: insertScore=0.7192746343109875, scanScore=0.017506518730552516",-1,-1,0,0,0.0,0.0,NaN,NaN,NaN,NaN,NaN,0,0,0,NaN,NaN,NaN,NaN,,,NaN,NaN,NaN
PUBLICATION,WORKLOAD_SHIFT,LARS_NO_RUNTIME_VALIDATION,3,22695477,SHIFT_WRITE_HOT,,3,20998,144047,-1,-1,-1,-1,-1,-1,-1,NO_CONFIDENT_DIAGNOSIS,,ABSTAIN,"diagnostic confidence not satisfied: insertScore=0.13146139026047163, scanScore=0.02275218693141913",-1,-1,0,0,0.0,0.0,NaN,NaN,NaN,NaN,NaN,0,0,0,NaN,NaN,NaN,NaN,,,NaN,NaN,NaN
PUBLICATION,WORKLOAD_SHIFT,LARS_NO_RUNTIME_VALIDATION,3,22695477,SHIFT_WRITE_HOT,,4,20999,146579,-1,-1,-1,-1,-1,-1,-1,NO_CONFIDENT_DIAGNOSIS,,ABSTAIN,"diagnostic confidence not satisfied: insertScore=0.3845310174799413, scanScore=0.012172124360949886",-1,-1,0,0,0.0,0.0,NaN,NaN,NaN,NaN,NaN,0,0,0,NaN,NaN,NaN,NaN,,,NaN,NaN,NaN
PUBLICATION,WORKLOAD_SHIFT,LARS_NO_RUNTIME_VALIDATION,3,22695477,SHIFT_WRITE_HOT,,5,20998,160943,-1,-1,-1,-1,-1,-1,-1,NO_CONFIDENT_DIAGNOSIS,,ABSTAIN,"diagnostic confidence not satisfied: insertScore=0.04745377432187272, scanScore=0.0032837747504225537",-1,-1,0,0,0.0,0.0,NaN,NaN,NaN,NaN,NaN,0,0,0,NaN,NaN,NaN,NaN,,,NaN,NaN,NaN
PUBLICATION,WORKLOAD_SHIFT,LARS_NO_RUNTIME_VALIDATION,3,22695477,SHIFT_WRITE_HOT,,6,21000,161296,-1,-1,-1,-1,-1,-1,-1,NO_CONFIDENT_DIAGNOSIS,,ABSTAIN,"diagnostic confidence not satisfied: insertScore=0.07845227374617526, scanScore=0.011767292611019347",-1,-1,0,0,0.0,0.0,NaN,NaN,NaN,NaN,NaN,0,0,0,NaN,NaN,NaN,NaN,,,NaN,NaN,NaN
PUBLICATION,WORKLOAD_SHIFT,LARS_NO_RUNTIME_VALIDATION,3,22695477,SHIFT_WRITE_HOT,,7,20999,168870,-1,-1,-1,-1,-1,-1,-1,NO_CONFIDENT_DIAGNOSIS,,ABSTAIN,"diagnostic confidence not satisfied: insertScore=0.07898898122728695, scanScore=0.01936627067004584",-1,-1,0,0,0.0,0.0,NaN,NaN,NaN,NaN,NaN,0,0,0,NaN,NaN,NaN,NaN,,,NaN,NaN,NaN
PUBLICATION,WORKLOAD_SHIFT,LARS_NO_RUNTIME_VALIDATION,3,22695477,SHIFT_WRITE_HOT,,8,20997,188200,188200,188200,188200,-1,-1,188200,6,INSERT_SPLIT_PRESSURE,SLACKEN,COMMIT_NO_TRIAL,runtime validation disabled by evaluation policy,8,9,59,3,5.640945231202267E-5,1.3691753000775867E-4,0.03391851606492216,631043.3918516065,3110.0,3576.4999999999995,113.35195158310236,1010700,0,0,NaN,NaN,NaN,NaN,,,NaN,NaN,NaN
PUBLICATION,WORKLOAD_SHIFT,LARS_NO_RUNTIME_VALIDATION,3,22695477,SHIFT_WRITE_HOT,,9,21000,191754,191754,191754,191754,-1,-1,191754,6,INSERT_SPLIT_PRESSURE,SLACKEN,COMMIT_NO_TRIAL,runtime validation disabled by evaluation policy,39,40,44,3,4.199551220685462E-5,1.3658714259697687E-4,0.03362448282655809,938635.3188415315,2510.0,2886.5,61.504184682982796,33200,0,0,NaN,NaN,NaN,NaN,,,NaN,NaN,NaN
PUBLICATION,WORKLOAD_SHIFT,LARS_NO_RUNTIME_VALIDATION,3,22695477,SHIFT_WRITE_HOT,,10,20998,192527,192527,192527,192527,-1,-1,192527,6,INSERT_SPLIT_PRESSURE,SLACKEN,COMMIT_NO_TRIAL,runtime validation disabled by evaluation policy,51,52,61,3,5.819977597856722E-5,1.365249840720852E-4,0.032459504865755856,1129058.2305766,3190.0,3668.4999999999995,64.9833622509714,26800,0,0,NaN,NaN,NaN,NaN,,,NaN,NaN,NaN
PUBLICATION,WORKLOAD_SHIFT,LARS_NO_RUNTIME_VALIDATION,3,22695477,SHIFT_SCAN,,11,20999,207531,-1,-1,-1,-1,-1,-1,-1,INSERT_SPLIT_PRESSURE,,ABSTAIN,predicted benefit does not repay estimated adaptation cost within configured horizon,-1,-1,0,0,0.0,0.0,NaN,NaN,NaN,NaN,NaN,0,0,0,NaN,NaN,NaN,NaN,,,NaN,NaN,NaN
PUBLICATION,WORKLOAD_SHIFT,LARS_NO_RUNTIME_VALIDATION,3,22695477,SHIFT_SCAN,,12,21001,223177,223177,223177,223177,-1,-1,223177,6,INSERT_SPLIT_PRESSURE,SLACKEN,COMMIT_NO_TRIAL,runtime validation disabled by evaluation policy,14,15,44,3,4.179585385129795E-5,1.361532177543796E-4,0.020294105989139482,346620.1593404416,2510.0,2886.5,166.55118995343565,39400,0,0,NaN,NaN,NaN,NaN,,,NaN,NaN,NaN
PUBLICATION,WORKLOAD_SHIFT,LARS_NO_RUNTIME_VALIDATION,4,69069,SHIFT_WRITE_HOT,,1,20998,142047,-1,-1,-1,-1,-1,-1,-1,NO_CONFIDENT_DIAGNOSIS,,ABSTAIN,"diagnostic confidence not satisfied: insertScore=0.6088537725687915, scanScore=0.025075668594244954",-1,-1,0,0,0.0,0.0,NaN,NaN,NaN,NaN,NaN,0,0,0,NaN,NaN,NaN,NaN,,,NaN,NaN,NaN
PUBLICATION,WORKLOAD_SHIFT,LARS_NO_RUNTIME_VALIDATION,4,69069,SHIFT_WRITE_HOT,,2,21001,144423,-1,-1,-1,-1,-1,-1,-1,NO_CONFIDENT_DIAGNOSIS,,ABSTAIN,"diagnostic confidence not satisfied: insertScore=0.7102272350942181, scanScore=0.01948610470383419",-1,-1,0,0,0.0,0.0,NaN,NaN,NaN,NaN,NaN,0,0,0,NaN,NaN,NaN,NaN,,,NaN,NaN,NaN
PUBLICATION,WORKLOAD_SHIFT,LARS_NO_RUNTIME_VALIDATION,4,69069,SHIFT_WRITE_HOT,,3,20998,162238,-1,-1,-1,-1,-1,-1,-1,NO_CONFIDENT_DIAGNOSIS,,ABSTAIN,"diagnostic confidence not satisfied: insertScore=0.05759041061994329, scanScore=0.0023927395111770825",-1,-1,0,0,0.0,0.0,NaN,NaN,NaN,NaN,NaN,0,0,0,NaN,NaN,NaN,NaN,,,NaN,NaN,NaN
PUBLICATION,WORKLOAD_SHIFT,LARS_NO_RUNTIME_VALIDATION,4,69069,SHIFT_WRITE_HOT,,4,21001,164657,-1,-1,-1,-1,-1,-1,-1,NO_CONFIDENT_DIAGNOSIS,,ABSTAIN,"diagnostic confidence not satisfied: insertScore=0.07717882450924295, scanScore=0.0",-1,-1,0,0,0.0,0.0,NaN,NaN,NaN,NaN,NaN,0,0,0,NaN,NaN,NaN,NaN,,,NaN,NaN,NaN
PUBLICATION,WORKLOAD_SHIFT,LARS_NO_RUNTIME_VALIDATION,4,69069,SHIFT_WRITE_HOT,,5,20999,192417,192417,192417,192417,-1,-1,192417,6,INSERT_SPLIT_PRESSURE,SLACKEN,COMMIT_NO_TRIAL,runtime validation disabled by evaluation policy,39,40,59,3,5.629110323883743E-5,1.3659336156262805E-4,0.03180519319170083,2012601.5654118522,3110.0,3576.4999999999995,35.541063481863254,1062800,0,0,NaN,NaN,NaN,NaN,,,NaN,NaN,NaN
PUBLICATION,WORKLOAD_SHIFT,LARS_NO_RUNTIME_VALIDATION,4,69069,SHIFT_WRITE_HOT,,6,20998,192839,-1,-1,-1,-1,-1,-1,-1,INSERT_SPLIT_PRESSURE,,ABSTAIN,predicted benefit does not repay estimated adaptation cost within configured horizon,-1,-1,0,0,0.0,0.0,NaN,NaN,NaN,NaN,NaN,0,0,0,NaN,NaN,NaN,NaN,,,NaN,NaN,NaN
PUBLICATION,WORKLOAD_SHIFT,LARS_NO_RUNTIME_VALIDATION,4,69069,SHIFT_WRITE_HOT,,7,20997,193766,-1,-1,-1,-1,-1,-1,-1,INSERT_SPLIT_PRESSURE,,ABSTAIN,predicted benefit does not repay estimated adaptation cost within configured horizon,-1,-1,0,0,0.0,0.0,NaN,NaN,NaN,NaN,NaN,0,0,0,NaN,NaN,NaN,NaN,,,NaN,NaN,NaN
PUBLICATION,WORKLOAD_SHIFT,LARS_NO_RUNTIME_VALIDATION,4,69069,SHIFT_WRITE_HOT,,8,21001,195320,195320,195320,195320,-1,-1,195320,6,INSERT_SPLIT_PRESSURE,SLACKEN,COMMIT_NO_TRIAL,runtime validation disabled by evaluation policy,25,26,60,3,5.716833788774425E-5,1.3641944431813015E-4,0.03346733339869922,1560237.9318233815,3150.0,3622.4999999999995,46.43522537317809,30000,0,0,NaN,NaN,NaN,NaN,,,NaN,NaN,NaN
PUBLICATION,WORKLOAD_SHIFT,LARS_NO_RUNTIME_VALIDATION,4,69069,SHIFT_WRITE_HOT,,9,21000,195705,-1,-1,-1,-1,-1,-1,-1,INSERT_SPLIT_PRESSURE,,ABSTAIN,predicted benefit does not repay estimated adaptation cost within configured horizon,-1,-1,0,0,0.0,0.0,NaN,NaN,NaN,NaN,NaN,0,0,0,NaN,NaN,NaN,NaN,,,NaN,NaN,NaN
PUBLICATION,WORKLOAD_SHIFT,LARS_NO_RUNTIME_VALIDATION,4,69069,SHIFT_SCAN,,10,21182,290579,-1,-1,-1,-1,-1,-1,-1,NO_CONFIDENT_DIAGNOSIS,,ABSTAIN,"diagnostic confidence not satisfied: insertScore=0.3977775265883123, scanScore=0.0",-1,-1,0,0,0.0,0.0,NaN,NaN,NaN,NaN,NaN,0,0,0,NaN,NaN,NaN,NaN,,,NaN,NaN,NaN
PUBLICATION,WORKLOAD_SHIFT,LARS_NO_RUNTIME_VALIDATION,5,48271,SHIFT_WRITE_HOT,,1,20997,141660,-1,-1,-1,-1,-1,-1,-1,NO_CONFIDENT_DIAGNOSIS,,ABSTAIN,"diagnostic confidence not satisfied: insertScore=0.6363636350112043, scanScore=0.02978467081158011",-1,-1,0,0,0.0,0.0,NaN,NaN,NaN,NaN,NaN,0,0,0,NaN,NaN,NaN,NaN,,,NaN,NaN,NaN
PUBLICATION,WORKLOAD_SHIFT,LARS_NO_RUNTIME_VALIDATION,5,48271,SHIFT_WRITE_HOT,,2,20996,145351,-1,-1,-1,-1,-1,-1,-1,NO_CONFIDENT_DIAGNOSIS,,ABSTAIN,"diagnostic confidence not satisfied: insertScore=0.30521635562967847, scanScore=0.018497792376925663",-1,-1,0,0,0.0,0.0,NaN,NaN,NaN,NaN,NaN,0,0,0,NaN,NaN,NaN,NaN,,,NaN,NaN,NaN
PUBLICATION,WORKLOAD_SHIFT,LARS_NO_RUNTIME_VALIDATION,5,48271,SHIFT_WRITE_HOT,,3,20997,162266,-1,-1,-1,-1,-1,-1,-1,NO_CONFIDENT_DIAGNOSIS,,ABSTAIN,"diagnostic confidence not satisfied: insertScore=0.051787154970437066, scanScore=0.0027434877646030143",-1,-1,0,0,0.0,0.0,NaN,NaN,NaN,NaN,NaN,0,0,0,NaN,NaN,NaN,NaN,,,NaN,NaN,NaN
PUBLICATION,WORKLOAD_SHIFT,LARS_NO_RUNTIME_VALIDATION,5,48271,SHIFT_WRITE_HOT,,4,20996,171368,-1,-1,-1,-1,-1,-1,-1,NO_CONFIDENT_DIAGNOSIS,,ABSTAIN,"diagnostic confidence not satisfied: insertScore=0.10864519646510237, scanScore=0.025009385088772127",-1,-1,0,0,0.0,0.0,NaN,NaN,NaN,NaN,NaN,0,0,0,NaN,NaN,NaN,NaN,,,NaN,NaN,NaN
PUBLICATION,WORKLOAD_SHIFT,LARS_NO_RUNTIME_VALIDATION,5,48271,SHIFT_WRITE_HOT,,5,21192,188172,-1,-1,-1,-1,-1,-1,-1,NO_CONFIDENT_DIAGNOSIS,,ABSTAIN,"diagnostic confidence not satisfied: insertScore=0.34803150522813087, scanScore=0.0",-1,-1,0,0,0.0,0.0,NaN,NaN,NaN,NaN,NaN,0,0,0,NaN,NaN,NaN,NaN,,,NaN,NaN,NaN
PUBLICATION,WORKLOAD_SHIFT,LARS_NO_RUNTIME_VALIDATION,5,48271,SHIFT_WRITE_HOT,,6,20997,190772,-1,-1,-1,-1,-1,-1,-1,INSERT_SPLIT_PRESSURE,,ABSTAIN,predicted benefit does not repay estimated adaptation cost within configured horizon,-1,-1,0,0,0.0,0.0,NaN,NaN,NaN,NaN,NaN,0,0,0,NaN,NaN,NaN,NaN,,,NaN,NaN,NaN
PUBLICATION,WORKLOAD_SHIFT,LARS_NO_RUNTIME_VALIDATION,5,48271,SHIFT_SCAN,,7,20996,209720,209720,209720,209720,-1,-1,209720,6,INSERT_SPLIT_PRESSURE,SLACKEN,COMMIT_NO_TRIAL,runtime validation disabled by evaluation policy,22,23,50,3,4.751424477058222E-5,1.3620266957232362E-4,0.026701434159061278,684000.0,2750.0,3162.4999999999995,92.47076023391813,990000,0,0,NaN,NaN,NaN,NaN,,,NaN,NaN,NaN
PUBLICATION,WORKLOAD_SHIFT,LARS_NO_RUNTIME_VALIDATION,6,134775813,SHIFT_WRITE_HOT,,1,20997,141682,-1,-1,-1,-1,-1,-1,-1,NO_CONFIDENT_DIAGNOSIS,,ABSTAIN,"diagnostic confidence not satisfied: insertScore=0.11075988129239464, scanScore=0.03134740321164351",-1,-1,0,0,0.0,0.0,NaN,NaN,NaN,NaN,NaN,0,0,0,NaN,NaN,NaN,NaN,,,NaN,NaN,NaN
PUBLICATION,WORKLOAD_SHIFT,LARS_NO_RUNTIME_VALIDATION,6,134775813,SHIFT_WRITE_HOT,,2,21000,143730,-1,-1,-1,-1,-1,-1,-1,NO_CONFIDENT_DIAGNOSIS,,ABSTAIN,"diagnostic confidence not satisfied: insertScore=0.3018411835498289, scanScore=0.02515907117293224",-1,-1,0,0,0.0,0.0,NaN,NaN,NaN,NaN,NaN,0,0,0,NaN,NaN,NaN,NaN,,,NaN,NaN,NaN
PUBLICATION,WORKLOAD_SHIFT,LARS_NO_RUNTIME_VALIDATION,6,134775813,SHIFT_WRITE_HOT,,3,21001,143764,-1,-1,-1,-1,-1,-1,-1,NO_CONFIDENT_DIAGNOSIS,,ABSTAIN,"diagnostic confidence not satisfied: insertScore=0.2853920902168518, scanScore=0.016343311876861846",-1,-1,0,0,0.0,0.0,NaN,NaN,NaN,NaN,NaN,0,0,0,NaN,NaN,NaN,NaN,,,NaN,NaN,NaN
PUBLICATION,WORKLOAD_SHIFT,LARS_NO_RUNTIME_VALIDATION,6,134775813,SHIFT_WRITE_HOT,,4,20998,144579,-1,-1,-1,-1,-1,-1,-1,NO_CONFIDENT_DIAGNOSIS,,ABSTAIN,"diagnostic confidence not satisfied: insertScore=0.543421157569317, scanScore=0.015182200338955315",-1,-1,0,0,0.0,0.0,NaN,NaN,NaN,NaN,NaN,0,0,0,NaN,NaN,NaN,NaN,,,NaN,NaN,NaN
PUBLICATION,WORKLOAD_SHIFT,LARS_NO_RUNTIME_VALIDATION,6,134775813,SHIFT_WRITE_HOT,,5,20997,158992,-1,-1,-1,-1,-1,-1,-1,NO_CONFIDENT_DIAGNOSIS,,ABSTAIN,"diagnostic confidence not satisfied: insertScore=0.36516426919260747, scanScore=0.0",-1,-1,0,0,0.0,0.0,NaN,NaN,NaN,NaN,NaN,0,0,0,NaN,NaN,NaN,NaN,,,NaN,NaN,NaN
PUBLICATION,WORKLOAD_SHIFT,LARS_NO_RUNTIME_VALIDATION,6,134775813,SHIFT_WRITE_HOT,,6,21001,164406,-1,-1,-1,-1,-1,-1,-1,NO_CONFIDENT_DIAGNOSIS,,ABSTAIN,"diagnostic confidence not satisfied: insertScore=0.05277287356810744, scanScore=0.006031996923100279",-1,-1,0,0,0.0,0.0,NaN,NaN,NaN,NaN,NaN,0,0,0,NaN,NaN,NaN,NaN,,,NaN,NaN,NaN
PUBLICATION,WORKLOAD_SHIFT,LARS_NO_RUNTIME_VALIDATION,6,134775813,SHIFT_WRITE_HOT,,7,20998,172014,-1,-1,-1,-1,-1,-1,-1,NO_CONFIDENT_DIAGNOSIS,,ABSTAIN,"diagnostic confidence not satisfied: insertScore=0.10627264470750171, scanScore=0.022486302233393676",-1,-1,0,0,0.0,0.0,NaN,NaN,NaN,NaN,NaN,0,0,0,NaN,NaN,NaN,NaN,,,NaN,NaN,NaN
PUBLICATION,WORKLOAD_SHIFT,LARS_NO_RUNTIME_VALIDATION,6,134775813,SHIFT_WRITE_HOT,,8,20997,188918,188918,188918,188918,-1,-1,188918,6,INSERT_SPLIT_PRESSURE,SLACKEN,COMMIT_NO_TRIAL,runtime validation disabled by evaluation policy,39,40,63,3,6.020509870291459E-5,1.3689878616409602E-4,0.03421888053467001,914887.2180451129,3270.0,3760.4999999999995,82.20685404339248,916900,0,0,NaN,NaN,NaN,NaN,,,NaN,NaN,NaN
PUBLICATION,WORKLOAD_SHIFT,LARS_NO_RUNTIME_VALIDATION,6,134775813,SHIFT_WRITE_HOT,,9,20999,192314,-1,-1,-1,-1,-1,-1,-1,INSERT_SPLIT_PRESSURE,,ABSTAIN,predicted benefit does not repay estimated adaptation cost within configured horizon,-1,-1,0,0,0.0,0.0,NaN,NaN,NaN,NaN,NaN,0,0,0,NaN,NaN,NaN,NaN,,,NaN,NaN,NaN
PUBLICATION,WORKLOAD_SHIFT,LARS_NO_RUNTIME_VALIDATION,6,134775813,SHIFT_WRITE_HOT,,10,21001,196476,196476,196476,196476,-1,-1,196476,6,INSERT_SPLIT_PRESSURE,SLACKEN,COMMIT_NO_TRIAL,runtime validation disabled by evaluation policy,34,35,61,3,5.808212812917465E-5,1.3633884748227596E-4,0.031958055052743274,1855558.3296922788,3190.0,3668.4999999999995,39.540659447858744,35500,0,0,NaN,NaN,NaN,NaN,,,NaN,NaN,NaN
PUBLICATION,WORKLOAD_SHIFT,LARS_NO_RUNTIME_VALIDATION,6,134775813,SHIFT_SCAN,,11,20998,218731,-1,-1,-1,-1,-1,-1,-1,INSERT_SPLIT_PRESSURE,,ABSTAIN,predicted benefit does not repay estimated adaptation cost within configured horizon,-1,-1,0,0,0.0,0.0,NaN,NaN,NaN,NaN,NaN,0,0,0,NaN,NaN,NaN,NaN,,,NaN,NaN,NaN
PUBLICATION,WORKLOAD_SHIFT,LARS_NO_RUNTIME_VALIDATION,6,134775813,SHIFT_SCAN,,12,21182,279087,-1,-1,-1,-1,-1,-1,-1,NO_CONFIDENT_DIAGNOSIS,,ABSTAIN,"diagnostic confidence not satisfied: insertScore=0.10551694508919379, scanScore=1.0922475819735986E-4",-1,-1,0,0,0.0,0.0,NaN,NaN,NaN,NaN,NaN,0,0,0,NaN,NaN,NaN,NaN,,,NaN,NaN,NaN
PUBLICATION,WORKLOAD_SHIFT,LARS_NO_RUNTIME_VALIDATION,7,16807,SHIFT_WRITE_HOT,,1,21001,143123,-1,-1,-1,-1,-1,-1,-1,NO_CONFIDENT_DIAGNOSIS,,ABSTAIN,"diagnostic confidence not satisfied: insertScore=0.4182978559928908, scanScore=0.03759298070736556",-1,-1,0,0,0.0,0.0,NaN,NaN,NaN,NaN,NaN,0,0,0,NaN,NaN,NaN,NaN,,,NaN,NaN,NaN
PUBLICATION,WORKLOAD_SHIFT,LARS_NO_RUNTIME_VALIDATION,7,16807,SHIFT_WRITE_HOT,,2,20999,143914,-1,-1,-1,-1,-1,-1,-1,NO_CONFIDENT_DIAGNOSIS,,ABSTAIN,"diagnostic confidence not satisfied: insertScore=0.7653089627544262, scanScore=0.010989682833421425",-1,-1,0,0,0.0,0.0,NaN,NaN,NaN,NaN,NaN,0,0,0,NaN,NaN,NaN,NaN,,,NaN,NaN,NaN
PUBLICATION,WORKLOAD_SHIFT,LARS_NO_RUNTIME_VALIDATION,7,16807,SHIFT_WRITE_HOT,,3,21000,144093,-1,-1,-1,-1,-1,-1,-1,NO_CONFIDENT_DIAGNOSIS,,ABSTAIN,"diagnostic confidence not satisfied: insertScore=0.1790483456633801, scanScore=0.0201387838210218",-1,-1,0,0,0.0,0.0,NaN,NaN,NaN,NaN,NaN,0,0,0,NaN,NaN,NaN,NaN,,,NaN,NaN,NaN
PUBLICATION,WORKLOAD_SHIFT,LARS_NO_RUNTIME_VALIDATION,7,16807,SHIFT_WRITE_HOT,,4,20999,164181,164181,164181,164181,-1,-1,164181,5,INSERT_SPLIT_PRESSURE,SLACKEN,COMMIT_NO_TRIAL,runtime validation disabled by evaluation policy,0,1,61,3,5.8988606495709305E-5,1.4024589780748913E-4,0.05057039853819942,402330.9793076201,3190.0,3668.4999999999995,182.3622931703245,1374900,0,0,NaN,NaN,NaN,NaN,,,NaN,NaN,NaN
PUBLICATION,WORKLOAD_SHIFT,LARS_NO_RUNTIME_VALIDATION,7,16807,SHIFT_WRITE_HOT,,5,21000,165127,165127,165127,165127,-1,-1,165127,5,INSERT_SPLIT_PRESSURE,SLACKEN,COMMIT_NO_TRIAL,runtime validation disabled by evaluation policy,21,22,62,3,5.992978549003233E-5,1.4014107534918486E-4,0.04868308452980888,5866083.483883237,3230.0,3714.4999999999995,12.664327093896286,26800,0,0,NaN,NaN,NaN,NaN,,,NaN,NaN,NaN
PUBLICATION,WORKLOAD_SHIFT,LARS_NO_RUNTIME_VALIDATION,7,16807,SHIFT_WRITE_HOT,,6,21001,174300,174300,174300,174300,-1,-1,174300,5,INSERT_SPLIT_PRESSURE,SLACKEN,COMMIT_NO_TRIAL,runtime validation disabled by evaluation policy,2,3,62,3,5.966788087596299E-5,1.3884389318276485E-4,0.032851047447948416,421712.48917262844,3230.0,3714.4999999999995,176.16267458844288,33300,0,0,NaN,NaN,NaN,NaN,,,NaN,NaN,NaN
PUBLICATION,WORKLOAD_SHIFT,LARS_NO_RUNTIME_VALIDATION,7,16807,SHIFT_WRITE_HOT,,7,20997,196207,196207,196207,196207,-1,-1,196207,6,INSERT_SPLIT_PRESSURE,SLACKEN,COMMIT_NO_TRIAL,runtime validation disabled by evaluation policy,38,39,63,3,5.9998914305360186E-5,1.3634504385765577E-4,0.03189236327395042,263194.2195091566,3270.0,3760.4999999999995,285.7585555650222,30800,0,0,NaN,NaN,NaN,NaN,,,NaN,NaN,NaN
PUBLICATION,WORKLOAD_SHIFT,LARS_NO_RUNTIME_VALIDATION,7,16807,SHIFT_SCAN,,8,20998,239329,-1,-1,-1,-1,-1,-1,-1,INSERT_SPLIT_PRESSURE,,ABSTAIN,predicted benefit does not repay estimated adaptation cost within configured horizon,-1,-1,0,0,0.0,0.0,NaN,NaN,NaN,NaN,NaN,0,0,0,NaN,NaN,NaN,NaN,,,NaN,NaN,NaN
PUBLICATION,WORKLOAD_SHIFT,LARS_NO_RUNTIME_VALIDATION,8,2147483647,SHIFT_WRITE_HOT,,1,20996,141574,-1,-1,-1,-1,-1,-1,-1,NO_CONFIDENT_DIAGNOSIS,,ABSTAIN,"diagnostic confidence not satisfied: insertScore=0.3784802897863318, scanScore=0.03296736917189226",-1,-1,0,0,0.0,0.0,NaN,NaN,NaN,NaN,NaN,0,0,0,NaN,NaN,NaN,NaN,,,NaN,NaN,NaN
PUBLICATION,WORKLOAD_SHIFT,LARS_NO_RUNTIME_VALIDATION,8,2147483647,SHIFT_WRITE_HOT,,2,21001,144745,-1,-1,-1,-1,-1,-1,-1,NO_CONFIDENT_DIAGNOSIS,,ABSTAIN,"diagnostic confidence not satisfied: insertScore=0.09321444448546244, scanScore=0.02124791332912486",-1,-1,0,0,0.0,0.0,NaN,NaN,NaN,NaN,NaN,0,0,0,NaN,NaN,NaN,NaN,,,NaN,NaN,NaN
PUBLICATION,WORKLOAD_SHIFT,LARS_NO_RUNTIME_VALIDATION,8,2147483647,SHIFT_WRITE_HOT,,3,20996,158967,158967,158967,158967,-1,-1,158967,5,INSERT_SPLIT_PRESSURE,SLACKEN,COMMIT_NO_TRIAL,runtime validation disabled by evaluation policy,27,28,57,3,5.5257509689452797E-5,1.407921907264877E-4,0.05889796387898309,744840.676406304,3030.0,3484.4999999999995,93.56363341518788,875000,0,0,NaN,NaN,NaN,NaN,,,NaN,NaN,NaN
PUBLICATION,WORKLOAD_SHIFT,LARS_NO_RUNTIME_VALIDATION,8,2147483647,SHIFT_WRITE_HOT,,4,21001,165844,-1,-1,-1,-1,-1,-1,-1,NO_CONFIDENT_DIAGNOSIS,,ABSTAIN,"diagnostic confidence not satisfied: insertScore=0.0808961703931232, scanScore=0.00728600614482969",-1,-1,0,0,0.0,0.0,NaN,NaN,NaN,NaN,NaN,0,0,0,NaN,NaN,NaN,NaN,,,NaN,NaN,NaN
PUBLICATION,WORKLOAD_SHIFT,LARS_NO_RUNTIME_VALIDATION,8,2147483647,SHIFT_WRITE_HOT,,5,21001,195421,-1,-1,-1,-1,-1,-1,-1,INSERT_SPLIT_PRESSURE,,ABSTAIN,predicted benefit does not repay estimated adaptation cost within configured horizon,-1,-1,0,0,0.0,0.0,NaN,NaN,NaN,NaN,NaN,0,0,0,NaN,NaN,NaN,NaN,,,NaN,NaN,NaN
PUBLICATION,WORKLOAD_SHIFT,LARS_NO_RUNTIME_VALIDATION,8,2147483647,SHIFT_WRITE_HOT,,6,20998,197037,-1,-1,-1,-1,-1,-1,-1,INSERT_SPLIT_PRESSURE,,ABSTAIN,predicted benefit does not repay estimated adaptation cost within configured horizon,-1,-1,0,0,0.0,0.0,NaN,NaN,NaN,NaN,NaN,0,0,0,NaN,NaN,NaN,NaN,,,NaN,NaN,NaN
PUBLICATION,WORKLOAD_SHIFT,LARS_NO_RUNTIME_VALIDATION,8,2147483647,SHIFT_SCAN,,7,21000,216107,-1,-1,-1,-1,-1,-1,-1,INSERT_SPLIT_PRESSURE,,ABSTAIN,predicted benefit does not repay estimated adaptation cost within configured horizon,-1,-1,0,0,0.0,0.0,NaN,NaN,NaN,NaN,NaN,0,0,0,NaN,NaN,NaN,NaN,,,NaN,NaN,NaN
PUBLICATION,WORKLOAD_SHIFT,LARS_NO_RUNTIME_VALIDATION,8,2147483647,SHIFT_SCAN,,8,20997,266762,-1,-1,-1,-1,-1,-1,-1,INSERT_SPLIT_PRESSURE,,ABSTAIN,predicted benefit does not repay estimated adaptation cost within configured horizon,-1,-1,0,0,0.0,0.0,NaN,NaN,NaN,NaN,NaN,0,0,0,NaN,NaN,NaN,NaN,,,NaN,NaN,NaN
PUBLICATION,WORKLOAD_SHIFT,LARS_NO_RUNTIME_VALIDATION,9,6364136223846793005,SHIFT_WRITE_HOT,,1,20996,141852,-1,-1,-1,-1,-1,-1,-1,INSERT_SPLIT_PRESSURE,,ABSTAIN,no feasible bounded repair window for SLACKEN,-1,-1,0,0,0.0,0.0,NaN,NaN,NaN,NaN,NaN,0,0,0,NaN,NaN,NaN,NaN,,,NaN,NaN,NaN
PUBLICATION,WORKLOAD_SHIFT,LARS_NO_RUNTIME_VALIDATION,9,6364136223846793005,SHIFT_WRITE_HOT,,2,20996,164055,-1,-1,-1,-1,-1,-1,-1,NO_CONFIDENT_DIAGNOSIS,,ABSTAIN,"diagnostic confidence not satisfied: insertScore=0.05997942247883209, scanScore=0.005831390476362226",-1,-1,0,0,0.0,0.0,NaN,NaN,NaN,NaN,NaN,0,0,0,NaN,NaN,NaN,NaN,,,NaN,NaN,NaN
PUBLICATION,WORKLOAD_SHIFT,LARS_NO_RUNTIME_VALIDATION,9,6364136223846793005,SHIFT_WRITE_HOT,,3,21001,190006,190006,190006,190006,-1,-1,190006,6,INSERT_SPLIT_PRESSURE,SLACKEN,COMMIT_NO_TRIAL,runtime validation disabled by evaluation policy,31,32,64,3,6.111185378988981E-5,1.3674901996535692E-4,0.032803690415171706,106370.4510507432,3310.0,3806.4999999999995,715.7062816597701,1043300,0,0,NaN,NaN,NaN,NaN,,,NaN,NaN,NaN
PUBLICATION,WORKLOAD_SHIFT,LARS_NO_RUNTIME_VALIDATION,9,6364136223846793005,SHIFT_WRITE_HOT,,4,20996,193988,-1,-1,-1,-1,-1,-1,-1,INSERT_SPLIT_PRESSURE,,ABSTAIN,predicted benefit does not repay estimated adaptation cost within configured horizon,-1,-1,0,0,0.0,0.0,NaN,NaN,NaN,NaN,NaN,0,0,0,NaN,NaN,NaN,NaN,,,NaN,NaN,NaN
PUBLICATION,WORKLOAD_SHIFT,LARS_NO_RUNTIME_VALIDATION,9,6364136223846793005,SHIFT_WRITE_HOT,,5,20999,195975,195975,195975,195975,-1,-1,195975,6,INSERT_SPLIT_PRESSURE,SLACKEN,COMMIT_NO_TRIAL,runtime validation disabled by evaluation policy,1,2,52,3,4.951494399098066E-5,1.363264564209761E-4,0.03244819063311997,3840941.124279105,2830.0,3254.4999999999995,16.946367542204005,28800,0,0,NaN,NaN,NaN,NaN,,,NaN,NaN,NaN
PUBLICATION,WORKLOAD_SHIFT,LOCAL_COST_ADAPTIVE,0,1103515245,SHIFT_WRITE_HOT,,1,21000,144445,144445,144445,144445,-1,-1,144445,4,INSERT_SPLIT_PRESSURE,SLACKEN,COMMIT_NO_TRIAL,runtime validation disabled by evaluation policy,22,23,56,3,5.464304916020464E-5,1.4115654260574978E-4,0.06890982503364737,3789717.3620457603,2990.0,3438.4999999999995,18.146472000454583,1001000,0,0,NaN,NaN,NaN,NaN,,,NaN,NaN,NaN
PUBLICATION,WORKLOAD_SHIFT,LOCAL_COST_ADAPTIVE,0,1103515245,SHIFT_WRITE_HOT,,2,21001,144711,-1,-1,-1,-1,-1,-1,-1,NO_CONFIDENT_DIAGNOSIS,,ABSTAIN,no cost-admissible candidate without explicit diagnosis,-1,-1,0,0,0.0,0.0,NaN,NaN,NaN,NaN,NaN,0,0,0,NaN,NaN,NaN,NaN,,,NaN,NaN,NaN
PUBLICATION,WORKLOAD_SHIFT,LOCAL_COST_ADAPTIVE,0,1103515245,SHIFT_WRITE_HOT,,3,21001,168752,-1,-1,-1,-1,-1,-1,-1,NO_CONFIDENT_DIAGNOSIS,,ABSTAIN,no cost-admissible candidate without explicit diagnosis,-1,-1,0,0,0.0,0.0,NaN,NaN,NaN,NaN,NaN,0,0,0,NaN,NaN,NaN,NaN,,,NaN,NaN,NaN
PUBLICATION,WORKLOAD_SHIFT,LOCAL_COST_ADAPTIVE,0,1103515245,SHIFT_WRITE_HOT,,4,20998,193701,193701,193701,193701,-1,-1,193701,6,INSERT_SPLIT_PRESSURE,SLACKEN,COMMIT_NO_TRIAL,runtime validation disabled by evaluation policy,19,20,60,3,5.720360192013424E-5,1.3656227239621267E-4,0.033335503613516504,1024179.9596327887,3150.0,3622.4999999999995,70.73952123216348,26000,0,0,NaN,NaN,NaN,NaN,,,NaN,NaN,NaN
PUBLICATION,WORKLOAD_SHIFT,LOCAL_COST_ADAPTIVE,0,1103515245,SHIFT_WRITE_HOT,,5,20996,195450,-1,-1,-1,-1,-1,-1,-1,NO_CONFIDENT_DIAGNOSIS,,ABSTAIN,no cost-admissible candidate without explicit diagnosis,-1,-1,0,0,0.0,0.0,NaN,NaN,NaN,NaN,NaN,0,0,0,NaN,NaN,NaN,NaN,,,NaN,NaN,NaN
PUBLICATION,WORKLOAD_SHIFT,LOCAL_COST_ADAPTIVE,0,1103515245,SHIFT_WRITE_HOT,,6,20999,197283,-1,-1,-1,-1,-1,-1,-1,NO_CONFIDENT_DIAGNOSIS,,ABSTAIN,no cost-admissible candidate without explicit diagnosis,-1,-1,0,0,0.0,0.0,NaN,NaN,NaN,NaN,NaN,0,0,0,NaN,NaN,NaN,NaN,,,NaN,NaN,NaN
PUBLICATION,WORKLOAD_SHIFT,LOCAL_COST_ADAPTIVE,0,1103515245,SHIFT_WRITE_HOT,,7,21001,199572,199572,199572,199572,-1,-1,199572,6,INSERT_SPLIT_PRESSURE,SLACKEN,COMMIT_NO_TRIAL,runtime validation disabled by evaluation policy,57,58,45,3,4.278392123194875E-5,1.3618412093149938E-4,0.03325107156773607,1297259.384335628,2550.0,2932.5,45.21069626336658,27900,0,0,NaN,NaN,NaN,NaN,,,NaN,NaN,NaN
PUBLICATION,WORKLOAD_SHIFT,LOCAL_COST_ADAPTIVE,0,1103515245,SHIFT_SCAN,,8,20997,213503,-1,-1,-1,-1,-1,-1,-1,NO_CONFIDENT_DIAGNOSIS,,ABSTAIN,no cost-admissible candidate without explicit diagnosis,-1,-1,0,0,0.0,0.0,NaN,NaN,NaN,NaN,NaN,0,0,0,NaN,NaN,NaN,NaN,,,NaN,NaN,NaN
PUBLICATION,WORKLOAD_SHIFT,LOCAL_COST_ADAPTIVE,1,214013,SHIFT_WRITE_HOT,,1,20996,144859,144859,144859,144859,-1,-1,144859,4,INSERT_SPLIT_PRESSURE,SLACKEN,COMMIT_NO_TRIAL,runtime validation disabled by evaluation policy,13,14,57,3,5.562592831867216E-5,1.411631846414455E-4,0.06762200356600409,3624539.3911378197,3030.0,3484.4999999999995,19.227270690006993,1383100,0,0,NaN,NaN,NaN,NaN,,,NaN,NaN,NaN
PUBLICATION,WORKLOAD_SHIFT,LOCAL_COST_ADAPTIVE,1,214013,SHIFT_WRITE_HOT,,2,21001,190376,190376,190376,190376,-1,-1,190376,6,INSERT_SPLIT_PRESSURE,SLACKEN,COMMIT_NO_TRIAL,runtime validation disabled by evaluation policy,0,1,62,3,5.920629190993768E-5,1.3679890560875513E-4,0.03385571645837466,898018.2503471533,3230.0,3714.4999999999995,82.72660379817579,30700,0,0,NaN,NaN,NaN,NaN,,,NaN,NaN,NaN
PUBLICATION,WORKLOAD_SHIFT,LOCAL_COST_ADAPTIVE,1,214013,SHIFT_WRITE_HOT,,3,21000,193217,-1,-1,-1,-1,-1,-1,-1,NO_CONFIDENT_DIAGNOSIS,,ABSTAIN,no cost-admissible candidate without explicit diagnosis,-1,-1,0,0,0.0,0.0,NaN,NaN,NaN,NaN,NaN,0,0,0,NaN,NaN,NaN,NaN,,,NaN,NaN,NaN
PUBLICATION,WORKLOAD_SHIFT,LOCAL_COST_ADAPTIVE,1,214013,SHIFT_SCAN,,4,20999,200696,-1,-1,-1,-1,-1,-1,-1,NO_CONFIDENT_DIAGNOSIS,,ABSTAIN,no cost-admissible candidate without explicit diagnosis,-1,-1,0,0,0.0,0.0,NaN,NaN,NaN,NaN,NaN,0,0,0,NaN,NaN,NaN,NaN,,,NaN,NaN,NaN
PUBLICATION,WORKLOAD_SHIFT,LOCAL_COST_ADAPTIVE,2,1664525,SHIFT_WRITE_HOT,,1,20996,190735,190735,190735,190735,-1,-1,190735,6,INSERT_SPLIT_PRESSURE,SLACKEN,COMMIT_NO_TRIAL,runtime validation disabled by evaluation policy,29,30,62,3,5.91942516653157E-5,1.3665558238054024E-4,0.03458524723047825,1314048.9057011618,3230.0,3714.4999999999995,56.53518653505493,1038300,0,0,NaN,NaN,NaN,NaN,,,NaN,NaN,NaN
PUBLICATION,WORKLOAD_SHIFT,LOCAL_COST_ADAPTIVE,2,1664525,SHIFT_WRITE_HOT,,2,21001,191324,-1,-1,-1,-1,-1,-1,-1,NO_CONFIDENT_DIAGNOSIS,,ABSTAIN,no cost-admissible candidate without explicit diagnosis,-1,-1,0,0,0.0,0.0,NaN,NaN,NaN,NaN,NaN,0,0,0,NaN,NaN,NaN,NaN,,,NaN,NaN,NaN
PUBLICATION,WORKLOAD_SHIFT,LOCAL_COST_ADAPTIVE,2,1664525,SHIFT_WRITE_HOT,,3,20998,194586,194586,194586,194586,-1,-1,194586,6,INSERT_SPLIT_PRESSURE,SLACKEN,COMMIT_NO_TRIAL,runtime validation disabled by evaluation policy,49,50,43,3,4.097825579389653E-5,1.3640083659179777E-4,0.033511143109598455,492145.17131917394,2470.0,2840.5,115.43341946792494,26900,0,0,NaN,NaN,NaN,NaN,,,NaN,NaN,NaN
PUBLICATION,WORKLOAD_SHIFT,LOCAL_COST_ADAPTIVE,2,1664525,SHIFT_WRITE_HOT,,4,20997,196291,-1,-1,-1,-1,-1,-1,-1,NO_CONFIDENT_DIAGNOSIS,,ABSTAIN,no cost-admissible candidate without explicit diagnosis,-1,-1,0,0,0.0,0.0,NaN,NaN,NaN,NaN,NaN,0,0,0,NaN,NaN,NaN,NaN,,,NaN,NaN,NaN
PUBLICATION,WORKLOAD_SHIFT,LOCAL_COST_ADAPTIVE,3,22695477,SHIFT_WRITE_HOT,,1,20997,188200,-1,-1,-1,-1,-1,-1,-1,NO_CONFIDENT_DIAGNOSIS,,ABSTAIN,no cost-admissible candidate without explicit diagnosis,-1,-1,0,0,0.0,0.0,NaN,NaN,NaN,NaN,NaN,0,0,0,NaN,NaN,NaN,NaN,,,NaN,NaN,NaN
PUBLICATION,WORKLOAD_SHIFT,LOCAL_COST_ADAPTIVE,3,22695477,SHIFT_WRITE_HOT,,2,21000,191754,-1,-1,-1,-1,-1,-1,-1,NO_CONFIDENT_DIAGNOSIS,,ABSTAIN,no cost-admissible candidate without explicit diagnosis,-1,-1,0,0,0.0,0.0,NaN,NaN,NaN,NaN,NaN,0,0,0,NaN,NaN,NaN,NaN,,,NaN,NaN,NaN
PUBLICATION,WORKLOAD_SHIFT,LOCAL_COST_ADAPTIVE,3,22695477,SHIFT_WRITE_HOT,,3,20998,192527,-1,-1,-1,-1,-1,-1,-1,NO_CONFIDENT_DIAGNOSIS,,ABSTAIN,no cost-admissible candidate without explicit diagnosis,-1,-1,0,0,0.0,0.0,NaN,NaN,NaN,NaN,NaN,0,0,0,NaN,NaN,NaN,NaN,,,NaN,NaN,NaN
PUBLICATION,WORKLOAD_SHIFT,LOCAL_COST_ADAPTIVE,3,22695477,SHIFT_SCAN,,4,20999,207531,-1,-1,-1,-1,-1,-1,-1,NO_CONFIDENT_DIAGNOSIS,,ABSTAIN,no cost-admissible candidate without explicit diagnosis,-1,-1,0,0,0.0,0.0,NaN,NaN,NaN,NaN,NaN,0,0,0,NaN,NaN,NaN,NaN,,,NaN,NaN,NaN
PUBLICATION,WORKLOAD_SHIFT,LOCAL_COST_ADAPTIVE,3,22695477,SHIFT_SCAN,,5,21001,223177,223177,223177,223177,-1,-1,223177,6,INSERT_SPLIT_PRESSURE,SLACKEN,COMMIT_NO_TRIAL,runtime validation disabled by evaluation policy,14,15,44,3,4.179585385129795E-5,1.361532177543796E-4,0.020294105989139482,408403.8209996433,2510.0,2886.5,141.35519069996758,835400,0,0,NaN,NaN,NaN,NaN,,,NaN,NaN,NaN
PUBLICATION,WORKLOAD_SHIFT,LOCAL_COST_ADAPTIVE,4,69069,SHIFT_WRITE_HOT,,1,20999,192417,192417,192417,192417,-1,-1,192417,6,INSERT_SPLIT_PRESSURE,SLACKEN,COMMIT_NO_TRIAL,runtime validation disabled by evaluation policy,39,40,59,3,5.629110323883743E-5,1.3659336156262805E-4,0.03180519319170083,1357993.5395701327,3110.0,3576.4999999999995,52.67329918420857,1290100,0,0,NaN,NaN,NaN,NaN,,,NaN,NaN,NaN
PUBLICATION,WORKLOAD_SHIFT,LOCAL_COST_ADAPTIVE,4,69069,SHIFT_WRITE_HOT,,2,20998,192839,-1,-1,-1,-1,-1,-1,-1,NO_CONFIDENT_DIAGNOSIS,,ABSTAIN,no cost-admissible candidate without explicit diagnosis,-1,-1,0,0,0.0,0.0,NaN,NaN,NaN,NaN,NaN,0,0,0,NaN,NaN,NaN,NaN,,,NaN,NaN,NaN
PUBLICATION,WORKLOAD_SHIFT,LOCAL_COST_ADAPTIVE,4,69069,SHIFT_WRITE_HOT,,3,20997,193766,-1,-1,-1,-1,-1,-1,-1,NO_CONFIDENT_DIAGNOSIS,,ABSTAIN,no cost-admissible candidate without explicit diagnosis,-1,-1,0,0,0.0,0.0,NaN,NaN,NaN,NaN,NaN,0,0,0,NaN,NaN,NaN,NaN,,,NaN,NaN,NaN
PUBLICATION,WORKLOAD_SHIFT,LOCAL_COST_ADAPTIVE,4,69069,SHIFT_WRITE_HOT,,4,21001,195320,-1,-1,-1,-1,-1,-1,-1,NO_CONFIDENT_DIAGNOSIS,,ABSTAIN,no cost-admissible candidate without explicit diagnosis,-1,-1,0,0,0.0,0.0,NaN,NaN,NaN,NaN,NaN,0,0,0,NaN,NaN,NaN,NaN,,,NaN,NaN,NaN
PUBLICATION,WORKLOAD_SHIFT,LOCAL_COST_ADAPTIVE,4,69069,SHIFT_WRITE_HOT,,5,21000,195705,-1,-1,-1,-1,-1,-1,-1,NO_CONFIDENT_DIAGNOSIS,,ABSTAIN,no cost-admissible candidate without explicit diagnosis,-1,-1,0,0,0.0,0.0,NaN,NaN,NaN,NaN,NaN,0,0,0,NaN,NaN,NaN,NaN,,,NaN,NaN,NaN
PUBLICATION,WORKLOAD_SHIFT,LOCAL_COST_ADAPTIVE,5,48271,SHIFT_WRITE_HOT,,1,21001,145768,145768,145768,145768,-1,-1,145768,4,INSERT_SPLIT_PRESSURE,SLACKEN,COMMIT_NO_TRIAL,runtime validation disabled by evaluation policy,2,3,52,3,5.071983145409855E-5,1.4114990119506917E-4,0.06526865957039964,355510.2300975205,2830.0,3254.4999999999995,183.08896478772232,837100,0,0,NaN,NaN,NaN,NaN,,,NaN,NaN,NaN
PUBLICATION,WORKLOAD_SHIFT,LOCAL_COST_ADAPTIVE,5,48271,SHIFT_WRITE_HOT,,2,21000,189115,-1,-1,-1,-1,-1,-1,-1,NO_CONFIDENT_DIAGNOSIS,,ABSTAIN,no cost-admissible candidate without explicit diagnosis,-1,-1,0,0,0.0,0.0,NaN,NaN,NaN,NaN,NaN,0,0,0,NaN,NaN,NaN,NaN,,,NaN,NaN,NaN
PUBLICATION,WORKLOAD_SHIFT,LOCAL_COST_ADAPTIVE,5,48271,SHIFT_WRITE_HOT,,3,20997,190772,190772,190772,190772,-1,-1,190772,6,INSERT_SPLIT_PRESSURE,SLACKEN,COMMIT_NO_TRIAL,runtime validation disabled by evaluation policy,23,24,63,3,6.0151409691251404E-5,1.367178599097662E-4,0.035926042872680065,1343812.230291548,3270.0,3760.4999999999995,55.96764064551096,31600,0,0,NaN,NaN,NaN,NaN,,,NaN,NaN,NaN
PUBLICATION,WORKLOAD_SHIFT,LOCAL_COST_ADAPTIVE,5,48271,SHIFT_SCAN,,4,20996,209720,209720,209720,209720,-1,-1,209720,6,INSERT_SPLIT_PRESSURE,SLACKEN,COMMIT_NO_TRIAL,runtime validation disabled by evaluation policy,22,23,50,3,4.751424477058222E-5,1.3621503814021069E-4,0.026701434159061278,1303200.0,2750.0,3162.4999999999995,48.534376918354816,29100,0,0,NaN,NaN,NaN,NaN,,,NaN,NaN,NaN
PUBLICATION,WORKLOAD_SHIFT,LOCAL_COST_ADAPTIVE,6,134775813,SHIFT_WRITE_HOT,,1,20997,141682,-1,-1,-1,-1,-1,-1,-1,NO_CONFIDENT_DIAGNOSIS,,ABSTAIN,no cost-admissible candidate without explicit diagnosis,-1,-1,0,0,0.0,0.0,NaN,NaN,NaN,NaN,NaN,0,0,0,NaN,NaN,NaN,NaN,,,NaN,NaN,NaN
PUBLICATION,WORKLOAD_SHIFT,LOCAL_COST_ADAPTIVE,6,134775813,SHIFT_WRITE_HOT,,2,20997,158992,158992,158992,158992,-1,-1,158992,5,INSERT_SPLIT_PRESSURE,SLACKEN,COMMIT_NO_TRIAL,runtime validation disabled by evaluation policy,11,12,63,3,6.106793274385007E-5,1.4085168317761398E-4,0.05916339265079732,996383.1754102149,3270.0,3760.4999999999995,75.48300880234729,724700,0,0,NaN,NaN,NaN,NaN,,,NaN,NaN,NaN
PUBLICATION,WORKLOAD_SHIFT,LOCAL_COST_ADAPTIVE,6,134775813,SHIFT_WRITE_HOT,,3,20999,192314,-1,-1,-1,-1,-1,-1,-1,NO_CONFIDENT_DIAGNOSIS,,ABSTAIN,no cost-admissible candidate without explicit diagnosis,-1,-1,0,0,0.0,0.0,NaN,NaN,NaN,NaN,NaN,0,0,0,NaN,NaN,NaN,NaN,,,NaN,NaN,NaN
PUBLICATION,WORKLOAD_SHIFT,LOCAL_COST_ADAPTIVE,6,134775813,SHIFT_WRITE_HOT,,4,21001,196476,-1,-1,-1,-1,-1,-1,-1,NO_CONFIDENT_DIAGNOSIS,,ABSTAIN,no cost-admissible candidate without explicit diagnosis,-1,-1,0,0,0.0,0.0,NaN,NaN,NaN,NaN,NaN,0,0,0,NaN,NaN,NaN,NaN,,,NaN,NaN,NaN
PUBLICATION,WORKLOAD_SHIFT,LOCAL_COST_ADAPTIVE,6,134775813,SHIFT_SCAN,,5,20998,218731,-1,-1,-1,-1,-1,-1,-1,NO_CONFIDENT_DIAGNOSIS,,ABSTAIN,no cost-admissible candidate without explicit diagnosis,-1,-1,0,0,0.0,0.0,NaN,NaN,NaN,NaN,NaN,0,0,0,NaN,NaN,NaN,NaN,,,NaN,NaN,NaN
PUBLICATION,WORKLOAD_SHIFT,LOCAL_COST_ADAPTIVE,7,16807,SHIFT_WRITE_HOT,,1,21001,143123,143123,143123,143123,-1,-1,143123,4,INSERT_SPLIT_PRESSURE,SLACKEN,COMMIT_NO_TRIAL,runtime validation disabled by evaluation policy,18,19,48,3,4.687509155291319E-5,1.4114990119506917E-4,0.0670200929380195,1199450.2258001177,2670.0,3070.4999999999995,51.1984563253012,934100,0,0,NaN,NaN,NaN,NaN,,,NaN,NaN,NaN
PUBLICATION,WORKLOAD_SHIFT,LOCAL_COST_ADAPTIVE,7,16807,SHIFT_WRITE_HOT,,2,20999,143914,143914,143914,143914,-1,-1,143914,4,INSERT_SPLIT_PRESSURE,SLACKEN,COMMIT_NO_TRIAL,runtime validation disabled by evaluation policy,13,14,51,3,4.9787330003114146E-5,1.4114326040931546E-4,0.06644173371398909,476200.3633532312,2790.0,3208.4999999999995,134.75420209287114,32600,0,0,NaN,NaN,NaN,NaN,,,NaN,NaN,NaN
PUBLICATION,WORKLOAD_SHIFT,LOCAL_COST_ADAPTIVE,7,16807,SHIFT_WRITE_HOT,,3,20997,144415,144415,144415,144415,-1,-1,144415,4,INSERT_SPLIT_PRESSURE,SLACKEN,COMMIT_NO_TRIAL,runtime validation disabled by evaluation policy,40,41,50,3,4.8799960179232494E-5,1.4113662024840045E-4,0.06834868508877319,545721.5325056734,2750.0,3162.4999999999995,115.90160225048923,28400,0,0,NaN,NaN,NaN,NaN,,,NaN,NaN,NaN
PUBLICATION,WORKLOAD_SHIFT,LOCAL_COST_ADAPTIVE,7,16807,SHIFT_WRITE_HOT,,4,20996,146122,146122,146122,146122,-1,-1,146122,4,INSERT_SPLIT_PRESSURE,SLACKEN,COMMIT_NO_TRIAL,runtime validation disabled by evaluation policy,32,33,51,3,4.9738434351118234E-5,1.4110342881332017E-4,0.06936729440455223,6.847803820620513E7,2790.0,3208.4999999999995,0.9370887613159636,48900,0,0,NaN,NaN,NaN,NaN,,,NaN,NaN,NaN
PUBLICATION,WORKLOAD_SHIFT,LOCAL_COST_ADAPTIVE,7,16807,SHIFT_WRITE_HOT,,5,20998,147353,-1,-1,-1,-1,-1,-1,-1,NO_CONFIDENT_DIAGNOSIS,,ABSTAIN,no cost-admissible candidate without explicit diagnosis,-1,-1,0,0,0.0,0.0,NaN,NaN,NaN,NaN,NaN,0,0,0,NaN,NaN,NaN,NaN,,,NaN,NaN,NaN
PUBLICATION,WORKLOAD_SHIFT,LOCAL_COST_ADAPTIVE,7,16807,SHIFT_WRITE_HOT,,6,20998,172714,172714,172714,172714,-1,-1,172714,5,INSERT_SPLIT_PRESSURE,SLACKEN,COMMIT_NO_TRIAL,runtime validation disabled by evaluation policy,28,30,92,4,8.860552243549615E-5,1.8546853989891965E-4,0.04038332610324565,4491067.555310171,4680.0,5382.0,23.967575342465754,39000,0,0,NaN,NaN,NaN,NaN,,,NaN,NaN,NaN
PUBLICATION,WORKLOAD_SHIFT,LOCAL_COST_ADAPTIVE,7,16807,SHIFT_WRITE_HOT,,7,21000,193814,193814,193814,193814,-1,-1,193814,6,INSERT_SPLIT_PRESSURE,SLACKEN,COMMIT_NO_TRIAL,runtime validation disabled by evaluation policy,55,56,36,3,3.432383008178606E-5,1.365001365001365E-4,0.035718022951620215,505610.93864452885,2190.0,2518.5,99.62205353989138,31500,0,0,NaN,NaN,NaN,NaN,,,NaN,NaN,NaN
PUBLICATION,WORKLOAD_SHIFT,LOCAL_COST_ADAPTIVE,8,2147483647,SHIFT_WRITE_HOT,,1,20999,144191,144191,144191,144191,-1,-1,144191,4,INSERT_SPLIT_PRESSURE,SLACKEN,COMMIT_NO_TRIAL,runtime validation disabled by evaluation policy,14,15,49,3,4.784221831673501E-5,1.4115654260574978E-4,0.0680896336192566,7675829.50994082,2710.0,3116.4999999999995,8.120295001247435,880600,0,0,NaN,NaN,NaN,NaN,,,NaN,NaN,NaN
PUBLICATION,WORKLOAD_SHIFT,LOCAL_COST_ADAPTIVE,8,2147483647,SHIFT_WRITE_HOT,,2,21001,144745,144745,144745,144745,-1,-1,144745,4,INSERT_SPLIT_PRESSURE,SLACKEN,COMMIT_NO_TRIAL,runtime validation disabled by evaluation policy,43,44,59,3,5.758996724204575E-5,1.4114990119506917E-4,0.06491283676703645,755917.591125198,3110.0,3576.4999999999995,94.62671703872665,31500,0,0,NaN,NaN,NaN,NaN,,,NaN,NaN,NaN
PUBLICATION,WORKLOAD_SHIFT,LOCAL_COST_ADAPTIVE,8,2147483647,SHIFT_WRITE_HOT,,3,20996,189549,189549,189549,189549,-1,-1,189549,6,INSERT_SPLIT_PRESSURE,SLACKEN,COMMIT_NO_TRIAL,runtime validation disabled by evaluation policy,31,32,62,3,5.92338389546565E-5,1.369988126769568E-4,0.033506756977847586,481954.1245378097,3230.0,3714.4999999999995,154.1433016498065,36600,0,0,NaN,NaN,NaN,NaN,,,NaN,NaN,NaN
PUBLICATION,WORKLOAD_SHIFT,LOCAL_COST_ADAPTIVE,8,2147483647,SHIFT_WRITE_HOT,,4,20998,197037,-1,-1,-1,-1,-1,-1,-1,NO_CONFIDENT_DIAGNOSIS,,ABSTAIN,no cost-admissible candidate without explicit diagnosis,-1,-1,0,0,0.0,0.0,NaN,NaN,NaN,NaN,NaN,0,0,0,NaN,NaN,NaN,NaN,,,NaN,NaN,NaN
PUBLICATION,WORKLOAD_SHIFT,LOCAL_COST_ADAPTIVE,8,2147483647,SHIFT_SCAN,,5,21000,216107,-1,-1,-1,-1,-1,-1,-1,NO_CONFIDENT_DIAGNOSIS,,ABSTAIN,no cost-admissible candidate without explicit diagnosis,-1,-1,0,0,0.0,0.0,NaN,NaN,NaN,NaN,NaN,0,0,0,NaN,NaN,NaN,NaN,,,NaN,NaN,NaN
PUBLICATION,WORKLOAD_SHIFT,LOCAL_COST_ADAPTIVE,8,2147483647,SHIFT_SCAN,,6,20997,266762,-1,-1,-1,-1,-1,-1,-1,NO_CONFIDENT_DIAGNOSIS,,ABSTAIN,no cost-admissible candidate without explicit diagnosis,-1,-1,0,0,0.0,0.0,NaN,NaN,NaN,NaN,NaN,0,0,0,NaN,NaN,NaN,NaN,,,NaN,NaN,NaN
PUBLICATION,WORKLOAD_SHIFT,LOCAL_COST_ADAPTIVE,9,6364136223846793005,SHIFT_WRITE_HOT,,1,21001,141967,141967,141967,141967,-1,-1,141967,4,INSERT_SPLIT_PRESSURE,SLACKEN,COMMIT_NO_TRIAL,runtime validation disabled by evaluation policy,12,13,57,3,5.569517347580875E-5,1.411631846414455E-4,0.06881257979974464,809636.4491633627,3030.0,3484.4999999999995,86.07567022459784,651100,0,0,NaN,NaN,NaN,NaN,,,NaN,NaN,NaN
PUBLICATION,WORKLOAD_SHIFT,LOCAL_COST_ADAPTIVE,9,6364136223846793005,SHIFT_WRITE_HOT,,2,20996,193988,-1,-1,-1,-1,-1,-1,-1,NO_CONFIDENT_DIAGNOSIS,,ABSTAIN,no cost-admissible candidate without explicit diagnosis,-1,-1,0,0,0.0,0.0,NaN,NaN,NaN,NaN,NaN,0,0,0,NaN,NaN,NaN,NaN,,,NaN,NaN,NaN
PUBLICATION,WORKLOAD_SHIFT,LOCAL_COST_ADAPTIVE,9,6364136223846793005,SHIFT_WRITE_HOT,,3,20998,194007,-1,-1,-1,-1,-1,-1,-1,NO_CONFIDENT_DIAGNOSIS,,ABSTAIN,no cost-admissible candidate without explicit diagnosis,-1,-1,0,0,0.0,0.0,NaN,NaN,NaN,NaN,NaN,0,0,0,NaN,NaN,NaN,NaN,,,NaN,NaN,NaN
PUBLICATION,WORKLOAD_SHIFT,LOCAL_COST_ADAPTIVE,9,6364136223846793005,SHIFT_WRITE_HOT,,4,20999,195975,-1,-1,-1,-1,-1,-1,-1,NO_CONFIDENT_DIAGNOSIS,,ABSTAIN,no cost-admissible candidate without explicit diagnosis,-1,-1,0,0,0.0,0.0,NaN,NaN,NaN,NaN,NaN,0,0,0,NaN,NaN,NaN,NaN,,,NaN,NaN,NaN
PUBLICATION,WORKLOAD_SHIFT,PERIODIC_GLOBAL_REBUILD,0,1103515245,SHIFT_READ,,1,-1,50000,50000,50000,50000,-1,-1,50000,-1,,GLOBAL_REBUILD,COMMIT,periodic interval,-1,-1,1001491,41699,1.0,1.0,1.0,NaN,NaN,NaN,NaN,27196200,0,0,NaN,NaN,NaN,NaN,,,NaN,NaN,NaN
PUBLICATION,WORKLOAD_SHIFT,PERIODIC_GLOBAL_REBUILD,0,1103515245,SHIFT_READ,,2,-1,100000,100000,100000,100000,-1,-1,100000,-1,,GLOBAL_REBUILD,COMMIT,periodic interval,-1,-1,1002996,41761,1.0,1.0,1.0,NaN,NaN,NaN,NaN,51985300,0,0,NaN,NaN,NaN,NaN,,,NaN,NaN,NaN
PUBLICATION,WORKLOAD_SHIFT,PERIODIC_GLOBAL_REBUILD,0,1103515245,SHIFT_WRITE_HOT,,3,-1,150000,150000,150000,150000,-1,-1,150000,-1,,GLOBAL_REBUILD,COMMIT,periodic interval,-1,-1,1027547,42733,1.0,1.0,1.0,NaN,NaN,NaN,NaN,32964300,0,0,NaN,NaN,NaN,NaN,,,NaN,NaN,NaN
PUBLICATION,WORKLOAD_SHIFT,PERIODIC_GLOBAL_REBUILD,0,1103515245,SHIFT_WRITE_HOT,,4,-1,200000,200000,200000,200000,-1,-1,200000,-1,,GLOBAL_REBUILD,COMMIT,periodic interval,-1,-1,1051991,44148,1.0,1.0,1.0,NaN,NaN,NaN,NaN,56240500,0,0,NaN,NaN,NaN,NaN,,,NaN,NaN,NaN
PUBLICATION,WORKLOAD_SHIFT,PERIODIC_GLOBAL_REBUILD,0,1103515245,SHIFT_SCAN,,5,-1,250000,250000,250000,250000,-1,-1,250000,-1,,GLOBAL_REBUILD,COMMIT,periodic interval,-1,-1,1054008,43876,1.0,1.0,1.0,NaN,NaN,NaN,NaN,17268700,0,0,NaN,NaN,NaN,NaN,,,NaN,NaN,NaN
PUBLICATION,WORKLOAD_SHIFT,PERIODIC_GLOBAL_REBUILD,0,1103515245,SHIFT_SCAN,,6,-1,300000,300000,300000,300000,-1,-1,300000,-1,,GLOBAL_REBUILD,COMMIT,periodic interval,-1,-1,1056074,43961,1.0,1.0,1.0,NaN,NaN,NaN,NaN,11578600,0,0,NaN,NaN,NaN,NaN,,,NaN,NaN,NaN
PUBLICATION,WORKLOAD_SHIFT,PERIODIC_GLOBAL_REBUILD,1,214013,SHIFT_READ,,1,-1,50000,50000,50000,50000,-1,-1,50000,-1,,GLOBAL_REBUILD,COMMIT,periodic interval,-1,-1,1001530,41700,1.0,1.0,1.0,NaN,NaN,NaN,NaN,48292400,0,0,NaN,NaN,NaN,NaN,,,NaN,NaN,NaN
PUBLICATION,WORKLOAD_SHIFT,PERIODIC_GLOBAL_REBUILD,1,214013,SHIFT_READ,,2,-1,100000,100000,100000,100000,-1,-1,100000,-1,,GLOBAL_REBUILD,COMMIT,periodic interval,-1,-1,1003002,41762,1.0,1.0,1.0,NaN,NaN,NaN,NaN,18411800,0,0,NaN,NaN,NaN,NaN,,,NaN,NaN,NaN
PUBLICATION,WORKLOAD_SHIFT,PERIODIC_GLOBAL_REBUILD,1,214013,SHIFT_WRITE_HOT,,3,-1,150000,150000,150000,150000,-1,-1,150000,-1,,GLOBAL_REBUILD,COMMIT,periodic interval,-1,-1,1027199,42722,1.0,1.0,1.0,NaN,NaN,NaN,NaN,20689500,0,0,NaN,NaN,NaN,NaN,,,NaN,NaN,NaN
PUBLICATION,WORKLOAD_SHIFT,PERIODIC_GLOBAL_REBUILD,1,214013,SHIFT_WRITE_HOT,,4,-1,200000,200000,200000,200000,-1,-1,200000,-1,,GLOBAL_REBUILD,COMMIT,periodic interval,-1,-1,1052048,44134,1.0,1.0,1.0,NaN,NaN,NaN,NaN,75659000,0,0,NaN,NaN,NaN,NaN,,,NaN,NaN,NaN
PUBLICATION,WORKLOAD_SHIFT,PERIODIC_GLOBAL_REBUILD,1,214013,SHIFT_SCAN,,5,-1,250000,250000,250000,250000,-1,-1,250000,-1,,GLOBAL_REBUILD,COMMIT,periodic interval,-1,-1,1054118,43879,1.0,1.0,1.0,NaN,NaN,NaN,NaN,44452800,0,0,NaN,NaN,NaN,NaN,,,NaN,NaN,NaN
PUBLICATION,WORKLOAD_SHIFT,PERIODIC_GLOBAL_REBUILD,1,214013,SHIFT_SCAN,,6,-1,300000,300000,300000,300000,-1,-1,300000,-1,,GLOBAL_REBUILD,COMMIT,periodic interval,-1,-1,1056030,43962,1.0,1.0,1.0,NaN,NaN,NaN,NaN,79100500,0,0,NaN,NaN,NaN,NaN,,,NaN,NaN,NaN
PUBLICATION,WORKLOAD_SHIFT,PERIODIC_GLOBAL_REBUILD,2,1664525,SHIFT_READ,,1,-1,50000,50000,50000,50000,-1,-1,50000,-1,,GLOBAL_REBUILD,COMMIT,periodic interval,-1,-1,1001482,41699,1.0,1.0,1.0,NaN,NaN,NaN,NaN,60437800,0,0,NaN,NaN,NaN,NaN,,,NaN,NaN,NaN
PUBLICATION,WORKLOAD_SHIFT,PERIODIC_GLOBAL_REBUILD,2,1664525,SHIFT_READ,,2,-1,100000,100000,100000,100000,-1,-1,100000,-1,,GLOBAL_REBUILD,COMMIT,periodic interval,-1,-1,1002912,41759,1.0,1.0,1.0,NaN,NaN,NaN,NaN,25337200,0,0,NaN,NaN,NaN,NaN,,,NaN,NaN,NaN
PUBLICATION,WORKLOAD_SHIFT,PERIODIC_GLOBAL_REBUILD,2,1664525,SHIFT_WRITE_HOT,,3,-1,150000,150000,150000,150000,-1,-1,150000,-1,,GLOBAL_REBUILD,COMMIT,periodic interval,-1,-1,1027374,42723,1.0,1.0,1.0,NaN,NaN,NaN,NaN,30386800,0,0,NaN,NaN,NaN,NaN,,,NaN,NaN,NaN
PUBLICATION,WORKLOAD_SHIFT,PERIODIC_GLOBAL_REBUILD,2,1664525,SHIFT_WRITE_HOT,,4,-1,200000,200000,200000,200000,-1,-1,200000,-1,,GLOBAL_REBUILD,COMMIT,periodic interval,-1,-1,1052054,44144,1.0,1.0,1.0,NaN,NaN,NaN,NaN,103127300,0,0,NaN,NaN,NaN,NaN,,,NaN,NaN,NaN
PUBLICATION,WORKLOAD_SHIFT,PERIODIC_GLOBAL_REBUILD,2,1664525,SHIFT_SCAN,,5,-1,250000,250000,250000,250000,-1,-1,250000,-1,,GLOBAL_REBUILD,COMMIT,periodic interval,-1,-1,1054254,43882,1.0,1.0,1.0,NaN,NaN,NaN,NaN,58955600,0,0,NaN,NaN,NaN,NaN,,,NaN,NaN,NaN
PUBLICATION,WORKLOAD_SHIFT,PERIODIC_GLOBAL_REBUILD,2,1664525,SHIFT_SCAN,,6,-1,300000,300000,300000,300000,-1,-1,300000,-1,,GLOBAL_REBUILD,COMMIT,periodic interval,-1,-1,1056291,43971,1.0,1.0,1.0,NaN,NaN,NaN,NaN,8530300,0,0,NaN,NaN,NaN,NaN,,,NaN,NaN,NaN
PUBLICATION,WORKLOAD_SHIFT,PERIODIC_GLOBAL_REBUILD,3,22695477,SHIFT_READ,,1,-1,50000,50000,50000,50000,-1,-1,50000,-1,,GLOBAL_REBUILD,COMMIT,periodic interval,-1,-1,1001503,41699,1.0,1.0,1.0,NaN,NaN,NaN,NaN,25119500,0,0,NaN,NaN,NaN,NaN,,,NaN,NaN,NaN
PUBLICATION,WORKLOAD_SHIFT,PERIODIC_GLOBAL_REBUILD,3,22695477,SHIFT_READ,,2,-1,100000,100000,100000,100000,-1,-1,100000,-1,,GLOBAL_REBUILD,COMMIT,periodic interval,-1,-1,1003009,41762,1.0,1.0,1.0,NaN,NaN,NaN,NaN,48594200,0,0,NaN,NaN,NaN,NaN,,,NaN,NaN,NaN
PUBLICATION,WORKLOAD_SHIFT,PERIODIC_GLOBAL_REBUILD,3,22695477,SHIFT_WRITE_HOT,,3,-1,150000,150000,150000,150000,-1,-1,150000,-1,,GLOBAL_REBUILD,COMMIT,periodic interval,-1,-1,1027262,42728,1.0,1.0,1.0,NaN,NaN,NaN,NaN,55801100,0,0,NaN,NaN,NaN,NaN,,,NaN,NaN,NaN
PUBLICATION,WORKLOAD_SHIFT,PERIODIC_GLOBAL_REBUILD,3,22695477,SHIFT_WRITE_HOT,,4,-1,200000,200000,200000,200000,-1,-1,200000,-1,,GLOBAL_REBUILD,COMMIT,periodic interval,-1,-1,1051791,44122,1.0,1.0,1.0,NaN,NaN,NaN,NaN,48503600,0,0,NaN,NaN,NaN,NaN,,,NaN,NaN,NaN
PUBLICATION,WORKLOAD_SHIFT,PERIODIC_GLOBAL_REBUILD,3,22695477,SHIFT_SCAN,,5,-1,250000,250000,250000,250000,-1,-1,250000,-1,,GLOBAL_REBUILD,COMMIT,periodic interval,-1,-1,1053827,43868,1.0,1.0,1.0,NaN,NaN,NaN,NaN,8407700,0,0,NaN,NaN,NaN,NaN,,,NaN,NaN,NaN
PUBLICATION,WORKLOAD_SHIFT,PERIODIC_GLOBAL_REBUILD,3,22695477,SHIFT_SCAN,,6,-1,300000,300000,300000,300000,-1,-1,300000,-1,,GLOBAL_REBUILD,COMMIT,periodic interval,-1,-1,1055923,43954,1.0,1.0,1.0,NaN,NaN,NaN,NaN,51597300,0,0,NaN,NaN,NaN,NaN,,,NaN,NaN,NaN
PUBLICATION,WORKLOAD_SHIFT,PERIODIC_GLOBAL_REBUILD,4,69069,SHIFT_READ,,1,-1,50000,50000,50000,50000,-1,-1,50000,-1,,GLOBAL_REBUILD,COMMIT,periodic interval,-1,-1,1001464,41698,1.0,1.0,1.0,NaN,NaN,NaN,NaN,37262400,0,0,NaN,NaN,NaN,NaN,,,NaN,NaN,NaN
PUBLICATION,WORKLOAD_SHIFT,PERIODIC_GLOBAL_REBUILD,4,69069,SHIFT_READ,,2,-1,100000,100000,100000,100000,-1,-1,100000,-1,,GLOBAL_REBUILD,COMMIT,periodic interval,-1,-1,1002952,41759,1.0,1.0,1.0,NaN,NaN,NaN,NaN,57756200,0,0,NaN,NaN,NaN,NaN,,,NaN,NaN,NaN
PUBLICATION,WORKLOAD_SHIFT,PERIODIC_GLOBAL_REBUILD,4,69069,SHIFT_WRITE_HOT,,3,-1,150000,150000,150000,150000,-1,-1,150000,-1,,GLOBAL_REBUILD,COMMIT,periodic interval,-1,-1,1027322,42724,1.0,1.0,1.0,NaN,NaN,NaN,NaN,24333500,0,0,NaN,NaN,NaN,NaN,,,NaN,NaN,NaN
PUBLICATION,WORKLOAD_SHIFT,PERIODIC_GLOBAL_REBUILD,4,69069,SHIFT_WRITE_HOT,,4,-1,200000,200000,200000,200000,-1,-1,200000,-1,,GLOBAL_REBUILD,COMMIT,periodic interval,-1,-1,1051875,44132,1.0,1.0,1.0,NaN,NaN,NaN,NaN,58733100,0,0,NaN,NaN,NaN,NaN,,,NaN,NaN,NaN
PUBLICATION,WORKLOAD_SHIFT,PERIODIC_GLOBAL_REBUILD,4,69069,SHIFT_SCAN,,5,-1,250000,250000,250000,250000,-1,-1,250000,-1,,GLOBAL_REBUILD,COMMIT,periodic interval,-1,-1,1053910,43872,1.0,1.0,1.0,NaN,NaN,NaN,NaN,18016800,0,0,NaN,NaN,NaN,NaN,,,NaN,NaN,NaN
PUBLICATION,WORKLOAD_SHIFT,PERIODIC_GLOBAL_REBUILD,4,69069,SHIFT_SCAN,,6,-1,300000,300000,300000,300000,-1,-1,300000,-1,,GLOBAL_REBUILD,COMMIT,periodic interval,-1,-1,1055964,43957,1.0,1.0,1.0,NaN,NaN,NaN,NaN,11516300,0,0,NaN,NaN,NaN,NaN,,,NaN,NaN,NaN
PUBLICATION,WORKLOAD_SHIFT,PERIODIC_GLOBAL_REBUILD,5,48271,SHIFT_READ,,1,-1,50000,50000,50000,50000,-1,-1,50000,-1,,GLOBAL_REBUILD,COMMIT,periodic interval,-1,-1,1001533,41700,1.0,1.0,1.0,NaN,NaN,NaN,NaN,59823900,0,0,NaN,NaN,NaN,NaN,,,NaN,NaN,NaN
PUBLICATION,WORKLOAD_SHIFT,PERIODIC_GLOBAL_REBUILD,5,48271,SHIFT_READ,,2,-1,100000,100000,100000,100000,-1,-1,100000,-1,,GLOBAL_REBUILD,COMMIT,periodic interval,-1,-1,1003063,41764,1.0,1.0,1.0,NaN,NaN,NaN,NaN,22914100,0,0,NaN,NaN,NaN,NaN,,,NaN,NaN,NaN
PUBLICATION,WORKLOAD_SHIFT,PERIODIC_GLOBAL_REBUILD,5,48271,SHIFT_WRITE_HOT,,3,-1,150000,150000,150000,150000,-1,-1,150000,-1,,GLOBAL_REBUILD,COMMIT,periodic interval,-1,-1,1027356,42727,1.0,1.0,1.0,NaN,NaN,NaN,NaN,25972000,0,0,NaN,NaN,NaN,NaN,,,NaN,NaN,NaN
PUBLICATION,WORKLOAD_SHIFT,PERIODIC_GLOBAL_REBUILD,5,48271,SHIFT_WRITE_HOT,,4,-1,200000,200000,200000,200000,-1,-1,200000,-1,,GLOBAL_REBUILD,COMMIT,periodic interval,-1,-1,1051938,44150,1.0,1.0,1.0,NaN,NaN,NaN,NaN,126115000,0,0,NaN,NaN,NaN,NaN,,,NaN,NaN,NaN
PUBLICATION,WORKLOAD_SHIFT,PERIODIC_GLOBAL_REBUILD,5,48271,SHIFT_SCAN,,5,-1,250000,250000,250000,250000,-1,-1,250000,-1,,GLOBAL_REBUILD,COMMIT,periodic interval,-1,-1,1053899,43873,1.0,1.0,1.0,NaN,NaN,NaN,NaN,52642600,0,0,NaN,NaN,NaN,NaN,,,NaN,NaN,NaN
PUBLICATION,WORKLOAD_SHIFT,PERIODIC_GLOBAL_REBUILD,5,48271,SHIFT_SCAN,,6,-1,300000,300000,300000,300000,-1,-1,300000,-1,,GLOBAL_REBUILD,COMMIT,periodic interval,-1,-1,1055875,43955,1.0,1.0,1.0,NaN,NaN,NaN,NaN,9556200,0,0,NaN,NaN,NaN,NaN,,,NaN,NaN,NaN
PUBLICATION,WORKLOAD_SHIFT,PERIODIC_GLOBAL_REBUILD,6,134775813,SHIFT_READ,,1,-1,50000,50000,50000,50000,-1,-1,50000,-1,,GLOBAL_REBUILD,COMMIT,periodic interval,-1,-1,1001559,41700,1.0,1.0,1.0,NaN,NaN,NaN,NaN,24801400,0,0,NaN,NaN,NaN,NaN,,,NaN,NaN,NaN
PUBLICATION,WORKLOAD_SHIFT,PERIODIC_GLOBAL_REBUILD,6,134775813,SHIFT_READ,,2,-1,100000,100000,100000,100000,-1,-1,100000,-1,,GLOBAL_REBUILD,COMMIT,periodic interval,-1,-1,1003029,41763,1.0,1.0,1.0,NaN,NaN,NaN,NaN,49157400,0,0,NaN,NaN,NaN,NaN,,,NaN,NaN,NaN
PUBLICATION,WORKLOAD_SHIFT,PERIODIC_GLOBAL_REBUILD,6,134775813,SHIFT_WRITE_HOT,,3,-1,150000,150000,150000,150000,-1,-1,150000,-1,,GLOBAL_REBUILD,COMMIT,periodic interval,-1,-1,1027243,42718,1.0,1.0,1.0,NaN,NaN,NaN,NaN,54149200,0,0,NaN,NaN,NaN,NaN,,,NaN,NaN,NaN
PUBLICATION,WORKLOAD_SHIFT,PERIODIC_GLOBAL_REBUILD,6,134775813,SHIFT_WRITE_HOT,,4,-1,200000,200000,200000,200000,-1,-1,200000,-1,,GLOBAL_REBUILD,COMMIT,periodic interval,-1,-1,1052011,44133,1.0,1.0,1.0,NaN,NaN,NaN,NaN,46417600,0,0,NaN,NaN,NaN,NaN,,,NaN,NaN,NaN
PUBLICATION,WORKLOAD_SHIFT,PERIODIC_GLOBAL_REBUILD,6,134775813,SHIFT_SCAN,,5,-1,250000,250000,250000,250000,-1,-1,250000,-1,,GLOBAL_REBUILD,COMMIT,periodic interval,-1,-1,1054029,43876,1.0,1.0,1.0,NaN,NaN,NaN,NaN,8181100,0,0,NaN,NaN,NaN,NaN,,,NaN,NaN,NaN
PUBLICATION,WORKLOAD_SHIFT,PERIODIC_GLOBAL_REBUILD,6,134775813,SHIFT_SCAN,,6,-1,300000,300000,300000,300000,-1,-1,300000,-1,,GLOBAL_REBUILD,COMMIT,periodic interval,-1,-1,1056000,43959,1.0,1.0,1.0,NaN,NaN,NaN,NaN,49699900,0,0,NaN,NaN,NaN,NaN,,,NaN,NaN,NaN
PUBLICATION,WORKLOAD_SHIFT,PERIODIC_GLOBAL_REBUILD,7,16807,SHIFT_READ,,1,-1,50000,50000,50000,50000,-1,-1,50000,-1,,GLOBAL_REBUILD,COMMIT,periodic interval,-1,-1,1001526,41700,1.0,1.0,1.0,NaN,NaN,NaN,NaN,26824100,0,0,NaN,NaN,NaN,NaN,,,NaN,NaN,NaN
PUBLICATION,WORKLOAD_SHIFT,PERIODIC_GLOBAL_REBUILD,7,16807,SHIFT_READ,,2,-1,100000,100000,100000,100000,-1,-1,100000,-1,,GLOBAL_REBUILD,COMMIT,periodic interval,-1,-1,1003021,41763,1.0,1.0,1.0,NaN,NaN,NaN,NaN,46845100,0,0,NaN,NaN,NaN,NaN,,,NaN,NaN,NaN
PUBLICATION,WORKLOAD_SHIFT,PERIODIC_GLOBAL_REBUILD,7,16807,SHIFT_WRITE_HOT,,3,-1,150000,150000,150000,150000,-1,-1,150000,-1,,GLOBAL_REBUILD,COMMIT,periodic interval,-1,-1,1027192,42724,1.0,1.0,1.0,NaN,NaN,NaN,NaN,51935900,0,0,NaN,NaN,NaN,NaN,,,NaN,NaN,NaN
PUBLICATION,WORKLOAD_SHIFT,PERIODIC_GLOBAL_REBUILD,7,16807,SHIFT_WRITE_HOT,,4,-1,200000,200000,200000,200000,-1,-1,200000,-1,,GLOBAL_REBUILD,COMMIT,periodic interval,-1,-1,1051911,44125,1.0,1.0,1.0,NaN,NaN,NaN,NaN,89384500,0,0,NaN,NaN,NaN,NaN,,,NaN,NaN,NaN
PUBLICATION,WORKLOAD_SHIFT,PERIODIC_GLOBAL_REBUILD,7,16807,SHIFT_SCAN,,5,-1,250000,250000,250000,250000,-1,-1,250000,-1,,GLOBAL_REBUILD,COMMIT,periodic interval,-1,-1,1054028,43874,1.0,1.0,1.0,NaN,NaN,NaN,NaN,17440900,0,0,NaN,NaN,NaN,NaN,,,NaN,NaN,NaN
PUBLICATION,WORKLOAD_SHIFT,PERIODIC_GLOBAL_REBUILD,7,16807,SHIFT_SCAN,,6,-1,300000,300000,300000,300000,-1,-1,300000,-1,,GLOBAL_REBUILD,COMMIT,periodic interval,-1,-1,1055967,43959,1.0,1.0,1.0,NaN,NaN,NaN,NaN,10652800,0,0,NaN,NaN,NaN,NaN,,,NaN,NaN,NaN
PUBLICATION,WORKLOAD_SHIFT,PERIODIC_GLOBAL_REBUILD,8,2147483647,SHIFT_READ,,1,-1,50000,50000,50000,50000,-1,-1,50000,-1,,GLOBAL_REBUILD,COMMIT,periodic interval,-1,-1,1001526,41700,1.0,1.0,1.0,NaN,NaN,NaN,NaN,24203000,0,0,NaN,NaN,NaN,NaN,,,NaN,NaN,NaN
PUBLICATION,WORKLOAD_SHIFT,PERIODIC_GLOBAL_REBUILD,8,2147483647,SHIFT_READ,,2,-1,100000,100000,100000,100000,-1,-1,100000,-1,,GLOBAL_REBUILD,COMMIT,periodic interval,-1,-1,1003057,41764,1.0,1.0,1.0,NaN,NaN,NaN,NaN,46145500,0,0,NaN,NaN,NaN,NaN,,,NaN,NaN,NaN
PUBLICATION,WORKLOAD_SHIFT,PERIODIC_GLOBAL_REBUILD,8,2147483647,SHIFT_WRITE_HOT,,3,-1,150000,150000,150000,150000,-1,-1,150000,-1,,GLOBAL_REBUILD,COMMIT,periodic interval,-1,-1,1027082,42718,1.0,1.0,1.0,NaN,NaN,NaN,NaN,20287300,0,0,NaN,NaN,NaN,NaN,,,NaN,NaN,NaN
PUBLICATION,WORKLOAD_SHIFT,PERIODIC_GLOBAL_REBUILD,8,2147483647,SHIFT_WRITE_HOT,,4,-1,200000,200000,200000,200000,-1,-1,200000,-1,,GLOBAL_REBUILD,COMMIT,periodic interval,-1,-1,1051912,44136,1.0,1.0,1.0,NaN,NaN,NaN,NaN,61923000,0,0,NaN,NaN,NaN,NaN,,,NaN,NaN,NaN
PUBLICATION,WORKLOAD_SHIFT,PERIODIC_GLOBAL_REBUILD,8,2147483647,SHIFT_SCAN,,5,-1,250000,250000,250000,250000,-1,-1,250000,-1,,GLOBAL_REBUILD,COMMIT,periodic interval,-1,-1,1053963,43873,1.0,1.0,1.0,NaN,NaN,NaN,NaN,17816300,0,0,NaN,NaN,NaN,NaN,,,NaN,NaN,NaN
PUBLICATION,WORKLOAD_SHIFT,PERIODIC_GLOBAL_REBUILD,8,2147483647,SHIFT_SCAN,,6,-1,300000,300000,300000,300000,-1,-1,300000,-1,,GLOBAL_REBUILD,COMMIT,periodic interval,-1,-1,1055978,43958,1.0,1.0,1.0,NaN,NaN,NaN,NaN,8781800,0,0,NaN,NaN,NaN,NaN,,,NaN,NaN,NaN
PUBLICATION,WORKLOAD_SHIFT,PERIODIC_GLOBAL_REBUILD,9,6364136223846793005,SHIFT_READ,,1,-1,50000,50000,50000,50000,-1,-1,50000,-1,,GLOBAL_REBUILD,COMMIT,periodic interval,-1,-1,1001545,41700,1.0,1.0,1.0,NaN,NaN,NaN,NaN,59071900,0,0,NaN,NaN,NaN,NaN,,,NaN,NaN,NaN
PUBLICATION,WORKLOAD_SHIFT,PERIODIC_GLOBAL_REBUILD,9,6364136223846793005,SHIFT_READ,,2,-1,100000,100000,100000,100000,-1,-1,100000,-1,,GLOBAL_REBUILD,COMMIT,periodic interval,-1,-1,1003093,41764,1.0,1.0,1.0,NaN,NaN,NaN,NaN,21122500,0,0,NaN,NaN,NaN,NaN,,,NaN,NaN,NaN
PUBLICATION,WORKLOAD_SHIFT,PERIODIC_GLOBAL_REBUILD,9,6364136223846793005,SHIFT_WRITE_HOT,,3,-1,150000,150000,150000,150000,-1,-1,150000,-1,,GLOBAL_REBUILD,COMMIT,periodic interval,-1,-1,1027396,42731,1.0,1.0,1.0,NaN,NaN,NaN,NaN,51800000,0,0,NaN,NaN,NaN,NaN,,,NaN,NaN,NaN
PUBLICATION,WORKLOAD_SHIFT,PERIODIC_GLOBAL_REBUILD,9,6364136223846793005,SHIFT_WRITE_HOT,,4,-1,200000,200000,200000,200000,-1,-1,200000,-1,,GLOBAL_REBUILD,COMMIT,periodic interval,-1,-1,1052136,44131,1.0,1.0,1.0,NaN,NaN,NaN,NaN,44943300,0,0,NaN,NaN,NaN,NaN,,,NaN,NaN,NaN
PUBLICATION,WORKLOAD_SHIFT,PERIODIC_GLOBAL_REBUILD,9,6364136223846793005,SHIFT_SCAN,,5,-1,250000,250000,250000,250000,-1,-1,250000,-1,,GLOBAL_REBUILD,COMMIT,periodic interval,-1,-1,1054159,43882,1.0,1.0,1.0,NaN,NaN,NaN,NaN,22328900,0,0,NaN,NaN,NaN,NaN,,,NaN,NaN,NaN
PUBLICATION,WORKLOAD_SHIFT,PERIODIC_GLOBAL_REBUILD,9,6364136223846793005,SHIFT_SCAN,,6,-1,300000,300000,300000,300000,-1,-1,300000,-1,,GLOBAL_REBUILD,COMMIT,periodic interval,-1,-1,1056171,43966,1.0,1.0,1.0,NaN,NaN,NaN,NaN,19959400,0,0,NaN,NaN,NaN,NaN,,,NaN,NaN,NaN
PUBLICATION,WORKLOAD_SHIFT,THRESHOLD_GLOBAL_REBUILD,0,1103515245,SHIFT_WRITE_HOT,,1,-1,120000,120000,120000,120000,-1,-1,120000,-1,,GLOBAL_REBUILD,COMMIT,global threshold,-1,-1,1012724,42279,1.0,1.0,1.0,NaN,NaN,NaN,NaN,85608100,0,0,NaN,NaN,NaN,NaN,,,NaN,NaN,NaN
PUBLICATION,WORKLOAD_SHIFT,THRESHOLD_GLOBAL_REBUILD,0,1103515245,SHIFT_WRITE_HOT,,2,-1,140000,140000,140000,140000,-1,-1,140000,-1,,GLOBAL_REBUILD,COMMIT,global threshold,-1,-1,1022570,42605,1.0,1.0,1.0,NaN,NaN,NaN,NaN,20087400,0,0,NaN,NaN,NaN,NaN,,,NaN,NaN,NaN
PUBLICATION,WORKLOAD_SHIFT,THRESHOLD_GLOBAL_REBUILD,0,1103515245,SHIFT_WRITE_HOT,,3,-1,170000,170000,170000,170000,-1,-1,170000,-1,,GLOBAL_REBUILD,COMMIT,global threshold,-1,-1,1037350,43342,1.0,1.0,1.0,NaN,NaN,NaN,NaN,78592100,0,0,NaN,NaN,NaN,NaN,,,NaN,NaN,NaN
PUBLICATION,WORKLOAD_SHIFT,THRESHOLD_GLOBAL_REBUILD,0,1103515245,SHIFT_WRITE_HOT,,4,-1,200000,200000,200000,200000,-1,-1,200000,-1,,GLOBAL_REBUILD,COMMIT,global threshold,-1,-1,1051991,43708,1.0,1.0,1.0,NaN,NaN,NaN,NaN,54017600,0,0,NaN,NaN,NaN,NaN,,,NaN,NaN,NaN
PUBLICATION,WORKLOAD_SHIFT,THRESHOLD_GLOBAL_REBUILD,1,214013,SHIFT_WRITE_HOT,,1,-1,120000,120000,120000,120000,-1,-1,120000,-1,,GLOBAL_REBUILD,COMMIT,global threshold,-1,-1,1012578,42261,1.0,1.0,1.0,NaN,NaN,NaN,NaN,84421100,0,0,NaN,NaN,NaN,NaN,,,NaN,NaN,NaN
PUBLICATION,WORKLOAD_SHIFT,THRESHOLD_GLOBAL_REBUILD,1,214013,SHIFT_WRITE_HOT,,2,-1,140000,140000,140000,140000,-1,-1,140000,-1,,GLOBAL_REBUILD,COMMIT,global threshold,-1,-1,1022373,42599,1.0,1.0,1.0,NaN,NaN,NaN,NaN,22238600,0,0,NaN,NaN,NaN,NaN,,,NaN,NaN,NaN
PUBLICATION,WORKLOAD_SHIFT,THRESHOLD_GLOBAL_REBUILD,1,214013,SHIFT_WRITE_HOT,,3,-1,170000,170000,170000,170000,-1,-1,170000,-1,,GLOBAL_REBUILD,COMMIT,global threshold,-1,-1,1037138,43328,1.0,1.0,1.0,NaN,NaN,NaN,NaN,94107700,0,0,NaN,NaN,NaN,NaN,,,NaN,NaN,NaN
PUBLICATION,WORKLOAD_SHIFT,THRESHOLD_GLOBAL_REBUILD,1,214013,SHIFT_WRITE_HOT,,4,-1,200000,200000,200000,200000,-1,-1,200000,-1,,GLOBAL_REBUILD,COMMIT,global threshold,-1,-1,1052048,43716,1.0,1.0,1.0,NaN,NaN,NaN,NaN,66965600,0,0,NaN,NaN,NaN,NaN,,,NaN,NaN,NaN
PUBLICATION,WORKLOAD_SHIFT,THRESHOLD_GLOBAL_REBUILD,2,1664525,SHIFT_WRITE_HOT,,1,-1,120000,120000,120000,120000,-1,-1,120000,-1,,GLOBAL_REBUILD,COMMIT,global threshold,-1,-1,1012745,42286,1.0,1.0,1.0,NaN,NaN,NaN,NaN,84738900,0,0,NaN,NaN,NaN,NaN,,,NaN,NaN,NaN
PUBLICATION,WORKLOAD_SHIFT,THRESHOLD_GLOBAL_REBUILD,2,1664525,SHIFT_WRITE_HOT,,2,-1,140000,140000,140000,140000,-1,-1,140000,-1,,GLOBAL_REBUILD,COMMIT,global threshold,-1,-1,1022492,42600,1.0,1.0,1.0,NaN,NaN,NaN,NaN,20826100,0,0,NaN,NaN,NaN,NaN,,,NaN,NaN,NaN
PUBLICATION,WORKLOAD_SHIFT,THRESHOLD_GLOBAL_REBUILD,2,1664525,SHIFT_WRITE_HOT,,3,-1,170000,170000,170000,170000,-1,-1,170000,-1,,GLOBAL_REBUILD,COMMIT,global threshold,-1,-1,1037096,43313,1.0,1.0,1.0,NaN,NaN,NaN,NaN,79165500,0,0,NaN,NaN,NaN,NaN,,,NaN,NaN,NaN
PUBLICATION,WORKLOAD_SHIFT,THRESHOLD_GLOBAL_REBUILD,2,1664525,SHIFT_WRITE_HOT,,4,-1,200000,200000,200000,200000,-1,-1,200000,-1,,GLOBAL_REBUILD,COMMIT,global threshold,-1,-1,1052054,43725,1.0,1.0,1.0,NaN,NaN,NaN,NaN,54651400,0,0,NaN,NaN,NaN,NaN,,,NaN,NaN,NaN
PUBLICATION,WORKLOAD_SHIFT,THRESHOLD_GLOBAL_REBUILD,3,22695477,SHIFT_WRITE_HOT,,1,-1,120000,120000,120000,120000,-1,-1,120000,-1,,GLOBAL_REBUILD,COMMIT,global threshold,-1,-1,1012692,42270,1.0,1.0,1.0,NaN,NaN,NaN,NaN,15773000,0,0,NaN,NaN,NaN,NaN,,,NaN,NaN,NaN
PUBLICATION,WORKLOAD_SHIFT,THRESHOLD_GLOBAL_REBUILD,3,22695477,SHIFT_WRITE_HOT,,2,-1,140000,140000,140000,140000,-1,-1,140000,-1,,GLOBAL_REBUILD,COMMIT,global threshold,-1,-1,1022442,42596,1.0,1.0,1.0,NaN,NaN,NaN,NaN,56839600,0,0,NaN,NaN,NaN,NaN,,,NaN,NaN,NaN
PUBLICATION,WORKLOAD_SHIFT,THRESHOLD_GLOBAL_REBUILD,3,22695477,SHIFT_WRITE_HOT,,3,-1,170000,170000,170000,170000,-1,-1,170000,-1,,GLOBAL_REBUILD,COMMIT,global threshold,-1,-1,1036943,43305,1.0,1.0,1.0,NaN,NaN,NaN,NaN,54658500,0,0,NaN,NaN,NaN,NaN,,,NaN,NaN,NaN
PUBLICATION,WORKLOAD_SHIFT,THRESHOLD_GLOBAL_REBUILD,3,22695477,SHIFT_WRITE_HOT,,4,-1,200000,200000,200000,200000,-1,-1,200000,-1,,GLOBAL_REBUILD,COMMIT,global threshold,-1,-1,1051791,43704,1.0,1.0,1.0,NaN,NaN,NaN,NaN,19112000,0,0,NaN,NaN,NaN,NaN,,,NaN,NaN,NaN
PUBLICATION,WORKLOAD_SHIFT,THRESHOLD_GLOBAL_REBUILD,4,69069,SHIFT_WRITE_HOT,,1,-1,120000,120000,120000,120000,-1,-1,120000,-1,,GLOBAL_REBUILD,COMMIT,global threshold,-1,-1,1012564,42282,1.0,1.0,1.0,NaN,NaN,NaN,NaN,13301100,0,0,NaN,NaN,NaN,NaN,,,NaN,NaN,NaN
PUBLICATION,WORKLOAD_SHIFT,THRESHOLD_GLOBAL_REBUILD,4,69069,SHIFT_WRITE_HOT,,2,-1,140000,140000,140000,140000,-1,-1,140000,-1,,GLOBAL_REBUILD,COMMIT,global threshold,-1,-1,1022386,42593,1.0,1.0,1.0,NaN,NaN,NaN,NaN,50738800,0,0,NaN,NaN,NaN,NaN,,,NaN,NaN,NaN
PUBLICATION,WORKLOAD_SHIFT,THRESHOLD_GLOBAL_REBUILD,4,69069,SHIFT_WRITE_HOT,,3,-1,160000,160000,160000,160000,-1,-1,160000,-1,,GLOBAL_REBUILD,COMMIT,global threshold,-1,-1,1032159,42889,1.0,1.0,1.0,NaN,NaN,NaN,NaN,12687700,0,0,NaN,NaN,NaN,NaN,,,NaN,NaN,NaN
PUBLICATION,WORKLOAD_SHIFT,THRESHOLD_GLOBAL_REBUILD,4,69069,SHIFT_WRITE_HOT,,4,-1,190000,190000,190000,190000,-1,-1,190000,-1,,GLOBAL_REBUILD,COMMIT,global threshold,-1,-1,1046899,43573,1.0,1.0,1.0,NaN,NaN,NaN,NaN,14298800,0,0,NaN,NaN,NaN,NaN,,,NaN,NaN,NaN
PUBLICATION,WORKLOAD_SHIFT,THRESHOLD_GLOBAL_REBUILD,5,48271,SHIFT_WRITE_HOT,,1,-1,120000,120000,120000,120000,-1,-1,120000,-1,,GLOBAL_REBUILD,COMMIT,global threshold,-1,-1,1012709,42280,1.0,1.0,1.0,NaN,NaN,NaN,NaN,89933900,0,0,NaN,NaN,NaN,NaN,,,NaN,NaN,NaN
PUBLICATION,WORKLOAD_SHIFT,THRESHOLD_GLOBAL_REBUILD,5,48271,SHIFT_WRITE_HOT,,2,-1,140000,140000,140000,140000,-1,-1,140000,-1,,GLOBAL_REBUILD,COMMIT,global threshold,-1,-1,1022376,42585,1.0,1.0,1.0,NaN,NaN,NaN,NaN,24243100,0,0,NaN,NaN,NaN,NaN,,,NaN,NaN,NaN
PUBLICATION,WORKLOAD_SHIFT,THRESHOLD_GLOBAL_REBUILD,5,48271,SHIFT_WRITE_HOT,,3,-1,170000,170000,170000,170000,-1,-1,170000,-1,,GLOBAL_REBUILD,COMMIT,global threshold,-1,-1,1037119,43305,1.0,1.0,1.0,NaN,NaN,NaN,NaN,89140800,0,0,NaN,NaN,NaN,NaN,,,NaN,NaN,NaN
PUBLICATION,WORKLOAD_SHIFT,THRESHOLD_GLOBAL_REBUILD,5,48271,SHIFT_WRITE_HOT,,4,-1,200000,200000,200000,200000,-1,-1,200000,-1,,GLOBAL_REBUILD,COMMIT,global threshold,-1,-1,1051938,43729,1.0,1.0,1.0,NaN,NaN,NaN,NaN,57319700,0,0,NaN,NaN,NaN,NaN,,,NaN,NaN,NaN
PUBLICATION,WORKLOAD_SHIFT,THRESHOLD_GLOBAL_REBUILD,6,134775813,SHIFT_WRITE_HOT,,1,-1,120000,120000,120000,120000,-1,-1,120000,-1,,GLOBAL_REBUILD,COMMIT,global threshold,-1,-1,1012661,42275,1.0,1.0,1.0,NaN,NaN,NaN,NaN,14531200,0,0,NaN,NaN,NaN,NaN,,,NaN,NaN,NaN
PUBLICATION,WORKLOAD_SHIFT,THRESHOLD_GLOBAL_REBUILD,6,134775813,SHIFT_WRITE_HOT,,2,-1,140000,140000,140000,140000,-1,-1,140000,-1,,GLOBAL_REBUILD,COMMIT,global threshold,-1,-1,1022362,42585,1.0,1.0,1.0,NaN,NaN,NaN,NaN,57471200,0,0,NaN,NaN,NaN,NaN,,,NaN,NaN,NaN
PUBLICATION,WORKLOAD_SHIFT,THRESHOLD_GLOBAL_REBUILD,6,134775813,SHIFT_WRITE_HOT,,3,-1,170000,170000,170000,170000,-1,-1,170000,-1,,GLOBAL_REBUILD,COMMIT,global threshold,-1,-1,1036927,43312,1.0,1.0,1.0,NaN,NaN,NaN,NaN,16578000,0,0,NaN,NaN,NaN,NaN,,,NaN,NaN,NaN
PUBLICATION,WORKLOAD_SHIFT,THRESHOLD_GLOBAL_REBUILD,6,134775813,SHIFT_WRITE_HOT,,4,-1,200000,200000,200000,200000,-1,-1,200000,-1,,GLOBAL_REBUILD,COMMIT,global threshold,-1,-1,1052011,43726,1.0,1.0,1.0,NaN,NaN,NaN,NaN,14497000,0,0,NaN,NaN,NaN,NaN,,,NaN,NaN,NaN
PUBLICATION,WORKLOAD_SHIFT,THRESHOLD_GLOBAL_REBUILD,7,16807,SHIFT_WRITE_HOT,,1,-1,120000,120000,120000,120000,-1,-1,120000,-1,,GLOBAL_REBUILD,COMMIT,global threshold,-1,-1,1012664,42266,1.0,1.0,1.0,NaN,NaN,NaN,NaN,78991200,0,0,NaN,NaN,NaN,NaN,,,NaN,NaN,NaN
PUBLICATION,WORKLOAD_SHIFT,THRESHOLD_GLOBAL_REBUILD,7,16807,SHIFT_WRITE_HOT,,2,-1,140000,140000,140000,140000,-1,-1,140000,-1,,GLOBAL_REBUILD,COMMIT,global threshold,-1,-1,1022439,42600,1.0,1.0,1.0,NaN,NaN,NaN,NaN,20952500,0,0,NaN,NaN,NaN,NaN,,,NaN,NaN,NaN
PUBLICATION,WORKLOAD_SHIFT,THRESHOLD_GLOBAL_REBUILD,7,16807,SHIFT_WRITE_HOT,,3,-1,170000,170000,170000,170000,-1,-1,170000,-1,,GLOBAL_REBUILD,COMMIT,global threshold,-1,-1,1036996,43317,1.0,1.0,1.0,NaN,NaN,NaN,NaN,60745900,0,0,NaN,NaN,NaN,NaN,,,NaN,NaN,NaN
PUBLICATION,WORKLOAD_SHIFT,THRESHOLD_GLOBAL_REBUILD,7,16807,SHIFT_WRITE_HOT,,4,-1,200000,200000,200000,200000,-1,-1,200000,-1,,GLOBAL_REBUILD,COMMIT,global threshold,-1,-1,1051911,43719,1.0,1.0,1.0,NaN,NaN,NaN,NaN,53608600,0,0,NaN,NaN,NaN,NaN,,,NaN,NaN,NaN
PUBLICATION,WORKLOAD_SHIFT,THRESHOLD_GLOBAL_REBUILD,8,2147483647,SHIFT_WRITE_HOT,,1,-1,120000,120000,120000,120000,-1,-1,120000,-1,,GLOBAL_REBUILD,COMMIT,global threshold,-1,-1,1012550,42275,1.0,1.0,1.0,NaN,NaN,NaN,NaN,90378400,0,0,NaN,NaN,NaN,NaN,,,NaN,NaN,NaN
PUBLICATION,WORKLOAD_SHIFT,THRESHOLD_GLOBAL_REBUILD,8,2147483647,SHIFT_WRITE_HOT,,2,-1,140000,140000,140000,140000,-1,-1,140000,-1,,GLOBAL_REBUILD,COMMIT,global threshold,-1,-1,1022204,42594,1.0,1.0,1.0,NaN,NaN,NaN,NaN,26473900,0,0,NaN,NaN,NaN,NaN,,,NaN,NaN,NaN
PUBLICATION,WORKLOAD_SHIFT,THRESHOLD_GLOBAL_REBUILD,8,2147483647,SHIFT_WRITE_HOT,,3,-1,160000,160000,160000,160000,-1,-1,160000,-1,,GLOBAL_REBUILD,COMMIT,global threshold,-1,-1,1032062,42891,1.0,1.0,1.0,NaN,NaN,NaN,NaN,55383400,0,0,NaN,NaN,NaN,NaN,,,NaN,NaN,NaN
PUBLICATION,WORKLOAD_SHIFT,THRESHOLD_GLOBAL_REBUILD,8,2147483647,SHIFT_WRITE_HOT,,4,-1,190000,190000,190000,190000,-1,-1,190000,-1,,GLOBAL_REBUILD,COMMIT,global threshold,-1,-1,1046910,43576,1.0,1.0,1.0,NaN,NaN,NaN,NaN,56344600,0,0,NaN,NaN,NaN,NaN,,,NaN,NaN,NaN
PUBLICATION,WORKLOAD_SHIFT,THRESHOLD_GLOBAL_REBUILD,9,6364136223846793005,SHIFT_WRITE_HOT,,1,-1,120000,120000,120000,120000,-1,-1,120000,-1,,GLOBAL_REBUILD,COMMIT,global threshold,-1,-1,1012686,42267,1.0,1.0,1.0,NaN,NaN,NaN,NaN,91559700,0,0,NaN,NaN,NaN,NaN,,,NaN,NaN,NaN
PUBLICATION,WORKLOAD_SHIFT,THRESHOLD_GLOBAL_REBUILD,9,6364136223846793005,SHIFT_WRITE_HOT,,2,-1,140000,140000,140000,140000,-1,-1,140000,-1,,GLOBAL_REBUILD,COMMIT,global threshold,-1,-1,1022483,42598,1.0,1.0,1.0,NaN,NaN,NaN,NaN,28661400,0,0,NaN,NaN,NaN,NaN,,,NaN,NaN,NaN
PUBLICATION,WORKLOAD_SHIFT,THRESHOLD_GLOBAL_REBUILD,9,6364136223846793005,SHIFT_WRITE_HOT,,3,-1,160000,160000,160000,160000,-1,-1,160000,-1,,GLOBAL_REBUILD,COMMIT,global threshold,-1,-1,1032459,42897,1.0,1.0,1.0,NaN,NaN,NaN,NaN,88723000,0,0,NaN,NaN,NaN,NaN,,,NaN,NaN,NaN
PUBLICATION,WORKLOAD_SHIFT,THRESHOLD_GLOBAL_REBUILD,9,6364136223846793005,SHIFT_WRITE_HOT,,4,-1,190000,190000,190000,190000,-1,-1,190000,-1,,GLOBAL_REBUILD,COMMIT,global threshold,-1,-1,1047256,43584,1.0,1.0,1.0,NaN,NaN,NaN,NaN,73353700,0,0,NaN,NaN,NaN,NaN,,,NaN,NaN,NaN
PUBLICATION,WRITE_HEAVY,PERIODIC_GLOBAL_REBUILD,0,1103515245,WRITE_HEAVY,,1,-1,50000,50000,50000,50000,-1,-1,50000,-1,,GLOBAL_REBUILD,COMMIT,periodic interval,-1,-1,1017649,42036,1.0,1.0,1.0,NaN,NaN,NaN,NaN,52847600,0,0,NaN,NaN,NaN,NaN,,,NaN,NaN,NaN
PUBLICATION,WRITE_HEAVY,PERIODIC_GLOBAL_REBUILD,0,1103515245,WRITE_HEAVY,,2,-1,100000,100000,100000,100000,-1,-1,100000,-1,,GLOBAL_REBUILD,COMMIT,periodic interval,-1,-1,1035136,42768,1.0,1.0,1.0,NaN,NaN,NaN,NaN,50944700,0,0,NaN,NaN,NaN,NaN,,,NaN,NaN,NaN
PUBLICATION,WRITE_HEAVY,PERIODIC_GLOBAL_REBUILD,0,1103515245,WRITE_HEAVY,,3,-1,150000,150000,150000,150000,-1,-1,150000,-1,,GLOBAL_REBUILD,COMMIT,periodic interval,-1,-1,1052805,43500,1.0,1.0,1.0,NaN,NaN,NaN,NaN,53484300,0,0,NaN,NaN,NaN,NaN,,,NaN,NaN,NaN
PUBLICATION,WRITE_HEAVY,PERIODIC_GLOBAL_REBUILD,0,1103515245,WRITE_HEAVY,,4,-1,200000,200000,200000,200000,-1,-1,200000,-1,,GLOBAL_REBUILD,COMMIT,periodic interval,-1,-1,1070093,44228,1.0,1.0,1.0,NaN,NaN,NaN,NaN,86315700,0,0,NaN,NaN,NaN,NaN,,,NaN,NaN,NaN
PUBLICATION,WRITE_HEAVY,PERIODIC_GLOBAL_REBUILD,0,1103515245,WRITE_HEAVY,,5,-1,250000,250000,250000,250000,-1,-1,250000,-1,,GLOBAL_REBUILD,COMMIT,periodic interval,-1,-1,1087950,44960,1.0,1.0,1.0,NaN,NaN,NaN,NaN,8354100,0,0,NaN,NaN,NaN,NaN,,,NaN,NaN,NaN
PUBLICATION,WRITE_HEAVY,PERIODIC_GLOBAL_REBUILD,0,1103515245,WRITE_HEAVY,,6,-1,300000,300000,300000,300000,-1,-1,300000,-1,,GLOBAL_REBUILD,COMMIT,periodic interval,-1,-1,1105555,45699,1.0,1.0,1.0,NaN,NaN,NaN,NaN,54447400,0,0,NaN,NaN,NaN,NaN,,,NaN,NaN,NaN
PUBLICATION,WRITE_HEAVY,PERIODIC_GLOBAL_REBUILD,1,214013,WRITE_HEAVY,,1,-1,50000,50000,50000,50000,-1,-1,50000,-1,,GLOBAL_REBUILD,COMMIT,periodic interval,-1,-1,1017702,42037,1.0,1.0,1.0,NaN,NaN,NaN,NaN,63399400,0,0,NaN,NaN,NaN,NaN,,,NaN,NaN,NaN
PUBLICATION,WRITE_HEAVY,PERIODIC_GLOBAL_REBUILD,1,214013,WRITE_HEAVY,,2,-1,100000,100000,100000,100000,-1,-1,100000,-1,,GLOBAL_REBUILD,COMMIT,periodic interval,-1,-1,1035176,42770,1.0,1.0,1.0,NaN,NaN,NaN,NaN,58884500,0,0,NaN,NaN,NaN,NaN,,,NaN,NaN,NaN
PUBLICATION,WRITE_HEAVY,PERIODIC_GLOBAL_REBUILD,1,214013,WRITE_HEAVY,,3,-1,150000,150000,150000,150000,-1,-1,150000,-1,,GLOBAL_REBUILD,COMMIT,periodic interval,-1,-1,1052835,43502,1.0,1.0,1.0,NaN,NaN,NaN,NaN,18846600,0,0,NaN,NaN,NaN,NaN,,,NaN,NaN,NaN
PUBLICATION,WRITE_HEAVY,PERIODIC_GLOBAL_REBUILD,1,214013,WRITE_HEAVY,,4,-1,200000,200000,200000,200000,-1,-1,200000,-1,,GLOBAL_REBUILD,COMMIT,periodic interval,-1,-1,1070310,44234,1.0,1.0,1.0,NaN,NaN,NaN,NaN,52539500,0,0,NaN,NaN,NaN,NaN,,,NaN,NaN,NaN
PUBLICATION,WRITE_HEAVY,PERIODIC_GLOBAL_REBUILD,1,214013,WRITE_HEAVY,,5,-1,250000,250000,250000,250000,-1,-1,250000,-1,,GLOBAL_REBUILD,COMMIT,periodic interval,-1,-1,1087571,44957,1.0,1.0,1.0,NaN,NaN,NaN,NaN,17106300,0,0,NaN,NaN,NaN,NaN,,,NaN,NaN,NaN
PUBLICATION,WRITE_HEAVY,PERIODIC_GLOBAL_REBUILD,1,214013,WRITE_HEAVY,,6,-1,300000,300000,300000,300000,-1,-1,300000,-1,,GLOBAL_REBUILD,COMMIT,periodic interval,-1,-1,1105152,45682,1.0,1.0,1.0,NaN,NaN,NaN,NaN,12129600,0,0,NaN,NaN,NaN,NaN,,,NaN,NaN,NaN
PUBLICATION,WRITE_HEAVY,PERIODIC_GLOBAL_REBUILD,2,1664525,WRITE_HEAVY,,1,-1,50000,50000,50000,50000,-1,-1,50000,-1,,GLOBAL_REBUILD,COMMIT,periodic interval,-1,-1,1017628,42035,1.0,1.0,1.0,NaN,NaN,NaN,NaN,87311500,0,0,NaN,NaN,NaN,NaN,,,NaN,NaN,NaN
PUBLICATION,WRITE_HEAVY,PERIODIC_GLOBAL_REBUILD,2,1664525,WRITE_HEAVY,,2,-1,100000,100000,100000,100000,-1,-1,100000,-1,,GLOBAL_REBUILD,COMMIT,periodic interval,-1,-1,1035120,42766,1.0,1.0,1.0,NaN,NaN,NaN,NaN,20927700,0,0,NaN,NaN,NaN,NaN,,,NaN,NaN,NaN
PUBLICATION,WRITE_HEAVY,PERIODIC_GLOBAL_REBUILD,2,1664525,WRITE_HEAVY,,3,-1,150000,150000,150000,150000,-1,-1,150000,-1,,GLOBAL_REBUILD,COMMIT,periodic interval,-1,-1,1052961,43502,1.0,1.0,1.0,NaN,NaN,NaN,NaN,89384200,0,0,NaN,NaN,NaN,NaN,,,NaN,NaN,NaN
PUBLICATION,WRITE_HEAVY,PERIODIC_GLOBAL_REBUILD,2,1664525,WRITE_HEAVY,,4,-1,200000,200000,200000,200000,-1,-1,200000,-1,,GLOBAL_REBUILD,COMMIT,periodic interval,-1,-1,1070250,44234,1.0,1.0,1.0,NaN,NaN,NaN,NaN,51356900,0,0,NaN,NaN,NaN,NaN,,,NaN,NaN,NaN
PUBLICATION,WRITE_HEAVY,PERIODIC_GLOBAL_REBUILD,2,1664525,WRITE_HEAVY,,5,-1,250000,250000,250000,250000,-1,-1,250000,-1,,GLOBAL_REBUILD,COMMIT,periodic interval,-1,-1,1087808,44960,1.0,1.0,1.0,NaN,NaN,NaN,NaN,9490800,0,0,NaN,NaN,NaN,NaN,,,NaN,NaN,NaN
PUBLICATION,WRITE_HEAVY,PERIODIC_GLOBAL_REBUILD,2,1664525,WRITE_HEAVY,,6,-1,300000,300000,300000,300000,-1,-1,300000,-1,,GLOBAL_REBUILD,COMMIT,periodic interval,-1,-1,1105564,45696,1.0,1.0,1.0,NaN,NaN,NaN,NaN,15709800,0,0,NaN,NaN,NaN,NaN,,,NaN,NaN,NaN
PUBLICATION,WRITE_HEAVY,PERIODIC_GLOBAL_REBUILD,3,22695477,WRITE_HEAVY,,1,-1,50000,50000,50000,50000,-1,-1,50000,-1,,GLOBAL_REBUILD,COMMIT,periodic interval,-1,-1,1017245,42027,1.0,1.0,1.0,NaN,NaN,NaN,NaN,78273100,0,0,NaN,NaN,NaN,NaN,,,NaN,NaN,NaN
PUBLICATION,WRITE_HEAVY,PERIODIC_GLOBAL_REBUILD,3,22695477,WRITE_HEAVY,,2,-1,100000,100000,100000,100000,-1,-1,100000,-1,,GLOBAL_REBUILD,COMMIT,periodic interval,-1,-1,1034829,42752,1.0,1.0,1.0,NaN,NaN,NaN,NaN,20328100,0,0,NaN,NaN,NaN,NaN,,,NaN,NaN,NaN
PUBLICATION,WRITE_HEAVY,PERIODIC_GLOBAL_REBUILD,3,22695477,WRITE_HEAVY,,3,-1,150000,150000,150000,150000,-1,-1,150000,-1,,GLOBAL_REBUILD,COMMIT,periodic interval,-1,-1,1052261,43482,1.0,1.0,1.0,NaN,NaN,NaN,NaN,83346300,0,0,NaN,NaN,NaN,NaN,,,NaN,NaN,NaN
PUBLICATION,WRITE_HEAVY,PERIODIC_GLOBAL_REBUILD,3,22695477,WRITE_HEAVY,,4,-1,200000,200000,200000,200000,-1,-1,200000,-1,,GLOBAL_REBUILD,COMMIT,periodic interval,-1,-1,1069594,44207,1.0,1.0,1.0,NaN,NaN,NaN,NaN,48186500,0,0,NaN,NaN,NaN,NaN,,,NaN,NaN,NaN
PUBLICATION,WRITE_HEAVY,PERIODIC_GLOBAL_REBUILD,3,22695477,WRITE_HEAVY,,5,-1,250000,250000,250000,250000,-1,-1,250000,-1,,GLOBAL_REBUILD,COMMIT,periodic interval,-1,-1,1086877,44928,1.0,1.0,1.0,NaN,NaN,NaN,NaN,9770800,0,0,NaN,NaN,NaN,NaN,,,NaN,NaN,NaN
PUBLICATION,WRITE_HEAVY,PERIODIC_GLOBAL_REBUILD,3,22695477,WRITE_HEAVY,,6,-1,300000,300000,300000,300000,-1,-1,300000,-1,,GLOBAL_REBUILD,COMMIT,periodic interval,-1,-1,1104666,45658,1.0,1.0,1.0,NaN,NaN,NaN,NaN,14450100,0,0,NaN,NaN,NaN,NaN,,,NaN,NaN,NaN
PUBLICATION,WRITE_HEAVY,PERIODIC_GLOBAL_REBUILD,4,69069,WRITE_HEAVY,,1,-1,50000,50000,50000,50000,-1,-1,50000,-1,,GLOBAL_REBUILD,COMMIT,periodic interval,-1,-1,1017527,42033,1.0,1.0,1.0,NaN,NaN,NaN,NaN,92302600,0,0,NaN,NaN,NaN,NaN,,,NaN,NaN,NaN
PUBLICATION,WRITE_HEAVY,PERIODIC_GLOBAL_REBUILD,4,69069,WRITE_HEAVY,,2,-1,100000,100000,100000,100000,-1,-1,100000,-1,,GLOBAL_REBUILD,COMMIT,periodic interval,-1,-1,1035175,42766,1.0,1.0,1.0,NaN,NaN,NaN,NaN,90185800,0,0,NaN,NaN,NaN,NaN,,,NaN,NaN,NaN
PUBLICATION,WRITE_HEAVY,PERIODIC_GLOBAL_REBUILD,4,69069,WRITE_HEAVY,,3,-1,150000,150000,150000,150000,-1,-1,150000,-1,,GLOBAL_REBUILD,COMMIT,periodic interval,-1,-1,1052764,43500,1.0,1.0,1.0,NaN,NaN,NaN,NaN,66342100,0,0,NaN,NaN,NaN,NaN,,,NaN,NaN,NaN
PUBLICATION,WRITE_HEAVY,PERIODIC_GLOBAL_REBUILD,4,69069,WRITE_HEAVY,,4,-1,200000,200000,200000,200000,-1,-1,200000,-1,,GLOBAL_REBUILD,COMMIT,periodic interval,-1,-1,1070349,44232,1.0,1.0,1.0,NaN,NaN,NaN,NaN,46916400,0,0,NaN,NaN,NaN,NaN,,,NaN,NaN,NaN
PUBLICATION,WRITE_HEAVY,PERIODIC_GLOBAL_REBUILD,4,69069,WRITE_HEAVY,,5,-1,250000,250000,250000,250000,-1,-1,250000,-1,,GLOBAL_REBUILD,COMMIT,periodic interval,-1,-1,1087973,44966,1.0,1.0,1.0,NaN,NaN,NaN,NaN,58119400,0,0,NaN,NaN,NaN,NaN,,,NaN,NaN,NaN
PUBLICATION,WRITE_HEAVY,PERIODIC_GLOBAL_REBUILD,4,69069,WRITE_HEAVY,,6,-1,300000,300000,300000,300000,-1,-1,300000,-1,,GLOBAL_REBUILD,COMMIT,periodic interval,-1,-1,1105522,45699,1.0,1.0,1.0,NaN,NaN,NaN,NaN,8818900,0,0,NaN,NaN,NaN,NaN,,,NaN,NaN,NaN
PUBLICATION,WRITE_HEAVY,PERIODIC_GLOBAL_REBUILD,5,48271,WRITE_HEAVY,,1,-1,50000,50000,50000,50000,-1,-1,50000,-1,,GLOBAL_REBUILD,COMMIT,periodic interval,-1,-1,1017447,42031,1.0,1.0,1.0,NaN,NaN,NaN,NaN,87696500,0,0,NaN,NaN,NaN,NaN,,,NaN,NaN,NaN
PUBLICATION,WRITE_HEAVY,PERIODIC_GLOBAL_REBUILD,5,48271,WRITE_HEAVY,,2,-1,100000,100000,100000,100000,-1,-1,100000,-1,,GLOBAL_REBUILD,COMMIT,periodic interval,-1,-1,1034777,42755,1.0,1.0,1.0,NaN,NaN,NaN,NaN,89972300,0,0,NaN,NaN,NaN,NaN,,,NaN,NaN,NaN
PUBLICATION,WRITE_HEAVY,PERIODIC_GLOBAL_REBUILD,5,48271,WRITE_HEAVY,,3,-1,150000,150000,150000,150000,-1,-1,150000,-1,,GLOBAL_REBUILD,COMMIT,periodic interval,-1,-1,1052547,43487,1.0,1.0,1.0,NaN,NaN,NaN,NaN,66082700,0,0,NaN,NaN,NaN,NaN,,,NaN,NaN,NaN
PUBLICATION,WRITE_HEAVY,PERIODIC_GLOBAL_REBUILD,5,48271,WRITE_HEAVY,,4,-1,200000,200000,200000,200000,-1,-1,200000,-1,,GLOBAL_REBUILD,COMMIT,periodic interval,-1,-1,1070157,44224,1.0,1.0,1.0,NaN,NaN,NaN,NaN,52555700,0,0,NaN,NaN,NaN,NaN,,,NaN,NaN,NaN
PUBLICATION,WRITE_HEAVY,PERIODIC_GLOBAL_REBUILD,5,48271,WRITE_HEAVY,,5,-1,250000,250000,250000,250000,-1,-1,250000,-1,,GLOBAL_REBUILD,COMMIT,periodic interval,-1,-1,1087987,44962,1.0,1.0,1.0,NaN,NaN,NaN,NaN,56752900,0,0,NaN,NaN,NaN,NaN,,,NaN,NaN,NaN
PUBLICATION,WRITE_HEAVY,PERIODIC_GLOBAL_REBUILD,5,48271,WRITE_HEAVY,,6,-1,300000,300000,300000,300000,-1,-1,300000,-1,,GLOBAL_REBUILD,COMMIT,periodic interval,-1,-1,1105509,45699,1.0,1.0,1.0,NaN,NaN,NaN,NaN,9647000,0,0,NaN,NaN,NaN,NaN,,,NaN,NaN,NaN
PUBLICATION,WRITE_HEAVY,PERIODIC_GLOBAL_REBUILD,6,134775813,WRITE_HEAVY,,1,-1,50000,50000,50000,50000,-1,-1,50000,-1,,GLOBAL_REBUILD,COMMIT,periodic interval,-1,-1,1017586,42034,1.0,1.0,1.0,NaN,NaN,NaN,NaN,54193000,0,0,NaN,NaN,NaN,NaN,,,NaN,NaN,NaN
PUBLICATION,WRITE_HEAVY,PERIODIC_GLOBAL_REBUILD,6,134775813,WRITE_HEAVY,,2,-1,100000,100000,100000,100000,-1,-1,100000,-1,,GLOBAL_REBUILD,COMMIT,periodic interval,-1,-1,1035190,42767,1.0,1.0,1.0,NaN,NaN,NaN,NaN,51992200,0,0,NaN,NaN,NaN,NaN,,,NaN,NaN,NaN
PUBLICATION,WRITE_HEAVY,PERIODIC_GLOBAL_REBUILD,6,134775813,WRITE_HEAVY,,3,-1,150000,150000,150000,150000,-1,-1,150000,-1,,GLOBAL_REBUILD,COMMIT,periodic interval,-1,-1,1052854,43502,1.0,1.0,1.0,NaN,NaN,NaN,NaN,16267500,0,0,NaN,NaN,NaN,NaN,,,NaN,NaN,NaN
PUBLICATION,WRITE_HEAVY,PERIODIC_GLOBAL_REBUILD,6,134775813,WRITE_HEAVY,,4,-1,200000,200000,200000,200000,-1,-1,200000,-1,,GLOBAL_REBUILD,COMMIT,periodic interval,-1,-1,1070766,44243,1.0,1.0,1.0,NaN,NaN,NaN,NaN,56809200,0,0,NaN,NaN,NaN,NaN,,,NaN,NaN,NaN
PUBLICATION,WRITE_HEAVY,PERIODIC_GLOBAL_REBUILD,6,134775813,WRITE_HEAVY,,5,-1,250000,250000,250000,250000,-1,-1,250000,-1,,GLOBAL_REBUILD,COMMIT,periodic interval,-1,-1,1088280,44981,1.0,1.0,1.0,NaN,NaN,NaN,NaN,10575200,0,0,NaN,NaN,NaN,NaN,,,NaN,NaN,NaN
PUBLICATION,WRITE_HEAVY,PERIODIC_GLOBAL_REBUILD,6,134775813,WRITE_HEAVY,,6,-1,300000,300000,300000,300000,-1,-1,300000,-1,,GLOBAL_REBUILD,COMMIT,periodic interval,-1,-1,1106062,45716,1.0,1.0,1.0,NaN,NaN,NaN,NaN,11286100,0,0,NaN,NaN,NaN,NaN,,,NaN,NaN,NaN
PUBLICATION,WRITE_HEAVY,PERIODIC_GLOBAL_REBUILD,7,16807,WRITE_HEAVY,,1,-1,50000,50000,50000,50000,-1,-1,50000,-1,,GLOBAL_REBUILD,COMMIT,periodic interval,-1,-1,1017692,42036,1.0,1.0,1.0,NaN,NaN,NaN,NaN,51562500,0,0,NaN,NaN,NaN,NaN,,,NaN,NaN,NaN
PUBLICATION,WRITE_HEAVY,PERIODIC_GLOBAL_REBUILD,7,16807,WRITE_HEAVY,,2,-1,100000,100000,100000,100000,-1,-1,100000,-1,,GLOBAL_REBUILD,COMMIT,periodic interval,-1,-1,1035221,42770,1.0,1.0,1.0,NaN,NaN,NaN,NaN,52325000,0,0,NaN,NaN,NaN,NaN,,,NaN,NaN,NaN
PUBLICATION,WRITE_HEAVY,PERIODIC_GLOBAL_REBUILD,7,16807,WRITE_HEAVY,,3,-1,150000,150000,150000,150000,-1,-1,150000,-1,,GLOBAL_REBUILD,COMMIT,periodic interval,-1,-1,1052717,43500,1.0,1.0,1.0,NaN,NaN,NaN,NaN,55174800,0,0,NaN,NaN,NaN,NaN,,,NaN,NaN,NaN
PUBLICATION,WRITE_HEAVY,PERIODIC_GLOBAL_REBUILD,7,16807,WRITE_HEAVY,,4,-1,200000,200000,200000,200000,-1,-1,200000,-1,,GLOBAL_REBUILD,COMMIT,periodic interval,-1,-1,1070478,44234,1.0,1.0,1.0,NaN,NaN,NaN,NaN,84773900,0,0,NaN,NaN,NaN,NaN,,,NaN,NaN,NaN
PUBLICATION,WRITE_HEAVY,PERIODIC_GLOBAL_REBUILD,7,16807,WRITE_HEAVY,,5,-1,250000,250000,250000,250000,-1,-1,250000,-1,,GLOBAL_REBUILD,COMMIT,periodic interval,-1,-1,1087898,44967,1.0,1.0,1.0,NaN,NaN,NaN,NaN,9736700,0,0,NaN,NaN,NaN,NaN,,,NaN,NaN,NaN
PUBLICATION,WRITE_HEAVY,PERIODIC_GLOBAL_REBUILD,7,16807,WRITE_HEAVY,,6,-1,300000,300000,300000,300000,-1,-1,300000,-1,,GLOBAL_REBUILD,COMMIT,periodic interval,-1,-1,1105442,45696,1.0,1.0,1.0,NaN,NaN,NaN,NaN,56150200,0,0,NaN,NaN,NaN,NaN,,,NaN,NaN,NaN
PUBLICATION,WRITE_HEAVY,PERIODIC_GLOBAL_REBUILD,8,2147483647,WRITE_HEAVY,,1,-1,50000,50000,50000,50000,-1,-1,50000,-1,,GLOBAL_REBUILD,COMMIT,periodic interval,-1,-1,1017524,42033,1.0,1.0,1.0,NaN,NaN,NaN,NaN,88716500,0,0,NaN,NaN,NaN,NaN,,,NaN,NaN,NaN
PUBLICATION,WRITE_HEAVY,PERIODIC_GLOBAL_REBUILD,8,2147483647,WRITE_HEAVY,,2,-1,100000,100000,100000,100000,-1,-1,100000,-1,,GLOBAL_REBUILD,COMMIT,periodic interval,-1,-1,1034907,42760,1.0,1.0,1.0,NaN,NaN,NaN,NaN,94386800,0,0,NaN,NaN,NaN,NaN,,,NaN,NaN,NaN
PUBLICATION,WRITE_HEAVY,PERIODIC_GLOBAL_REBUILD,8,2147483647,WRITE_HEAVY,,3,-1,150000,150000,150000,150000,-1,-1,150000,-1,,GLOBAL_REBUILD,COMMIT,periodic interval,-1,-1,1052505,43489,1.0,1.0,1.0,NaN,NaN,NaN,NaN,72007100,0,0,NaN,NaN,NaN,NaN,,,NaN,NaN,NaN
PUBLICATION,WRITE_HEAVY,PERIODIC_GLOBAL_REBUILD,8,2147483647,WRITE_HEAVY,,4,-1,200000,200000,200000,200000,-1,-1,200000,-1,,GLOBAL_REBUILD,COMMIT,periodic interval,-1,-1,1070133,44223,1.0,1.0,1.0,NaN,NaN,NaN,NaN,48983300,0,0,NaN,NaN,NaN,NaN,,,NaN,NaN,NaN
PUBLICATION,WRITE_HEAVY,PERIODIC_GLOBAL_REBUILD,8,2147483647,WRITE_HEAVY,,5,-1,250000,250000,250000,250000,-1,-1,250000,-1,,GLOBAL_REBUILD,COMMIT,periodic interval,-1,-1,1087625,44954,1.0,1.0,1.0,NaN,NaN,NaN,NaN,58286700,0,0,NaN,NaN,NaN,NaN,,,NaN,NaN,NaN
PUBLICATION,WRITE_HEAVY,PERIODIC_GLOBAL_REBUILD,8,2147483647,WRITE_HEAVY,,6,-1,300000,300000,300000,300000,-1,-1,300000,-1,,GLOBAL_REBUILD,COMMIT,periodic interval,-1,-1,1104969,45680,1.0,1.0,1.0,NaN,NaN,NaN,NaN,8618700,0,0,NaN,NaN,NaN,NaN,,,NaN,NaN,NaN
PUBLICATION,WRITE_HEAVY,PERIODIC_GLOBAL_REBUILD,9,6364136223846793005,WRITE_HEAVY,,1,-1,50000,50000,50000,50000,-1,-1,50000,-1,,GLOBAL_REBUILD,COMMIT,periodic interval,-1,-1,1017598,42034,1.0,1.0,1.0,NaN,NaN,NaN,NaN,80791700,0,0,NaN,NaN,NaN,NaN,,,NaN,NaN,NaN
PUBLICATION,WRITE_HEAVY,PERIODIC_GLOBAL_REBUILD,9,6364136223846793005,WRITE_HEAVY,,2,-1,100000,100000,100000,100000,-1,-1,100000,-1,,GLOBAL_REBUILD,COMMIT,periodic interval,-1,-1,1034936,42762,1.0,1.0,1.0,NaN,NaN,NaN,NaN,20417100,0,0,NaN,NaN,NaN,NaN,,,NaN,NaN,NaN
PUBLICATION,WRITE_HEAVY,PERIODIC_GLOBAL_REBUILD,9,6364136223846793005,WRITE_HEAVY,,3,-1,150000,150000,150000,150000,-1,-1,150000,-1,,GLOBAL_REBUILD,COMMIT,periodic interval,-1,-1,1052361,43487,1.0,1.0,1.0,NaN,NaN,NaN,NaN,81756300,0,0,NaN,NaN,NaN,NaN,,,NaN,NaN,NaN
PUBLICATION,WRITE_HEAVY,PERIODIC_GLOBAL_REBUILD,9,6364136223846793005,WRITE_HEAVY,,4,-1,200000,200000,200000,200000,-1,-1,200000,-1,,GLOBAL_REBUILD,COMMIT,periodic interval,-1,-1,1070000,44217,1.0,1.0,1.0,NaN,NaN,NaN,NaN,49945400,0,0,NaN,NaN,NaN,NaN,,,NaN,NaN,NaN
PUBLICATION,WRITE_HEAVY,PERIODIC_GLOBAL_REBUILD,9,6364136223846793005,WRITE_HEAVY,,5,-1,250000,250000,250000,250000,-1,-1,250000,-1,,GLOBAL_REBUILD,COMMIT,periodic interval,-1,-1,1087877,44957,1.0,1.0,1.0,NaN,NaN,NaN,NaN,8577700,0,0,NaN,NaN,NaN,NaN,,,NaN,NaN,NaN
PUBLICATION,WRITE_HEAVY,PERIODIC_GLOBAL_REBUILD,9,6364136223846793005,WRITE_HEAVY,,6,-1,300000,300000,300000,300000,-1,-1,300000,-1,,GLOBAL_REBUILD,COMMIT,periodic interval,-1,-1,1105711,45701,1.0,1.0,1.0,NaN,NaN,NaN,NaN,15997100,0,0,NaN,NaN,NaN,NaN,,,NaN,NaN,NaN
