profile,workload,variant,repetition,seed,phase,event_id,region_id,commit_operation_index,observation_index_after_commit,region_window_sequence,window_start_operation,window_end_operation,boundary,operations,operation_mix,latency_sample_mix,search_p95_ns,insert_p99_ns,delete_p95_ns,update_p95_ns,range_p95_ns,overall_p99_ns,normalized_service_cost,average_scan_amplification,leaf_splits,leaf_merges,average_occupancy,minimum_occupancy,leaf_count,record_count
PUBLICATION,LOCAL_HOTSPOT,LARS_FULL,0,1103515245,LOCAL_HOTSPOT,9,21574,194311,1,5,194479,251048,WINDOW_COMPLETE,1024,SEARCH=0.2607421875;INSERT=0.4462890625;DELETE=0.0849609375;UPDATE=0.16796875;RANGE_SEARCH=0.0400390625,SEARCH=0.11702127659574468;INSERT=0.7553191489361702;DELETE=0.010638297872340425;UPDATE=0.05319148936170213;RANGE_SEARCH=0.06382978723404255,200.0,2500.0,100.0,1000.0,1600.0,2500.0,1.3757635918570774,0.03456867019620056,11,0,0.7044547872340425,0.5,47,2119
PUBLICATION,LOCAL_HOTSPOT,LARS_FULL,0,1103515245,LOCAL_HOTSPOT,10,21181,237145,1,8,237175,297963,WINDOW_COMPLETE,1024,SEARCH=0.2509765625;INSERT=0.4423828125;DELETE=0.091796875;UPDATE=0.15625;RANGE_SEARCH=0.05859375,SEARCH=0.17073170731707318;INSERT=0.6097560975609756;DELETE=0.036585365853658534;UPDATE=0.08536585365853659;RANGE_SEARCH=0.0975609756097561,200.0,2200.0,200.0,200.0,4000.0,4000.0,1.665783296736579,0.03388226386522809,24,0,0.6212284482758621,0.5,58,2306
PUBLICATION,LOCAL_HOTSPOT,LARS_FULL,0,1103515245,LOCAL_HOTSPOT,10,21181,237145,2,9,297967,299968,RUN_END,32,SEARCH=0.28125;INSERT=0.34375;DELETE=0.09375;UPDATE=0.21875;RANGE_SEARCH=0.0625,SEARCH=0.0;INSERT=0.5;DELETE=0.5;UPDATE=0.0;RANGE_SEARCH=0.0,NaN,600.0,100.0,NaN,NaN,600.0,0.5495762952269292,0.03787878787878788,0,0,0.6239224137931034,0.5,58,2316
PUBLICATION,LOCAL_HOTSPOT,LARS_FULL,0,1103515245,LOCAL_HOTSPOT,9,21574,194311,2,6,251069,299977,RUN_END,872,SEARCH=0.2545871559633027;INSERT=0.4426605504587156;DELETE=0.0963302752293578;UPDATE=0.1536697247706422;RANGE_SEARCH=0.052752293577981654,SEARCH=0.05084745762711865;INSERT=0.7288135593220338;DELETE=0.05084745762711865;UPDATE=0.0847457627118644;RANGE_SEARCH=0.0847457627118644,200.0,1700.0,700.0,300.0,1600.0,1700.0,0.917602917344823,0.035258814703675916,0,0,0.6549258474576272,0.5,59,2473
PUBLICATION,LOCAL_HOTSPOT,LARS_FULL,1,214013,LOCAL_HOTSPOT,2,20998,111319,1,7,111363,142217,WINDOW_COMPLETE,1024,SEARCH=0.2490234375;INSERT=0.4375;DELETE=0.0908203125;UPDATE=0.1591796875;RANGE_SEARCH=0.0634765625,SEARCH=0.12048192771084337;INSERT=0.7108433734939759;DELETE=0.03614457831325301;UPDATE=0.04819277108433735;RANGE_SEARCH=0.08433734939759036,200.0,3200.0,1400.0,200.0,5400.0,5400.0,1.9525166844637885,0.045165394402035625,24,0,0.6237399193548387,0.5,62,2475
PUBLICATION,LOCAL_HOTSPOT,LARS_FULL,1,214013,LOCAL_HOTSPOT,2,20998,111319,2,8,142285,176753,WINDOW_COMPLETE,1024,SEARCH=0.267578125;INSERT=0.439453125;DELETE=0.08984375;UPDATE=0.1484375;RANGE_SEARCH=0.0546875,SEARCH=0.14772727272727273;INSERT=0.6477272727272727;DELETE=0.022727272727272728;UPDATE=0.10227272727272728;RANGE_SEARCH=0.07954545454545454,200.0,800.0,600.0,100.0,4200.0,4200.0,1.0997684412704833,0.038672350791717415,4,0,0.6704545454545454,0.5,33,1416
PUBLICATION,LOCAL_HOTSPOT,LARS_FULL,1,214013,LOCAL_HOTSPOT,2,20998,111319,3,9,176843,240494,WINDOW_COMPLETE,1024,SEARCH=0.234375;INSERT=0.443359375;DELETE=0.1123046875;UPDATE=0.154296875;RANGE_SEARCH=0.0556640625,SEARCH=0.14285714285714285;INSERT=0.7532467532467533;DELETE=0.025974025974025976;UPDATE=0.03896103896103896;RANGE_SEARCH=0.03896103896103896,200.0,1300.0,700.0,200.0,4300.0,4300.0,1.257523916889086,0.034658264663111976,8,0,0.6955030487804879,0.5,41,1825
PUBLICATION,LOCAL_HOTSPOT,LARS_FULL,1,214013,LOCAL_HOTSPOT,2,20998,111319,4,10,240538,299827,RUN_END,976,SEARCH=0.2387295081967213;INSERT=0.4682377049180328;DELETE=0.10245901639344263;UPDATE=0.14344262295081966;RANGE_SEARCH=0.0471311475409836,SEARCH=0.10638297872340426;INSERT=0.7553191489361702;DELETE=0.0425531914893617;UPDATE=0.0425531914893617;RANGE_SEARCH=0.05319148936170213,300.0,2100.0,300.0,200.0,1700.0,2100.0,0.9262612842739266,0.03420862442784871,0,0,0.6650943396226415,0.5,53,2256
PUBLICATION,LOCAL_HOTSPOT,LARS_FULL,2,1664525,LOCAL_HOTSPOT,15,21588,191671,1,5,191681,250661,WINDOW_COMPLETE,1024,SEARCH=0.2294921875;INSERT=0.4453125;DELETE=0.09765625;UPDATE=0.1630859375;RANGE_SEARCH=0.064453125,SEARCH=0.10344827586206896;INSERT=0.7241379310344828;DELETE=0.011494252873563218;UPDATE=0.04597701149425287;RANGE_SEARCH=0.11494252873563218,400.0,1000.0,100.0,200.0,2800.0,2800.0,1.5571300751149542,0.034165834165834165,14,0,0.6888297872340425,0.5,47,2072
PUBLICATION,LOCAL_HOTSPOT,LARS_FULL,2,1664525,LOCAL_HOTSPOT,15,21588,191671,2,6,250706,299945,RUN_END,826,SEARCH=0.2457627118644068;INSERT=0.45278450363196127;DELETE=0.11259079903147699;UPDATE=0.13317191283292978;RANGE_SEARCH=0.05569007263922518,SEARCH=0.07142857142857142;INSERT=0.7857142857142857;DELETE=0.02857142857142857;UPDATE=0.02857142857142857;RANGE_SEARCH=0.08571428571428572,200.0,1800.0,600.0,200.0,1300.0,1800.0,1.5384615384615385,0.03343166175024582,0,0,0.6382415254237288,0.5,59,2410
PUBLICATION,LOCAL_HOTSPOT,LARS_FULL,2,1664525,LOCAL_HOTSPOT,17,21179,247736,1,8,247772,299941,RUN_END,864,SEARCH=0.2708333333333333;INSERT=0.4212962962962963;DELETE=0.10416666666666667;UPDATE=0.1597222222222222;RANGE_SEARCH=0.04398148148148148,SEARCH=0.12121212121212122;INSERT=0.6363636363636364;DELETE=0.07575757575757576;UPDATE=0.09090909090909091;RANGE_SEARCH=0.07575757575757576,200.0,900.0,900.0,200.0,4700.0,4700.0,0.8490566037735849,0.0347343841214244,0,0,0.628015350877193,0.5,57,2291
PUBLICATION,LOCAL_HOTSPOT,LARS_FULL,3,22695477,LOCAL_HOTSPOT,1,20997,60895,1,5,60922,76705,WINDOW_COMPLETE,1024,SEARCH=0.248046875;INSERT=0.4521484375;DELETE=0.087890625;UPDATE=0.154296875;RANGE_SEARCH=0.0576171875,SEARCH=0.08064516129032258;INSERT=0.6935483870967742;DELETE=0.06451612903225806;UPDATE=0.0967741935483871;RANGE_SEARCH=0.06451612903225806,4000.0,2800.0,1100.0,400.0,2000.0,4000.0,0.9955133661840101,0.05016883743367101,1,0,0.80224609375,0.515625,64,3286
PUBLICATION,LOCAL_HOTSPOT,LARS_FULL,3,22695477,LOCAL_HOTSPOT,1,20997,60895,2,6,76708,106837,WINDOW_COMPLETE,1024,SEARCH=0.251953125;INSERT=0.46484375;DELETE=0.0927734375;UPDATE=0.14453125;RANGE_SEARCH=0.0458984375,SEARCH=0.03125;INSERT=0.796875;DELETE=0.03125;UPDATE=0.078125;RANGE_SEARCH=0.0625,100.0,4800.0,700.0,300.0,1000.0,4800.0,1.6405071943101013,0.03938185443668993,16,0,0.6585771276595744,0.5,47,1981
PUBLICATION,LOCAL_HOTSPOT,LARS_FULL,3,22695477,LOCAL_HOTSPOT,1,20997,60895,3,7,106875,140668,WINDOW_COMPLETE,1024,SEARCH=0.2451171875;INSERT=0.447265625;DELETE=0.09375;UPDATE=0.158203125;RANGE_SEARCH=0.0556640625,SEARCH=0.13414634146341464;INSERT=0.6341463414634146;DELETE=0.024390243902439025;UPDATE=0.07317073170731707;RANGE_SEARCH=0.13414634146341464,300.0,3400.0,700.0,200.0,3000.0,3400.0,1.3409068319952893,0.043037088873338,9,0,0.6648995535714286,0.5,56,2383
PUBLICATION,LOCAL_HOTSPOT,LARS_FULL,3,22695477,LOCAL_HOTSPOT,6,20999,141856,1,8,141880,173380,WINDOW_COMPLETE,1024,SEARCH=0.24609375;INSERT=0.4482421875;DELETE=0.1044921875;UPDATE=0.1640625;RANGE_SEARCH=0.037109375,SEARCH=0.05555555555555555;INSERT=0.7638888888888888;DELETE=0.041666666666666664;UPDATE=0.1111111111111111;RANGE_SEARCH=0.027777777777777776,300.0,900.0,800.0,200.0,3600.0,3600.0,1.0694448498404403,0.0421792618629174,3,0,0.7060546875,0.546875,64,2892
PUBLICATION,LOCAL_HOTSPOT,LARS_FULL,3,22695477,LOCAL_HOTSPOT,1,20997,60895,4,8,140674,174323,WINDOW_COMPLETE,1024,SEARCH=0.2646484375;INSERT=0.447265625;DELETE=0.091796875;UPDATE=0.15625;RANGE_SEARCH=0.0400390625,SEARCH=0.05333333333333334;INSERT=0.76;DELETE=0.04;UPDATE=0.09333333333333334;RANGE_SEARCH=0.05333333333333334,200.0,1700.0,700.0,200.0,900.0,1700.0,1.1692719825293911,0.04092827004219409,5,0,0.7138831967213115,0.5,61,2787
PUBLICATION,LOCAL_HOTSPOT,LARS_FULL,3,22695477,LOCAL_HOTSPOT,1,20997,60895,5,9,174377,213859,WINDOW_COMPLETE,1024,SEARCH=0.2763671875;INSERT=0.44921875;DELETE=0.0888671875;UPDATE=0.14453125;RANGE_SEARCH=0.041015625,SEARCH=0.14285714285714285;INSERT=0.7380952380952381;DELETE=0.047619047619047616;UPDATE=0.023809523809523808;RANGE_SEARCH=0.047619047619047616,200.0,6100.0,600.0,200.0,3700.0,6100.0,1.7784256559766765,0.03380662609871535,5,0,0.7784090909090909,0.515625,33,1644
PUBLICATION,LOCAL_HOTSPOT,LARS_FULL,3,22695477,LOCAL_HOTSPOT,6,20999,141856,2,9,173402,221517,WINDOW_COMPLETE,1024,SEARCH=0.2431640625;INSERT=0.451171875;DELETE=0.1005859375;UPDATE=0.1552734375;RANGE_SEARCH=0.0498046875,SEARCH=0.15853658536585366;INSERT=0.6707317073170732;DELETE=0.07317073170731707;UPDATE=0.012195121951219513;RANGE_SEARCH=0.08536585365853659,200.0,900.0,700.0,100.0,1000.0,1000.0,1.071176906877404,0.036815324753067945,3,0,0.7840073529411765,0.515625,34,1706
PUBLICATION,LOCAL_HOTSPOT,LARS_FULL,3,22695477,LOCAL_HOTSPOT,11,21001,181116,1,9,181158,244568,WINDOW_COMPLETE,1024,SEARCH=0.2939453125;INSERT=0.447265625;DELETE=0.087890625;UPDATE=0.126953125;RANGE_SEARCH=0.0439453125,SEARCH=0.2235294117647059;INSERT=0.5764705882352941;DELETE=0.07058823529411765;UPDATE=0.058823529411764705;RANGE_SEARCH=0.07058823529411765,200.0,900.0,600.0,200.0,1700.0,1700.0,1.1987809509999316,0.03403863845446182,6,0,0.7694256756756757,0.5,37,1822
PUBLICATION,LOCAL_HOTSPOT,LARS_FULL,3,22695477,LOCAL_HOTSPOT,6,20999,141856,3,10,221562,287434,WINDOW_COMPLETE,1024,SEARCH=0.24609375;INSERT=0.4541015625;DELETE=0.09375;UPDATE=0.15625;RANGE_SEARCH=0.0498046875,SEARCH=0.12790697674418605;INSERT=0.7441860465116279;DELETE=0.023255813953488372;UPDATE=0.05813953488372093;RANGE_SEARCH=0.046511627906976744,200.0,5400.0,600.0,200.0,2100.0,5400.0,1.5823537833012615,0.03154788924194281,15,0,0.6852678571428571,0.5,49,2149
PUBLICATION,LOCAL_HOTSPOT,LARS_FULL,3,22695477,LOCAL_HOTSPOT,11,21001,181116,2,10,244625,299975,RUN_END,860,SEARCH=0.2453488372093023;INSERT=0.46744186046511627;DELETE=0.1;UPDATE=0.1313953488372093;RANGE_SEARCH=0.05581395348837209,SEARCH=0.07042253521126761;INSERT=0.7183098591549296;DELETE=0.04225352112676056;UPDATE=0.028169014084507043;RANGE_SEARCH=0.14084507042253522,200.0,1400.0,700.0,200.0,4700.0,4700.0,0.9310120100549296,0.033713200379867046,0,0,0.6453419811320755,0.5,53,2189
PUBLICATION,LOCAL_HOTSPOT,LARS_FULL,3,22695477,LOCAL_HOTSPOT,6,20999,141856,4,11,287465,299885,RUN_END,178,SEARCH=0.19101123595505617;INSERT=0.5337078651685393;DELETE=0.06741573033707865;UPDATE=0.15730337078651685;RANGE_SEARCH=0.05056179775280899,SEARCH=0.0;INSERT=0.8571428571428571;DELETE=0.0;UPDATE=0.0;RANGE_SEARCH=0.14285714285714285,NaN,800.0,NaN,NaN,2500.0,2500.0,0.9440439203642612,0.033860045146726865,0,0,0.6252790178571429,0.5,56,2241
PUBLICATION,LOCAL_HOTSPOT,LARS_FULL,3,22695477,LOCAL_HOTSPOT,16,20997,248372,1,10,248460,299987,RUN_END,808,SEARCH=0.2623762376237624;INSERT=0.44554455445544555;DELETE=0.09900990099009901;UPDATE=0.14603960396039603;RANGE_SEARCH=0.04702970297029703,SEARCH=0.03508771929824561;INSERT=0.8070175438596491;DELETE=0.05263157894736842;UPDATE=0.017543859649122806;RANGE_SEARCH=0.08771929824561403,100.0,1300.0,100.0,100.0,4000.0,4000.0,0.9519973145350789,0.034492507774950526,0,0,0.6462264150943396,0.5,53,2192
PUBLICATION,LOCAL_HOTSPOT,LARS_FULL,3,22695477,LOCAL_HOTSPOT,17,21604,284997,1,6,285016,299968,RUN_END,242,SEARCH=0.21487603305785125;INSERT=0.49586776859504134;DELETE=0.08264462809917356;UPDATE=0.1487603305785124;RANGE_SEARCH=0.05785123966942149,SEARCH=0.08333333333333333;INSERT=0.75;DELETE=0.041666666666666664;UPDATE=0.041666666666666664;RANGE_SEARCH=0.08333333333333333,100.0,800.0,700.0,200.0,1100.0,1100.0,0.7721332375487637,0.03626943005181347,0,0,0.6600825471698113,0.5,53,2239
PUBLICATION,LOCAL_HOTSPOT,LARS_FULL,4,69069,LOCAL_HOTSPOT,3,20998,101544,1,7,101583,134217,WINDOW_COMPLETE,1024,SEARCH=0.2685546875;INSERT=0.4296875;DELETE=0.0966796875;UPDATE=0.1572265625;RANGE_SEARCH=0.0478515625,SEARCH=0.11940298507462686;INSERT=0.7014925373134329;DELETE=0.04477611940298507;UPDATE=0.05970149253731343;RANGE_SEARCH=0.07462686567164178,200.0,1600.0,200.0,200.0,700.0,1600.0,2.057133279057516,0.04479578392621871,25,0,0.6009004237288136,0.5,59,2269
PUBLICATION,LOCAL_HOTSPOT,LARS_FULL,4,69069,LOCAL_HOTSPOT,3,20998,101544,2,8,134243,165748,WINDOW_COMPLETE,1024,SEARCH=0.2314453125;INSERT=0.4462890625;DELETE=0.10546875;UPDATE=0.154296875;RANGE_SEARCH=0.0625,SEARCH=0.08823529411764706;INSERT=0.6911764705882353;DELETE=0.029411764705882353;UPDATE=0.11764705882352941;RANGE_SEARCH=0.07352941176470588,200.0,800.0,600.0,200.0,4000.0,4000.0,1.1232484308267827,0.04277921332184898,4,0,0.6617063492063492,0.5,63,2668
PUBLICATION,LOCAL_HOTSPOT,LARS_FULL,4,69069,LOCAL_HOTSPOT,3,20998,101544,3,9,165759,198693,WINDOW_COMPLETE,1024,SEARCH=0.2412109375;INSERT=0.455078125;DELETE=0.099609375;UPDATE=0.1513671875;RANGE_SEARCH=0.052734375,SEARCH=0.08888888888888889;INSERT=0.7444444444444445;DELETE=0.07777777777777778;UPDATE=0.022222222222222223;RANGE_SEARCH=0.06666666666666667,200.0,1300.0,1000.0,200.0,3600.0,3600.0,1.3402061855670102,0.03651287857345033,1,0,0.753173828125,0.515625,64,3085
PUBLICATION,LOCAL_HOTSPOT,LARS_FULL,4,69069,LOCAL_HOTSPOT,7,21000,173377,1,9,173382,232333,WINDOW_COMPLETE,1024,SEARCH=0.2421875;INSERT=0.439453125;DELETE=0.1103515625;UPDATE=0.1591796875;RANGE_SEARCH=0.048828125,SEARCH=0.10465116279069768;INSERT=0.7558139534883721;DELETE=0.03488372093023256;UPDATE=0.05813953488372093;RANGE_SEARCH=0.046511627906976744,200.0,1100.0,700.0,200.0,4900.0,4900.0,1.256939872886188,0.03749622013909888,7,0,0.7466216216216216,0.5,37,1768
PUBLICATION,LOCAL_HOTSPOT,LARS_FULL,4,69069,LOCAL_HOTSPOT,3,20998,101544,4,10,198756,250949,WINDOW_COMPLETE,1024,SEARCH=0.24609375;INSERT=0.4482421875;DELETE=0.115234375;UPDATE=0.1552734375;RANGE_SEARCH=0.03515625,SEARCH=0.12;INSERT=0.7466666666666667;DELETE=0.013333333333333334;UPDATE=0.09333333333333334;RANGE_SEARCH=0.02666666666666667,400.0,1600.0,600.0,200.0,1900.0,1900.0,1.6494845360824741,0.033741193919169445,5,0,0.7790798611111112,0.5,36,1795
PUBLICATION,LOCAL_HOTSPOT,LARS_FULL,4,69069,LOCAL_HOTSPOT,7,21000,173377,2,10,232343,293846,WINDOW_COMPLETE,1024,SEARCH=0.2578125;INSERT=0.4287109375;DELETE=0.109375;UPDATE=0.1494140625;RANGE_SEARCH=0.0546875,SEARCH=0.16417910447761194;INSERT=0.6268656716417911;DELETE=0.04477611940298507;UPDATE=0.05970149253731343;RANGE_SEARCH=0.1044776119402985,200.0,1500.0,100.0,100.0,4000.0,4000.0,1.61976426756517,0.034738911951059645,15,0,0.6544471153846154,0.5,52,2178
PUBLICATION,LOCAL_HOTSPOT,LARS_FULL,4,69069,LOCAL_HOTSPOT,12,21172,262841,1,9,262860,300000,RUN_END,575,SEARCH=0.24521739130434783;INSERT=0.4469565217391304;DELETE=0.12;UPDATE=0.1391304347826087;RANGE_SEARCH=0.04869565217391304,SEARCH=0.0784313725490196;INSERT=0.7058823529411765;DELETE=0.058823529411764705;UPDATE=0.11764705882352941;RANGE_SEARCH=0.0392156862745098,200.0,1400.0,700.0,200.0,1200.0,1400.0,0.7566250630971257,0.0347247875877355,0,0,0.625,0.5,59,2360
PUBLICATION,LOCAL_HOTSPOT,LARS_FULL,4,69069,LOCAL_HOTSPOT,7,21000,173377,3,11,293883,299972,RUN_END,116,SEARCH=0.23275862068965517;INSERT=0.47413793103448276;DELETE=0.12931034482758622;UPDATE=0.12931034482758622;RANGE_SEARCH=0.034482758620689655,SEARCH=0.0;INSERT=0.875;DELETE=0.125;UPDATE=0.0;RANGE_SEARCH=0.0,NaN,1300.0,100.0,NaN,NaN,1300.0,0.957040742229022,0.03880597014925373,0,0,0.6571344339622641,0.5,53,2229
PUBLICATION,LOCAL_HOTSPOT,LARS_FULL,4,69069,LOCAL_HOTSPOT,3,20998,101544,5,11,250951,299995,RUN_END,739,SEARCH=0.2746955345060893;INSERT=0.4330175913396482;DELETE=0.09472259810554803;UPDATE=0.14343707713125844;RANGE_SEARCH=0.05412719891745602,SEARCH=0.16326530612244897;INSERT=0.6530612244897959;DELETE=0.061224489795918366;UPDATE=0.04081632653061224;RANGE_SEARCH=0.08163265306122448,300.0,900.0,200.0,100.0,1100.0,1100.0,0.9520616828695943,0.03483792790063617,0,0,0.6274038461538461,0.5,52,2088
PUBLICATION,LOCAL_HOTSPOT,LARS_FULL,5,48271,LOCAL_HOTSPOT,9,21001,132914,1,8,132934,168030,WINDOW_COMPLETE,1024,SEARCH=0.2578125;INSERT=0.4345703125;DELETE=0.10546875;UPDATE=0.162109375;RANGE_SEARCH=0.0400390625,SEARCH=0.16216216216216217;INSERT=0.6216216216216216;DELETE=0.05405405405405406;UPDATE=0.06756756756756757;RANGE_SEARCH=0.0945945945945946,200.0,1000.0,700.0,200.0,1200.0,1200.0,1.2485144076540622,0.03941908713692946,7,0,0.6911458333333333,0.5,60,2654
PUBLICATION,LOCAL_HOTSPOT,LARS_FULL,5,48271,LOCAL_HOTSPOT,11,20999,164157,1,9,164171,197943,WINDOW_COMPLETE,1024,SEARCH=0.2548828125;INSERT=0.4501953125;DELETE=0.1123046875;UPDATE=0.130859375;RANGE_SEARCH=0.0517578125,SEARCH=0.08974358974358974;INSERT=0.717948717948718;DELETE=0.02564102564102564;UPDATE=0.07692307692307693;RANGE_SEARCH=0.08974358974358974,200.0,800.0,700.0,200.0,1000.0,1000.0,1.0836659680949439,0.03725015142337977,3,0,0.767578125,0.609375,32,1572
PUBLICATION,LOCAL_HOTSPOT,LARS_FULL,5,48271,LOCAL_HOTSPOT,9,21001,132914,2,9,168036,200980,WINDOW_COMPLETE,1024,SEARCH=0.25390625;INSERT=0.421875;DELETE=0.1103515625;UPDATE=0.154296875;RANGE_SEARCH=0.0595703125,SEARCH=0.0641025641025641;INSERT=0.6666666666666666;DELETE=0.01282051282051282;UPDATE=0.14102564102564102;RANGE_SEARCH=0.11538461538461539,200.0,800.0,800.0,200.0,1600.0,1600.0,0.9922684493375017,0.03667100130039012,1,0,0.7781762295081968,0.5,61,3038
PUBLICATION,LOCAL_HOTSPOT,LARS_FULL,5,48271,LOCAL_HOTSPOT,11,20999,164157,2,10,197992,259484,WINDOW_COMPLETE,1024,SEARCH=0.2421875;INSERT=0.462890625;DELETE=0.0947265625;UPDATE=0.1435546875;RANGE_SEARCH=0.056640625,SEARCH=0.13924050632911392;INSERT=0.6962025316455697;DELETE=0.02531645569620253;UPDATE=0.06329113924050633;RANGE_SEARCH=0.0759493670886076,200.0,37200.0,200.0,200.0,4000.0,37200.0,14.090909090909093,0.03259911894273128,14,0,0.6820652173913043,0.5,46,2008
PUBLICATION,LOCAL_HOTSPOT,LARS_FULL,5,48271,LOCAL_HOTSPOT,9,21001,132914,3,10,201057,260911,WINDOW_COMPLETE,1024,SEARCH=0.267578125;INSERT=0.435546875;DELETE=0.1103515625;UPDATE=0.1455078125;RANGE_SEARCH=0.041015625,SEARCH=0.05714285714285714;INSERT=0.7142857142857143;DELETE=0.14285714285714285;UPDATE=0.07142857142857142;RANGE_SEARCH=0.014285714285714285,300.0,2200.0,800.0,100.0,900.0,2200.0,1.7320766126474416,0.03410513141426783,18,0,0.6402853260869565,0.5,46,1885
PUBLICATION,LOCAL_HOTSPOT,LARS_FULL,5,48271,LOCAL_HOTSPOT,12,21580,211288,1,5,211310,274651,WINDOW_COMPLETE,1024,SEARCH=0.2373046875;INSERT=0.4560546875;DELETE=0.109375;UPDATE=0.15625;RANGE_SEARCH=0.041015625,SEARCH=0.10975609756097561;INSERT=0.7804878048780488;DELETE=0.012195121951219513;UPDATE=0.04878048780487805;RANGE_SEARCH=0.04878048780487805,200.0,700.0,100.0,300.0,1000.0,1000.0,1.43341958222715,0.03540587219343696,13,0,0.7154255319148937,0.5,47,2152
PUBLICATION,LOCAL_HOTSPOT,LARS_FULL,5,48271,LOCAL_HOTSPOT,9,21001,132914,4,11,261047,299825,RUN_END,573,SEARCH=0.2582897033158813;INSERT=0.4363001745200698;DELETE=0.09947643979057591;UPDATE=0.16055846422338568;RANGE_SEARCH=0.04537521815008726,SEARCH=0.029411764705882353;INSERT=0.7941176470588235;DELETE=0.058823529411764705;UPDATE=0.029411764705882353;RANGE_SEARCH=0.08823529411764706,100.0,1200.0,0.0,100.0,1100.0,1200.0,0.9484224607535875,0.0368442130556668,0,0,0.6255896226415094,0.5,53,2122
PUBLICATION,LOCAL_HOTSPOT,LARS_FULL,5,48271,LOCAL_HOTSPOT,12,21580,211288,2,6,274705,299946,RUN_END,422,SEARCH=0.22511848341232227;INSERT=0.48104265402843605;DELETE=0.0971563981042654;UPDATE=0.13507109004739337;RANGE_SEARCH=0.061611374407582936,SEARCH=0.05405405405405406;INSERT=0.7297297297297297;DELETE=0.05405405405405406;UPDATE=0.02702702702702703;RANGE_SEARCH=0.13513513513513514,200.0,1200.0,100.0,100.0,3900.0,3900.0,1.0810810810810811,0.0319744204636291,0,0,0.6534598214285714,0.5,56,2342
PUBLICATION,LOCAL_HOTSPOT,LARS_FULL,5,48271,LOCAL_HOTSPOT,11,20999,164157,3,11,259499,299982,RUN_END,664,SEARCH=0.2469879518072289;INSERT=0.47289156626506024;DELETE=0.0963855421686747;UPDATE=0.13253012048192772;RANGE_SEARCH=0.05120481927710843,SEARCH=0.0625;INSERT=0.75;DELETE=0.08333333333333333;UPDATE=0.020833333333333332;RANGE_SEARCH=0.08333333333333333,200.0,900.0,400.0,200.0,4100.0,4100.0,0.9528208512042231,0.03300124533001245,0,0,0.6548295454545454,0.5,55,2305
PUBLICATION,LOCAL_HOTSPOT,LARS_FULL,5,48271,LOCAL_HOTSPOT,13,21639,271577,1,5,271600,299939,RUN_END,426,SEARCH=0.24178403755868544;INSERT=0.4694835680751174;DELETE=0.07746478873239436;UPDATE=0.15258215962441316;RANGE_SEARCH=0.05868544600938967,SEARCH=0.06666666666666667;INSERT=0.7333333333333333;DELETE=0.022222222222222223;UPDATE=0.06666666666666667;RANGE_SEARCH=0.1111111111111111,100.0,1500.0,100.0,200.0,2400.0,2400.0,0.8108108108108109,0.03536257833482542,0,0,0.6524884259259259,0.5,54,2255
PUBLICATION,LOCAL_HOTSPOT,LARS_FULL,6,134775813,LOCAL_HOTSPOT,1,21175,89476,1,5,89482,122215,WINDOW_COMPLETE,1024,SEARCH=0.2705078125;INSERT=0.4130859375;DELETE=0.099609375;UPDATE=0.1630859375;RANGE_SEARCH=0.0537109375,SEARCH=0.13580246913580246;INSERT=0.5925925925925926;DELETE=0.08641975308641975;UPDATE=0.07407407407407407;RANGE_SEARCH=0.1111111111111111,200.0,1500.0,900.0,200.0,1600.0,1600.0,1.1051661221810891,0.046009771986970684,20,0,0.6379716981132075,0.5,53,2164
PUBLICATION,LOCAL_HOTSPOT,LARS_FULL,6,134775813,LOCAL_HOTSPOT,2,21000,106329,1,7,106331,136164,WINDOW_COMPLETE,1024,SEARCH=0.279296875;INSERT=0.419921875;DELETE=0.0947265625;UPDATE=0.1484375;RANGE_SEARCH=0.0576171875,SEARCH=0.1566265060240964;INSERT=0.6746987951807228;DELETE=0.03614457831325301;UPDATE=0.060240963855421686;RANGE_SEARCH=0.07228915662650602,200.0,3600.0,800.0,200.0,8800.0,8800.0,1.7672857599956489,0.0446888965280165,18,0,0.6481681034482759,0.5,58,2406
PUBLICATION,LOCAL_HOTSPOT,LARS_FULL,6,134775813,LOCAL_HOTSPOT,1,21175,89476,2,6,122258,158081,WINDOW_COMPLETE,1024,SEARCH=0.24609375;INSERT=0.4453125;DELETE=0.1005859375;UPDATE=0.1533203125;RANGE_SEARCH=0.0546875,SEARCH=0.12048192771084337;INSERT=0.6506024096385542;DELETE=0.07228915662650602;UPDATE=0.04819277108433735;RANGE_SEARCH=0.10843373493975904,300.0,4100.0,700.0,100.0,1400.0,4100.0,2.867132867132867,0.04211557296767875,7,0,0.6674479166666667,0.515625,60,2563
PUBLICATION,LOCAL_HOTSPOT,LARS_FULL,6,134775813,LOCAL_HOTSPOT,2,21000,106329,2,8,136205,169093,WINDOW_COMPLETE,1024,SEARCH=0.2587890625;INSERT=0.453125;DELETE=0.09375;UPDATE=0.15234375;RANGE_SEARCH=0.0419921875,SEARCH=0.08974358974358974;INSERT=0.7051282051282052;DELETE=0.05128205128205128;UPDATE=0.11538461538461539;RANGE_SEARCH=0.038461538461538464,300.0,10700.0,900.0,400.0,6600.0,10700.0,3.6593707250342,0.040366208905534745,7,0,0.67431640625,0.5,32,1381
PUBLICATION,LOCAL_HOTSPOT,LARS_FULL,6,134775813,LOCAL_HOTSPOT,1,21175,89476,3,7,158092,189402,WINDOW_COMPLETE,1024,SEARCH=0.25;INSERT=0.4326171875;DELETE=0.095703125;UPDATE=0.162109375;RANGE_SEARCH=0.0595703125,SEARCH=0.075;INSERT=0.7125;DELETE=0.05;UPDATE=0.05;RANGE_SEARCH=0.1125,300.0,1900.0,1400.0,300.0,1500.0,1900.0,1.3286713286713288,0.038619979402677654,3,0,0.7348710317460317,0.5,63,2963
PUBLICATION,LOCAL_HOTSPOT,LARS_FULL,6,134775813,LOCAL_HOTSPOT,10,20996,165677,1,9,165740,198008,WINDOW_COMPLETE,1024,SEARCH=0.2431640625;INSERT=0.4365234375;DELETE=0.1181640625;UPDATE=0.1533203125;RANGE_SEARCH=0.048828125,SEARCH=0.08333333333333333;INSERT=0.7261904761904762;DELETE=0.03571428571428571;UPDATE=0.05952380952380952;RANGE_SEARCH=0.09523809523809523,300.0,2000.0,1400.0,400.0,8000.0,8000.0,1.0254559657165223,0.03736874613959234,1,0,0.7587890625,0.53125,64,3108
PUBLICATION,LOCAL_HOTSPOT,LARS_FULL,6,134775813,LOCAL_HOTSPOT,2,21000,106329,3,9,169169,231949,WINDOW_COMPLETE,1024,SEARCH=0.251953125;INSERT=0.4306640625;DELETE=0.103515625;UPDATE=0.1591796875;RANGE_SEARCH=0.0546875,SEARCH=0.08641975308641975;INSERT=0.7283950617283951;DELETE=0.037037037037037035;UPDATE=0.09876543209876543;RANGE_SEARCH=0.04938271604938271,200.0,1500.0,800.0,500.0,1700.0,1700.0,1.079726251963824,0.03485608661209401,3,0,0.7933035714285714,0.5,35,1777
PUBLICATION,LOCAL_HOTSPOT,LARS_FULL,6,134775813,LOCAL_HOTSPOT,1,21175,89476,4,8,189405,233904,WINDOW_COMPLETE,1024,SEARCH=0.2373046875;INSERT=0.4560546875;DELETE=0.1044921875;UPDATE=0.1572265625;RANGE_SEARCH=0.044921875,SEARCH=0.08536585365853659;INSERT=0.7317073170731707;DELETE=0.04878048780487805;UPDATE=0.04878048780487805;RANGE_SEARCH=0.08536585365853659,400.0,2400.0,700.0,300.0,4400.0,4400.0,1.6783216783216783,0.0331925165962583,5,0,0.7772321428571428,0.5,35,1741
PUBLICATION,LOCAL_HOTSPOT,LARS_FULL,6,134775813,LOCAL_HOTSPOT,10,20996,165677,2,10,198017,244567,WINDOW_COMPLETE,1024,SEARCH=0.2236328125;INSERT=0.4716796875;DELETE=0.1025390625;UPDATE=0.15625;RANGE_SEARCH=0.0458984375,SEARCH=0.0449438202247191;INSERT=0.7415730337078652;DELETE=0.056179775280898875;UPDATE=0.07865168539325842;RANGE_SEARCH=0.07865168539325842,300.0,4100.0,800.0,600.0,4200.0,4200.0,1.3226085309924542,0.03235208394054211,8,0,0.7504006410256411,0.5,39,1873
PUBLICATION,LOCAL_HOTSPOT,LARS_FULL,6,134775813,LOCAL_HOTSPOT,12,21170,216465,1,7,216500,280671,WINDOW_COMPLETE,1024,SEARCH=0.2763671875;INSERT=0.4501953125;DELETE=0.087890625;UPDATE=0.1416015625;RANGE_SEARCH=0.0439453125,SEARCH=0.09210526315789473;INSERT=0.7236842105263158;DELETE=0.06578947368421052;UPDATE=0.06578947368421052;RANGE_SEARCH=0.05263157894736842,300.0,1400.0,900.0,300.0,3600.0,3600.0,0.9681870768012472,0.03606388459556929,17,0,0.6783088235294118,0.5,51,2214
PUBLICATION,LOCAL_HOTSPOT,LARS_FULL,6,134775813,LOCAL_HOTSPOT,2,21000,106329,4,10,232164,291858,WINDOW_COMPLETE,1024,SEARCH=0.228515625;INSERT=0.4482421875;DELETE=0.1103515625;UPDATE=0.1572265625;RANGE_SEARCH=0.0556640625,SEARCH=0.10294117647058823;INSERT=0.75;DELETE=0.014705882352941176;UPDATE=0.04411764705882353;RANGE_SEARCH=0.08823529411764706,300.0,1700.0,200.0,100.0,4100.0,4100.0,1.6517672355991428,0.034310532030401734,17,0,0.6616586538461539,0.5,52,2202
PUBLICATION,LOCAL_HOTSPOT,LARS_FULL,6,134775813,LOCAL_HOTSPOT,12,21170,216465,2,8,280676,299934,RUN_END,315,SEARCH=0.24126984126984127;INSERT=0.45714285714285713;DELETE=0.09206349206349207;UPDATE=0.16825396825396827;RANGE_SEARCH=0.04126984126984127,SEARCH=0.06666666666666667;INSERT=0.8;DELETE=0.0;UPDATE=0.06666666666666667;RANGE_SEARCH=0.06666666666666667,200.0,1000.0,NaN,200.0,1100.0,1100.0,0.5397342454574834,0.031992687385740404,0,0,0.6428179824561403,0.5,57,2345
PUBLICATION,LOCAL_HOTSPOT,LARS_FULL,6,134775813,LOCAL_HOTSPOT,2,21000,106329,5,11,291877,299960,RUN_END,130,SEARCH=0.16923076923076924;INSERT=0.5076923076923077;DELETE=0.11538461538461539;UPDATE=0.15384615384615385;RANGE_SEARCH=0.05384615384615385,SEARCH=0.2;INSERT=0.7;DELETE=0.0;UPDATE=0.0;RANGE_SEARCH=0.1,100.0,700.0,NaN,NaN,1200.0,1200.0,0.9418478286224595,0.0392156862745098,0,0,0.6802884615384616,0.515625,52,2264
PUBLICATION,LOCAL_HOTSPOT,LARS_FULL,6,134775813,LOCAL_HOTSPOT,14,21175,268309,1,9,268329,299970,RUN_END,489,SEARCH=0.21063394683026584;INSERT=0.48261758691206547;DELETE=0.11247443762781185;UPDATE=0.13496932515337423;RANGE_SEARCH=0.05930470347648262,SEARCH=0.08333333333333333;INSERT=0.7222222222222222;DELETE=0.027777777777777776;UPDATE=0.027777777777777776;RANGE_SEARCH=0.1388888888888889,200.0,1600.0,300.0,100.0,4300.0,4300.0,1.118881118881119,0.03313359182234755,0,0,0.6529447115384616,0.5,52,2173
PUBLICATION,LOCAL_HOTSPOT,LARS_FULL,6,134775813,LOCAL_HOTSPOT,10,20996,165677,3,11,244626,299984,RUN_END,892,SEARCH=0.24551569506726456;INSERT=0.44506726457399104;DELETE=0.09417040358744394;UPDATE=0.16367713004484305;RANGE_SEARCH=0.0515695067264574,SEARCH=0.15873015873015872;INSERT=0.5873015873015873;DELETE=0.07936507936507936;UPDATE=0.1111111111111111;RANGE_SEARCH=0.06349206349206349,300.0,2000.0,1100.0,200.0,1500.0,2000.0,0.9814595051412259,0.03685897435897436,0,0,0.6258370535714286,0.5,56,2243
PUBLICATION,LOCAL_HOTSPOT,LARS_FULL,7,16807,LOCAL_HOTSPOT,13,21610,265078,1,5,265100,299985,RUN_END,606,SEARCH=0.2623762376237624;INSERT=0.43234323432343236;DELETE=0.09735973597359736;UPDATE=0.16501650165016502;RANGE_SEARCH=0.0429042904290429,SEARCH=0.023809523809523808;INSERT=0.7142857142857143;DELETE=0.07142857142857142;UPDATE=0.09523809523809523;RANGE_SEARCH=0.09523809523809523,100.0,1900.0,800.0,300.0,2000.0,2000.0,0.9743589743589743,0.0362290611608882,0,0,0.6171875,0.5,60,2370
PUBLICATION,LOCAL_HOTSPOT,LARS_FULL,8,2147483647,LOCAL_HOTSPOT,2,21001,133248,1,8,133340,165303,WINDOW_COMPLETE,1024,SEARCH=0.2529296875;INSERT=0.4423828125;DELETE=0.0966796875;UPDATE=0.1630859375;RANGE_SEARCH=0.044921875,SEARCH=0.1232876712328767;INSERT=0.726027397260274;DELETE=0.0;UPDATE=0.0958904109589041;RANGE_SEARCH=0.0547945205479452,200.0,1600.0,NaN,200.0,1600.0,1600.0,1.0006530170582677,0.03908305148440436,2,0,0.7145337301587301,0.578125,63,2881
PUBLICATION,LOCAL_HOTSPOT,LARS_FULL,8,2147483647,LOCAL_HOTSPOT,4,21000,169842,1,9,169855,211029,WINDOW_COMPLETE,1024,SEARCH=0.2333984375;INSERT=0.482421875;DELETE=0.111328125;UPDATE=0.130859375;RANGE_SEARCH=0.0419921875,SEARCH=0.09574468085106383;INSERT=0.8085106382978723;DELETE=0.031914893617021274;UPDATE=0.0425531914893617;RANGE_SEARCH=0.02127659574468085,200.0,1700.0,600.0,200.0,1400.0,1700.0,1.1001347078501464,0.03766140602582496,4,0,0.775094696969697,0.515625,33,1637
PUBLICATION,LOCAL_HOTSPOT,LARS_FULL,8,2147483647,LOCAL_HOTSPOT,2,21001,133248,2,9,165315,212908,WINDOW_COMPLETE,1024,SEARCH=0.24609375;INSERT=0.48046875;DELETE=0.0888671875;UPDATE=0.140625;RANGE_SEARCH=0.0439453125,SEARCH=0.046511627906976744;INSERT=0.8372093023255814;DELETE=0.03488372093023256;UPDATE=0.023255813953488372;RANGE_SEARCH=0.05813953488372093,200.0,3300.0,500.0,200.0,1800.0,3300.0,1.376720901126408,0.035145888594164454,7,0,0.7428209459459459,0.5,37,1759
PUBLICATION,LOCAL_HOTSPOT,LARS_FULL,8,2147483647,LOCAL_HOTSPOT,2,21001,133248,3,10,212992,277634,WINDOW_COMPLETE,1024,SEARCH=0.240234375;INSERT=0.4658203125;DELETE=0.1123046875;UPDATE=0.138671875;RANGE_SEARCH=0.04296875,SEARCH=0.06666666666666667;INSERT=0.7777777777777778;DELETE=0.044444444444444446;UPDATE=0.022222222222222223;RANGE_SEARCH=0.08888888888888889,200.0,1500.0,700.0,200.0,2700.0,2700.0,1.5271923792298083,0.034437777198017216,15,0,0.6556490384615384,0.5,52,2182
PUBLICATION,LOCAL_HOTSPOT,LARS_FULL,8,2147483647,LOCAL_HOTSPOT,4,21000,169842,2,10,211051,278391,WINDOW_COMPLETE,1024,SEARCH=0.255859375;INSERT=0.4326171875;DELETE=0.1103515625;UPDATE=0.15625;RANGE_SEARCH=0.044921875,SEARCH=0.09411764705882353;INSERT=0.7294117647058823;DELETE=0.03529411764705882;UPDATE=0.07058823529411765;RANGE_SEARCH=0.07058823529411765,200.0,4800.0,500.0,200.0,1100.0,4800.0,1.7009735520114873,0.03337783711615487,18,0,0.6240808823529411,0.5,51,2037
PUBLICATION,LOCAL_HOTSPOT,LARS_FULL,8,2147483647,LOCAL_HOTSPOT,2,21001,133248,4,11,277721,299990,RUN_END,355,SEARCH=0.2535211267605634;INSERT=0.43380281690140843;DELETE=0.10140845070422536;UPDATE=0.15774647887323945;RANGE_SEARCH=0.05352112676056338,SEARCH=0.12903225806451613;INSERT=0.6774193548387096;DELETE=0.0967741935483871;UPDATE=0.0967741935483871;RANGE_SEARCH=0.0,300.0,900.0,600.0,200.0,NaN,900.0,0.9176907133480797,0.032696177062374245,0,0,0.6258081896551724,0.5,58,2323
PUBLICATION,LOCAL_HOTSPOT,LARS_FULL,8,2147483647,LOCAL_HOTSPOT,5,21582,249218,1,6,249244,299987,RUN_END,871,SEARCH=0.2663605051664753;INSERT=0.41676234213547647;DELETE=0.09758897818599312;UPDATE=0.16303099885189437;RANGE_SEARCH=0.05625717566016074,SEARCH=0.14925373134328357;INSERT=0.582089552238806;DELETE=0.05970149253731343;UPDATE=0.1044776119402985;RANGE_SEARCH=0.1044776119402985,200.0,1200.0,200.0,200.0,8300.0,8300.0,0.919906921500932,0.03264028616141292,0,0,0.6603618421052632,0.5,57,2409
PUBLICATION,LOCAL_HOTSPOT,LARS_FULL,8,2147483647,LOCAL_HOTSPOT,4,21000,169842,3,11,278425,299956,RUN_END,336,SEARCH=0.2916666666666667;INSERT=0.4255952380952381;DELETE=0.10416666666666667;UPDATE=0.13095238095238096;RANGE_SEARCH=0.047619047619047616,SEARCH=0.06896551724137931;INSERT=0.7241379310344828;DELETE=0.06896551724137931;UPDATE=0.06896551724137931;RANGE_SEARCH=0.06896551724137931,200.0,800.0,100.0,200.0,900.0,900.0,0.9361237995697347,0.03481012658227848,0,0,0.6176136363636363,0.5,55,2174
PUBLICATION,LOCAL_HOTSPOT,LARS_FULL,9,6364136223846793005,LOCAL_HOTSPOT,3,21173,120845,1,6,120851,152040,WINDOW_COMPLETE,1024,SEARCH=0.255859375;INSERT=0.443359375;DELETE=0.09375;UPDATE=0.146484375;RANGE_SEARCH=0.060546875,SEARCH=0.10869565217391304;INSERT=0.7282608695652174;DELETE=0.021739130434782608;UPDATE=0.07608695652173914;RANGE_SEARCH=0.06521739130434782,200.0,7200.0,800.0,200.0,1600.0,7200.0,4.227833235466823,0.04343779087806392,15,0,0.6590221774193549,0.5,62,2615
PUBLICATION,LOCAL_HOTSPOT,LARS_FULL,9,6364136223846793005,LOCAL_HOTSPOT,4,21000,143831,1,8,143869,178685,WINDOW_COMPLETE,1024,SEARCH=0.267578125;INSERT=0.443359375;DELETE=0.0966796875;UPDATE=0.1455078125;RANGE_SEARCH=0.046875,SEARCH=0.14814814814814814;INSERT=0.6666666666666666;DELETE=0.037037037037037035;UPDATE=0.07407407407407407;RANGE_SEARCH=0.07407407407407407,200.0,2100.0,200.0,200.0,1100.0,2100.0,1.1613047838942814,0.038170563961485555,5,0,0.7227909482758621,0.546875,58,2683
PUBLICATION,LOCAL_HOTSPOT,LARS_FULL,9,6364136223846793005,LOCAL_HOTSPOT,3,21173,120845,2,7,152058,184055,WINDOW_COMPLETE,1024,SEARCH=0.2353515625;INSERT=0.4599609375;DELETE=0.1015625;UPDATE=0.15234375;RANGE_SEARCH=0.05078125,SEARCH=0.10752688172043011;INSERT=0.8064516129032258;DELETE=0.021505376344086023;UPDATE=0.010752688172043012;RANGE_SEARCH=0.053763440860215055,200.0,1800.0,200.0,200.0,5100.0,5100.0,1.0569583088667058,0.03878748370273794,1,0,0.753968253968254,0.546875,63,3040
PUBLICATION,LOCAL_HOTSPOT,LARS_FULL,9,6364136223846793005,LOCAL_HOTSPOT,4,21000,143831,2,9,178709,211898,WINDOW_COMPLETE,1024,SEARCH=0.2353515625;INSERT=0.4462890625;DELETE=0.1025390625;UPDATE=0.162109375;RANGE_SEARCH=0.0537109375,SEARCH=0.09195402298850575;INSERT=0.7126436781609196;DELETE=0.034482758620689655;UPDATE=0.08045977011494253;RANGE_SEARCH=0.08045977011494253,200.0,1400.0,500.0,200.0,1700.0,1700.0,1.0693109838811738,0.03516028955532575,3,0,0.7945696721311475,0.5,61,3102
PUBLICATION,LOCAL_HOTSPOT,LARS_FULL,9,6364136223846793005,LOCAL_HOTSPOT,3,21173,120845,3,8,184077,234354,WINDOW_COMPLETE,1024,SEARCH=0.25;INSERT=0.44921875;DELETE=0.1005859375;UPDATE=0.138671875;RANGE_SEARCH=0.0615234375,SEARCH=0.08823529411764706;INSERT=0.6911764705882353;DELETE=0.04411764705882353;UPDATE=0.058823529411764705;RANGE_SEARCH=0.11764705882352941,200.0,2100.0,700.0,200.0,4300.0,4300.0,1.2331180270111568,0.033925686591276254,10,0,0.733984375,0.5,40,1879
PUBLICATION,LOCAL_HOTSPOT,LARS_FULL,9,6364136223846793005,LOCAL_HOTSPOT,4,21000,143831,3,10,211968,269311,WINDOW_COMPLETE,1024,SEARCH=0.2392578125;INSERT=0.443359375;DELETE=0.1025390625;UPDATE=0.1591796875;RANGE_SEARCH=0.0556640625,SEARCH=0.09411764705882353;INSERT=0.6235294117647059;DELETE=0.11764705882352941;UPDATE=0.09411764705882353;RANGE_SEARCH=0.07058823529411765,200.0,10100.0,700.0,200.0,1800.0,10100.0,3.5067009235469757,0.03433098591549296,19,0,0.6309840425531915,0.5,47,1898
PUBLICATION,LOCAL_HOTSPOT,LARS_FULL,9,6364136223846793005,LOCAL_HOTSPOT,11,21540,233998,1,6,234130,290996,WINDOW_COMPLETE,1024,SEARCH=0.2509765625;INSERT=0.4453125;DELETE=0.103515625;UPDATE=0.14453125;RANGE_SEARCH=0.0556640625,SEARCH=0.10714285714285714;INSERT=0.6190476190476191;DELETE=0.05952380952380952;UPDATE=0.047619047619047616;RANGE_SEARCH=0.16666666666666666,200.0,1100.0,700.0,200.0,4100.0,4100.0,1.8635789720952542,0.034977402240125764,20,0,0.6654575892857143,0.5,56,2385
PUBLICATION,LOCAL_HOTSPOT,LARS_FULL,9,6364136223846793005,LOCAL_HOTSPOT,3,21173,120845,4,9,234390,296221,WINDOW_COMPLETE,1024,SEARCH=0.2646484375;INSERT=0.447265625;DELETE=0.10546875;UPDATE=0.1337890625;RANGE_SEARCH=0.048828125,SEARCH=0.13636363636363635;INSERT=0.6931818181818182;DELETE=0.03409090909090909;UPDATE=0.03409090909090909;RANGE_SEARCH=0.10227272727272728,200.0,2600.0,200.0,200.0,1700.0,2600.0,1.5267175572519085,0.03383199079401611,17,0,0.6318530701754386,0.5,57,2305
PUBLICATION,LOCAL_HOTSPOT,LARS_FULL,9,6364136223846793005,LOCAL_HOTSPOT,4,21000,143831,4,11,269338,299991,RUN_END,446,SEARCH=0.226457399103139;INSERT=0.4439461883408072;DELETE=0.13228699551569506;UPDATE=0.15695067264573992;RANGE_SEARCH=0.04035874439461883,SEARCH=0.0975609756097561;INSERT=0.7804878048780488;DELETE=0.04878048780487805;UPDATE=0.04878048780487805;RANGE_SEARCH=0.024390243902439025,200.0,1500.0,200.0,200.0,5400.0,5400.0,0.9430144109818226,0.033936651583710405,0,0,0.6774088541666666,0.5,48,2081
PUBLICATION,LOCAL_HOTSPOT,LARS_FULL,9,6364136223846793005,LOCAL_HOTSPOT,12,21576,270164,1,6,270170,299996,RUN_END,469,SEARCH=0.2771855010660981;INSERT=0.42217484008528783;DELETE=0.06823027718550106;UPDATE=0.1791044776119403;RANGE_SEARCH=0.053304904051172705,SEARCH=0.08571428571428572;INSERT=0.7428571428571429;DELETE=0.0;UPDATE=0.05714285714285714;RANGE_SEARCH=0.11428571428571428,200.0,1100.0,NaN,100.0,4900.0,4900.0,0.906912256185337,0.03618711385701677,0,0,0.6362390350877193,0.5,57,2321
PUBLICATION,LOCAL_HOTSPOT,LARS_FULL,9,6364136223846793005,LOCAL_HOTSPOT,11,21540,233998,2,7,290997,299992,RUN_END,177,SEARCH=0.2542372881355932;INSERT=0.4293785310734463;DELETE=0.0847457627118644;UPDATE=0.1807909604519774;RANGE_SEARCH=0.05084745762711865,SEARCH=0.16666666666666666;INSERT=0.6666666666666666;DELETE=0.05555555555555555;UPDATE=0.0;RANGE_SEARCH=0.1111111111111111,100.0,800.0,100.0,NaN,1300.0,1300.0,0.9728978457261988,0.0340522133938706,0,0,0.6732456140350878,0.5,57,2456
PUBLICATION,LOCAL_HOTSPOT,LARS_FULL,9,6364136223846793005,LOCAL_HOTSPOT,3,21173,120845,5,10,296329,299984,RUN_END,62,SEARCH=0.25806451612903225;INSERT=0.5;DELETE=0.12903225806451613;UPDATE=0.11290322580645161;RANGE_SEARCH=0.0,SEARCH=0.0;INSERT=0.6666666666666666;DELETE=0.0;UPDATE=0.3333333333333333;RANGE_SEARCH=0.0,NaN,700.0,NaN,100.0,NaN,700.0,0.5291154170854927,NaN,0,0,0.6395285087719298,0.5,57,2333
PUBLICATION,LOCAL_HOTSPOT,LARS_NO_DIAGNOSIS,0,1103515245,LOCAL_HOTSPOT,1,21177,125385,1,5,125396,155409,WINDOW_COMPLETE,1024,SEARCH=0.244140625;INSERT=0.4501953125;DELETE=0.091796875;UPDATE=0.154296875;RANGE_SEARCH=0.0595703125,SEARCH=0.08433734939759036;INSERT=0.7590361445783133;DELETE=0.04819277108433735;UPDATE=0.04819277108433735;RANGE_SEARCH=0.060240963855421686,400.0,1900.0,800.0,200.0,1000.0,1900.0,0.9545372922752627,0.044642857142857144,18,0,0.63720703125,0.515625,32,1305
PUBLICATION,LOCAL_HOTSPOT,LARS_NO_DIAGNOSIS,0,1103515245,LOCAL_HOTSPOT,7,20996,172146,1,9,172210,212792,WINDOW_COMPLETE,1024,SEARCH=0.2646484375;INSERT=0.431640625;DELETE=0.1025390625;UPDATE=0.1552734375;RANGE_SEARCH=0.0458984375,SEARCH=0.06896551724137931;INSERT=0.7241379310344828;DELETE=0.04597701149425287;UPDATE=0.09195402298850575;RANGE_SEARCH=0.06896551724137931,200.0,1800.0,700.0,300.0,8600.0,8600.0,1.0807238014010765,0.03242269588712098,3,0,0.8037109375,0.515625,32,1646
PUBLICATION,LOCAL_HOTSPOT,LARS_NO_DIAGNOSIS,0,1103515245,LOCAL_HOTSPOT,1,21177,125385,2,6,155415,215500,WINDOW_COMPLETE,1024,SEARCH=0.2275390625;INSERT=0.4921875;DELETE=0.103515625;UPDATE=0.1240234375;RANGE_SEARCH=0.052734375,SEARCH=0.14606741573033707;INSERT=0.7191011235955056;DELETE=0.02247191011235955;UPDATE=0.056179775280898875;RANGE_SEARCH=0.056179775280898875,300.0,1400.0,400.0,300.0,1100.0,1400.0,0.660377358490566,0.03832650672908133,4,0,0.7660590277777778,0.515625,36,1765
PUBLICATION,LOCAL_HOTSPOT,LARS_NO_DIAGNOSIS,0,1103515245,LOCAL_HOTSPOT,1,21177,125385,3,7,215512,276741,WINDOW_COMPLETE,1024,SEARCH=0.265625;INSERT=0.435546875;DELETE=0.0810546875;UPDATE=0.1640625;RANGE_SEARCH=0.0537109375,SEARCH=0.08235294117647059;INSERT=0.7058823529411765;DELETE=0.047058823529411764;UPDATE=0.07058823529411765;RANGE_SEARCH=0.09411764705882353,200.0,2000.0,700.0,100.0,1700.0,2000.0,0.9433962264150944,0.03421633554083885,16,0,0.6544471153846154,0.515625,52,2178
PUBLICATION,LOCAL_HOTSPOT,LARS_NO_DIAGNOSIS,0,1103515245,LOCAL_HOTSPOT,7,20996,172146,2,10,212804,280875,WINDOW_COMPLETE,1024,SEARCH=0.2392578125;INSERT=0.4443359375;DELETE=0.09765625;UPDATE=0.162109375;RANGE_SEARCH=0.056640625,SEARCH=0.08536585365853659;INSERT=0.7195121951219512;DELETE=0.012195121951219513;UPDATE=0.08536585365853659;RANGE_SEARCH=0.0975609756097561,300.0,3800.0,300.0,200.0,1600.0,3800.0,1.63444402946255,0.03449074074074074,16,0,0.671875,0.5,48,2064
PUBLICATION,LOCAL_HOTSPOT,LARS_NO_DIAGNOSIS,0,1103515245,LOCAL_HOTSPOT,10,21609,272641,1,5,272676,299914,RUN_END,498,SEARCH=0.24899598393574296;INSERT=0.42369477911646586;DELETE=0.12048192771084337;UPDATE=0.15461847389558234;RANGE_SEARCH=0.05220883534136546,SEARCH=0.17857142857142858;INSERT=0.6428571428571429;DELETE=0.07142857142857142;UPDATE=0.0;RANGE_SEARCH=0.10714285714285714,300.0,2100.0,200.0,NaN,2100.0,2100.0,2.210526315789474,0.032361166600079906,0,0,0.6607954545454545,0.5,55,2326
PUBLICATION,LOCAL_HOTSPOT,LARS_NO_DIAGNOSIS,0,1103515245,LOCAL_HOTSPOT,7,20996,172146,3,11,280916,299908,RUN_END,309,SEARCH=0.23624595469255663;INSERT=0.45307443365695793;DELETE=0.0970873786407767;UPDATE=0.1779935275080906;RANGE_SEARCH=0.03559870550161812,SEARCH=0.08;INSERT=0.76;DELETE=0.0;UPDATE=0.08;RANGE_SEARCH=0.08,300.0,2700.0,NaN,200.0,1400.0,2700.0,1.048828807831255,0.03632694248234107,0,0,0.6247159090909091,0.5,55,2199
PUBLICATION,LOCAL_HOTSPOT,LARS_NO_DIAGNOSIS,0,1103515245,LOCAL_HOTSPOT,1,21177,125385,4,8,276742,299906,RUN_END,439,SEARCH=0.23690205011389523;INSERT=0.44874715261959;DELETE=0.10478359908883828;UPDATE=0.15945330296127563;RANGE_SEARCH=0.05011389521640091,SEARCH=0.16666666666666666;INSERT=0.6904761904761905;DELETE=0.07142857142857142;UPDATE=0.023809523809523808;RANGE_SEARCH=0.047619047619047616,300.0,1500.0,400.0,300.0,1400.0,1500.0,0.7115749525616698,0.03335017685699848,0,0,0.6710227272727273,0.5,55,2362
PUBLICATION,LOCAL_HOTSPOT,LARS_NO_DIAGNOSIS,1,214013,LOCAL_HOTSPOT,7,21174,160943,1,7,160957,196589,WINDOW_COMPLETE,1024,SEARCH=0.255859375;INSERT=0.423828125;DELETE=0.087890625;UPDATE=0.162109375;RANGE_SEARCH=0.0703125,SEARCH=0.11594202898550725;INSERT=0.6086956521739131;DELETE=0.043478260869565216;UPDATE=0.043478260869565216;RANGE_SEARCH=0.18840579710144928,200.0,1800.0,1300.0,200.0,4600.0,4600.0,1.4263074484944533,0.03842071746975165,3,0,0.74169921875,0.5,32,1519
PUBLICATION,LOCAL_HOTSPOT,LARS_NO_DIAGNOSIS,1,214013,LOCAL_HOTSPOT,8,21587,193984,1,5,194144,252847,WINDOW_COMPLETE,1024,SEARCH=0.234375;INSERT=0.4716796875;DELETE=0.0908203125;UPDATE=0.1513671875;RANGE_SEARCH=0.0517578125,SEARCH=0.04395604395604396;INSERT=0.7692307692307693;DELETE=0.04395604395604396;UPDATE=0.06593406593406594;RANGE_SEARCH=0.07692307692307693,200.0,2900.0,900.0,200.0,1700.0,2900.0,2.5892857142857144,0.03356419818859883,5,0,0.794921875,0.5,40,2035
PUBLICATION,LOCAL_HOTSPOT,LARS_NO_DIAGNOSIS,1,214013,LOCAL_HOTSPOT,7,21174,160943,2,8,196663,261394,WINDOW_COMPLETE,1024,SEARCH=0.2744140625;INSERT=0.419921875;DELETE=0.1064453125;UPDATE=0.1591796875;RANGE_SEARCH=0.0400390625,SEARCH=0.1111111111111111;INSERT=0.7222222222222222;DELETE=0.05555555555555555;UPDATE=0.06944444444444445;RANGE_SEARCH=0.041666666666666664,300.0,1400.0,700.0,100.0,1300.0,1400.0,1.109350237717908,0.034200968523002424,11,0,0.6933139534883721,0.5,43,1908
PUBLICATION,LOCAL_HOTSPOT,LARS_NO_DIAGNOSIS,1,214013,LOCAL_HOTSPOT,9,21000,229540,1,10,229593,293926,WINDOW_COMPLETE,1024,SEARCH=0.2255859375;INSERT=0.470703125;DELETE=0.0986328125;UPDATE=0.162109375;RANGE_SEARCH=0.04296875,SEARCH=0.02631578947368421;INSERT=0.75;DELETE=0.013157894736842105;UPDATE=0.07894736842105263;RANGE_SEARCH=0.13157894736842105,200.0,1600.0,600.0,200.0,4300.0,4300.0,1.7762144254958314,0.03386351975371986,20,0,0.6512382075471698,0.5,53,2209
PUBLICATION,LOCAL_HOTSPOT,LARS_NO_DIAGNOSIS,1,214013,LOCAL_HOTSPOT,8,21587,193984,2,6,252892,299913,RUN_END,815,SEARCH=0.24539877300613497;INSERT=0.4539877300613497;DELETE=0.10061349693251534;UPDATE=0.1460122699386503;RANGE_SEARCH=0.053987730061349694,SEARCH=0.06349206349206349;INSERT=0.8095238095238095;DELETE=0.031746031746031744;UPDATE=0.031746031746031744;RANGE_SEARCH=0.06349206349206349,200.0,1800.0,800.0,200.0,1200.0,1800.0,1.6071428571428572,0.034385424685655634,0,0,0.6646205357142857,0.5,56,2382
PUBLICATION,LOCAL_HOTSPOT,LARS_NO_DIAGNOSIS,1,214013,LOCAL_HOTSPOT,7,21174,160943,3,9,261395,299809,RUN_END,592,SEARCH=0.2483108108108108;INSERT=0.4222972972972973;DELETE=0.1266891891891892;UPDATE=0.15371621621621623;RANGE_SEARCH=0.048986486486486486,SEARCH=0.0975609756097561;INSERT=0.7073170731707317;DELETE=0.07317073170731707;UPDATE=0.024390243902439025;RANGE_SEARCH=0.0975609756097561,200.0,1700.0,800.0,100.0,1800.0,1800.0,1.3470681458003169,0.032106782106782104,0,0,0.6785714285714286,0.515625,49,2128
PUBLICATION,LOCAL_HOTSPOT,LARS_NO_DIAGNOSIS,1,214013,LOCAL_HOTSPOT,10,21568,265689,1,6,265746,299883,RUN_END,560,SEARCH=0.24464285714285713;INSERT=0.4642857142857143;DELETE=0.1;UPDATE=0.13035714285714287;RANGE_SEARCH=0.060714285714285714,SEARCH=0.06521739130434782;INSERT=0.8043478260869565;DELETE=0.021739130434782608;UPDATE=0.06521739130434782;RANGE_SEARCH=0.043478260869565216,300.0,1000.0,100.0,100.0,4900.0,4900.0,0.9688676017789941,0.032146233848093286,0,0,0.6526227678571429,0.5,56,2339
PUBLICATION,LOCAL_HOTSPOT,LARS_NO_DIAGNOSIS,1,214013,LOCAL_HOTSPOT,9,21000,229540,2,11,294013,299961,RUN_END,90,SEARCH=0.2222222222222222;INSERT=0.4777777777777778;DELETE=0.1;UPDATE=0.15555555555555556;RANGE_SEARCH=0.044444444444444446,SEARCH=0.125;INSERT=0.875;DELETE=0.0;UPDATE=0.0;RANGE_SEARCH=0.0,200.0,800.0,NaN,NaN,NaN,800.0,0.9509539704763244,0.035175879396984924,0,0,0.6513310185185185,0.5,54,2251
PUBLICATION,LOCAL_HOTSPOT,LARS_NO_DIAGNOSIS,2,1664525,LOCAL_HOTSPOT,2,21177,123721,1,5,123728,160960,WINDOW_COMPLETE,1024,SEARCH=0.283203125;INSERT=0.4013671875;DELETE=0.107421875;UPDATE=0.15234375;RANGE_SEARCH=0.0556640625,SEARCH=0.04285714285714286;INSERT=0.7714285714285715;DELETE=0.05714285714285714;UPDATE=0.07142857142857142;RANGE_SEARCH=0.05714285714285714,200.0,2400.0,400.0,200.0,4300.0,4300.0,1.3636363636363635,0.041944074567243674,15,0,0.65966796875,0.5,32,1351
PUBLICATION,LOCAL_HOTSPOT,LARS_NO_DIAGNOSIS,2,1664525,LOCAL_HOTSPOT,8,21173,153892,1,6,153898,209428,WINDOW_COMPLETE,1024,SEARCH=0.2587890625;INSERT=0.421875;DELETE=0.1142578125;UPDATE=0.1591796875;RANGE_SEARCH=0.0458984375,SEARCH=0.12857142857142856;INSERT=0.7428571428571429;DELETE=0.014285714285714285;UPDATE=0.0;RANGE_SEARCH=0.11428571428571428,200.0,1800.0,500.0,NaN,4300.0,4300.0,0.9928295642581356,0.03884156729131175,7,0,0.7486607142857142,0.5,35,1677
PUBLICATION,LOCAL_HOTSPOT,LARS_NO_DIAGNOSIS,2,1664525,LOCAL_HOTSPOT,2,21177,123721,2,6,161072,224941,WINDOW_COMPLETE,1024,SEARCH=0.251953125;INSERT=0.4560546875;DELETE=0.1103515625;UPDATE=0.1220703125;RANGE_SEARCH=0.0595703125,SEARCH=0.11538461538461539;INSERT=0.7051282051282052;DELETE=0.02564102564102564;UPDATE=0.05128205128205128;RANGE_SEARCH=0.10256410256410256,300.0,5300.0,600.0,200.0,13000.0,13000.0,3.011363636363636,0.03626943005181347,3,0,0.7897321428571429,0.53125,35,1769
PUBLICATION,LOCAL_HOTSPOT,LARS_NO_DIAGNOSIS,2,1664525,LOCAL_HOTSPOT,13,21588,191671,1,5,191681,250661,WINDOW_COMPLETE,1024,SEARCH=0.2294921875;INSERT=0.4453125;DELETE=0.09765625;UPDATE=0.1630859375;RANGE_SEARCH=0.064453125,SEARCH=0.10344827586206896;INSERT=0.7241379310344828;DELETE=0.011494252873563218;UPDATE=0.04597701149425287;RANGE_SEARCH=0.11494252873563218,300.0,3300.0,300.0,200.0,6500.0,6500.0,2.3076923076923075,0.034165834165834165,14,0,0.6888297872340425,0.5,47,2072
PUBLICATION,LOCAL_HOTSPOT,LARS_NO_DIAGNOSIS,2,1664525,LOCAL_HOTSPOT,8,21173,153892,2,7,209436,268335,WINDOW_COMPLETE,1024,SEARCH=0.255859375;INSERT=0.4599609375;DELETE=0.0810546875;UPDATE=0.15625;RANGE_SEARCH=0.046875,SEARCH=0.05555555555555555;INSERT=0.7555555555555555;DELETE=0.044444444444444446;UPDATE=0.07777777777777778;RANGE_SEARCH=0.06666666666666667,200.0,1600.0,800.0,300.0,1600.0,1600.0,0.882515168229454,0.031937734836285564,12,0,0.7044547872340425,0.5,47,2119
PUBLICATION,LOCAL_HOTSPOT,LARS_NO_DIAGNOSIS,2,1664525,LOCAL_HOTSPOT,2,21177,123721,3,7,225020,288579,WINDOW_COMPLETE,1024,SEARCH=0.2373046875;INSERT=0.4833984375;DELETE=0.087890625;UPDATE=0.1455078125;RANGE_SEARCH=0.0458984375,SEARCH=0.04878048780487805;INSERT=0.6951219512195121;DELETE=0.06097560975609756;UPDATE=0.14634146341463414;RANGE_SEARCH=0.04878048780487805,200.0,1600.0,1000.0,200.0,3700.0,3700.0,0.9753594401198229,0.03274621681964773,19,0,0.6487268518518519,0.5,54,2242
PUBLICATION,LOCAL_HOTSPOT,LARS_NO_DIAGNOSIS,2,1664525,LOCAL_HOTSPOT,14,21606,237919,1,5,237950,298336,WINDOW_COMPLETE,1024,SEARCH=0.2587890625;INSERT=0.4560546875;DELETE=0.1044921875;UPDATE=0.126953125;RANGE_SEARCH=0.0537109375,SEARCH=0.12222222222222222;INSERT=0.6888888888888889;DELETE=0.06666666666666667;UPDATE=0.011111111111111112;RANGE_SEARCH=0.1111111111111111,300.0,5000.0,800.0,100.0,5900.0,5900.0,3.7593984962406015,0.034621068186616,22,0,0.6462053571428571,0.5,56,2316
PUBLICATION,LOCAL_HOTSPOT,LARS_NO_DIAGNOSIS,2,1664525,LOCAL_HOTSPOT,14,21606,237919,2,6,298354,299957,RUN_END,24,SEARCH=0.25;INSERT=0.5;DELETE=0.041666666666666664;UPDATE=0.16666666666666666;RANGE_SEARCH=0.041666666666666664,SEARCH=1.0;INSERT=0.0;DELETE=0.0;UPDATE=0.0;RANGE_SEARCH=0.0,200.0,NaN,NaN,NaN,NaN,200.0,0.6905968327988133,0.035398230088495575,0,0,0.6495535714285714,0.5,56,2328
PUBLICATION,LOCAL_HOTSPOT,LARS_NO_DIAGNOSIS,2,1664525,LOCAL_HOTSPOT,8,21173,153892,3,8,268440,299850,RUN_END,572,SEARCH=0.2744755244755245;INSERT=0.46678321678321677;DELETE=0.09265734265734266;UPDATE=0.1258741258741259;RANGE_SEARCH=0.04020979020979021,SEARCH=0.1;INSERT=0.75;DELETE=0.0;UPDATE=0.1;RANGE_SEARCH=0.05,300.0,1500.0,NaN,200.0,1100.0,1500.0,0.827357970215113,0.035856573705179286,0,0,0.628177966101695,0.5,59,2372
PUBLICATION,LOCAL_HOTSPOT,LARS_NO_DIAGNOSIS,2,1664525,LOCAL_HOTSPOT,13,21588,191671,2,6,250706,299945,RUN_END,826,SEARCH=0.2457627118644068;INSERT=0.45278450363196127;DELETE=0.11259079903147699;UPDATE=0.13317191283292978;RANGE_SEARCH=0.05569007263922518,SEARCH=0.07142857142857142;INSERT=0.7857142857142857;DELETE=0.02857142857142857;UPDATE=0.02857142857142857;RANGE_SEARCH=0.08571428571428572,300.0,1900.0,900.0,200.0,4600.0,4600.0,1.3286713286713285,0.03343166175024582,0,0,0.6382415254237288,0.5,59,2410
PUBLICATION,LOCAL_HOTSPOT,LARS_NO_DIAGNOSIS,2,1664525,LOCAL_HOTSPOT,2,21177,123721,4,8,288602,299997,RUN_END,192,SEARCH=0.22395833333333334;INSERT=0.421875;DELETE=0.10416666666666667;UPDATE=0.1875;RANGE_SEARCH=0.0625,SEARCH=0.06666666666666667;INSERT=0.6666666666666666;DELETE=0.0;UPDATE=0.06666666666666667;RANGE_SEARCH=0.2,300.0,1100.0,NaN,300.0,1300.0,1300.0,0.5310264434070587,0.03349282296650718,0,0,0.6462053571428571,0.5,56,2316
PUBLICATION,LOCAL_HOTSPOT,LARS_NO_DIAGNOSIS,3,22695477,LOCAL_HOTSPOT,6,21176,158083,1,6,158112,189902,WINDOW_COMPLETE,1024,SEARCH=0.248046875;INSERT=0.4521484375;DELETE=0.1005859375;UPDATE=0.146484375;RANGE_SEARCH=0.052734375,SEARCH=0.13157894736842105;INSERT=0.7236842105263158;DELETE=0.02631578947368421;UPDATE=0.02631578947368421;RANGE_SEARCH=0.09210526315789473,300.0,1600.0,600.0,300.0,1400.0,1600.0,0.5743359513700244,0.03714799281006591,0,0,0.770263671875,0.59375,64,3155
PUBLICATION,LOCAL_HOTSPOT,LARS_NO_DIAGNOSIS,3,22695477,LOCAL_HOTSPOT,6,21176,158083,2,7,189950,249434,WINDOW_COMPLETE,1024,SEARCH=0.2412109375;INSERT=0.44921875;DELETE=0.12109375;UPDATE=0.14453125;RANGE_SEARCH=0.0439453125,SEARCH=0.10526315789473684;INSERT=0.75;DELETE=0.039473684210526314;UPDATE=0.05263157894736842;RANGE_SEARCH=0.05263157894736842,300.0,1200.0,600.0,3200.0,7700.0,7700.0,0.6829931593223557,0.031946955997588906,9,0,0.762109375,0.5,40,1951
PUBLICATION,LOCAL_HOTSPOT,LARS_NO_DIAGNOSIS,3,22695477,LOCAL_HOTSPOT,9,21606,246010,1,5,246084,299984,RUN_END,902,SEARCH=0.2328159645232816;INSERT=0.4501108647450111;DELETE=0.10643015521064302;UPDATE=0.15853658536585366;RANGE_SEARCH=0.052106430155210645,SEARCH=0.12121212121212122;INSERT=0.7424242424242424;DELETE=0.030303030303030304;UPDATE=0.06060606060606061;RANGE_SEARCH=0.045454545454545456,200.0,4200.0,300.0,200.0,1300.0,4200.0,2.028985507246377,0.03186646433990895,0,0,0.6990625,0.5,50,2237
PUBLICATION,LOCAL_HOTSPOT,LARS_NO_DIAGNOSIS,3,22695477,LOCAL_HOTSPOT,10,21631,282300,1,5,282354,299943,RUN_END,279,SEARCH=0.23297491039426524;INSERT=0.46236559139784944;DELETE=0.07885304659498207;UPDATE=0.16845878136200718;RANGE_SEARCH=0.05734767025089606,SEARCH=0.12;INSERT=0.72;DELETE=0.0;UPDATE=0.04;RANGE_SEARCH=0.12,200.0,1100.0,NaN,200.0,6800.0,6800.0,0.7101944177947631,0.03307888040712468,0,0,0.6629050925925926,0.5,54,2291
PUBLICATION,LOCAL_HOTSPOT,LARS_NO_DIAGNOSIS,3,22695477,LOCAL_HOTSPOT,6,21176,158083,3,8,249446,299972,RUN_END,863,SEARCH=0.23870220162224798;INSERT=0.4797219003476246;DELETE=0.08922363847045191;UPDATE=0.14716106604866744;RANGE_SEARCH=0.04519119351100811,SEARCH=0.07352941176470588;INSERT=0.7352941176470589;DELETE=0.058823529411764705;UPDATE=0.04411764705882353;RANGE_SEARCH=0.08823529411764706,200.0,2600.0,200.0,200.0,4900.0,4900.0,0.8977900552486188,0.03669467787114846,0,0,0.5813492063492064,0.5,63,2344
PUBLICATION,LOCAL_HOTSPOT,LARS_NO_DIAGNOSIS,4,69069,LOCAL_HOTSPOT,3,20997,86098,1,6,86116,117978,WINDOW_COMPLETE,1024,SEARCH=0.2626953125;INSERT=0.4375;DELETE=0.10546875;UPDATE=0.1494140625;RANGE_SEARCH=0.044921875,SEARCH=0.10344827586206896;INSERT=0.6781609195402298;DELETE=0.08045977011494253;UPDATE=0.10344827586206896;RANGE_SEARCH=0.034482758620689655,200.0,1900.0,500.0,300.0,800.0,1900.0,1.684537922378014,0.045,18,0,0.6544117647058824,0.5,51,2136
PUBLICATION,LOCAL_HOTSPOT,LARS_NO_DIAGNOSIS,4,69069,LOCAL_HOTSPOT,4,21178,104033,1,5,104069,134278,WINDOW_COMPLETE,1024,SEARCH=0.2294921875;INSERT=0.4482421875;DELETE=0.115234375;UPDATE=0.1455078125;RANGE_SEARCH=0.0615234375,SEARCH=0.09411764705882353;INSERT=0.7294117647058823;DELETE=0.03529411764705882;UPDATE=0.058823529411764705;RANGE_SEARCH=0.08235294117647059,200.0,2000.0,700.0,200.0,17200.0,17200.0,1.1116651387620649,0.04584040747028863,24,0,0.6427436440677966,0.5,59,2427
PUBLICATION,LOCAL_HOTSPOT,LARS_NO_DIAGNOSIS,4,69069,LOCAL_HOTSPOT,3,20997,86098,2,7,118015,149254,WINDOW_COMPLETE,1024,SEARCH=0.2568359375;INSERT=0.439453125;DELETE=0.091796875;UPDATE=0.1650390625;RANGE_SEARCH=0.046875,SEARCH=0.12162162162162163;INSERT=0.7297297297297297;DELETE=0.02702702702702703;UPDATE=0.05405405405405406;RANGE_SEARCH=0.06756756756756757,200.0,1700.0,200.0,200.0,1000.0,1700.0,1.3857659721393112,0.044030146767155894,11,0,0.6376008064516129,0.515625,62,2530
PUBLICATION,LOCAL_HOTSPOT,LARS_NO_DIAGNOSIS,4,69069,LOCAL_HOTSPOT,5,21176,119402,1,5,119464,155378,WINDOW_COMPLETE,1024,SEARCH=0.2353515625;INSERT=0.435546875;DELETE=0.11328125;UPDATE=0.1669921875;RANGE_SEARCH=0.048828125,SEARCH=0.10666666666666667;INSERT=0.6266666666666667;DELETE=0.06666666666666667;UPDATE=0.10666666666666667;RANGE_SEARCH=0.09333333333333334,200.0,6400.0,1300.0,200.0,6200.0,6400.0,2.8828828828828827,0.044804943993820005,20,0,0.64453125,0.515625,32,1320
PUBLICATION,LOCAL_HOTSPOT,LARS_NO_DIAGNOSIS,4,69069,LOCAL_HOTSPOT,4,21178,104033,2,6,134314,165956,WINDOW_COMPLETE,1024,SEARCH=0.251953125;INSERT=0.47265625;DELETE=0.0810546875;UPDATE=0.158203125;RANGE_SEARCH=0.0361328125,SEARCH=0.0759493670886076;INSERT=0.7848101265822784;DELETE=0.0;UPDATE=0.0379746835443038;RANGE_SEARCH=0.10126582278481013,200.0,2500.0,NaN,200.0,5800.0,5800.0,1.0245901639344261,0.04102817597627286,6,0,0.72216796875,0.515625,32,1479
PUBLICATION,LOCAL_HOTSPOT,LARS_NO_DIAGNOSIS,4,69069,LOCAL_HOTSPOT,3,20997,86098,3,8,149264,182041,WINDOW_COMPLETE,1024,SEARCH=0.2568359375;INSERT=0.4560546875;DELETE=0.0986328125;UPDATE=0.1328125;RANGE_SEARCH=0.0556640625,SEARCH=0.14634146341463414;INSERT=0.6829268292682927;DELETE=0.04878048780487805;UPDATE=0.036585365853658534;RANGE_SEARCH=0.08536585365853659,300.0,2300.0,1000.0,200.0,1800.0,2300.0,1.1557788944723617,0.03944055944055944,1,0,0.7311507936507936,0.515625,63,2948
PUBLICATION,LOCAL_HOTSPOT,LARS_NO_DIAGNOSIS,4,69069,LOCAL_HOTSPOT,5,21176,119402,2,6,155401,214729,WINDOW_COMPLETE,1024,SEARCH=0.232421875;INSERT=0.486328125;DELETE=0.1025390625;UPDATE=0.1376953125;RANGE_SEARCH=0.041015625,SEARCH=0.09090909090909091;INSERT=0.7727272727272727;DELETE=0.045454545454545456;UPDATE=0.056818181818181816;RANGE_SEARCH=0.03409090909090909,200.0,9900.0,700.0,200.0,1200.0,9900.0,4.45945945945946,0.036531365313653134,4,0,0.7738715277777778,0.5,36,1783
PUBLICATION,LOCAL_HOTSPOT,LARS_NO_DIAGNOSIS,4,69069,LOCAL_HOTSPOT,4,21178,104033,3,7,166014,226770,WINDOW_COMPLETE,1024,SEARCH=0.26171875;INSERT=0.462890625;DELETE=0.0927734375;UPDATE=0.1318359375;RANGE_SEARCH=0.05078125,SEARCH=0.08823529411764706;INSERT=0.7352941176470589;DELETE=0.0196078431372549;UPDATE=0.0784313725490196;RANGE_SEARCH=0.0784313725490196,300.0,1200.0,600.0,200.0,1400.0,1200.0,0.7585605962736788,0.034217506631299736,9,0,0.727515243902439,0.5,41,1909
PUBLICATION,LOCAL_HOTSPOT,LARS_NO_DIAGNOSIS,4,69069,LOCAL_HOTSPOT,3,20997,86098,4,9,182161,236867,WINDOW_COMPLETE,1024,SEARCH=0.2529296875;INSERT=0.4609375;DELETE=0.1083984375;UPDATE=0.1328125;RANGE_SEARCH=0.044921875,SEARCH=0.10126582278481013;INSERT=0.6582278481012658;DELETE=0.0759493670886076;UPDATE=0.0759493670886076;RANGE_SEARCH=0.08860759493670886,200.0,1300.0,200.0,200.0,1300.0,1300.0,1.1733026632891455,0.034325637910085055,6,0,0.7838541666666666,0.5,36,1806
PUBLICATION,LOCAL_HOTSPOT,LARS_NO_DIAGNOSIS,4,69069,LOCAL_HOTSPOT,5,21176,119402,3,7,214752,273210,WINDOW_COMPLETE,1024,SEARCH=0.240234375;INSERT=0.4541015625;DELETE=0.107421875;UPDATE=0.15234375;RANGE_SEARCH=0.0458984375,SEARCH=0.17777777777777778;INSERT=0.6555555555555556;DELETE=0.022222222222222223;UPDATE=0.06666666666666667;RANGE_SEARCH=0.07777777777777778,200.0,4400.0,500.0,200.0,5500.0,5500.0,1.981981981981982,0.03366920619316786,16,0,0.6652644230769231,0.5,52,2214
PUBLICATION,LOCAL_HOTSPOT,LARS_NO_DIAGNOSIS,4,69069,LOCAL_HOTSPOT,4,21178,104033,4,8,226891,289463,WINDOW_COMPLETE,1024,SEARCH=0.2705078125;INSERT=0.43359375;DELETE=0.1005859375;UPDATE=0.1416015625;RANGE_SEARCH=0.0537109375,SEARCH=0.13953488372093023;INSERT=0.627906976744186;DELETE=0.06976744186046512;UPDATE=0.08139534883720931;RANGE_SEARCH=0.08139534883720931,300.0,1600.0,500.0,200.0,2400.0,2400.0,0.9876172770012518,0.035108717334929186,17,0,0.6258081896551724,0.5,58,2323
PUBLICATION,LOCAL_HOTSPOT,LARS_NO_DIAGNOSIS,4,69069,LOCAL_HOTSPOT,5,21176,119402,4,8,273256,299954,RUN_END,454,SEARCH=0.2555066079295154;INSERT=0.42731277533039647;DELETE=0.09911894273127753;UPDATE=0.17180616740088106;RANGE_SEARCH=0.046255506607929514,SEARCH=0.12195121951219512;INSERT=0.7560975609756098;DELETE=0.0;UPDATE=0.04878048780487805;RANGE_SEARCH=0.07317073170731707,300.0,2200.0,NaN,300.0,1400.0,2200.0,0.990990990990991,0.03307766059443912,0,0,0.6234375,0.5,60,2394
PUBLICATION,LOCAL_HOTSPOT,LARS_NO_DIAGNOSIS,4,69069,LOCAL_HOTSPOT,3,20997,86098,5,10,236871,299973,RUN_END,924,SEARCH=0.24025974025974026;INSERT=0.4772727272727273;DELETE=0.10173160173160173;UPDATE=0.12012987012987013;RANGE_SEARCH=0.06060606060606061,SEARCH=0.16901408450704225;INSERT=0.6619718309859155;DELETE=0.028169014084507043;UPDATE=0.056338028169014086;RANGE_SEARCH=0.08450704225352113,400.0,7600.0,100.0,100.0,1100.0,7600.0,3.819095477386935,0.03355442840421381,0,0,0.6074561403508771,0.5,57,2216
PUBLICATION,LOCAL_HOTSPOT,LARS_NO_DIAGNOSIS,4,69069,LOCAL_HOTSPOT,4,21178,104033,5,9,289514,299983,RUN_END,175,SEARCH=0.29714285714285715;INSERT=0.38857142857142857;DELETE=0.05714285714285714;UPDATE=0.19428571428571428;RANGE_SEARCH=0.06285714285714286,SEARCH=0.0;INSERT=0.7;DELETE=0.0;UPDATE=0.1;RANGE_SEARCH=0.2,NaN,1200.0,NaN,200.0,1300.0,1300.0,0.5498420882045225,0.03479125248508946,0,0,0.6109118852459017,0.5,61,2385
PUBLICATION,LOCAL_HOTSPOT,LARS_NO_DIAGNOSIS,5,48271,LOCAL_HOTSPOT,1,21001,58518,1,5,58542,74907,WINDOW_COMPLETE,1024,SEARCH=0.24609375;INSERT=0.44921875;DELETE=0.0986328125;UPDATE=0.158203125;RANGE_SEARCH=0.0478515625,SEARCH=0.05952380952380952;INSERT=0.7380952380952381;DELETE=0.05952380952380952;UPDATE=0.05952380952380952;RANGE_SEARCH=0.08333333333333333,500.0,11600.0,1500.0,600.0,5700.0,11600.0,12.608695652173912,0.048405466970387244,0,0,0.7996031746031746,0.5625,63,3224
PUBLICATION,LOCAL_HOTSPOT,LARS_NO_DIAGNOSIS,5,48271,LOCAL_HOTSPOT,1,21001,58518,2,6,74933,97957,WINDOW_COMPLETE,1024,SEARCH=0.2646484375;INSERT=0.44921875;DELETE=0.08984375;UPDATE=0.1416015625;RANGE_SEARCH=0.0546875,SEARCH=0.11494252873563218;INSERT=0.7011494252873564;DELETE=0.034482758620689655;UPDATE=0.034482758620689655;RANGE_SEARCH=0.11494252873563218,300.0,1600.0,81100.0,200.0,1300.0,81100.0,1.7391304347826086,0.04640582347588717,9,0,0.7367788461538461,0.5,39,1839
PUBLICATION,LOCAL_HOTSPOT,LARS_NO_DIAGNOSIS,5,48271,LOCAL_HOTSPOT,1,21001,58518,3,7,97962,131869,WINDOW_COMPLETE,1024,SEARCH=0.2470703125;INSERT=0.4482421875;DELETE=0.09375;UPDATE=0.15625;RANGE_SEARCH=0.0546875,SEARCH=0.13043478260869565;INSERT=0.6630434782608695;DELETE=0.06521739130434782;UPDATE=0.043478260869565216;RANGE_SEARCH=0.09782608695652174,400.0,2200.0,700.0,200.0,1100.0,2200.0,2.391304347826087,0.04671814671814672,16,0,0.6372159090909091,0.515625,55,2243
PUBLICATION,LOCAL_HOTSPOT,LARS_NO_DIAGNOSIS,5,48271,LOCAL_HOTSPOT,4,20999,102485,1,7,102487,133913,WINDOW_COMPLETE,1024,SEARCH=0.265625;INSERT=0.4423828125;DELETE=0.1064453125;UPDATE=0.126953125;RANGE_SEARCH=0.05859375,SEARCH=0.11363636363636363;INSERT=0.6818181818181818;DELETE=0.056818181818181816;UPDATE=0.07954545454545454;RANGE_SEARCH=0.06818181818181818,200.0,2300.0,600.0,200.0,3700.0,3700.0,1.892561069335556,0.04378818737270876,21,0,0.6422413793103449,0.5,58,2384
PUBLICATION,LOCAL_HOTSPOT,LARS_NO_DIAGNOSIS,5,48271,LOCAL_HOTSPOT,5,21177,119529,1,5,119535,148651,WINDOW_COMPLETE,1024,SEARCH=0.23828125;INSERT=0.4638671875;DELETE=0.0947265625;UPDATE=0.15625;RANGE_SEARCH=0.046875,SEARCH=0.1;INSERT=0.7625;DELETE=0.025;UPDATE=0.025;RANGE_SEARCH=0.0875,200.0,900.0,700.0,200.0,1500.0,1500.0,1.139240506329114,0.043908227848101264,16,0,0.6765873015873016,0.5,63,2728
PUBLICATION,LOCAL_HOTSPOT,LARS_NO_DIAGNOSIS,5,48271,LOCAL_HOTSPOT,4,20999,102485,2,8,133925,164157,WINDOW_COMPLETE,1024,SEARCH=0.2587890625;INSERT=0.4228515625;DELETE=0.1220703125;UPDATE=0.1533203125;RANGE_SEARCH=0.04296875,SEARCH=0.125;INSERT=0.6944444444444444;DELETE=0.041666666666666664;UPDATE=0.08333333333333333;RANGE_SEARCH=0.05555555555555555,200.0,2100.0,700.0,200.0,1100.0,2100.0,1.6935483870967742,0.04258010118043845,4,0,0.6938004032258065,0.53125,62,2753
PUBLICATION,LOCAL_HOTSPOT,LARS_NO_DIAGNOSIS,5,48271,LOCAL_HOTSPOT,1,21001,58518,4,8,131892,166927,WINDOW_COMPLETE,1024,SEARCH=0.25;INSERT=0.4453125;DELETE=0.107421875;UPDATE=0.154296875;RANGE_SEARCH=0.04296875,SEARCH=0.16901408450704225;INSERT=0.6197183098591549;DELETE=0.04225352112676056;UPDATE=0.07042253521126761;RANGE_SEARCH=0.09859154929577464,200.0,1500.0,700.0,200.0,1800.0,1800.0,1.6304347826086956,0.04059328649492584,6,0,0.6764856557377049,0.515625,61,2641
PUBLICATION,LOCAL_HOTSPOT,LARS_NO_DIAGNOSIS,5,48271,LOCAL_HOTSPOT,6,20997,146336,1,8,146437,180159,WINDOW_COMPLETE,1024,SEARCH=0.26171875;INSERT=0.4423828125;DELETE=0.10546875;UPDATE=0.1357421875;RANGE_SEARCH=0.0546875,SEARCH=0.1232876712328767;INSERT=0.6986301369863014;DELETE=0.0410958904109589;UPDATE=0.0410958904109589;RANGE_SEARCH=0.0958904109589041,2000.0,900.0,800.0,200.0,1700.0,2000.0,1.2119079449961803,0.04056795131845842,6,0,0.7195444915254238,0.515625,59,2717
PUBLICATION,LOCAL_HOTSPOT,LARS_NO_DIAGNOSIS,5,48271,LOCAL_HOTSPOT,5,21177,119529,2,6,148694,199358,WINDOW_COMPLETE,1024,SEARCH=0.2548828125;INSERT=0.466796875;DELETE=0.09375;UPDATE=0.1416015625;RANGE_SEARCH=0.04296875,SEARCH=0.109375;INSERT=0.75;DELETE=0.015625;UPDATE=0.078125;RANGE_SEARCH=0.046875,400.0,800.0,600.0,200.0,1400.0,1400.0,1.0126582278481013,0.037668798862828715,6,0,0.7239583333333334,0.515625,36,1668
PUBLICATION,LOCAL_HOTSPOT,LARS_NO_DIAGNOSIS,5,48271,LOCAL_HOTSPOT,4,20999,102485,3,9,164171,212894,WINDOW_COMPLETE,1024,SEARCH=0.2265625;INSERT=0.470703125;DELETE=0.1123046875;UPDATE=0.1357421875;RANGE_SEARCH=0.0546875,SEARCH=0.09876543209876543;INSERT=0.691358024691358;DELETE=0.024691358024691357;UPDATE=0.08641975308641975;RANGE_SEARCH=0.09876543209876543,200.0,900.0,700.0,200.0,5500.0,5500.0,1.1211180124223603,0.03485103991006183,4,0,0.803030303030303,0.515625,33,1696
PUBLICATION,LOCAL_HOTSPOT,LARS_NO_DIAGNOSIS,5,48271,LOCAL_HOTSPOT,6,20997,146336,2,9,180160,213961,WINDOW_COMPLETE,1024,SEARCH=0.251953125;INSERT=0.4658203125;DELETE=0.08984375;UPDATE=0.1337890625;RANGE_SEARCH=0.05859375,SEARCH=0.1232876712328767;INSERT=0.726027397260274;DELETE=0.0136986301369863;UPDATE=0.0547945205479452;RANGE_SEARCH=0.0821917808219178,200.0,1000.0,600.0,200.0,1600.0,1600.0,1.2096639196497554,0.0341130604288499,6,0,0.73095703125,0.5,32,1497
PUBLICATION,LOCAL_HOTSPOT,LARS_NO_DIAGNOSIS,5,48271,LOCAL_HOTSPOT,7,21001,183011,1,9,183025,224527,WINDOW_COMPLETE,1024,SEARCH=0.2451171875;INSERT=0.4384765625;DELETE=0.10546875;UPDATE=0.15234375;RANGE_SEARCH=0.05859375,SEARCH=0.05555555555555555;INSERT=0.6527777777777778;DELETE=0.06944444444444445;UPDATE=0.1388888888888889;RANGE_SEARCH=0.08333333333333333,100.0,900.0,600.0,200.0,1200.0,1200.0,1.1690462880116828,0.03495477878269372,5,0,0.7734375,0.5,34,1683
PUBLICATION,LOCAL_HOTSPOT,LARS_NO_DIAGNOSIS,5,48271,LOCAL_HOTSPOT,5,21177,119529,3,7,199371,259785,WINDOW_COMPLETE,1024,SEARCH=0.2421875;INSERT=0.4375;DELETE=0.119140625;UPDATE=0.1572265625;RANGE_SEARCH=0.0439453125,SEARCH=0.12345679012345678;INSERT=0.6666666666666666;DELETE=0.06172839506172839;UPDATE=0.08641975308641975;RANGE_SEARCH=0.06172839506172839,2400.0,1200.0,500.0,200.0,1100.0,2400.0,1.5189873417721518,0.03485576923076923,10,0,0.701766304347826,0.5,46,2066
PUBLICATION,LOCAL_HOTSPOT,LARS_NO_DIAGNOSIS,5,48271,LOCAL_HOTSPOT,4,20999,102485,4,10,213068,274056,WINDOW_COMPLETE,1024,SEARCH=0.263671875;INSERT=0.453125;DELETE=0.0927734375;UPDATE=0.13671875;RANGE_SEARCH=0.0537109375,SEARCH=0.11842105263157894;INSERT=0.7105263157894737;DELETE=0.05263157894736842;UPDATE=0.05263157894736842;RANGE_SEARCH=0.06578947368421052,300.0,1400.0,600.0,200.0,1900.0,1900.0,1.7059446284436126,0.033928571428571426,17,0,0.6634375,0.5,50,2123
PUBLICATION,LOCAL_HOTSPOT,LARS_NO_DIAGNOSIS,5,48271,LOCAL_HOTSPOT,6,20997,146336,3,10,214012,288399,WINDOW_COMPLETE,1024,SEARCH=0.2490234375;INSERT=0.4541015625;DELETE=0.1005859375;UPDATE=0.142578125;RANGE_SEARCH=0.0537109375,SEARCH=0.1188118811881188;INSERT=0.7128712871287128;DELETE=0.0297029702970297;UPDATE=0.06930693069306931;RANGE_SEARCH=0.06930693069306931,200.0,5400.0,500.0,200.0,3900.0,3900.0,5.869565217391305,0.03426079734219269,13,0,0.6684027777777778,0.5,45,1925
PUBLICATION,LOCAL_HOTSPOT,LARS_NO_DIAGNOSIS,5,48271,LOCAL_HOTSPOT,7,21001,183011,2,10,224692,292605,WINDOW_COMPLETE,1024,SEARCH=0.275390625;INSERT=0.4404296875;DELETE=0.103515625;UPDATE=0.14453125;RANGE_SEARCH=0.0361328125,SEARCH=0.058823529411764705;INSERT=0.7352941176470589;DELETE=0.10294117647058823;UPDATE=0.04411764705882353;RANGE_SEARCH=0.058823529411764705,200.0,3500.0,500.0,300.0,3200.0,3500.0,3.8043478260869565,0.03393939393939394,17,0,0.6430759803921569,0.515625,51,2099
PUBLICATION,LOCAL_HOTSPOT,LARS_NO_DIAGNOSIS,5,48271,LOCAL_HOTSPOT,4,20999,102485,5,11,274063,299982,RUN_END,411,SEARCH=0.23357664233576642;INSERT=0.46958637469586373;DELETE=0.10218978102189781;UPDATE=0.1411192214111922;RANGE_SEARCH=0.0535279805352798,SEARCH=0.06451612903225806;INSERT=0.7741935483870968;DELETE=0.06451612903225806;UPDATE=0.0;RANGE_SEARCH=0.0967741935483871,200.0,1000.0,100.0,NaN,2700.0,2700.0,0.9528208512042231,0.032598714416896234,0,0,0.6431361607142857,0.5,56,2305
PUBLICATION,LOCAL_HOTSPOT,LARS_NO_DIAGNOSIS,5,48271,LOCAL_HOTSPOT,7,21001,183011,3,11,292678,299825,RUN_END,107,SEARCH=0.2523364485981308;INSERT=0.3925233644859813;DELETE=0.11214953271028037;UPDATE=0.19626168224299065;RANGE_SEARCH=0.04672897196261682,SEARCH=0.0;INSERT=0.6666666666666666;DELETE=0.3333333333333333;UPDATE=0.0;RANGE_SEARCH=0.0,NaN,500.0,100.0,NaN,NaN,500.0,0.9520616828695943,0.0390625,0,0,0.6303066037735849,0.5,53,2138
PUBLICATION,LOCAL_HOTSPOT,LARS_NO_DIAGNOSIS,5,48271,LOCAL_HOTSPOT,8,21603,248187,1,5,248195,299875,RUN_END,861,SEARCH=0.2415795586527294;INSERT=0.4645760743321719;DELETE=0.09175377468060394;UPDATE=0.1521486643437863;RANGE_SEARCH=0.04994192799070848,SEARCH=0.08695652173913043;INSERT=0.5869565217391305;DELETE=0.08695652173913043;UPDATE=0.13043478260869565;RANGE_SEARCH=0.10869565217391304,300.0,900.0,1400.0,300.0,1800.0,1800.0,0.8615274316342904,0.03507462686567164,0,0,0.6801297169811321,0.515625,53,2307
PUBLICATION,LOCAL_HOTSPOT,LARS_NO_DIAGNOSIS,5,48271,LOCAL_HOTSPOT,6,20997,146336,4,11,288425,299996,RUN_END,167,SEARCH=0.2634730538922156;INSERT=0.3652694610778443;DELETE=0.10778443113772455;UPDATE=0.19760479041916168;RANGE_SEARCH=0.0658682634730539,SEARCH=0.3;INSERT=0.4;DELETE=0.1;UPDATE=0.1;RANGE_SEARCH=0.1,300.0,700.0,200.0,41300.0,2800.0,41300.0,0.947860962566845,0.03215434083601286,0,0,0.6589095744680851,0.5,47,1982
PUBLICATION,LOCAL_HOTSPOT,LARS_NO_DIAGNOSIS,5,48271,LOCAL_HOTSPOT,5,21177,119529,4,8,259786,299911,RUN_END,698,SEARCH=0.24785100286532952;INSERT=0.45702005730659023;DELETE=0.11318051575931232;UPDATE=0.1318051575931232;RANGE_SEARCH=0.050143266475644696,SEARCH=0.10869565217391304;INSERT=0.7608695652173914;DELETE=0.043478260869565216;UPDATE=0.043478260869565216;RANGE_SEARCH=0.043478260869565216,300.0,1800.0,200.0,200.0,5625.0,5625.0,2.278481012658228,0.03587443946188341,0,0,0.6461074561403509,0.5,57,2357
PUBLICATION,LOCAL_HOTSPOT,LARS_NO_DIAGNOSIS,6,134775813,LOCAL_HOTSPOT,1,21000,106329,1,7,106331,136164,WINDOW_COMPLETE,1024,SEARCH=0.279296875;INSERT=0.419921875;DELETE=0.0947265625;UPDATE=0.1484375;RANGE_SEARCH=0.0576171875,SEARCH=0.1566265060240964;INSERT=0.6746987951807228;DELETE=0.03614457831325301;UPDATE=0.060240963855421686;RANGE_SEARCH=0.07228915662650602,200.0,2300.0,900.0,200.0,1000.0,2300.0,1.7672857599956489,0.0446888965280165,18,0,0.6481681034482759,0.5,58,2406
PUBLICATION,LOCAL_HOTSPOT,LARS_NO_DIAGNOSIS,6,134775813,LOCAL_HOTSPOT,1,21000,106329,2,8,136205,169093,WINDOW_COMPLETE,1024,SEARCH=0.2587890625;INSERT=0.453125;DELETE=0.09375;UPDATE=0.15234375;RANGE_SEARCH=0.0419921875,SEARCH=0.08974358974358974;INSERT=0.7051282051282052;DELETE=0.05128205128205128;UPDATE=0.11538461538461539;RANGE_SEARCH=0.038461538461538464,200.0,9500.0,800.0,300.0,1700.0,9500.0,4.532442748091603,0.040366208905534745,7,0,0.67431640625,0.5,32,1381
PUBLICATION,LOCAL_HOTSPOT,LARS_NO_DIAGNOSIS,6,134775813,LOCAL_HOTSPOT,4,20997,145158,1,8,145197,175728,WINDOW_COMPLETE,1024,SEARCH=0.248046875;INSERT=0.45703125;DELETE=0.103515625;UPDATE=0.1396484375;RANGE_SEARCH=0.0517578125,SEARCH=0.11428571428571428;INSERT=0.7571428571428571;DELETE=0.05714285714285714;UPDATE=0.02857142857142857;RANGE_SEARCH=0.04285714285714286,200.0,1200.0,700.0,200.0,1000.0,1200.0,1.030341842584729,0.0389093137254902,3,0,0.73046875,0.59375,64,2992
PUBLICATION,LOCAL_HOTSPOT,LARS_NO_DIAGNOSIS,6,134775813,LOCAL_HOTSPOT,1,21000,106329,3,9,169169,231949,WINDOW_COMPLETE,1024,SEARCH=0.251953125;INSERT=0.4306640625;DELETE=0.103515625;UPDATE=0.1591796875;RANGE_SEARCH=0.0546875,SEARCH=0.08641975308641975;INSERT=0.7283950617283951;DELETE=0.037037037037037035;UPDATE=0.09876543209876543;RANGE_SEARCH=0.04938271604938271,200.0,1400.0,600.0,200.0,4500.0,4500.0,1.079726251963824,0.03485608661209401,3,0,0.7933035714285714,0.5,35,1777
PUBLICATION,LOCAL_HOTSPOT,LARS_NO_DIAGNOSIS,6,134775813,LOCAL_HOTSPOT,4,20997,145158,2,9,175769,235133,WINDOW_COMPLETE,1024,SEARCH=0.265625;INSERT=0.4404296875;DELETE=0.0908203125;UPDATE=0.1494140625;RANGE_SEARCH=0.0537109375,SEARCH=0.08433734939759036;INSERT=0.7228915662650602;DELETE=0.012048192771084338;UPDATE=0.060240963855421686;RANGE_SEARCH=0.12048192771084337,200.0,1700.0,100.0,200.0,1500.0,1700.0,1.3464280057025184,0.033860603064755315,10,0,0.7084603658536586,0.5,41,1859
PUBLICATION,LOCAL_HOTSPOT,LARS_NO_DIAGNOSIS,6,134775813,LOCAL_HOTSPOT,8,21553,192027,1,5,192033,256030,WINDOW_COMPLETE,1024,SEARCH=0.265625;INSERT=0.4375;DELETE=0.1005859375;UPDATE=0.1376953125;RANGE_SEARCH=0.05859375,SEARCH=0.11688311688311688;INSERT=0.7012987012987013;DELETE=0.012987012987012988;UPDATE=0.07792207792207792;RANGE_SEARCH=0.09090909090909091,200.0,1500.0,500.0,200.0,1400.0,1500.0,1.3775939583194914,0.031991294885745376,9,0,0.7247023809523809,0.5,42,1948
PUBLICATION,LOCAL_HOTSPOT,LARS_NO_DIAGNOSIS,6,134775813,LOCAL_HOTSPOT,1,21000,106329,4,10,232164,291858,WINDOW_COMPLETE,1024,SEARCH=0.228515625;INSERT=0.4482421875;DELETE=0.1103515625;UPDATE=0.1572265625;RANGE_SEARCH=0.0556640625,SEARCH=0.10294117647058823;INSERT=0.75;DELETE=0.014705882352941176;UPDATE=0.04411764705882353;RANGE_SEARCH=0.08823529411764706,300.0,1400.0,200.0,300.0,1100.0,1400.0,1.6517672355991428,0.034310532030401734,17,0,0.6616586538461539,0.5,52,2202
PUBLICATION,LOCAL_HOTSPOT,LARS_NO_DIAGNOSIS,6,134775813,LOCAL_HOTSPOT,8,21553,192027,2,6,256050,299976,RUN_END,692,SEARCH=0.2138728323699422;INSERT=0.4667630057803468;DELETE=0.10260115606936417;UPDATE=0.14739884393063585;RANGE_SEARCH=0.06936416184971098,SEARCH=0.06521739130434782;INSERT=0.7608695652173914;DELETE=0.043478260869565216;UPDATE=0.043478260869565216;RANGE_SEARCH=0.08695652173913043,300.0,2600.0,600.0,200.0,4800.0,4800.0,1.8055555555555556,0.035863026376677466,0,0,0.6369318181818182,0.5,55,2242
PUBLICATION,LOCAL_HOTSPOT,LARS_NO_DIAGNOSIS,6,134775813,LOCAL_HOTSPOT,1,21000,106329,5,11,291877,299960,RUN_END,130,SEARCH=0.16923076923076924;INSERT=0.5076923076923077;DELETE=0.11538461538461539;UPDATE=0.15384615384615385;RANGE_SEARCH=0.05384615384615385,SEARCH=0.2;INSERT=0.7;DELETE=0.0;UPDATE=0.0;RANGE_SEARCH=0.1,200.0,800.0,NaN,NaN,1900.0,1900.0,0.9418478286224595,0.0392156862745098,0,0,0.6802884615384616,0.515625,52,2264
PUBLICATION,LOCAL_HOTSPOT,LARS_NO_DIAGNOSIS,6,134775813,LOCAL_HOTSPOT,4,20997,145158,3,10,235175,299997,RUN_END,1002,SEARCH=0.25449101796407186;INSERT=0.4481037924151697;DELETE=0.0998003992015968;UPDATE=0.1497005988023952;RANGE_SEARCH=0.04790419161676647,SEARCH=0.10526315789473684;INSERT=0.75;DELETE=0.013157894736842105;UPDATE=0.05263157894736842;RANGE_SEARCH=0.07894736842105263,300.0,1800.0,900.0,200.0,1600.0,1800.0,1.4256296530967842,0.03391405342624855,0,0,0.6339285714285714,0.5,56,2272
PUBLICATION,LOCAL_HOTSPOT,LARS_NO_DIAGNOSIS,7,16807,LOCAL_HOTSPOT,7,21172,148010,1,7,148031,179375,WINDOW_COMPLETE,1024,SEARCH=0.2509765625;INSERT=0.451171875;DELETE=0.1171875;UPDATE=0.1435546875;RANGE_SEARCH=0.037109375,SEARCH=0.12643678160919541;INSERT=0.7126436781609196;DELETE=0.08045977011494253;UPDATE=0.05747126436781609;RANGE_SEARCH=0.022988505747126436,300.0,2200.0,900.0,200.0,1000.0,2200.0,0.9078529278256922,0.03838130997079683,2,0,0.7564484126984127,0.546875,63,3050
PUBLICATION,LOCAL_HOTSPOT,LARS_NO_DIAGNOSIS,7,16807,LOCAL_HOTSPOT,7,21172,148010,2,8,179459,227185,WINDOW_COMPLETE,1024,SEARCH=0.2685546875;INSERT=0.4404296875;DELETE=0.09375;UPDATE=0.1513671875;RANGE_SEARCH=0.0458984375,SEARCH=0.16176470588235295;INSERT=0.7205882352941176;DELETE=0.014705882352941176;UPDATE=0.0;RANGE_SEARCH=0.10294117647058823,300.0,4200.0,100.0,NaN,3300.0,4200.0,1.7331737713035942,0.034492350486787206,9,0,0.7051282051282052,0.5,39,1760
PUBLICATION,LOCAL_HOTSPOT,LARS_NO_DIAGNOSIS,7,16807,LOCAL_HOTSPOT,9,21573,205143,1,5,205154,264728,WINDOW_COMPLETE,1024,SEARCH=0.2451171875;INSERT=0.4365234375;DELETE=0.1044921875;UPDATE=0.1650390625;RANGE_SEARCH=0.048828125,SEARCH=0.1686746987951807;INSERT=0.6385542168674698;DELETE=0.024096385542168676;UPDATE=0.060240963855421686;RANGE_SEARCH=0.10843373493975904,300.0,1900.0,200.0,200.0,1600.0,1900.0,2.289156626506024,0.034060670569451834,14,0,0.6839923469387755,0.5,49,2145
PUBLICATION,LOCAL_HOTSPOT,LARS_NO_DIAGNOSIS,7,16807,LOCAL_HOTSPOT,7,21172,148010,3,9,227232,293436,WINDOW_COMPLETE,1024,SEARCH=0.234375;INSERT=0.4326171875;DELETE=0.1181640625;UPDATE=0.1591796875;RANGE_SEARCH=0.0556640625,SEARCH=0.07894736842105263;INSERT=0.7105263157894737;DELETE=0.06578947368421052;UPDATE=0.05263157894736842;RANGE_SEARCH=0.09210526315789473,300.0,1800.0,1100.0,200.0,8300.0,8300.0,0.8746009763371407,0.03453628249902988,10,0,0.6903698979591837,0.515625,49,2165
PUBLICATION,LOCAL_HOTSPOT,LARS_NO_DIAGNOSIS,7,16807,LOCAL_HOTSPOT,9,21573,205143,2,6,264750,299908,RUN_END,628,SEARCH=0.28343949044585987;INSERT=0.4315286624203822;DELETE=0.09394904458598727;UPDATE=0.12738853503184713;RANGE_SEARCH=0.06369426751592357,SEARCH=0.14285714285714285;INSERT=0.6428571428571429;DELETE=0.07142857142857142;UPDATE=0.09523809523809523;RANGE_SEARCH=0.047619047619047616,300.0,1500.0,200.0,200.0,2300.0,2300.0,1.8072289156626506,0.034740780331373594,0,0,0.6565241228070176,0.5,57,2395
PUBLICATION,LOCAL_HOTSPOT,LARS_NO_DIAGNOSIS,7,16807,LOCAL_HOTSPOT,7,21172,148010,4,10,293574,299879,RUN_END,98,SEARCH=0.3469387755102041;INSERT=0.3673469387755102;DELETE=0.12244897959183673;UPDATE=0.11224489795918367;RANGE_SEARCH=0.05102040816326531,SEARCH=0.2;INSERT=0.7;DELETE=0.0;UPDATE=0.0;RANGE_SEARCH=0.1,200.0,700.0,NaN,NaN,4500.0,4500.0,0.612081246867879,0.03302752293577982,0,0,0.7008928571428571,0.53125,49,2198
PUBLICATION,LOCAL_HOTSPOT,LARS_NO_DIAGNOSIS,8,2147483647,LOCAL_HOTSPOT,1,21001,133248,1,8,133340,165303,WINDOW_COMPLETE,1024,SEARCH=0.2529296875;INSERT=0.4423828125;DELETE=0.0966796875;UPDATE=0.1630859375;RANGE_SEARCH=0.044921875,SEARCH=0.1232876712328767;INSERT=0.726027397260274;DELETE=0.0;UPDATE=0.0958904109589041;RANGE_SEARCH=0.0547945205479452,200.0,1400.0,NaN,300.0,900.0,1400.0,1.5376166941241076,0.03908305148440436,2,0,0.7145337301587301,0.578125,63,2881
PUBLICATION,LOCAL_HOTSPOT,LARS_NO_DIAGNOSIS,8,2147483647,LOCAL_HOTSPOT,2,21180,154463,1,7,154476,187043,WINDOW_COMPLETE,1024,SEARCH=0.2353515625;INSERT=0.455078125;DELETE=0.1015625;UPDATE=0.1533203125;RANGE_SEARCH=0.0546875,SEARCH=0.09876543209876543;INSERT=0.6419753086419753;DELETE=0.06172839506172839;UPDATE=0.1111111111111111;RANGE_SEARCH=0.08641975308641975,200.0,1000.0,700.0,300.0,1100.0,1100.0,0.6544074340684509,0.039374812143071834,1,0,0.7479508196721312,0.515625,61,2920
PUBLICATION,LOCAL_HOTSPOT,LARS_NO_DIAGNOSIS,8,2147483647,LOCAL_HOTSPOT,4,20999,176623,1,9,176669,208930,WINDOW_COMPLETE,1024,SEARCH=0.2783203125;INSERT=0.4189453125;DELETE=0.1005859375;UPDATE=0.1484375;RANGE_SEARCH=0.0537109375,SEARCH=0.2;INSERT=0.6823529411764706;DELETE=0.07058823529411765;UPDATE=0.023529411764705882;RANGE_SEARCH=0.023529411764705882,300.0,800.0,700.0,200.0,800.0,800.0,1.090052808674224,0.036122177954847276,3,0,0.77490234375,0.5,64,3174
PUBLICATION,LOCAL_HOTSPOT,LARS_NO_DIAGNOSIS,8,2147483647,LOCAL_HOTSPOT,1,21001,133248,2,9,165315,212908,WINDOW_COMPLETE,1024,SEARCH=0.24609375;INSERT=0.48046875;DELETE=0.0888671875;UPDATE=0.140625;RANGE_SEARCH=0.0439453125,SEARCH=0.046511627906976744;INSERT=0.8372093023255814;DELETE=0.03488372093023256;UPDATE=0.023255813953488372;RANGE_SEARCH=0.05813953488372093,100.0,1100.0,600.0,100.0,3900.0,3900.0,1.214862979949249,0.035145888594164454,7,0,0.7428209459459459,0.5,37,1759
PUBLICATION,LOCAL_HOTSPOT,LARS_NO_DIAGNOSIS,8,2147483647,LOCAL_HOTSPOT,2,21180,154463,2,8,187069,234296,WINDOW_COMPLETE,1024,SEARCH=0.2607421875;INSERT=0.45703125;DELETE=0.0947265625;UPDATE=0.140625;RANGE_SEARCH=0.046875,SEARCH=0.1267605633802817;INSERT=0.6901408450704225;DELETE=0.056338028169014086;UPDATE=0.04225352112676056;RANGE_SEARCH=0.08450704225352113,200.0,1000.0,200.0,300.0,3900.0,3900.0,0.8149862680978367,0.035452680925871664,8,0,0.7938368055555556,0.5,36,1829
PUBLICATION,LOCAL_HOTSPOT,LARS_NO_DIAGNOSIS,8,2147483647,LOCAL_HOTSPOT,4,20999,176623,2,10,208950,273652,WINDOW_COMPLETE,1024,SEARCH=0.2392578125;INSERT=0.4638671875;DELETE=0.09765625;UPDATE=0.1533203125;RANGE_SEARCH=0.0458984375,SEARCH=0.12048192771084337;INSERT=0.7590361445783133;DELETE=0.03614457831325301;UPDATE=0.07228915662650602;RANGE_SEARCH=0.012048192771084338,200.0,2200.0,500.0,200.0,1000.0,2200.0,1.6741627904785106,0.032520325203252036,17,0,0.6643880208333334,0.5,48,2041
PUBLICATION,LOCAL_HOTSPOT,LARS_NO_DIAGNOSIS,8,2147483647,LOCAL_HOTSPOT,1,21001,133248,3,10,212992,277634,WINDOW_COMPLETE,1024,SEARCH=0.240234375;INSERT=0.4658203125;DELETE=0.1123046875;UPDATE=0.138671875;RANGE_SEARCH=0.04296875,SEARCH=0.06666666666666667;INSERT=0.7777777777777778;DELETE=0.044444444444444446;UPDATE=0.022222222222222223;RANGE_SEARCH=0.08888888888888889,200.0,1800.0,900.0,200.0,2100.0,2100.0,1.9769357495881383,0.034437777198017216,15,0,0.6556490384615384,0.5,52,2182
PUBLICATION,LOCAL_HOTSPOT,LARS_NO_DIAGNOSIS,8,2147483647,LOCAL_HOTSPOT,6,20997,226220,1,10,226308,291748,WINDOW_COMPLETE,1024,SEARCH=0.265625;INSERT=0.4501953125;DELETE=0.0927734375;UPDATE=0.14453125;RANGE_SEARCH=0.046875,SEARCH=0.06862745098039216;INSERT=0.7843137254901961;DELETE=0.0196078431372549;UPDATE=0.0784313725490196;RANGE_SEARCH=0.049019607843137254,200.0,2800.0,600.0,200.0,2500.0,2500.0,1.85629626885677,0.03456669912366115,22,0,0.6338068181818182,0.5,55,2231
PUBLICATION,LOCAL_HOTSPOT,LARS_NO_DIAGNOSIS,8,2147483647,LOCAL_HOTSPOT,2,21180,154463,3,9,234357,298736,WINDOW_COMPLETE,1024,SEARCH=0.2431640625;INSERT=0.416015625;DELETE=0.107421875;UPDATE=0.1728515625;RANGE_SEARCH=0.060546875,SEARCH=0.08860759493670886;INSERT=0.6835443037974683;DELETE=0.0379746835443038;UPDATE=0.0759493670886076;RANGE_SEARCH=0.11392405063291139,300.0,1800.0,200.0,200.0,2100.0,2100.0,1.1779333813232118,0.03317020119630234,17,0,0.6565448113207547,0.5,53,2227
PUBLICATION,LOCAL_HOTSPOT,LARS_NO_DIAGNOSIS,8,2147483647,LOCAL_HOTSPOT,2,21180,154463,4,10,298787,299976,RUN_END,23,SEARCH=0.17391304347826086;INSERT=0.5652173913043478;DELETE=0.08695652173913043;UPDATE=0.13043478260869565;RANGE_SEARCH=0.043478260869565216,SEARCH=0.0;INSERT=0.0;DELETE=0.0;UPDATE=0.0;RANGE_SEARCH=0.0,NaN,NaN,NaN,NaN,NaN,NaN,0.5963109020447537,0.02040816326530612,0,0,0.6478587962962963,0.5,54,2239
PUBLICATION,LOCAL_HOTSPOT,LARS_NO_DIAGNOSIS,8,2147483647,LOCAL_HOTSPOT,1,21001,133248,4,11,277721,299990,RUN_END,355,SEARCH=0.2535211267605634;INSERT=0.43380281690140843;DELETE=0.10140845070422536;UPDATE=0.15774647887323945;RANGE_SEARCH=0.05352112676056338,SEARCH=0.12903225806451613;INSERT=0.6774193548387096;DELETE=0.0967741935483871;UPDATE=0.0967741935483871;RANGE_SEARCH=0.0,200.0,2300.0,700.0,200.0,NaN,2300.0,2.526084568918177,0.032696177062374245,0,0,0.6258081896551724,0.5,58,2323
PUBLICATION,LOCAL_HOTSPOT,LARS_NO_DIAGNOSIS,8,2147483647,LOCAL_HOTSPOT,4,20999,176623,3,11,273719,299930,RUN_END,444,SEARCH=0.24774774774774774;INSERT=0.42792792792792794;DELETE=0.10585585585585586;UPDATE=0.16441441441441443;RANGE_SEARCH=0.05405405405405406,SEARCH=0.10416666666666667;INSERT=0.7083333333333334;DELETE=0.020833333333333332;UPDATE=0.08333333333333333;RANGE_SEARCH=0.08333333333333333,300.0,5700.0,200.0,200.0,6200.0,6200.0,0.9540577365747527,0.03556126820908312,0,0,0.6667668269230769,0.5,52,2219
PUBLICATION,LOCAL_HOTSPOT,LARS_NO_DIAGNOSIS,8,2147483647,LOCAL_HOTSPOT,6,20997,226220,2,11,291834,299664,RUN_END,129,SEARCH=0.34108527131782945;INSERT=0.3798449612403101;DELETE=0.13178294573643412;UPDATE=0.12403100775193798;RANGE_SEARCH=0.023255813953488372,SEARCH=0.0;INSERT=1.0;DELETE=0.0;UPDATE=0.0;RANGE_SEARCH=0.0,NaN,1500.0,NaN,NaN,NaN,1500.0,0.9209531876498703,0.029166666666666667,0,0,0.6339285714285714,0.5,56,2272
PUBLICATION,LOCAL_HOTSPOT,LARS_NO_DIAGNOSIS,9,6364136223846793005,LOCAL_HOTSPOT,2,21000,107877,1,7,107905,143831,WINDOW_COMPLETE,1024,SEARCH=0.24609375;INSERT=0.44140625;DELETE=0.0966796875;UPDATE=0.158203125;RANGE_SEARCH=0.0576171875,SEARCH=0.0963855421686747;INSERT=0.7228915662650602;DELETE=0.060240963855421686;UPDATE=0.060240963855421686;RANGE_SEARCH=0.060240963855421686,200.0,2500.0,800.0,300.0,800.0,2500.0,1.6284349751805636,0.04437771104437771,16,0,0.6588541666666666,0.5,54,2277
PUBLICATION,LOCAL_HOTSPOT,LARS_NO_DIAGNOSIS,9,6364136223846793005,LOCAL_HOTSPOT,2,21000,107877,2,8,143869,178685,WINDOW_COMPLETE,1024,SEARCH=0.267578125;INSERT=0.443359375;DELETE=0.0966796875;UPDATE=0.1455078125;RANGE_SEARCH=0.046875,SEARCH=0.14814814814814814;INSERT=0.6666666666666666;DELETE=0.037037037037037035;UPDATE=0.07407407407407407;RANGE_SEARCH=0.07407407407407407,200.0,2500.0,200.0,200.0,1000.0,2500.0,1.4784151389710232,0.03851444291609354,5,0,0.7105402542372882,0.515625,59,2683
PUBLICATION,LOCAL_HOTSPOT,LARS_NO_DIAGNOSIS,9,6364136223846793005,LOCAL_HOTSPOT,4,21173,152040,1,7,152058,184055,WINDOW_COMPLETE,1024,SEARCH=0.2353515625;INSERT=0.4599609375;DELETE=0.1015625;UPDATE=0.15234375;RANGE_SEARCH=0.05078125,SEARCH=0.10752688172043011;INSERT=0.8064516129032258;DELETE=0.021505376344086023;UPDATE=0.010752688172043012;RANGE_SEARCH=0.053763440860215055,300.0,2100.0,200.0,200.0,1000.0,2100.0,1.5838298514216758,0.0394393741851369,1,0,0.7421875,0.546875,64,3040
PUBLICATION,LOCAL_HOTSPOT,LARS_NO_DIAGNOSIS,9,6364136223846793005,LOCAL_HOTSPOT,2,21000,107877,3,9,178709,211898,WINDOW_COMPLETE,1024,SEARCH=0.2353515625;INSERT=0.4462890625;DELETE=0.1025390625;UPDATE=0.162109375;RANGE_SEARCH=0.0537109375,SEARCH=0.09195402298850575;INSERT=0.7126436781609196;DELETE=0.034482758620689655;UPDATE=0.08045977011494253;RANGE_SEARCH=0.08045977011494253,200.0,1500.0,500.0,200.0,1300.0,1500.0,1.1518592631981568,0.0359358841778697,5,0,0.75732421875,0.5,64,3102
PUBLICATION,LOCAL_HOTSPOT,LARS_NO_DIAGNOSIS,9,6364136223846793005,LOCAL_HOTSPOT,4,21173,152040,2,8,184077,234354,WINDOW_COMPLETE,1024,SEARCH=0.25;INSERT=0.44921875;DELETE=0.1005859375;UPDATE=0.138671875;RANGE_SEARCH=0.0615234375,SEARCH=0.08823529411764706;INSERT=0.6911764705882353;DELETE=0.04411764705882353;UPDATE=0.058823529411764705;RANGE_SEARCH=0.11764705882352941,200.0,1600.0,800.0,200.0,1500.0,1600.0,1.2067275058450864,0.033002538656819756,8,0,0.7528044871794872,0.5,39,1879
PUBLICATION,LOCAL_HOTSPOT,LARS_NO_DIAGNOSIS,9,6364136223846793005,LOCAL_HOTSPOT,6,21538,186913,1,5,186944,250910,WINDOW_COMPLETE,1024,SEARCH=0.2470703125;INSERT=0.466796875;DELETE=0.1083984375;UPDATE=0.125;RANGE_SEARCH=0.052734375,SEARCH=0.08695652173913043;INSERT=0.75;DELETE=0.05434782608695652;UPDATE=0.021739130434782608;RANGE_SEARCH=0.08695652173913043,300.0,1400.0,200.0,200.0,2300.0,2300.0,1.818181818181818,0.03325635103926097,9,0,0.7429315476190477,0.5,42,1997
PUBLICATION,LOCAL_HOTSPOT,LARS_NO_DIAGNOSIS,9,6364136223846793005,LOCAL_HOTSPOT,2,21000,107877,4,10,211968,277345,WINDOW_COMPLETE,1024,SEARCH=0.2314453125;INSERT=0.4423828125;DELETE=0.1103515625;UPDATE=0.1591796875;RANGE_SEARCH=0.056640625,SEARCH=0.08333333333333333;INSERT=0.6547619047619048;DELETE=0.11904761904761904;UPDATE=0.07142857142857142;RANGE_SEARCH=0.07142857142857142,200.0,8300.0,1000.0,200.0,3700.0,8300.0,4.908338261383797,0.03458989229494615,13,0,0.6676136363636364,0.515625,44,1880
PUBLICATION,LOCAL_HOTSPOT,LARS_NO_DIAGNOSIS,9,6364136223846793005,LOCAL_HOTSPOT,4,21173,152040,3,9,234390,296221,WINDOW_COMPLETE,1024,SEARCH=0.2646484375;INSERT=0.447265625;DELETE=0.10546875;UPDATE=0.1337890625;RANGE_SEARCH=0.048828125,SEARCH=0.13636363636363635;INSERT=0.6931818181818182;DELETE=0.03409090909090909;UPDATE=0.03409090909090909;RANGE_SEARCH=0.10227272727272728,200.0,2000.0,100.0,200.0,1500.0,2000.0,1.5084093823063578,0.03429228998849252,17,0,0.6431361607142857,0.515625,56,2305
PUBLICATION,LOCAL_HOTSPOT,LARS_NO_DIAGNOSIS,9,6364136223846793005,LOCAL_HOTSPOT,4,21173,152040,4,10,296329,299984,RUN_END,62,SEARCH=0.25806451612903225;INSERT=0.5;DELETE=0.12903225806451613;UPDATE=0.11290322580645161;RANGE_SEARCH=0.0,SEARCH=0.0;INSERT=0.6666666666666666;DELETE=0.0;UPDATE=0.3333333333333333;RANGE_SEARCH=0.0,NaN,700.0,NaN,200.0,NaN,700.0,0.5538600229806119,NaN,0,0,0.6395285087719298,0.5,57,2333
PUBLICATION,LOCAL_HOTSPOT,LARS_NO_DIAGNOSIS,9,6364136223846793005,LOCAL_HOTSPOT,6,21538,186913,2,6,250971,299987,RUN_END,795,SEARCH=0.26666666666666666;INSERT=0.4427672955974843;DELETE=0.09937106918238994;UPDATE=0.13333333333333333;RANGE_SEARCH=0.05786163522012579,SEARCH=0.11666666666666667;INSERT=0.6333333333333333;DELETE=0.05;UPDATE=0.06666666666666667;RANGE_SEARCH=0.13333333333333333,200.0,3700.0,900.0,200.0,5000.0,5000.0,4.805194805194805,0.03514150943396226,0,0,0.6370614035087719,0.5,57,2324
PUBLICATION,LOCAL_HOTSPOT,LARS_NO_DIAGNOSIS,9,6364136223846793005,LOCAL_HOTSPOT,7,21625,248947,1,5,249014,299970,RUN_END,783,SEARCH=0.2388250319284802;INSERT=0.44699872286079184;DELETE=0.0970625798212005;UPDATE=0.15708812260536398;RANGE_SEARCH=0.06002554278416347,SEARCH=0.06521739130434782;INSERT=0.782608695652174;DELETE=0.06521739130434782;UPDATE=0.021739130434782608;RANGE_SEARCH=0.06521739130434782,200.0,1700.0,700.0,100.0,1200.0,1700.0,1.3821138211382114,0.0344909047956532,0,0,0.6485849056603774,0.5,53,2200
PUBLICATION,LOCAL_HOTSPOT,LARS_NO_LOCALITY,0,1103515245,LOCAL_HOTSPOT,5,20996,141476,1,8,141560,172146,WINDOW_COMPLETE,1024,SEARCH=0.23046875;INSERT=0.4404296875;DELETE=0.119140625;UPDATE=0.1435546875;RANGE_SEARCH=0.06640625,SEARCH=0.10843373493975904;INSERT=0.6746987951807228;DELETE=0.07228915662650602;UPDATE=0.03614457831325301;RANGE_SEARCH=0.10843373493975904,200.0,3700.0,600.0,100.0,3700.0,3700.0,3.6666336339312258,0.03922052294030587,5,0,0.7318135245901639,0.5,61,2857
PUBLICATION,LOCAL_HOTSPOT,LARS_NO_LOCALITY,0,1103515245,LOCAL_HOTSPOT,5,20996,141476,2,9,172210,212368,WINDOW_COMPLETE,1024,SEARCH=0.263671875;INSERT=0.43359375;DELETE=0.1025390625;UPDATE=0.154296875;RANGE_SEARCH=0.0458984375,SEARCH=0.06818181818181818;INSERT=0.7272727272727273;DELETE=0.045454545454545456;UPDATE=0.09090909090909091;RANGE_SEARCH=0.06818181818181818,200.0,8900.0,600.0,200.0,3500.0,8900.0,8.819740362699434,0.03242269588712098,6,0,0.7757352941176471,0.515625,34,1688
PUBLICATION,LOCAL_HOTSPOT,LARS_NO_LOCALITY,0,1103515245,LOCAL_HOTSPOT,8,21574,194311,1,5,194479,251048,WINDOW_COMPLETE,1024,SEARCH=0.2607421875;INSERT=0.4462890625;DELETE=0.0849609375;UPDATE=0.16796875;RANGE_SEARCH=0.0400390625,SEARCH=0.11702127659574468;INSERT=0.7553191489361702;DELETE=0.010638297872340425;UPDATE=0.05319148936170213;RANGE_SEARCH=0.06382978723404255,200.0,1000.0,100.0,200.0,1200.0,1200.0,1.3757635918570774,0.03456867019620056,11,0,0.7044547872340425,0.5,47,2119
PUBLICATION,LOCAL_HOTSPOT,LARS_NO_LOCALITY,0,1103515245,LOCAL_HOTSPOT,5,20996,141476,3,10,212461,279495,WINDOW_COMPLETE,1024,SEARCH=0.2392578125;INSERT=0.447265625;DELETE=0.0947265625;UPDATE=0.1630859375;RANGE_SEARCH=0.0556640625,SEARCH=0.075;INSERT=0.725;DELETE=0.0125;UPDATE=0.0875;RANGE_SEARCH=0.1,300.0,2200.0,200.0,100.0,1800.0,2200.0,2.1801605390942425,0.034207019102621056,15,0,0.6731505102040817,0.5,49,2111
PUBLICATION,LOCAL_HOTSPOT,LARS_NO_LOCALITY,0,1103515245,LOCAL_HOTSPOT,8,21574,194311,2,6,251069,299977,RUN_END,872,SEARCH=0.2545871559633027;INSERT=0.4426605504587156;DELETE=0.0963302752293578;UPDATE=0.1536697247706422;RANGE_SEARCH=0.052752293577981654,SEARCH=0.05084745762711865;INSERT=0.7288135593220338;DELETE=0.05084745762711865;UPDATE=0.0847457627118644;RANGE_SEARCH=0.0847457627118644,200.0,2000.0,700.0,200.0,2500.0,2500.0,1.1560693641618498,0.035258814703675916,0,0,0.6549258474576272,0.5,59,2473
PUBLICATION,LOCAL_HOTSPOT,LARS_NO_LOCALITY,0,1103515245,LOCAL_HOTSPOT,5,20996,141476,4,11,279563,299908,RUN_END,347,SEARCH=0.23919308357348704;INSERT=0.44668587896253603;DELETE=0.1037463976945245;UPDATE=0.17579250720461095;RANGE_SEARCH=0.0345821325648415,SEARCH=0.10714285714285714;INSERT=0.75;DELETE=0.0;UPDATE=0.07142857142857142;RANGE_SEARCH=0.07142857142857142,200.0,1400.0,NaN,100.0,2400.0,2400.0,1.3873748885145178,0.03555941023417172,0,0,0.6300223214285714,0.5,56,2258
PUBLICATION,LOCAL_HOTSPOT,LARS_NO_LOCALITY,1,214013,LOCAL_HOTSPOT,13,20999,166018,1,9,166089,210470,WINDOW_COMPLETE,1024,SEARCH=0.24609375;INSERT=0.453125;DELETE=0.0986328125;UPDATE=0.146484375;RANGE_SEARCH=0.0556640625,SEARCH=0.1717171717171717;INSERT=0.7171717171717171;DELETE=0.030303030303030304;UPDATE=0.020202020202020204;RANGE_SEARCH=0.06060606060606061,300.0,1200.0,500.0,200.0,1500.0,1500.0,1.1304644712921466,0.03717262742889327,4,0,0.756155303030303,0.53125,33,1597
PUBLICATION,LOCAL_HOTSPOT,LARS_NO_LOCALITY,1,214013,LOCAL_HOTSPOT,13,20999,166018,2,10,210510,273775,WINDOW_COMPLETE,1024,SEARCH=0.234375;INSERT=0.42578125;DELETE=0.1123046875;UPDATE=0.1630859375;RANGE_SEARCH=0.064453125,SEARCH=0.047058823529411764;INSERT=0.7647058823529411;DELETE=0.047058823529411764;UPDATE=0.08235294117647059;RANGE_SEARCH=0.058823529411764705,200.0,1300.0,200.0,200.0,1900.0,1900.0,1.4761196674639683,0.033642691415313224,12,0,0.6920138888888889,0.5,45,1993
PUBLICATION,LOCAL_HOTSPOT,LARS_NO_LOCALITY,1,214013,LOCAL_HOTSPOT,17,21170,225713,1,8,225738,284326,WINDOW_COMPLETE,1024,SEARCH=0.232421875;INSERT=0.451171875;DELETE=0.087890625;UPDATE=0.16796875;RANGE_SEARCH=0.060546875,SEARCH=0.1282051282051282;INSERT=0.6538461538461539;DELETE=0.02564102564102564;UPDATE=0.07692307692307693;RANGE_SEARCH=0.11538461538461539,200.0,2300.0,100.0,100.0,3700.0,3700.0,1.3333333333333333,0.03292094778779618,19,0,0.6568509615384616,0.5,52,2186
PUBLICATION,LOCAL_HOTSPOT,LARS_NO_LOCALITY,1,214013,LOCAL_HOTSPOT,13,20999,166018,3,11,273846,299998,RUN_END,414,SEARCH=0.22705314009661837;INSERT=0.4492753623188406;DELETE=0.1280193236714976;UPDATE=0.1473429951690821;RANGE_SEARCH=0.04830917874396135,SEARCH=0.05263157894736842;INSERT=0.7631578947368421;DELETE=0.0;UPDATE=0.07894736842105263;RANGE_SEARCH=0.10526315789473684,100.0,1800.0,NaN,200.0,1100.0,1800.0,0.9565468603241238,0.033278777959629025,0,0,0.6385613207547169,0.5,53,2166
PUBLICATION,LOCAL_HOTSPOT,LARS_NO_LOCALITY,1,214013,LOCAL_HOTSPOT,18,21568,265689,1,6,265746,299883,RUN_END,560,SEARCH=0.24464285714285713;INSERT=0.4642857142857143;DELETE=0.1;UPDATE=0.13035714285714287;RANGE_SEARCH=0.060714285714285714,SEARCH=0.06521739130434782;INSERT=0.8043478260869565;DELETE=0.021739130434782608;UPDATE=0.06521739130434782;RANGE_SEARCH=0.043478260869565216,200.0,1000.0,100.0,200.0,1100.0,1100.0,0.9688676017789941,0.032146233848093286,0,0,0.6526227678571429,0.5,56,2339
PUBLICATION,LOCAL_HOTSPOT,LARS_NO_LOCALITY,1,214013,LOCAL_HOTSPOT,17,21170,225713,2,9,284420,299932,RUN_END,265,SEARCH=0.27547169811320754;INSERT=0.4339622641509434;DELETE=0.11320754716981132;UPDATE=0.12830188679245283;RANGE_SEARCH=0.04905660377358491,SEARCH=0.23529411764705882;INSERT=0.5882352941176471;DELETE=0.0;UPDATE=0.11764705882352941;RANGE_SEARCH=0.058823529411764705,200.0,800.0,NaN,100.0,4100.0,4100.0,0.6220963560845125,0.037065637065637064,0,0,0.6285635964912281,0.5,57,2293
PUBLICATION,LOCAL_HOTSPOT,LARS_NO_LOCALITY,2,1664525,LOCAL_HOTSPOT,3,20999,103637,1,7,103706,134680,WINDOW_COMPLETE,1024,SEARCH=0.2841796875;INSERT=0.453125;DELETE=0.0810546875;UPDATE=0.1337890625;RANGE_SEARCH=0.0478515625,SEARCH=0.10810810810810811;INSERT=0.8243243243243243;DELETE=0.02702702702702703;UPDATE=0.013513513513513514;RANGE_SEARCH=0.02702702702702703,400.0,3900.0,600.0,100.0,900.0,3900.0,2.671232876712329,0.04503716659379099,26,0,0.6276041666666666,0.515625,60,2410
PUBLICATION,LOCAL_HOTSPOT,LARS_NO_LOCALITY,2,1664525,LOCAL_HOTSPOT,3,20999,103637,2,8,134696,165589,WINDOW_COMPLETE,1024,SEARCH=0.2412109375;INSERT=0.4501953125;DELETE=0.107421875;UPDATE=0.1484375;RANGE_SEARCH=0.052734375,SEARCH=0.09090909090909091;INSERT=0.7272727272727273;DELETE=0.056818181818181816;UPDATE=0.045454545454545456;RANGE_SEARCH=0.07954545454545454,200.0,1200.0,800.0,200.0,1900.0,1900.0,1.077745951010574,0.04212271973466003,3,0,0.6976686507936508,0.53125,63,2813
PUBLICATION,LOCAL_HOTSPOT,LARS_NO_LOCALITY,2,1664525,LOCAL_HOTSPOT,3,20999,103637,3,9,165595,216582,WINDOW_COMPLETE,1024,SEARCH=0.26171875;INSERT=0.4716796875;DELETE=0.0869140625;UPDATE=0.1435546875;RANGE_SEARCH=0.0361328125,SEARCH=0.08791208791208792;INSERT=0.7912087912087912;DELETE=0.02197802197802198;UPDATE=0.03296703296703297;RANGE_SEARCH=0.06593406593406594,300.0,7200.0,600.0,100.0,5400.0,7200.0,4.931506849315069,0.037783375314861464,5,0,0.7901785714285714,0.5,35,1770
PUBLICATION,LOCAL_HOTSPOT,LARS_NO_LOCALITY,2,1664525,LOCAL_HOTSPOT,15,21588,191671,1,5,191681,250661,WINDOW_COMPLETE,1024,SEARCH=0.2294921875;INSERT=0.4453125;DELETE=0.09765625;UPDATE=0.1630859375;RANGE_SEARCH=0.064453125,SEARCH=0.10344827586206896;INSERT=0.7241379310344828;DELETE=0.011494252873563218;UPDATE=0.04597701149425287;RANGE_SEARCH=0.11494252873563218,200.0,2300.0,100.0,100.0,2300.0,2300.0,2.149532710280374,0.034165834165834165,14,0,0.6888297872340425,0.5,47,2072
PUBLICATION,LOCAL_HOTSPOT,LARS_NO_LOCALITY,2,1664525,LOCAL_HOTSPOT,3,20999,103637,4,10,216596,279616,WINDOW_COMPLETE,1024,SEARCH=0.2490234375;INSERT=0.4384765625;DELETE=0.1162109375;UPDATE=0.1513671875;RANGE_SEARCH=0.044921875,SEARCH=0.06172839506172839;INSERT=0.7530864197530864;DELETE=0.06172839506172839;UPDATE=0.07407407407407407;RANGE_SEARCH=0.04938271604938271,200.0,4800.0,200.0,200.0,1600.0,4800.0,3.287671232876712,0.03618594823032224,16,0,0.6685049019607843,0.5,51,2182
PUBLICATION,LOCAL_HOTSPOT,LARS_NO_LOCALITY,2,1664525,LOCAL_HOTSPOT,16,21177,225046,1,7,225048,287045,WINDOW_COMPLETE,1024,SEARCH=0.2392578125;INSERT=0.48046875;DELETE=0.087890625;UPDATE=0.1474609375;RANGE_SEARCH=0.044921875,SEARCH=0.06097560975609756;INSERT=0.6829268292682927;DELETE=0.06097560975609756;UPDATE=0.14634146341463414;RANGE_SEARCH=0.04878048780487805,200.0,1300.0,1000.0,200.0,1700.0,1700.0,0.983850163994361,0.03273734575673634,19,0,0.6614583333333334,0.5,54,2286
PUBLICATION,LOCAL_HOTSPOT,LARS_NO_LOCALITY,2,1664525,LOCAL_HOTSPOT,3,20999,103637,5,11,279630,299823,RUN_END,297,SEARCH=0.23905723905723905;INSERT=0.4511784511784512;DELETE=0.11784511784511785;UPDATE=0.14814814814814814;RANGE_SEARCH=0.04377104377104377,SEARCH=0.05263157894736842;INSERT=0.7368421052631579;DELETE=0.0;UPDATE=0.15789473684210525;RANGE_SEARCH=0.05263157894736842,100.0,900.0,NaN,200.0,1000.0,1000.0,0.9496774193548386,0.03249390739236393,0,0,0.6669560185185185,0.5,54,2305
PUBLICATION,LOCAL_HOTSPOT,LARS_NO_LOCALITY,2,1664525,LOCAL_HOTSPOT,16,21177,225046,2,8,287135,299997,RUN_END,223,SEARCH=0.2242152466367713;INSERT=0.4304932735426009;DELETE=0.09865470852017937;UPDATE=0.17937219730941703;RANGE_SEARCH=0.06726457399103139,SEARCH=0.058823529411764705;INSERT=0.7058823529411765;DELETE=0.0;UPDATE=0.058823529411764705;RANGE_SEARCH=0.17647058823529413,200.0,900.0,NaN,100.0,1333.0,1333.0,0.5339964237007527,0.03373313343328336,0,0,0.6623883928571429,0.5,56,2374
PUBLICATION,LOCAL_HOTSPOT,LARS_NO_LOCALITY,2,1664525,LOCAL_HOTSPOT,17,21627,257093,1,5,257106,299976,RUN_END,713,SEARCH=0.2370266479663394;INSERT=0.48106591865357645;DELETE=0.07994389901823282;UPDATE=0.15427769985974754;RANGE_SEARCH=0.047685834502103785,SEARCH=0.12;INSERT=0.68;DELETE=0.02;UPDATE=0.08;RANGE_SEARCH=0.1,200.0,800.0,800.0,100.0,2300.0,2300.0,0.7975459276523146,0.03379265091863517,0,0,0.6395285087719298,0.5,57,2333
PUBLICATION,LOCAL_HOTSPOT,LARS_NO_LOCALITY,2,1664525,LOCAL_HOTSPOT,15,21588,191671,2,6,250706,299945,RUN_END,826,SEARCH=0.2457627118644068;INSERT=0.45278450363196127;DELETE=0.11259079903147699;UPDATE=0.13317191283292978;RANGE_SEARCH=0.05569007263922518,SEARCH=0.07142857142857142;INSERT=0.7857142857142857;DELETE=0.02857142857142857;UPDATE=0.02857142857142857;RANGE_SEARCH=0.08571428571428572,200.0,3600.0,500.0,100.0,1400.0,3600.0,3.364485981308411,0.03343166175024582,0,0,0.6382415254237288,0.5,59,2410
PUBLICATION,LOCAL_HOTSPOT,LARS_NO_LOCALITY,3,22695477,LOCAL_HOTSPOT,14,21642,273129,1,5,273138,299962,RUN_END,453,SEARCH=0.2781456953642384;INSERT=0.4613686534216336;DELETE=0.08609271523178808;UPDATE=0.1280353200883002;RANGE_SEARCH=0.046357615894039736,SEARCH=0.07894736842105263;INSERT=0.7631578947368421;DELETE=0.02631578947368421;UPDATE=0.07894736842105263;RANGE_SEARCH=0.05263157894736842,200.0,1800.0,100.0,200.0,1200.0,1800.0,2.0454545454545454,0.03291958985429034,0,0,0.6224888392857143,0.5,56,2231
PUBLICATION,LOCAL_HOTSPOT,LARS_NO_LOCALITY,4,69069,LOCAL_HOTSPOT,5,20999,134434,1,8,134478,166186,WINDOW_COMPLETE,1024,SEARCH=0.2705078125;INSERT=0.4375;DELETE=0.0986328125;UPDATE=0.146484375;RANGE_SEARCH=0.046875,SEARCH=0.1232876712328767;INSERT=0.726027397260274;DELETE=0.0410958904109589;UPDATE=0.0547945205479452;RANGE_SEARCH=0.0547945205479452,200.0,1200.0,200.0,200.0,5100.0,5100.0,1.2079658725302997,0.04338235294117647,6,0,0.682861328125,0.546875,64,2797
PUBLICATION,LOCAL_HOTSPOT,LARS_NO_LOCALITY,4,69069,LOCAL_HOTSPOT,5,20999,134434,2,9,166230,198826,WINDOW_COMPLETE,1024,SEARCH=0.248046875;INSERT=0.458984375;DELETE=0.0986328125;UPDATE=0.142578125;RANGE_SEARCH=0.0517578125,SEARCH=0.11842105263157894;INSERT=0.7105263157894737;DELETE=0.06578947368421052;UPDATE=0.039473684210526314;RANGE_SEARCH=0.06578947368421052,200.0,1600.0,600.0,300.0,3900.0,3900.0,0.987294694525662,0.037251908396946566,1,0,0.7548828125,0.5,32,1546
PUBLICATION,LOCAL_HOTSPOT,LARS_NO_LOCALITY,4,69069,LOCAL_HOTSPOT,9,20996,169693,1,9,169721,207467,WINDOW_COMPLETE,1024,SEARCH=0.2412109375;INSERT=0.451171875;DELETE=0.1044921875;UPDATE=0.150390625;RANGE_SEARCH=0.052734375,SEARCH=0.13157894736842105;INSERT=0.6973684210526315;DELETE=0.039473684210526314;UPDATE=0.05263157894736842;RANGE_SEARCH=0.07894736842105263,300.0,1600.0,2000.0,200.0,1600.0,2000.0,1.0792959056456366,0.035290796160361376,3,0,0.7495404411764706,0.5,34,1631
PUBLICATION,LOCAL_HOTSPOT,LARS_NO_LOCALITY,4,69069,LOCAL_HOTSPOT,5,20999,134434,3,10,198866,263777,WINDOW_COMPLETE,1024,SEARCH=0.2373046875;INSERT=0.4716796875;DELETE=0.1015625;UPDATE=0.140625;RANGE_SEARCH=0.048828125,SEARCH=0.09090909090909091;INSERT=0.7662337662337663;DELETE=0.0;UPDATE=0.06493506493506493;RANGE_SEARCH=0.07792207792207792,300.0,4700.0,NaN,200.0,1600.0,4700.0,1.9473793246322768,0.03373680144218388,11,0,0.7209302325581395,0.5,43,1984
PUBLICATION,LOCAL_HOTSPOT,LARS_NO_LOCALITY,4,69069,LOCAL_HOTSPOT,9,20996,169693,2,10,207501,271866,WINDOW_COMPLETE,1024,SEARCH=0.2568359375;INSERT=0.4150390625;DELETE=0.1025390625;UPDATE=0.1630859375;RANGE_SEARCH=0.0625,SEARCH=0.11392405063291139;INSERT=0.6962025316455697;DELETE=0.06329113924050633;UPDATE=0.0379746835443038;RANGE_SEARCH=0.08860759493670886,200.0,3200.0,600.0,100.0,1600.0,3200.0,1.9704433497536946,0.03189381933438986,12,0,0.6871603260869565,0.5,46,2023
PUBLICATION,LOCAL_HOTSPOT,LARS_NO_LOCALITY,4,69069,LOCAL_HOTSPOT,11,21574,214114,1,5,214168,275936,WINDOW_COMPLETE,1024,SEARCH=0.2392578125;INSERT=0.466796875;DELETE=0.1123046875;UPDATE=0.125;RANGE_SEARCH=0.056640625,SEARCH=0.12222222222222222;INSERT=0.6777777777777778;DELETE=0.06666666666666667;UPDATE=0.05555555555555555;RANGE_SEARCH=0.07777777777777778,300.0,1500.0,200.0,200.0,4000.0,4000.0,1.8482632426178378,0.03321328531412565,21,0,0.6356026785714286,0.5,56,2278
PUBLICATION,LOCAL_HOTSPOT,LARS_NO_LOCALITY,4,69069,LOCAL_HOTSPOT,11,21574,214114,2,6,275945,299832,RUN_END,384,SEARCH=0.25;INSERT=0.4453125;DELETE=0.08854166666666667;UPDATE=0.15104166666666666;RANGE_SEARCH=0.06510416666666667,SEARCH=0.02702702702702703;INSERT=0.7027027027027027;DELETE=0.02702702702702703;UPDATE=0.08108108108108109;RANGE_SEARCH=0.16216216216216217,100.0,1100.0,200.0,100.0,1500.0,1500.0,0.949481865284974,0.03103859928372463,0,0,0.6359375,0.5,60,2442
PUBLICATION,LOCAL_HOTSPOT,LARS_NO_LOCALITY,4,69069,LOCAL_HOTSPOT,5,20999,134434,4,11,263862,299960,RUN_END,550,SEARCH=0.2818181818181818;INSERT=0.43454545454545457;DELETE=0.10727272727272727;UPDATE=0.12363636363636364;RANGE_SEARCH=0.05272727272727273,SEARCH=0.0625;INSERT=0.75;DELETE=0.020833333333333332;UPDATE=0.041666666666666664;RANGE_SEARCH=0.125,100.0,7600.0,100.0,100.0,1800.0,7600.0,3.1489538015330427,0.03445605884630275,0,0,0.6391782407407407,0.5,54,2209
PUBLICATION,LOCAL_HOTSPOT,LARS_NO_LOCALITY,4,69069,LOCAL_HOTSPOT,9,20996,169693,3,11,271922,299924,RUN_END,453,SEARCH=0.22958057395143489;INSERT=0.4900662251655629;DELETE=0.08388520971302428;UPDATE=0.15894039735099338;RANGE_SEARCH=0.037527593818984545,SEARCH=0.17391304347826086;INSERT=0.7391304347826086;DELETE=0.0;UPDATE=0.043478260869565216;RANGE_SEARCH=0.043478260869565216,200.0,1400.0,NaN,100.0,1000.0,1400.0,0.9510431929089522,0.035580524344569285,0,0,0.6594929245283019,0.5,53,2237
PUBLICATION,LOCAL_HOTSPOT,LARS_NO_LOCALITY,5,48271,LOCAL_HOTSPOT,1,20997,60930,1,5,60946,78248,WINDOW_COMPLETE,1024,SEARCH=0.2373046875;INSERT=0.466796875;DELETE=0.09765625;UPDATE=0.1484375;RANGE_SEARCH=0.0498046875,SEARCH=0.10144927536231885;INSERT=0.6956521739130435;DELETE=0.07246376811594203;UPDATE=0.028985507246376812;RANGE_SEARCH=0.10144927536231885,200.0,1200.0,800.0,200.0,1000.0,1200.0,1.0322595414255367,0.04770017035775128,2,0,0.7578125,0.5,32,1552
PUBLICATION,LOCAL_HOTSPOT,LARS_NO_LOCALITY,5,48271,LOCAL_HOTSPOT,1,20997,60930,2,6,78267,112567,WINDOW_COMPLETE,1024,SEARCH=0.259765625;INSERT=0.443359375;DELETE=0.0947265625;UPDATE=0.1484375;RANGE_SEARCH=0.0537109375,SEARCH=0.14864864864864866;INSERT=0.6216216216216216;DELETE=0.06756756756756757;UPDATE=0.05405405405405406;RANGE_SEARCH=0.10810810810810811,300.0,800.0,700.0,200.0,1600.0,1600.0,1.5175213561436474,0.04730617608409987,13,0,0.675,0.5,45,1944
PUBLICATION,LOCAL_HOTSPOT,LARS_NO_LOCALITY,5,48271,LOCAL_HOTSPOT,1,20997,60930,3,7,112604,147728,WINDOW_COMPLETE,1024,SEARCH=0.2646484375;INSERT=0.4326171875;DELETE=0.1005859375;UPDATE=0.1494140625;RANGE_SEARCH=0.052734375,SEARCH=0.0273972602739726;INSERT=0.8082191780821918;DELETE=0.0410958904109589;UPDATE=0.0273972602739726;RANGE_SEARCH=0.0958904109589041,200.0,1800.0,900.0,200.0,4000.0,4000.0,1.4326396379855104,0.04483645718485851,11,0,0.650390625,0.5,56,2331
PUBLICATION,LOCAL_HOTSPOT,LARS_NO_LOCALITY,5,48271,LOCAL_HOTSPOT,2,21177,119529,1,5,119535,148651,WINDOW_COMPLETE,1024,SEARCH=0.23828125;INSERT=0.4638671875;DELETE=0.0947265625;UPDATE=0.15625;RANGE_SEARCH=0.046875,SEARCH=0.1;INSERT=0.7625;DELETE=0.025;UPDATE=0.025;RANGE_SEARCH=0.0875,400.0,1200.0,600.0,200.0,5100.0,5100.0,1.3333333333333333,0.043908227848101264,16,0,0.6765873015873016,0.5,63,2728
PUBLICATION,LOCAL_HOTSPOT,LARS_NO_LOCALITY,5,48271,LOCAL_HOTSPOT,1,20997,60930,4,8,147868,181440,WINDOW_COMPLETE,1024,SEARCH=0.26171875;INSERT=0.451171875;DELETE=0.1044921875;UPDATE=0.1298828125;RANGE_SEARCH=0.052734375,SEARCH=0.13513513513513514;INSERT=0.6891891891891891;DELETE=0.04054054054054054;UPDATE=0.04054054054054054;RANGE_SEARCH=0.0945945945945946,300.0,2100.0,600.0,200.0,1700.0,2100.0,1.3636363636363635,0.04157941968291953,6,0,0.6902721774193549,0.5,62,2739
PUBLICATION,LOCAL_HOTSPOT,LARS_NO_LOCALITY,5,48271,LOCAL_HOTSPOT,2,21177,119529,2,6,148694,199358,WINDOW_COMPLETE,1024,SEARCH=0.2548828125;INSERT=0.466796875;DELETE=0.09375;UPDATE=0.1416015625;RANGE_SEARCH=0.04296875,SEARCH=0.109375;INSERT=0.75;DELETE=0.015625;UPDATE=0.078125;RANGE_SEARCH=0.046875,200.0,800.0,600.0,200.0,1000.0,1000.0,0.8888888888888888,0.037668798862828715,6,0,0.7239583333333334,0.515625,36,1668
PUBLICATION,LOCAL_HOTSPOT,LARS_NO_LOCALITY,5,48271,LOCAL_HOTSPOT,2,21177,119529,3,7,199371,259785,WINDOW_COMPLETE,1024,SEARCH=0.2421875;INSERT=0.4375;DELETE=0.119140625;UPDATE=0.1572265625;RANGE_SEARCH=0.0439453125,SEARCH=0.12345679012345678;INSERT=0.6666666666666666;DELETE=0.06172839506172839;UPDATE=0.08641975308641975;RANGE_SEARCH=0.06172839506172839,200.0,900.0,700.0,200.0,1000.0,1000.0,1.0,0.03485576923076923,10,0,0.701766304347826,0.5,46,2066
PUBLICATION,LOCAL_HOTSPOT,LARS_NO_LOCALITY,5,48271,LOCAL_HOTSPOT,17,21639,271577,1,5,271600,299939,RUN_END,426,SEARCH=0.24178403755868544;INSERT=0.4694835680751174;DELETE=0.07746478873239436;UPDATE=0.15258215962441316;RANGE_SEARCH=0.05868544600938967,SEARCH=0.06666666666666667;INSERT=0.7333333333333333;DELETE=0.022222222222222223;UPDATE=0.06666666666666667;RANGE_SEARCH=0.1111111111111111,200.0,1800.0,100.0,200.0,4900.0,4900.0,0.8695652173913043,0.03536257833482542,0,0,0.6524884259259259,0.5,54,2255
PUBLICATION,LOCAL_HOTSPOT,LARS_NO_LOCALITY,5,48271,LOCAL_HOTSPOT,2,21177,119529,4,8,259786,299911,RUN_END,698,SEARCH=0.24785100286532952;INSERT=0.45702005730659023;DELETE=0.11318051575931232;UPDATE=0.1318051575931232;RANGE_SEARCH=0.050143266475644696,SEARCH=0.10869565217391304;INSERT=0.7608695652173914;DELETE=0.043478260869565216;UPDATE=0.043478260869565216;RANGE_SEARCH=0.043478260869565216,200.0,1800.0,200.0,200.0,1500.0,1800.0,2.0,0.03587443946188341,0,0,0.6461074561403509,0.5,57,2357
PUBLICATION,LOCAL_HOTSPOT,LARS_NO_LOCALITY,6,134775813,LOCAL_HOTSPOT,7,21000,167302,1,9,167303,198768,WINDOW_COMPLETE,1024,SEARCH=0.2548828125;INSERT=0.43359375;DELETE=0.09375;UPDATE=0.1669921875;RANGE_SEARCH=0.05078125,SEARCH=0.1527777777777778;INSERT=0.6944444444444444;DELETE=0.041666666666666664;UPDATE=0.06944444444444445;RANGE_SEARCH=0.041666666666666664,200.0,1000.0,800.0,200.0,4200.0,4200.0,0.9933792605444064,0.036083998816918074,1,0,0.787109375,0.546875,64,3224
PUBLICATION,LOCAL_HOTSPOT,LARS_NO_LOCALITY,6,134775813,LOCAL_HOTSPOT,7,21000,167302,2,10,198806,260999,WINDOW_COMPLETE,1024,SEARCH=0.240234375;INSERT=0.4345703125;DELETE=0.1162109375;UPDATE=0.1494140625;RANGE_SEARCH=0.0595703125,SEARCH=0.0875;INSERT=0.725;DELETE=0.0375;UPDATE=0.075;RANGE_SEARCH=0.075,200.0,1500.0,600.0,300.0,4400.0,4400.0,1.5958474178174569,0.03527640352764035,15,0,0.6715353260869565,0.5,46,1977
PUBLICATION,LOCAL_HOTSPOT,LARS_NO_LOCALITY,6,134775813,LOCAL_HOTSPOT,7,21000,167302,3,11,261066,299960,RUN_END,666,SEARCH=0.22822822822822822;INSERT=0.4594594594594595;DELETE=0.1021021021021021;UPDATE=0.16066066066066065;RANGE_SEARCH=0.04954954954954955,SEARCH=0.13636363636363635;INSERT=0.75;DELETE=0.0;UPDATE=0.022727272727272728;RANGE_SEARCH=0.09090909090909091,300.0,1200.0,NaN,200.0,4300.0,4300.0,0.9499564952885984,0.036585365853658534,0,0,0.6550925925925926,0.515625,54,2264
PUBLICATION,LOCAL_HOTSPOT,LARS_NO_LOCALITY,6,134775813,LOCAL_HOTSPOT,13,21585,264379,1,6,264462,299951,RUN_END,575,SEARCH=0.2539130434782609;INSERT=0.4573913043478261;DELETE=0.08869565217391304;UPDATE=0.14782608695652175;RANGE_SEARCH=0.05217391304347826,SEARCH=0.061224489795918366;INSERT=0.7551020408163265;DELETE=0.04081632653061224;UPDATE=0.04081632653061224;RANGE_SEARCH=0.10204081632653061,200.0,1800.0,200.0,200.0,1300.0,1800.0,1.6981132075471699,0.03306366514245515,0,0,0.6927083333333334,0.5,54,2394
PUBLICATION,LOCAL_HOTSPOT,LARS_NO_LOCALITY,7,16807,LOCAL_HOTSPOT,1,21170,94849,1,5,94853,127057,WINDOW_COMPLETE,1024,SEARCH=0.2578125;INSERT=0.4384765625;DELETE=0.0888671875;UPDATE=0.16015625;RANGE_SEARCH=0.0546875,SEARCH=0.07042253521126761;INSERT=0.7183098591549296;DELETE=0.014084507042253521;UPDATE=0.08450704225352113;RANGE_SEARCH=0.11267605633802817,400.0,2200.0,500.0,200.0,800.0,2200.0,1.0575942117698343,0.04491255961844197,20,0,0.6536458333333334,0.5,54,2259
PUBLICATION,LOCAL_HOTSPOT,LARS_NO_LOCALITY,7,16807,LOCAL_HOTSPOT,1,21170,94849,2,6,127113,157912,WINDOW_COMPLETE,1024,SEARCH=0.263671875;INSERT=0.4365234375;DELETE=0.111328125;UPDATE=0.1357421875;RANGE_SEARCH=0.052734375,SEARCH=0.09302325581395349;INSERT=0.7093023255813954;DELETE=0.03488372093023256;UPDATE=0.05813953488372093;RANGE_SEARCH=0.10465116279069768,300.0,2100.0,600.0,200.0,5200.0,5200.0,0.7796605060643792,0.041850969717591016,9,0,0.6550099206349206,0.5,63,2641
PUBLICATION,LOCAL_HOTSPOT,LARS_NO_LOCALITY,7,16807,LOCAL_HOTSPOT,1,21170,94849,3,7,157969,201109,WINDOW_COMPLETE,1024,SEARCH=0.236328125;INSERT=0.478515625;DELETE=0.0888671875;UPDATE=0.1494140625;RANGE_SEARCH=0.046875,SEARCH=0.09278350515463918;INSERT=0.7216494845360825;DELETE=0.010309278350515464;UPDATE=0.1134020618556701;RANGE_SEARCH=0.061855670103092786,200.0,2200.0,100.0,200.0,2100.0,2200.0,0.6472778455140207,0.03855421686746988,4,0,0.7449448529411765,0.515625,34,1621
PUBLICATION,LOCAL_HOTSPOT,LARS_NO_LOCALITY,7,16807,LOCAL_HOTSPOT,13,21182,187869,1,8,187871,239355,WINDOW_COMPLETE,1024,SEARCH=0.236328125;INSERT=0.451171875;DELETE=0.1025390625;UPDATE=0.154296875;RANGE_SEARCH=0.0556640625,SEARCH=0.07792207792207792;INSERT=0.6753246753246753;DELETE=0.06493506493506493;UPDATE=0.07792207792207792;RANGE_SEARCH=0.1038961038961039,200.0,1700.0,600.0,200.0,1500.0,1700.0,1.066499372647428,0.03283236994219653,9,0,0.72890625,0.5,40,1866
PUBLICATION,LOCAL_HOTSPOT,LARS_NO_LOCALITY,7,16807,LOCAL_HOTSPOT,1,21170,94849,4,8,201187,260247,WINDOW_COMPLETE,1024,SEARCH=0.21875;INSERT=0.4833984375;DELETE=0.087890625;UPDATE=0.158203125;RANGE_SEARCH=0.0517578125,SEARCH=0.07954545454545454;INSERT=0.7272727272727273;DELETE=0.045454545454545456;UPDATE=0.03409090909090909;RANGE_SEARCH=0.11363636363636363,200.0,1300.0,200.0,200.0,6700.0,6700.0,0.8675772122928895,0.0344139650872818,12,0,0.7082201086956522,0.5,46,2085
PUBLICATION,LOCAL_HOTSPOT,LARS_NO_LOCALITY,7,16807,LOCAL_HOTSPOT,1,21170,94849,5,9,260272,299912,RUN_END,646,SEARCH=0.2801857585139319;INSERT=0.42879256965944273;DELETE=0.11455108359133127;UPDATE=0.14705882352941177;RANGE_SEARCH=0.029411764705882353,SEARCH=0.19642857142857142;INSERT=0.7321428571428571;DELETE=0.017857142857142856;UPDATE=0.0;RANGE_SEARCH=0.05357142857142857,300.0,1700.0,600.0,NaN,1300.0,1700.0,0.5776406394880241,0.032873806998939555,0,0,0.6417214912280702,0.5,57,2341
PUBLICATION,LOCAL_HOTSPOT,LARS_NO_LOCALITY,7,16807,LOCAL_HOTSPOT,13,21182,187869,2,9,239363,299960,RUN_END,963,SEARCH=0.23779854620976115;INSERT=0.4683281412253375;DELETE=0.10903426791277258;UPDATE=0.14018691588785046;RANGE_SEARCH=0.0446521287642783,SEARCH=0.16883116883116883;INSERT=0.6363636363636364;DELETE=0.06493506493506493;UPDATE=0.07792207792207792;RANGE_SEARCH=0.05194805194805195,300.0,2000.0,900.0,200.0,1200.0,2000.0,1.2547051442910917,0.032909498878085267,0,0,0.6594328703703703,0.5,54,2279
PUBLICATION,LOCAL_HOTSPOT,LARS_NO_LOCALITY,8,2147483647,LOCAL_HOTSPOT,4,20999,143161,1,8,143162,176623,WINDOW_COMPLETE,1024,SEARCH=0.25390625;INSERT=0.4541015625;DELETE=0.103515625;UPDATE=0.1328125;RANGE_SEARCH=0.0556640625,SEARCH=0.05813953488372093;INSERT=0.7325581395348837;DELETE=0.046511627906976744;UPDATE=0.023255813953488372;RANGE_SEARCH=0.13953488372093023,200.0,1500.0,800.0,100.0,1800.0,1800.0,1.0856286408407192,0.04079287561045677,3,0,0.7260416666666667,0.5625,60,2788
PUBLICATION,LOCAL_HOTSPOT,LARS_NO_LOCALITY,8,2147483647,LOCAL_HOTSPOT,4,20999,143161,2,9,176669,208930,WINDOW_COMPLETE,1024,SEARCH=0.2783203125;INSERT=0.4189453125;DELETE=0.1005859375;UPDATE=0.1484375;RANGE_SEARCH=0.0537109375,SEARCH=0.2;INSERT=0.6823529411764706;DELETE=0.07058823529411765;UPDATE=0.023529411764705882;RANGE_SEARCH=0.023529411764705882,300.0,3800.0,800.0,100.0,1200.0,3800.0,1.090052808674224,0.036122177954847276,3,0,0.7872023809523809,0.515625,63,3174
PUBLICATION,LOCAL_HOTSPOT,LARS_NO_LOCALITY,8,2147483647,LOCAL_HOTSPOT,9,21582,190487,1,5,190515,249218,WINDOW_COMPLETE,1024,SEARCH=0.2578125;INSERT=0.4267578125;DELETE=0.1083984375;UPDATE=0.162109375;RANGE_SEARCH=0.044921875,SEARCH=0.08196721311475409;INSERT=0.7049180327868853;DELETE=0.04918032786885246;UPDATE=0.09836065573770492;RANGE_SEARCH=0.06557377049180328,200.0,1500.0,1500.0,200.0,5300.0,5300.0,1.2967595469057254,0.0336231884057971,9,0,0.7536337209302325,0.5,43,2074
PUBLICATION,LOCAL_HOTSPOT,LARS_NO_LOCALITY,8,2147483647,LOCAL_HOTSPOT,4,20999,143161,3,10,208950,272896,WINDOW_COMPLETE,1024,SEARCH=0.2275390625;INSERT=0.4697265625;DELETE=0.0986328125;UPDATE=0.1552734375;RANGE_SEARCH=0.048828125,SEARCH=0.09523809523809523;INSERT=0.75;DELETE=0.03571428571428571;UPDATE=0.07142857142857142;RANGE_SEARCH=0.047619047619047616,400.0,2700.0,600.0,300.0,1400.0,2700.0,1.6654165752489103,0.03225,17,0,0.6602393617021277,0.5,47,1986
PUBLICATION,LOCAL_HOTSPOT,LARS_NO_LOCALITY,8,2147483647,LOCAL_HOTSPOT,9,21582,190487,2,6,249244,299987,RUN_END,871,SEARCH=0.2663605051664753;INSERT=0.41676234213547647;DELETE=0.09758897818599312;UPDATE=0.16303099885189437;RANGE_SEARCH=0.05625717566016074,SEARCH=0.14925373134328357;INSERT=0.582089552238806;DELETE=0.05970149253731343;UPDATE=0.1044776119402985;RANGE_SEARCH=0.1044776119402985,300.0,1500.0,200.0,300.0,5200.0,5200.0,0.919906921500932,0.03286384976525822,0,0,0.6379766949152542,0.5,59,2409
PUBLICATION,LOCAL_HOTSPOT,LARS_NO_LOCALITY,8,2147483647,LOCAL_HOTSPOT,4,20999,143161,4,11,272925,299930,RUN_END,445,SEARCH=0.2539325842696629;INSERT=0.4247191011235955;DELETE=0.10337078651685393;UPDATE=0.16404494382022472;RANGE_SEARCH=0.05393258426966292,SEARCH=0.10869565217391304;INSERT=0.717391304347826;DELETE=0.021739130434782608;UPDATE=0.06521739130434782;RANGE_SEARCH=0.08695652173913043,300.0,1500.0,100.0,200.0,4700.0,4700.0,0.9540577365747527,0.03556126820908312,0,0,0.6629901960784313,0.5,51,2164
PUBLICATION,LOCAL_HOTSPOT,LARS_NO_LOCALITY,9,6364136223846793005,LOCAL_HOTSPOT,2,21001,59869,1,5,59878,76461,WINDOW_COMPLETE,1024,SEARCH=0.2275390625;INSERT=0.4443359375;DELETE=0.1142578125;UPDATE=0.15234375;RANGE_SEARCH=0.0615234375,SEARCH=0.05263157894736842;INSERT=0.6842105263157895;DELETE=0.06578947368421052;UPDATE=0.07894736842105263;RANGE_SEARCH=0.11842105263157894,200.0,3900.0,600.0,200.0,700.0,3900.0,4.875,0.051221804511278196,1,0,0.78515625,0.5,64,3216
PUBLICATION,LOCAL_HOTSPOT,LARS_NO_LOCALITY,9,6364136223846793005,LOCAL_HOTSPOT,2,21001,59869,2,6,76463,109106,WINDOW_COMPLETE,1024,SEARCH=0.248046875;INSERT=0.42578125;DELETE=0.1025390625;UPDATE=0.166015625;RANGE_SEARCH=0.0576171875,SEARCH=0.14102564102564102;INSERT=0.7051282051282052;DELETE=0.02564102564102564;UPDATE=0.0641025641025641;RANGE_SEARCH=0.0641025641025641,200.0,2000.0,800.0,200.0,1100.0,2000.0,2.5,0.04649160568230736,13,0,0.6988636363636364,0.5,44,1968
PUBLICATION,LOCAL_HOTSPOT,LARS_NO_LOCALITY,9,6364136223846793005,LOCAL_HOTSPOT,2,21001,59869,3,7,109119,140983,WINDOW_COMPLETE,1024,SEARCH=0.2431640625;INSERT=0.4501953125;DELETE=0.109375;UPDATE=0.1484375;RANGE_SEARCH=0.048828125,SEARCH=0.08;INSERT=0.7333333333333333;DELETE=0.013333333333333334;UPDATE=0.06666666666666667;RANGE_SEARCH=0.10666666666666667,200.0,2200.0,600.0,300.0,1600.0,2200.0,2.75,0.04302422723475355,15,0,0.6247351694915254,0.5,59,2359
PUBLICATION,LOCAL_HOTSPOT,LARS_NO_LOCALITY,9,6364136223846793005,LOCAL_HOTSPOT,5,21000,107877,1,7,107905,143831,WINDOW_COMPLETE,1024,SEARCH=0.24609375;INSERT=0.44140625;DELETE=0.0966796875;UPDATE=0.158203125;RANGE_SEARCH=0.0576171875,SEARCH=0.0963855421686747;INSERT=0.7228915662650602;DELETE=0.060240963855421686;UPDATE=0.060240963855421686;RANGE_SEARCH=0.060240963855421686,200.0,1600.0,700.0,400.0,1300.0,1600.0,2.0253164556962027,0.04437771104437771,16,0,0.6588541666666666,0.5,54,2277
PUBLICATION,LOCAL_HOTSPOT,LARS_NO_LOCALITY,9,6364136223846793005,LOCAL_HOTSPOT,6,20999,133298,1,8,133306,164045,WINDOW_COMPLETE,1024,SEARCH=0.228515625;INSERT=0.470703125;DELETE=0.099609375;UPDATE=0.1484375;RANGE_SEARCH=0.052734375,SEARCH=0.14285714285714285;INSERT=0.6923076923076923;DELETE=0.02197802197802198;UPDATE=0.04395604395604396;RANGE_SEARCH=0.0989010989010989,200.0,1800.0,500.0,300.0,900.0,1800.0,1.680672268907563,0.04118447923757658,9,0,0.6932043650793651,0.5,63,2795
PUBLICATION,LOCAL_HOTSPOT,LARS_NO_LOCALITY,9,6364136223846793005,LOCAL_HOTSPOT,2,21001,59869,4,8,141037,171994,WINDOW_COMPLETE,1024,SEARCH=0.251953125;INSERT=0.4384765625;DELETE=0.1103515625;UPDATE=0.1435546875;RANGE_SEARCH=0.0556640625,SEARCH=0.09090909090909091;INSERT=0.7272727272727273;DELETE=0.012987012987012988;UPDATE=0.05194805194805195;RANGE_SEARCH=0.11688311688311688,300.0,1900.0,100.0,100.0,4200.0,4200.0,2.375,0.043655778894472363,3,0,0.6930443548387096,0.5,62,2750
PUBLICATION,LOCAL_HOTSPOT,LARS_NO_LOCALITY,9,6364136223846793005,LOCAL_HOTSPOT,5,21000,107877,2,8,143869,178685,WINDOW_COMPLETE,1024,SEARCH=0.267578125;INSERT=0.443359375;DELETE=0.0966796875;UPDATE=0.1455078125;RANGE_SEARCH=0.046875,SEARCH=0.14814814814814814;INSERT=0.6666666666666666;DELETE=0.037037037037037035;UPDATE=0.07407407407407407;RANGE_SEARCH=0.07407407407407407,300.0,2100.0,200.0,400.0,1100.0,2100.0,2.6582278481012658,0.03851444291609354,5,0,0.7105402542372882,0.515625,59,2683
PUBLICATION,LOCAL_HOTSPOT,LARS_NO_LOCALITY,9,6364136223846793005,LOCAL_HOTSPOT,6,20999,133298,2,9,164062,203009,WINDOW_COMPLETE,1024,SEARCH=0.2568359375;INSERT=0.453125;DELETE=0.083984375;UPDATE=0.1650390625;RANGE_SEARCH=0.041015625,SEARCH=0.17582417582417584;INSERT=0.5714285714285714;DELETE=0.08791208791208792;UPDATE=0.10989010989010989;RANGE_SEARCH=0.054945054945054944,300.0,1000.0,700.0,300.0,3800.0,3800.0,1.069305537653371,0.034722222222222224,3,0,0.7736742424242424,0.5,33,1634
PUBLICATION,LOCAL_HOTSPOT,LARS_NO_LOCALITY,9,6364136223846793005,LOCAL_HOTSPOT,5,21000,107877,3,9,178709,211898,WINDOW_COMPLETE,1024,SEARCH=0.2353515625;INSERT=0.4462890625;DELETE=0.1025390625;UPDATE=0.162109375;RANGE_SEARCH=0.0537109375,SEARCH=0.09195402298850575;INSERT=0.7126436781609196;DELETE=0.034482758620689655;UPDATE=0.08045977011494253;RANGE_SEARCH=0.08045977011494253,200.0,1800.0,500.0,200.0,3400.0,3400.0,2.278481012658228,0.0359358841778697,5,0,0.75732421875,0.5,64,3102
PUBLICATION,LOCAL_HOTSPOT,LARS_NO_LOCALITY,9,6364136223846793005,LOCAL_HOTSPOT,9,21001,188662,1,9,188763,242622,WINDOW_COMPLETE,1024,SEARCH=0.2333984375;INSERT=0.45703125;DELETE=0.1142578125;UPDATE=0.1455078125;RANGE_SEARCH=0.0498046875,SEARCH=0.07407407407407407;INSERT=0.7777777777777778;DELETE=0.04938271604938271;UPDATE=0.012345679012345678;RANGE_SEARCH=0.08641975308641975,200.0,900.0,500.0,100.0,1500.0,1500.0,1.1797149334534818,0.03346720214190094,5,0,0.7991071428571429,0.5,35,1790
PUBLICATION,LOCAL_HOTSPOT,LARS_NO_LOCALITY,9,6364136223846793005,LOCAL_HOTSPOT,6,20999,133298,3,10,203166,267501,WINDOW_COMPLETE,1024,SEARCH=0.2275390625;INSERT=0.4609375;DELETE=0.1259765625;UPDATE=0.1279296875;RANGE_SEARCH=0.0576171875,SEARCH=0.05263157894736842;INSERT=0.7894736842105263;DELETE=0.07894736842105263;UPDATE=0.039473684210526314;RANGE_SEARCH=0.039473684210526314,200.0,1600.0,700.0,100.0,900.0,1600.0,1.568719304003155,0.033264033264033266,15,0,0.6702473958333334,0.5,48,2059
PUBLICATION,LOCAL_HOTSPOT,LARS_NO_LOCALITY,9,6364136223846793005,LOCAL_HOTSPOT,5,21000,107877,4,10,211968,277345,WINDOW_COMPLETE,1024,SEARCH=0.2314453125;INSERT=0.4423828125;DELETE=0.1103515625;UPDATE=0.1591796875;RANGE_SEARCH=0.056640625,SEARCH=0.08333333333333333;INSERT=0.6547619047619048;DELETE=0.11904761904761904;UPDATE=0.07142857142857142;RANGE_SEARCH=0.07142857142857142,200.0,1100.0,600.0,100.0,2400.0,2400.0,1.4985046206050106,0.03458989229494615,13,0,0.6676136363636364,0.515625,44,1880
PUBLICATION,LOCAL_HOTSPOT,LARS_NO_LOCALITY,9,6364136223846793005,LOCAL_HOTSPOT,12,21626,248947,1,5,249014,299970,RUN_END,783,SEARCH=0.2388250319284802;INSERT=0.44699872286079184;DELETE=0.0970625798212005;UPDATE=0.15708812260536398;RANGE_SEARCH=0.06002554278416347,SEARCH=0.06521739130434782;INSERT=0.782608695652174;DELETE=0.06521739130434782;UPDATE=0.021739130434782608;RANGE_SEARCH=0.06521739130434782,200.0,1500.0,600.0,100.0,1700.0,1700.0,1.2605042016806722,0.0344909047956532,0,0,0.6485849056603774,0.5,53,2200
PUBLICATION,LOCAL_HOTSPOT,LARS_NO_LOCALITY,9,6364136223846793005,LOCAL_HOTSPOT,9,21001,188662,2,10,242886,299985,RUN_END,913,SEARCH=0.23767798466593648;INSERT=0.43921139101861995;DELETE=0.11610076670317634;UPDATE=0.1588170865279299;RANGE_SEARCH=0.04819277108433735,SEARCH=0.07692307692307693;INSERT=0.7076923076923077;DELETE=0.07692307692307693;UPDATE=0.07692307692307693;RANGE_SEARCH=0.06153846153846154,200.0,13100.0,100.0,200.0,1200.0,13100.0,16.375,0.034752814488497305,0,0,0.625,0.5,54,2160
PUBLICATION,LOCAL_HOTSPOT,LARS_NO_LOCALITY,9,6364136223846793005,LOCAL_HOTSPOT,6,20999,133298,4,11,267515,299957,RUN_END,528,SEARCH=0.2537878787878788;INSERT=0.4318181818181818;DELETE=0.10227272727272728;UPDATE=0.14393939393939395;RANGE_SEARCH=0.06818181818181818,SEARCH=0.1282051282051282;INSERT=0.717948717948718;DELETE=0.0;UPDATE=0.0;RANGE_SEARCH=0.15384615384615385,200.0,1300.0,NaN,NaN,1200.0,1300.0,1.2138188608776843,0.03470031545741325,0,0,0.6579861111111112,0.5,54,2274
PUBLICATION,LOCAL_HOTSPOT,LARS_NO_ROLLBACK,0,1103515245,LOCAL_HOTSPOT,7,20997,182083,1,9,182115,216292,WINDOW_COMPLETE,1024,SEARCH=0.2578125;INSERT=0.4462890625;DELETE=0.115234375;UPDATE=0.1376953125;RANGE_SEARCH=0.04296875,SEARCH=0.08860759493670886;INSERT=0.759493670886076;DELETE=0.02531645569620253;UPDATE=0.0759493670886076;RANGE_SEARCH=0.05063291139240506,200.0,1600.0,200.0,200.0,4300.0,4300.0,1.0751110518036457,0.034802043422733075,3,0,0.78515625,0.5,64,3216
PUBLICATION,LOCAL_HOTSPOT,LARS_NO_ROLLBACK,0,1103515245,LOCAL_HOTSPOT,7,20997,182083,2,10,216305,282954,WINDOW_COMPLETE,1024,SEARCH=0.248046875;INSERT=0.453125;DELETE=0.1005859375;UPDATE=0.1572265625;RANGE_SEARCH=0.041015625,SEARCH=0.0963855421686747;INSERT=0.7469879518072289;DELETE=0.03614457831325301;UPDATE=0.07228915662650602;RANGE_SEARCH=0.04819277108433735,200.0,1200.0,600.0,200.0,1600.0,1600.0,1.6643972701620842,0.03329571106094808,17,0,0.6595052083333334,0.515625,48,2026
PUBLICATION,LOCAL_HOTSPOT,LARS_NO_ROLLBACK,0,1103515245,LOCAL_HOTSPOT,7,20997,182083,3,11,283009,299953,RUN_END,279,SEARCH=0.26523297491039427;INSERT=0.43010752688172044;DELETE=0.13978494623655913;UPDATE=0.12544802867383512;RANGE_SEARCH=0.03942652329749104,SEARCH=0.13636363636363635;INSERT=0.7727272727272727;DELETE=0.045454545454545456;UPDATE=0.045454545454545456;RANGE_SEARCH=0.0,100.0,700.0,100.0,200.0,NaN,700.0,0.9462563160312357,0.03403403403403404,0,0,0.6541053921568627,0.5,51,2135
PUBLICATION,LOCAL_HOTSPOT,LARS_NO_ROLLBACK,1,214013,LOCAL_HOTSPOT,9,21000,134640,1,8,134641,166597,WINDOW_COMPLETE,1024,SEARCH=0.2529296875;INSERT=0.4521484375;DELETE=0.1025390625;UPDATE=0.146484375;RANGE_SEARCH=0.0458984375,SEARCH=0.11904761904761904;INSERT=0.7142857142857143;DELETE=0.047619047619047616;UPDATE=0.03571428571428571;RANGE_SEARCH=0.08333333333333333,300.0,4300.0,700.0,100.0,900.0,4300.0,3.7982510378941785,0.040846097738876735,7,0,0.69189453125,0.5,64,2834
PUBLICATION,LOCAL_HOTSPOT,LARS_NO_ROLLBACK,1,214013,LOCAL_HOTSPOT,9,21000,134640,2,9,166609,209223,WINDOW_COMPLETE,1024,SEARCH=0.2666015625;INSERT=0.43359375;DELETE=0.1005859375;UPDATE=0.150390625;RANGE_SEARCH=0.048828125,SEARCH=0.06666666666666667;INSERT=0.76;DELETE=0.06666666666666667;UPDATE=0.05333333333333334;RANGE_SEARCH=0.05333333333333334,200.0,2000.0,400.0,100.0,1000.0,2000.0,1.7666283897182227,0.03709069834830484,2,0,0.7807765151515151,0.5,33,1649
PUBLICATION,LOCAL_HOTSPOT,LARS_NO_ROLLBACK,1,214013,LOCAL_HOTSPOT,9,21000,134640,3,10,209246,272282,WINDOW_COMPLETE,1024,SEARCH=0.2412109375;INSERT=0.447265625;DELETE=0.099609375;UPDATE=0.16015625;RANGE_SEARCH=0.0517578125,SEARCH=0.056338028169014086;INSERT=0.7605633802816901;DELETE=0.014084507042253521;UPDATE=0.04225352112676056;RANGE_SEARCH=0.1267605633802817,100.0,2200.0,400.0,200.0,1400.0,2200.0,1.9432912286900448,0.034273723478666356,15,0,0.6735026041666666,0.515625,48,2069
PUBLICATION,LOCAL_HOTSPOT,LARS_NO_ROLLBACK,1,214013,LOCAL_HOTSPOT,18,20996,293261,1,11,293293,299826,RUN_END,105,SEARCH=0.3333333333333333;INSERT=0.3904761904761905;DELETE=0.09523809523809523;UPDATE=0.1619047619047619;RANGE_SEARCH=0.01904761904761905,SEARCH=0.16666666666666666;INSERT=0.8333333333333334;DELETE=0.0;UPDATE=0.0;RANGE_SEARCH=0.0,200.0,700.0,NaN,NaN,NaN,700.0,0.887392053572009,0.03428571428571429,0,0,0.6940972222222223,0.5,45,1999
PUBLICATION,LOCAL_HOTSPOT,LARS_NO_ROLLBACK,1,214013,LOCAL_HOTSPOT,9,21000,134640,4,11,272346,299961,RUN_END,415,SEARCH=0.23132530120481928;INSERT=0.4746987951807229;DELETE=0.09397590361445783;UPDATE=0.1614457831325301;RANGE_SEARCH=0.03855421686746988,SEARCH=0.05714285714285714;INSERT=0.7714285714285715;DELETE=0.0;UPDATE=0.11428571428571428;RANGE_SEARCH=0.05714285714285714,200.0,4200.0,NaN,200.0,1500.0,4200.0,3.7099196184082674,0.03512259774685222,0,0,0.6394886363636364,0.5,55,2251
PUBLICATION,LOCAL_HOTSPOT,LARS_NO_ROLLBACK,1,214013,LOCAL_HOTSPOT,17,21587,252847,1,6,252892,299913,RUN_END,815,SEARCH=0.24539877300613497;INSERT=0.4539877300613497;DELETE=0.10061349693251534;UPDATE=0.1460122699386503;RANGE_SEARCH=0.053987730061349694,SEARCH=0.06349206349206349;INSERT=0.8095238095238095;DELETE=0.031746031746031744;UPDATE=0.031746031746031744;RANGE_SEARCH=0.06349206349206349,200.0,1200.0,700.0,200.0,4200.0,4200.0,1.0256410256410255,0.03387220939183987,0,0,0.6646205357142857,0.5,56,2382
PUBLICATION,LOCAL_HOTSPOT,LARS_NO_ROLLBACK,2,1664525,LOCAL_HOTSPOT,16,21588,191671,1,5,191681,250661,WINDOW_COMPLETE,1024,SEARCH=0.2294921875;INSERT=0.4453125;DELETE=0.09765625;UPDATE=0.1630859375;RANGE_SEARCH=0.064453125,SEARCH=0.10344827586206896;INSERT=0.7241379310344828;DELETE=0.011494252873563218;UPDATE=0.04597701149425287;RANGE_SEARCH=0.11494252873563218,200.0,800.0,100.0,200.0,2000.0,2000.0,1.5571300751149542,0.034165834165834165,14,0,0.6888297872340425,0.5,47,2072
PUBLICATION,LOCAL_HOTSPOT,LARS_NO_ROLLBACK,2,1664525,LOCAL_HOTSPOT,17,21606,237919,1,5,237950,298336,WINDOW_COMPLETE,1024,SEARCH=0.2587890625;INSERT=0.4560546875;DELETE=0.1044921875;UPDATE=0.126953125;RANGE_SEARCH=0.0537109375,SEARCH=0.12222222222222222;INSERT=0.6888888888888889;DELETE=0.06666666666666667;UPDATE=0.011111111111111112;RANGE_SEARCH=0.1111111111111111,300.0,1300.0,600.0,100.0,3900.0,3900.0,1.3919842411101082,0.034621068186616,22,0,0.6462053571428571,0.5,56,2316
PUBLICATION,LOCAL_HOTSPOT,LARS_NO_ROLLBACK,2,1664525,LOCAL_HOTSPOT,18,21173,268335,1,8,268440,299850,RUN_END,572,SEARCH=0.2744755244755245;INSERT=0.46678321678321677;DELETE=0.09265734265734266;UPDATE=0.1258741258741259;RANGE_SEARCH=0.04020979020979021,SEARCH=0.1;INSERT=0.75;DELETE=0.0;UPDATE=0.1;RANGE_SEARCH=0.05,200.0,3500.0,NaN,200.0,3800.0,3800.0,1.3990486469200945,0.035856573705179286,0,0,0.6390086206896551,0.5,58,2372
PUBLICATION,LOCAL_HOTSPOT,LARS_NO_ROLLBACK,2,1664525,LOCAL_HOTSPOT,16,21588,191671,2,6,250706,299945,RUN_END,826,SEARCH=0.2457627118644068;INSERT=0.45278450363196127;DELETE=0.11259079903147699;UPDATE=0.13317191283292978;RANGE_SEARCH=0.05569007263922518,SEARCH=0.07142857142857142;INSERT=0.7857142857142857;DELETE=0.02857142857142857;UPDATE=0.02857142857142857;RANGE_SEARCH=0.08571428571428572,200.0,1400.0,600.0,100.0,1667.0,1667.0,0.9556918882072256,0.03343166175024582,0,0,0.6382415254237288,0.5,59,2410
PUBLICATION,LOCAL_HOTSPOT,LARS_NO_ROLLBACK,2,1664525,LOCAL_HOTSPOT,17,21606,237919,2,6,298354,299957,RUN_END,24,SEARCH=0.25;INSERT=0.5;DELETE=0.041666666666666664;UPDATE=0.16666666666666666;RANGE_SEARCH=0.041666666666666664,SEARCH=1.0;INSERT=0.0;DELETE=0.0;UPDATE=0.0;RANGE_SEARCH=0.0,200.0,NaN,NaN,NaN,NaN,200.0,0.6905968327988133,0.035398230088495575,0,0,0.6495535714285714,0.5,56,2328
PUBLICATION,LOCAL_HOTSPOT,LARS_NO_ROLLBACK,3,22695477,LOCAL_HOTSPOT,6,20999,111105,1,7,111145,141856,WINDOW_COMPLETE,1024,SEARCH=0.2509765625;INSERT=0.435546875;DELETE=0.09765625;UPDATE=0.1640625;RANGE_SEARCH=0.0517578125,SEARCH=0.08333333333333333;INSERT=0.7261904761904762;DELETE=0.07142857142857142;UPDATE=0.03571428571428571;RANGE_SEARCH=0.08333333333333333,200.0,6800.0,800.0,200.0,1100.0,6800.0,5.112781954887218,0.044393417527745886,22,0,0.6262600806451613,0.515625,62,2485
PUBLICATION,LOCAL_HOTSPOT,LARS_NO_ROLLBACK,3,22695477,LOCAL_HOTSPOT,9,20997,140668,1,8,140674,174323,WINDOW_COMPLETE,1024,SEARCH=0.2646484375;INSERT=0.447265625;DELETE=0.091796875;UPDATE=0.15625;RANGE_SEARCH=0.0400390625,SEARCH=0.05333333333333334;INSERT=0.76;DELETE=0.04;UPDATE=0.09333333333333334;RANGE_SEARCH=0.05333333333333334,200.0,1900.0,800.0,200.0,1200.0,1900.0,1.1258170489305288,0.04050632911392405,4,0,0.72578125,0.5,60,2787
PUBLICATION,LOCAL_HOTSPOT,LARS_NO_ROLLBACK,3,22695477,LOCAL_HOTSPOT,6,20999,111105,2,8,141880,184678,WINDOW_COMPLETE,1024,SEARCH=0.23828125;INSERT=0.4658203125;DELETE=0.1044921875;UPDATE=0.150390625;RANGE_SEARCH=0.041015625,SEARCH=0.06493506493506493;INSERT=0.7922077922077922;DELETE=0.03896103896103896;UPDATE=0.07792207792207792;RANGE_SEARCH=0.025974025974025976,200.0,1100.0,700.0,200.0,2200.0,2200.0,1.1113003267063666,0.041993720565149134,4,0,0.696969696969697,0.515625,33,1472
PUBLICATION,LOCAL_HOTSPOT,LARS_NO_ROLLBACK,3,22695477,LOCAL_HOTSPOT,12,20996,169913,1,9,169922,201599,WINDOW_COMPLETE,1024,SEARCH=0.25;INSERT=0.4619140625;DELETE=0.10546875;UPDATE=0.13671875;RANGE_SEARCH=0.0458984375,SEARCH=0.07317073170731707;INSERT=0.7682926829268293;DELETE=0.06097560975609756;UPDATE=0.07317073170731707;RANGE_SEARCH=0.024390243902439025,300.0,1100.0,800.0,200.0,1100.0,1100.0,0.9491736995006528,0.037333333333333336,0,0,0.7763671875,0.578125,64,3180
PUBLICATION,LOCAL_HOTSPOT,LARS_NO_ROLLBACK,3,22695477,LOCAL_HOTSPOT,9,20997,140668,2,9,174377,211338,WINDOW_COMPLETE,1024,SEARCH=0.265625;INSERT=0.4541015625;DELETE=0.0927734375;UPDATE=0.14453125;RANGE_SEARCH=0.04296875,SEARCH=0.14634146341463414;INSERT=0.7439024390243902;DELETE=0.04878048780487805;UPDATE=0.024390243902439025;RANGE_SEARCH=0.036585365853658534,200.0,1600.0,700.0,100.0,900.0,1600.0,1.2141999647248252,0.033116883116883114,6,0,0.7997159090909091,0.5,33,1689
PUBLICATION,LOCAL_HOTSPOT,LARS_NO_ROLLBACK,3,22695477,LOCAL_HOTSPOT,6,20999,111105,3,9,184698,248063,WINDOW_COMPLETE,1024,SEARCH=0.251953125;INSERT=0.443359375;DELETE=0.09765625;UPDATE=0.1572265625;RANGE_SEARCH=0.0498046875,SEARCH=0.18181818181818182;INSERT=0.6883116883116883;DELETE=0.03896103896103896;UPDATE=0.025974025974025976;RANGE_SEARCH=0.06493506493506493,200.0,1300.0,200.0,300.0,4500.0,4500.0,1.116654308171437,0.03416233943700465,4,0,0.799831081081081,0.5,37,1894
PUBLICATION,LOCAL_HOTSPOT,LARS_NO_ROLLBACK,3,22695477,LOCAL_HOTSPOT,12,20996,169913,2,10,201668,260446,WINDOW_COMPLETE,1024,SEARCH=0.23046875;INSERT=0.46484375;DELETE=0.099609375;UPDATE=0.146484375;RANGE_SEARCH=0.05859375,SEARCH=0.06097560975609756;INSERT=0.7317073170731707;DELETE=0.06097560975609756;UPDATE=0.07317073170731707;RANGE_SEARCH=0.07317073170731707,200.0,1700.0,800.0,200.0,4400.0,4400.0,1.4152857840768662,0.034559149313247675,11,0,0.7384672619047619,0.5,42,1985
PUBLICATION,LOCAL_HOTSPOT,LARS_NO_ROLLBACK,3,22695477,LOCAL_HOTSPOT,13,21576,207814,1,5,207834,263923,WINDOW_COMPLETE,1024,SEARCH=0.2490234375;INSERT=0.458984375;DELETE=0.1123046875;UPDATE=0.142578125;RANGE_SEARCH=0.037109375,SEARCH=0.034482758620689655;INSERT=0.7931034482758621;DELETE=0.04597701149425287;UPDATE=0.08045977011494253;RANGE_SEARCH=0.04597701149425287,200.0,1800.0,700.0,200.0,1400.0,1800.0,1.5519568103226367,0.03584113658379077,17,0,0.6795343137254902,0.5,51,2218
PUBLICATION,LOCAL_HOTSPOT,LARS_NO_ROLLBACK,3,22695477,LOCAL_HOTSPOT,9,20997,140668,3,10,211377,275247,WINDOW_COMPLETE,1024,SEARCH=0.2587890625;INSERT=0.44140625;DELETE=0.099609375;UPDATE=0.15625;RANGE_SEARCH=0.0439453125,SEARCH=0.0625;INSERT=0.775;DELETE=0.025;UPDATE=0.05;RANGE_SEARCH=0.0875,200.0,1900.0,600.0,200.0,1600.0,1900.0,1.8186615364507668,0.033719174635128336,20,0,0.6202830188679245,0.5,53,2104
PUBLICATION,LOCAL_HOTSPOT,LARS_NO_ROLLBACK,3,22695477,LOCAL_HOTSPOT,12,20996,169913,3,11,260484,299978,RUN_END,688,SEARCH=0.27325581395348836;INSERT=0.4273255813953488;DELETE=0.10319767441860465;UPDATE=0.1511627906976744;RANGE_SEARCH=0.04505813953488372,SEARCH=0.09433962264150944;INSERT=0.7735849056603774;DELETE=0.018867924528301886;UPDATE=0.05660377358490566;RANGE_SEARCH=0.05660377358490566,200.0,1900.0,200.0,200.0,2000.0,2000.0,0.9491736995006528,0.033531260915124,0,0,0.6659787735849056,0.5,53,2259
PUBLICATION,LOCAL_HOTSPOT,LARS_NO_ROLLBACK,3,22695477,LOCAL_HOTSPOT,9,20997,140668,4,11,275338,299987,RUN_END,390,SEARCH=0.258974358974359;INSERT=0.46153846153846156;DELETE=0.08717948717948718;UPDATE=0.14871794871794872;RANGE_SEARCH=0.04358974358974359,SEARCH=0.037037037037037035;INSERT=0.8148148148148148;DELETE=0.07407407407407407;UPDATE=0.0;RANGE_SEARCH=0.07407407407407407,200.0,1700.0,200.0,NaN,2100.0,2100.0,0.9519973145350789,0.036989795918367346,0,0,0.6342075892857143,0.5,56,2273
PUBLICATION,LOCAL_HOTSPOT,LARS_NO_ROLLBACK,3,22695477,LOCAL_HOTSPOT,6,20999,111105,4,10,248097,299885,RUN_END,783,SEARCH=0.22988505747126436;INSERT=0.4661558109833972;DELETE=0.09067688378033206;UPDATE=0.15964240102171137;RANGE_SEARCH=0.05363984674329502,SEARCH=0.08823529411764706;INSERT=0.75;DELETE=0.029411764705882353;UPDATE=0.04411764705882353;RANGE_SEARCH=0.08823529411764706,300.0,1000.0,800.0,200.0,5067.0,5067.0,0.9339662193659607,0.031766867944342345,0,0,0.6484375,0.5,54,2241
PUBLICATION,LOCAL_HOTSPOT,LARS_NO_ROLLBACK,3,22695477,LOCAL_HOTSPOT,13,21576,207814,2,6,264063,299949,RUN_END,634,SEARCH=0.2539432176656151;INSERT=0.4526813880126183;DELETE=0.09621451104100946;UPDATE=0.15930599369085174;RANGE_SEARCH=0.03785488958990536,SEARCH=0.0784313725490196;INSERT=0.7058823529411765;DELETE=0.0392156862745098;UPDATE=0.11764705882352941;RANGE_SEARCH=0.058823529411764705,200.0,2000.0,200.0,300.0,1800.0,2000.0,1.6666666666666667,0.03512484130342785,0,0,0.6367827868852459,0.5,61,2486
PUBLICATION,LOCAL_HOTSPOT,LARS_NO_ROLLBACK,4,69069,LOCAL_HOTSPOT,2,20999,103307,1,7,103333,134434,WINDOW_COMPLETE,1024,SEARCH=0.2392578125;INSERT=0.4423828125;DELETE=0.1005859375;UPDATE=0.1650390625;RANGE_SEARCH=0.052734375,SEARCH=0.12162162162162163;INSERT=0.7567567567567568;DELETE=0.04054054054054054;UPDATE=0.04054054054054054;RANGE_SEARCH=0.04054054054054054,300.0,5500.0,700.0,300.0,1000.0,5500.0,2.3167649536647015,0.0450381679389313,26,0,0.6236979166666666,0.5,60,2395
PUBLICATION,LOCAL_HOTSPOT,LARS_NO_ROLLBACK,4,69069,LOCAL_HOTSPOT,2,20999,103307,2,8,134478,166186,WINDOW_COMPLETE,1024,SEARCH=0.2705078125;INSERT=0.4375;DELETE=0.0986328125;UPDATE=0.146484375;RANGE_SEARCH=0.046875,SEARCH=0.1232876712328767;INSERT=0.726027397260274;DELETE=0.0410958904109589;UPDATE=0.0547945205479452;RANGE_SEARCH=0.0547945205479452,300.0,6300.0,200.0,200.0,900.0,6300.0,2.6537489469250213,0.04301470588235294,4,0,0.682861328125,0.546875,64,2797
PUBLICATION,LOCAL_HOTSPOT,LARS_NO_ROLLBACK,4,69069,LOCAL_HOTSPOT,6,21000,141753,1,8,141771,173377,WINDOW_COMPLETE,1024,SEARCH=0.2451171875;INSERT=0.4580078125;DELETE=0.09765625;UPDATE=0.1572265625;RANGE_SEARCH=0.0419921875,SEARCH=0.12790697674418605;INSERT=0.7093023255813954;DELETE=0.0;UPDATE=0.11627906976744186;RANGE_SEARCH=0.046511627906976744,200.0,2200.0,NaN,200.0,800.0,2200.0,1.383120524728244,0.04221311475409836,10,0,0.70458984375,0.515625,64,2886
PUBLICATION,LOCAL_HOTSPOT,LARS_NO_ROLLBACK,4,69069,LOCAL_HOTSPOT,8,20998,165748,1,9,165759,198693,WINDOW_COMPLETE,1024,SEARCH=0.2412109375;INSERT=0.455078125;DELETE=0.099609375;UPDATE=0.1513671875;RANGE_SEARCH=0.052734375,SEARCH=0.08888888888888889;INSERT=0.7444444444444445;DELETE=0.07777777777777778;UPDATE=0.022222222222222223;RANGE_SEARCH=0.06666666666666667,200.0,900.0,800.0,200.0,1500.0,1500.0,0.9566476909084785,0.0373620152844608,0,0,0.7651289682539683,0.53125,63,3085
PUBLICATION,LOCAL_HOTSPOT,LARS_NO_ROLLBACK,4,69069,LOCAL_HOTSPOT,2,20999,103307,3,9,166230,220397,WINDOW_COMPLETE,1024,SEARCH=0.244140625;INSERT=0.443359375;DELETE=0.1015625;UPDATE=0.1533203125;RANGE_SEARCH=0.0576171875,SEARCH=0.12658227848101267;INSERT=0.7088607594936709;DELETE=0.05063291139240506;UPDATE=0.02531645569620253;RANGE_SEARCH=0.08860759493670886,200.0,3000.0,600.0,200.0,3500.0,3500.0,1.2636899747262007,0.03678580746151839,4,0,0.771875,0.5,35,1729
PUBLICATION,LOCAL_HOTSPOT,LARS_NO_ROLLBACK,4,69069,LOCAL_HOTSPOT,6,21000,141753,2,9,173382,234299,WINDOW_COMPLETE,1024,SEARCH=0.2431640625;INSERT=0.44140625;DELETE=0.109375;UPDATE=0.1552734375;RANGE_SEARCH=0.05078125,SEARCH=0.10588235294117647;INSERT=0.7647058823529411;DELETE=0.03529411764705882;UPDATE=0.03529411764705882;RANGE_SEARCH=0.058823529411764705,200.0,1200.0,800.0,300.0,2900.0,2900.0,1.2151637639920363,0.03758765778401122,6,0,0.7284628378378378,0.5,37,1725
PUBLICATION,LOCAL_HOTSPOT,LARS_NO_ROLLBACK,4,69069,LOCAL_HOTSPOT,8,20998,165748,2,10,198756,250076,WINDOW_COMPLETE,1024,SEARCH=0.24609375;INSERT=0.451171875;DELETE=0.115234375;UPDATE=0.15234375;RANGE_SEARCH=0.03515625,SEARCH=0.11842105263157894;INSERT=0.75;DELETE=0.013157894736842105;UPDATE=0.09210526315789473;RANGE_SEARCH=0.02631578947368421,200.0,2200.0,1000.0,200.0,1900.0,2200.0,1.2101073372768933,0.033419023136246784,6,0,0.7921006944444444,0.5,36,1825
PUBLICATION,LOCAL_HOTSPOT,LARS_NO_ROLLBACK,4,69069,LOCAL_HOTSPOT,10,21574,214114,1,5,214168,275936,WINDOW_COMPLETE,1024,SEARCH=0.2392578125;INSERT=0.466796875;DELETE=0.1123046875;UPDATE=0.125;RANGE_SEARCH=0.056640625,SEARCH=0.12222222222222222;INSERT=0.6777777777777778;DELETE=0.06666666666666667;UPDATE=0.05555555555555555;RANGE_SEARCH=0.07777777777777778,200.0,2600.0,200.0,200.0,5100.0,5100.0,1.8482632426178378,0.03321328531412565,21,0,0.6356026785714286,0.5,56,2278
PUBLICATION,LOCAL_HOTSPOT,LARS_NO_ROLLBACK,4,69069,LOCAL_HOTSPOT,2,20999,103307,4,10,220406,284367,WINDOW_COMPLETE,1024,SEARCH=0.2470703125;INSERT=0.48046875;DELETE=0.0986328125;UPDATE=0.1279296875;RANGE_SEARCH=0.0458984375,SEARCH=0.0;INSERT=0.8857142857142857;DELETE=0.0;UPDATE=0.05714285714285714;RANGE_SEARCH=0.05714285714285714,NaN,1900.0,NaN,200.0,1500.0,1900.0,1.6971673947162345,0.032647814910025705,18,0,0.6423938679245284,0.5,53,2179
PUBLICATION,LOCAL_HOTSPOT,LARS_NO_ROLLBACK,4,69069,LOCAL_HOTSPOT,6,21000,141753,3,10,234400,297071,WINDOW_COMPLETE,1024,SEARCH=0.265625;INSERT=0.42578125;DELETE=0.1142578125;UPDATE=0.1455078125;RANGE_SEARCH=0.048828125,SEARCH=0.14492753623188406;INSERT=0.6666666666666666;DELETE=0.043478260869565216;UPDATE=0.057971014492753624;RANGE_SEARCH=0.08695652173913043,200.0,1500.0,100.0,100.0,4100.0,4100.0,1.4887300434673676,0.03444208539749941,12,0,0.6792091836734694,0.5,49,2130
PUBLICATION,LOCAL_HOTSPOT,LARS_NO_ROLLBACK,4,69069,LOCAL_HOTSPOT,2,20999,103307,5,11,284424,299960,RUN_END,255,SEARCH=0.2901960784313726;INSERT=0.4117647058823529;DELETE=0.10588235294117647;UPDATE=0.12941176470588237;RANGE_SEARCH=0.06274509803921569,SEARCH=0.12;INSERT=0.56;DELETE=0.04;UPDATE=0.08;RANGE_SEARCH=0.2,100.0,1600.0,100.0,200.0,3900.0,3900.0,0.9386930433724627,0.034482758620689655,0,0,0.6356026785714286,0.5,56,2278
PUBLICATION,LOCAL_HOTSPOT,LARS_NO_ROLLBACK,4,69069,LOCAL_HOTSPOT,6,21000,141753,4,11,297076,299972,RUN_END,50,SEARCH=0.16;INSERT=0.54;DELETE=0.1;UPDATE=0.16;RANGE_SEARCH=0.04,SEARCH=0.0;INSERT=0.6666666666666666;DELETE=0.3333333333333333;UPDATE=0.0;RANGE_SEARCH=0.0,NaN,1400.0,200.0,NaN,NaN,1400.0,0.957040742229022,0.03375527426160337,0,0,0.67375,0.5,50,2156
PUBLICATION,LOCAL_HOTSPOT,LARS_NO_ROLLBACK,4,69069,LOCAL_HOTSPOT,12,21182,295738,1,8,296040,299994,RUN_END,70,SEARCH=0.32857142857142857;INSERT=0.37142857142857144;DELETE=0.07142857142857142;UPDATE=0.15714285714285714;RANGE_SEARCH=0.07142857142857142,SEARCH=0.2;INSERT=0.4;DELETE=0.2;UPDATE=0.0;RANGE_SEARCH=0.2,200.0,900.0,200.0,NaN,1600.0,1600.0,0.47793044048602945,0.02976190476190476,0,0,0.634698275862069,0.5,58,2356
PUBLICATION,LOCAL_HOTSPOT,LARS_NO_ROLLBACK,4,69069,LOCAL_HOTSPOT,11,21172,262841,1,9,262860,300000,RUN_END,575,SEARCH=0.24521739130434783;INSERT=0.4469565217391304;DELETE=0.12;UPDATE=0.1391304347826087;RANGE_SEARCH=0.04869565217391304,SEARCH=0.0784313725490196;INSERT=0.7058823529411765;DELETE=0.058823529411764705;UPDATE=0.11764705882352941;RANGE_SEARCH=0.0392156862745098,200.0,1700.0,500.0,200.0,1200.0,1700.0,0.632805375123304,0.0347247875877355,0,0,0.625,0.5,59,2360
PUBLICATION,LOCAL_HOTSPOT,LARS_NO_ROLLBACK,4,69069,LOCAL_HOTSPOT,8,20998,165748,3,11,250103,299995,RUN_END,768,SEARCH=0.2734375;INSERT=0.4296875;DELETE=0.09505208333333333;UPDATE=0.14583333333333334;RANGE_SEARCH=0.055989583333333336,SEARCH=0.16326530612244897;INSERT=0.6530612244897959;DELETE=0.061224489795918366;UPDATE=0.04081632653061224;RANGE_SEARCH=0.08163265306122448,200.0,1300.0,100.0,100.0,5325.0,5325.0,0.9566476909084785,0.03598157743235463,0,0,0.6270636792452831,0.5,53,2127
PUBLICATION,LOCAL_HOTSPOT,LARS_NO_ROLLBACK,4,69069,LOCAL_HOTSPOT,10,21574,214114,2,6,275945,299832,RUN_END,384,SEARCH=0.25;INSERT=0.4453125;DELETE=0.08854166666666667;UPDATE=0.15104166666666666;RANGE_SEARCH=0.06510416666666667,SEARCH=0.02702702702702703;INSERT=0.7027027027027027;DELETE=0.02702702702702703;UPDATE=0.08108108108108109;RANGE_SEARCH=0.16216216216216217,100.0,900.0,100.0,200.0,1600.0,1600.0,0.949481865284974,0.03103859928372463,0,0,0.6359375,0.5,60,2442
PUBLICATION,LOCAL_HOTSPOT,LARS_NO_ROLLBACK,5,48271,LOCAL_HOTSPOT,15,21580,274651,1,6,274705,299946,RUN_END,422,SEARCH=0.22511848341232227;INSERT=0.48104265402843605;DELETE=0.0971563981042654;UPDATE=0.13507109004739337;RANGE_SEARCH=0.061611374407582936,SEARCH=0.05405405405405406;INSERT=0.7297297297297297;DELETE=0.05405405405405406;UPDATE=0.02702702702702703;RANGE_SEARCH=0.13513513513513514,200.0,800.0,100.0,100.0,1200.0,1200.0,0.912007809957696,0.03117505995203837,0,0,0.6534598214285714,0.5,56,2342
PUBLICATION,LOCAL_HOTSPOT,LARS_NO_ROLLBACK,6,134775813,LOCAL_HOTSPOT,1,21000,106329,1,7,106331,136164,WINDOW_COMPLETE,1024,SEARCH=0.279296875;INSERT=0.419921875;DELETE=0.0947265625;UPDATE=0.1484375;RANGE_SEARCH=0.0576171875,SEARCH=0.1566265060240964;INSERT=0.6746987951807228;DELETE=0.03614457831325301;UPDATE=0.060240963855421686;RANGE_SEARCH=0.07228915662650602,300.0,4000.0,800.0,200.0,3800.0,4000.0,1.9074868860276586,0.0446888965280165,18,0,0.6481681034482759,0.5,58,2406
PUBLICATION,LOCAL_HOTSPOT,LARS_NO_ROLLBACK,6,134775813,LOCAL_HOTSPOT,1,21000,106329,2,8,136205,169093,WINDOW_COMPLETE,1024,SEARCH=0.2587890625;INSERT=0.453125;DELETE=0.09375;UPDATE=0.15234375;RANGE_SEARCH=0.0419921875,SEARCH=0.08974358974358974;INSERT=0.7051282051282052;DELETE=0.05128205128205128;UPDATE=0.11538461538461539;RANGE_SEARCH=0.038461538461538464,200.0,8900.0,700.0,200.0,1100.0,8900.0,4.244158321411541,0.040366208905534745,7,0,0.67431640625,0.5,32,1381
PUBLICATION,LOCAL_HOTSPOT,LARS_NO_ROLLBACK,6,134775813,LOCAL_HOTSPOT,1,21000,106329,3,9,169169,231949,WINDOW_COMPLETE,1024,SEARCH=0.251953125;INSERT=0.4306640625;DELETE=0.103515625;UPDATE=0.1591796875;RANGE_SEARCH=0.0546875,SEARCH=0.08641975308641975;INSERT=0.7283950617283951;DELETE=0.037037037037037035;UPDATE=0.09876543209876543;RANGE_SEARCH=0.04938271604938271,300.0,1500.0,500.0,200.0,1300.0,1500.0,1.079726251963824,0.03485608661209401,3,0,0.7933035714285714,0.5,35,1777
PUBLICATION,LOCAL_HOTSPOT,LARS_NO_ROLLBACK,6,134775813,LOCAL_HOTSPOT,10,21553,192027,1,5,192033,256030,WINDOW_COMPLETE,1024,SEARCH=0.265625;INSERT=0.4375;DELETE=0.1005859375;UPDATE=0.1376953125;RANGE_SEARCH=0.05859375,SEARCH=0.11688311688311688;INSERT=0.7012987012987013;DELETE=0.012987012987012988;UPDATE=0.07792207792207792;RANGE_SEARCH=0.09090909090909091,200.0,1300.0,600.0,200.0,1500.0,1500.0,1.3775939583194914,0.031991294885745376,9,0,0.7247023809523809,0.5,42,1948
PUBLICATION,LOCAL_HOTSPOT,LARS_NO_ROLLBACK,6,134775813,LOCAL_HOTSPOT,1,21000,106329,4,10,232164,291858,WINDOW_COMPLETE,1024,SEARCH=0.228515625;INSERT=0.4482421875;DELETE=0.1103515625;UPDATE=0.1572265625;RANGE_SEARCH=0.0556640625,SEARCH=0.10294117647058823;INSERT=0.75;DELETE=0.014705882352941176;UPDATE=0.04411764705882353;RANGE_SEARCH=0.08823529411764706,300.0,4700.0,100.0,200.0,1500.0,4700.0,2.3069749177833407,0.034310532030401734,17,0,0.6616586538461539,0.5,52,2202
PUBLICATION,LOCAL_HOTSPOT,LARS_NO_ROLLBACK,6,134775813,LOCAL_HOTSPOT,1,21000,106329,5,11,291877,299960,RUN_END,130,SEARCH=0.16923076923076924;INSERT=0.5076923076923077;DELETE=0.11538461538461539;UPDATE=0.15384615384615385;RANGE_SEARCH=0.05384615384615385,SEARCH=0.2;INSERT=0.7;DELETE=0.0;UPDATE=0.0;RANGE_SEARCH=0.1,100.0,600.0,NaN,NaN,900.0,900.0,0.9418478286224595,0.0392156862745098,0,0,0.6802884615384616,0.515625,52,2264
PUBLICATION,LOCAL_HOTSPOT,LARS_NO_ROLLBACK,6,134775813,LOCAL_HOTSPOT,10,21553,192027,2,6,256050,299976,RUN_END,692,SEARCH=0.2138728323699422;INSERT=0.4667630057803468;DELETE=0.10260115606936417;UPDATE=0.14739884393063585;RANGE_SEARCH=0.06936416184971098,SEARCH=0.06521739130434782;INSERT=0.7608695652173914;DELETE=0.043478260869565216;UPDATE=0.043478260869565216;RANGE_SEARCH=0.08695652173913043,200.0,1300.0,600.0,200.0,1200.0,1300.0,1.2264150943396226,0.035863026376677466,0,0,0.6369318181818182,0.5,55,2242
PUBLICATION,LOCAL_HOTSPOT,LARS_NO_ROLLBACK,6,134775813,LOCAL_HOTSPOT,13,21585,264379,1,6,264462,299951,RUN_END,575,SEARCH=0.2539130434782609;INSERT=0.4573913043478261;DELETE=0.08869565217391304;UPDATE=0.14782608695652175;RANGE_SEARCH=0.05217391304347826,SEARCH=0.061224489795918366;INSERT=0.7551020408163265;DELETE=0.04081632653061224;UPDATE=0.04081632653061224;RANGE_SEARCH=0.10204081632653061,300.0,2000.0,200.0,100.0,1300.0,2000.0,2.272727272727273,0.03306366514245515,0,0,0.6927083333333334,0.5,54,2394
PUBLICATION,LOCAL_HOTSPOT,LARS_NO_ROLLBACK,7,16807,LOCAL_HOTSPOT,7,21170,94849,1,5,94853,127057,WINDOW_COMPLETE,1024,SEARCH=0.2578125;INSERT=0.4384765625;DELETE=0.0888671875;UPDATE=0.16015625;RANGE_SEARCH=0.0546875,SEARCH=0.07042253521126761;INSERT=0.7183098591549296;DELETE=0.014084507042253521;UPDATE=0.08450704225352113;RANGE_SEARCH=0.11267605633802817,200.0,900.0,600.0,100.0,3700.0,3700.0,1.0975609756097562,0.04491255961844197,20,0,0.6536458333333334,0.5,54,2259
PUBLICATION,LOCAL_HOTSPOT,LARS_NO_ROLLBACK,7,16807,LOCAL_HOTSPOT,8,20999,118027,1,7,118044,149099,WINDOW_COMPLETE,1024,SEARCH=0.248046875;INSERT=0.451171875;DELETE=0.087890625;UPDATE=0.1513671875;RANGE_SEARCH=0.0615234375,SEARCH=0.06666666666666667;INSERT=0.64;DELETE=0.05333333333333334;UPDATE=0.06666666666666667;RANGE_SEARCH=0.17333333333333334,200.0,1000.0,500.0,200.0,1300.0,1300.0,1.796219164999281,0.044505831798649476,20,0,0.6455853174603174,0.5,63,2603
PUBLICATION,LOCAL_HOTSPOT,LARS_NO_ROLLBACK,7,16807,LOCAL_HOTSPOT,7,21170,94849,2,6,127113,157912,WINDOW_COMPLETE,1024,SEARCH=0.263671875;INSERT=0.4365234375;DELETE=0.111328125;UPDATE=0.1357421875;RANGE_SEARCH=0.052734375,SEARCH=0.09302325581395349;INSERT=0.7093023255813954;DELETE=0.03488372093023256;UPDATE=0.05813953488372093;RANGE_SEARCH=0.10465116279069768,7600.0,1800.0,700.0,300.0,3500.0,7600.0,2.1951219512195124,0.041850969717591016,9,0,0.6550099206349206,0.5,63,2641
PUBLICATION,LOCAL_HOTSPOT,LARS_NO_ROLLBACK,7,16807,LOCAL_HOTSPOT,8,20999,118027,2,8,149122,179751,WINDOW_COMPLETE,1024,SEARCH=0.27734375;INSERT=0.4306640625;DELETE=0.091796875;UPDATE=0.150390625;RANGE_SEARCH=0.0498046875,SEARCH=0.15384615384615385;INSERT=0.7307692307692307;DELETE=0.01282051282051282;UPDATE=0.038461538461538464;RANGE_SEARCH=0.0641025641025641,200.0,5000.0,100.0,300.0,1300.0,5000.0,6.097560975609756,0.03836065573770492,1,0,0.732421875,0.5,64,3000
PUBLICATION,LOCAL_HOTSPOT,LARS_NO_ROLLBACK,7,16807,LOCAL_HOTSPOT,7,21170,94849,3,7,157969,201109,WINDOW_COMPLETE,1024,SEARCH=0.236328125;INSERT=0.478515625;DELETE=0.0888671875;UPDATE=0.1494140625;RANGE_SEARCH=0.046875,SEARCH=0.09278350515463918;INSERT=0.7216494845360825;DELETE=0.010309278350515464;UPDATE=0.1134020618556701;RANGE_SEARCH=0.061855670103092786,200.0,2500.0,100.0,200.0,3800.0,3800.0,3.048780487804878,0.03855421686746988,4,0,0.7449448529411765,0.515625,34,1621
PUBLICATION,LOCAL_HOTSPOT,LARS_NO_ROLLBACK,7,16807,LOCAL_HOTSPOT,8,20999,118027,3,9,179772,240396,WINDOW_COMPLETE,1024,SEARCH=0.2470703125;INSERT=0.435546875;DELETE=0.1123046875;UPDATE=0.1513671875;RANGE_SEARCH=0.0537109375,SEARCH=0.0759493670886076;INSERT=0.7468354430379747;DELETE=0.0379746835443038;UPDATE=0.012658227848101266;RANGE_SEARCH=0.12658227848101267,200.0,900.0,800.0,200.0,1300.0,1300.0,1.1907051900709766,0.034381663113006396,6,0,0.7694256756756757,0.5,37,1822
PUBLICATION,LOCAL_HOTSPOT,LARS_NO_ROLLBACK,7,16807,LOCAL_HOTSPOT,7,21170,94849,4,8,201187,260247,WINDOW_COMPLETE,1024,SEARCH=0.21875;INSERT=0.4833984375;DELETE=0.087890625;UPDATE=0.158203125;RANGE_SEARCH=0.0517578125,SEARCH=0.07954545454545454;INSERT=0.7272727272727273;DELETE=0.045454545454545456;UPDATE=0.03409090909090909;RANGE_SEARCH=0.11363636363636363,200.0,3400.0,200.0,200.0,4200.0,4200.0,4.146341463414634,0.0344139650872818,12,0,0.7082201086956522,0.5,46,2085
PUBLICATION,LOCAL_HOTSPOT,LARS_NO_ROLLBACK,7,16807,LOCAL_HOTSPOT,13,21573,205143,1,5,205154,264728,WINDOW_COMPLETE,1024,SEARCH=0.2451171875;INSERT=0.4365234375;DELETE=0.1044921875;UPDATE=0.1650390625;RANGE_SEARCH=0.048828125,SEARCH=0.1686746987951807;INSERT=0.6385542168674698;DELETE=0.024096385542168676;UPDATE=0.060240963855421686;RANGE_SEARCH=0.10843373493975904,300.0,2100.0,100.0,200.0,1200.0,2100.0,2.234042553191489,0.034060670569451834,14,0,0.6839923469387755,0.5,49,2145
PUBLICATION,LOCAL_HOTSPOT,LARS_NO_ROLLBACK,7,16807,LOCAL_HOTSPOT,13,21573,205143,2,6,264750,299908,RUN_END,628,SEARCH=0.28343949044585987;INSERT=0.4315286624203822;DELETE=0.09394904458598727;UPDATE=0.12738853503184713;RANGE_SEARCH=0.06369426751592357,SEARCH=0.14285714285714285;INSERT=0.6428571428571429;DELETE=0.07142857142857142;UPDATE=0.09523809523809523;RANGE_SEARCH=0.047619047619047616,200.0,1100.0,200.0,200.0,3800.0,3800.0,1.1702127659574468,0.034740780331373594,0,0,0.6565241228070176,0.5,57,2395
PUBLICATION,LOCAL_HOTSPOT,LARS_NO_ROLLBACK,7,16807,LOCAL_HOTSPOT,14,21613,274512,1,5,274627,299969,RUN_END,397,SEARCH=0.25440806045340053;INSERT=0.4659949622166247;DELETE=0.11083123425692695;UPDATE=0.11083123425692695;RANGE_SEARCH=0.05793450881612091,SEARCH=0.125;INSERT=0.65625;DELETE=0.03125;UPDATE=0.0625;RANGE_SEARCH=0.125,200.0,900.0,700.0,100.0,1200.0,1200.0,0.7262027084246563,0.035428089413749475,0,0,0.6540178571428571,0.5,56,2344
PUBLICATION,LOCAL_HOTSPOT,LARS_NO_ROLLBACK,7,16807,LOCAL_HOTSPOT,8,20999,118027,4,10,240498,299999,RUN_END,934,SEARCH=0.24089935760171305;INSERT=0.43897216274089934;DELETE=0.10599571734475374;UPDATE=0.16488222698072805;RANGE_SEARCH=0.04925053533190578,SEARCH=0.06976744186046512;INSERT=0.7906976744186046;DELETE=0.023255813953488372;UPDATE=0.03488372093023256;RANGE_SEARCH=0.08139534883720931,200.0,3500.0,100.0,200.0,1100.0,3500.0,4.2682926829268295,0.03483172511179101,0,0,0.6135602678571429,0.5,56,2199
PUBLICATION,LOCAL_HOTSPOT,LARS_NO_ROLLBACK,7,16807,LOCAL_HOTSPOT,7,21170,94849,5,9,260272,299912,RUN_END,646,SEARCH=0.2801857585139319;INSERT=0.42879256965944273;DELETE=0.11455108359133127;UPDATE=0.14705882352941177;RANGE_SEARCH=0.029411764705882353,SEARCH=0.19642857142857142;INSERT=0.7321428571428571;DELETE=0.017857142857142856;UPDATE=0.0;RANGE_SEARCH=0.05357142857142857,200.0,2300.0,500.0,NaN,1600.0,2300.0,2.8048780487804876,0.032873806998939555,0,0,0.6417214912280702,0.5,57,2341
PUBLICATION,LOCAL_HOTSPOT,LARS_NO_ROLLBACK,8,2147483647,LOCAL_HOTSPOT,11,21582,190487,1,5,190515,249218,WINDOW_COMPLETE,1024,SEARCH=0.2578125;INSERT=0.4267578125;DELETE=0.1083984375;UPDATE=0.162109375;RANGE_SEARCH=0.044921875,SEARCH=0.08196721311475409;INSERT=0.7049180327868853;DELETE=0.04918032786885246;UPDATE=0.09836065573770492;RANGE_SEARCH=0.06557377049180328,300.0,1700.0,600.0,200.0,1200.0,1700.0,1.2967595469057254,0.0336231884057971,9,0,0.7536337209302325,0.5,43,2074
PUBLICATION,LOCAL_HOTSPOT,LARS_NO_ROLLBACK,8,2147483647,LOCAL_HOTSPOT,12,21603,256322,1,5,256334,299948,RUN_END,734,SEARCH=0.24931880108991825;INSERT=0.4713896457765668;DELETE=0.08583106267029973;UPDATE=0.1335149863760218;RANGE_SEARCH=0.05994550408719346,SEARCH=0.06976744186046512;INSERT=0.7906976744186046;DELETE=0.046511627906976744;UPDATE=0.06976744186046512;RANGE_SEARCH=0.023255813953488372,200.0,4500.0,100.0,200.0,5900.0,5900.0,2.980132450331126,0.03427230046948357,0,0,0.6632543103448276,0.5,58,2462
PUBLICATION,LOCAL_HOTSPOT,LARS_NO_ROLLBACK,8,2147483647,LOCAL_HOTSPOT,11,21582,190487,2,6,249244,299987,RUN_END,871,SEARCH=0.2663605051664753;INSERT=0.41676234213547647;DELETE=0.09758897818599312;UPDATE=0.16303099885189437;RANGE_SEARCH=0.05625717566016074,SEARCH=0.14925373134328357;INSERT=0.582089552238806;DELETE=0.05970149253731343;UPDATE=0.1044776119402985;RANGE_SEARCH=0.1044776119402985,300.0,14000.0,200.0,400.0,6100.0,14000.0,9.655172413793103,0.03286384976525822,0,0,0.6379766949152542,0.5,59,2409
PUBLICATION,LOCAL_HOTSPOT,LARS_NO_ROLLBACK,9,6364136223846793005,LOCAL_HOTSPOT,3,21000,59624,1,5,59630,76745,WINDOW_COMPLETE,1024,SEARCH=0.2802734375;INSERT=0.4501953125;DELETE=0.0888671875;UPDATE=0.14453125;RANGE_SEARCH=0.0361328125,SEARCH=0.06976744186046512;INSERT=0.7674418604651163;DELETE=0.023255813953488372;UPDATE=0.09302325581395349;RANGE_SEARCH=0.046511627906976744,200.0,800.0,600.0,200.0,700.0,800.0,0.9927302631578948,0.05578342904019688,1,0,0.792724609375,0.5,64,3247
PUBLICATION,LOCAL_HOTSPOT,LARS_NO_ROLLBACK,9,6364136223846793005,LOCAL_HOTSPOT,3,21000,59624,2,6,76758,107877,WINDOW_COMPLETE,1024,SEARCH=0.2373046875;INSERT=0.4248046875;DELETE=0.1103515625;UPDATE=0.1669921875;RANGE_SEARCH=0.060546875,SEARCH=0.12;INSERT=0.6133333333333333;DELETE=0.02666666666666667;UPDATE=0.10666666666666667;RANGE_SEARCH=0.13333333333333333,200.0,7100.0,900.0,200.0,1200.0,7100.0,7.802197802197802,0.046031746031746035,12,0,0.6842296511627907,0.5,43,1883
PUBLICATION,LOCAL_HOTSPOT,LARS_NO_ROLLBACK,9,6364136223846793005,LOCAL_HOTSPOT,6,21001,104476,1,7,104488,135729,WINDOW_COMPLETE,1024,SEARCH=0.2373046875;INSERT=0.451171875;DELETE=0.1083984375;UPDATE=0.154296875;RANGE_SEARCH=0.048828125,SEARCH=0.06944444444444445;INSERT=0.7916666666666666;DELETE=0.0;UPDATE=0.041666666666666664;RANGE_SEARCH=0.09722222222222222,200.0,5400.0,NaN,200.0,1700.0,5400.0,6.122448979591836,0.04353393085787452,23,0,0.6263241525423728,0.5,59,2365
PUBLICATION,LOCAL_HOTSPOT,LARS_NO_ROLLBACK,9,6364136223846793005,LOCAL_HOTSPOT,3,21000,59624,3,7,107905,143831,WINDOW_COMPLETE,1024,SEARCH=0.24609375;INSERT=0.44140625;DELETE=0.0966796875;UPDATE=0.158203125;RANGE_SEARCH=0.0576171875,SEARCH=0.0963855421686747;INSERT=0.7228915662650602;DELETE=0.060240963855421686;UPDATE=0.060240963855421686;RANGE_SEARCH=0.060240963855421686,200.0,2400.0,800.0,200.0,3000.0,3000.0,2.6373626373626378,0.044711378044711377,12,0,0.646875,0.5,55,2277
PUBLICATION,LOCAL_HOTSPOT,LARS_NO_ROLLBACK,9,6364136223846793005,LOCAL_HOTSPOT,6,21001,104476,2,8,135780,165471,WINDOW_COMPLETE,1024,SEARCH=0.248046875;INSERT=0.443359375;DELETE=0.11328125;UPDATE=0.1396484375;RANGE_SEARCH=0.0556640625,SEARCH=0.11842105263157894;INSERT=0.6973684210526315;DELETE=0.039473684210526314;UPDATE=0.05263157894736842;RANGE_SEARCH=0.09210526315789473,200.0,900.0,700.0,100.0,7800.0,7800.0,1.1357616484075852,0.04310344827586207,4,0,0.6832837301587301,0.515625,63,2755
PUBLICATION,LOCAL_HOTSPOT,LARS_NO_ROLLBACK,9,6364136223846793005,LOCAL_HOTSPOT,7,20996,133309,1,8,133330,166081,WINDOW_COMPLETE,1024,SEARCH=0.255859375;INSERT=0.4521484375;DELETE=0.1015625;UPDATE=0.1298828125;RANGE_SEARCH=0.060546875,SEARCH=0.10606060606060606;INSERT=0.696969696969697;DELETE=0.030303030303030304;UPDATE=0.015151515151515152;RANGE_SEARCH=0.15151515151515152,200.0,700.0,200.0,200.0,3600.0,3600.0,1.1743924708526479,0.039821776663881925,5,0,0.7070974576271186,0.53125,59,2670
PUBLICATION,LOCAL_HOTSPOT,LARS_NO_ROLLBACK,9,6364136223846793005,LOCAL_HOTSPOT,3,21000,59624,4,8,143869,178685,WINDOW_COMPLETE,1024,SEARCH=0.267578125;INSERT=0.443359375;DELETE=0.0966796875;UPDATE=0.1455078125;RANGE_SEARCH=0.046875,SEARCH=0.14814814814814814;INSERT=0.6666666666666666;DELETE=0.037037037037037035;UPDATE=0.07407407407407407;RANGE_SEARCH=0.07407407407407407,200.0,2000.0,100.0,200.0,1500.0,2000.0,2.197802197802198,0.03954607977991747,4,0,0.7105402542372882,0.515625,59,2683
PUBLICATION,LOCAL_HOTSPOT,LARS_NO_ROLLBACK,9,6364136223846793005,LOCAL_HOTSPOT,7,20996,133309,2,9,166105,200844,WINDOW_COMPLETE,1024,SEARCH=0.255859375;INSERT=0.4345703125;DELETE=0.111328125;UPDATE=0.1572265625;RANGE_SEARCH=0.041015625,SEARCH=0.08139534883720931;INSERT=0.7790697674418605;DELETE=0.03488372093023256;UPDATE=0.023255813953488372;RANGE_SEARCH=0.08139534883720931,200.0,1000.0,1000.0,200.0,5000.0,5000.0,1.098901098901099,0.034370477568740954,3,0,0.7706653225806451,0.5,62,3058
PUBLICATION,LOCAL_HOTSPOT,LARS_NO_ROLLBACK,9,6364136223846793005,LOCAL_HOTSPOT,3,21000,59624,5,9,178709,211898,WINDOW_COMPLETE,1024,SEARCH=0.2353515625;INSERT=0.4462890625;DELETE=0.1025390625;UPDATE=0.162109375;RANGE_SEARCH=0.0537109375,SEARCH=0.09195402298850575;INSERT=0.7126436781609196;DELETE=0.034482758620689655;UPDATE=0.08045977011494253;RANGE_SEARCH=0.08045977011494253,200.0,4700.0,500.0,200.0,1700.0,4700.0,5.164835164835165,0.03645294725956567,4,0,0.7693452380952381,0.5,63,3102
PUBLICATION,LOCAL_HOTSPOT,LARS_NO_ROLLBACK,9,6364136223846793005,LOCAL_HOTSPOT,6,21001,104476,3,9,165507,228242,WINDOW_COMPLETE,1024,SEARCH=0.240234375;INSERT=0.453125;DELETE=0.0966796875;UPDATE=0.158203125;RANGE_SEARCH=0.0517578125,SEARCH=0.0875;INSERT=0.7625;DELETE=0.025;UPDATE=0.025;RANGE_SEARCH=0.1,200.0,800.0,100.0,100.0,1500.0,1500.0,1.1328626617482553,0.03729006547110732,4,0,0.7826286764705882,0.53125,34,1703
PUBLICATION,LOCAL_HOTSPOT,LARS_NO_ROLLBACK,9,6364136223846793005,LOCAL_HOTSPOT,7,20996,133309,3,10,200845,255919,WINDOW_COMPLETE,1024,SEARCH=0.25390625;INSERT=0.44140625;DELETE=0.1064453125;UPDATE=0.150390625;RANGE_SEARCH=0.0478515625,SEARCH=0.07692307692307693;INSERT=0.7307692307692307;DELETE=0.038461538461538464;UPDATE=0.0641025641025641;RANGE_SEARCH=0.08974358974358974,200.0,15000.0,600.0,200.0,3600.0,15000.0,16.483516483516482,0.03307291666666667,10,0,0.7355769230769231,0.5,39,1836
PUBLICATION,LOCAL_HOTSPOT,LARS_NO_ROLLBACK,9,6364136223846793005,LOCAL_HOTSPOT,3,21000,59624,6,10,211968,273872,WINDOW_COMPLETE,1024,SEARCH=0.2353515625;INSERT=0.4462890625;DELETE=0.10546875;UPDATE=0.15625;RANGE_SEARCH=0.056640625,SEARCH=0.08235294117647059;INSERT=0.6470588235294118;DELETE=0.11764705882352941;UPDATE=0.08235294117647059;RANGE_SEARCH=0.07058823529411765,200.0,2700.0,800.0,200.0,4500.0,4500.0,2.967032967032967,0.03425809163514081,13,0,0.6780523255813954,0.515625,43,1866
PUBLICATION,LOCAL_HOTSPOT,LARS_NO_ROLLBACK,9,6364136223846793005,LOCAL_HOTSPOT,10,21540,233998,1,6,234130,290996,WINDOW_COMPLETE,1024,SEARCH=0.2509765625;INSERT=0.4453125;DELETE=0.103515625;UPDATE=0.14453125;RANGE_SEARCH=0.0556640625,SEARCH=0.10714285714285714;INSERT=0.6190476190476191;DELETE=0.05952380952380952;UPDATE=0.047619047619047616;RANGE_SEARCH=0.16666666666666666,200.0,1300.0,600.0,200.0,8100.0,8100.0,1.8635789720952542,0.034977402240125764,20,0,0.6654575892857143,0.5,56,2385
PUBLICATION,LOCAL_HOTSPOT,LARS_NO_ROLLBACK,9,6364136223846793005,LOCAL_HOTSPOT,6,21001,104476,4,10,228282,292678,WINDOW_COMPLETE,1024,SEARCH=0.2373046875;INSERT=0.427734375;DELETE=0.12109375;UPDATE=0.16796875;RANGE_SEARCH=0.0458984375,SEARCH=0.07142857142857142;INSERT=0.7428571428571429;DELETE=0.08571428571428572;UPDATE=0.05714285714285714;RANGE_SEARCH=0.04285714285714286,200.0,1600.0,200.0,200.0,3800.0,3800.0,1.8140589569160996,0.03439024390243903,15,0,0.671875,0.5,49,2107
PUBLICATION,LOCAL_HOTSPOT,LARS_NO_ROLLBACK,9,6364136223846793005,LOCAL_HOTSPOT,7,20996,133309,4,11,256072,299939,RUN_END,702,SEARCH=0.2535612535612536;INSERT=0.4472934472934473;DELETE=0.09971509971509972;UPDATE=0.1467236467236467;RANGE_SEARCH=0.05270655270655271,SEARCH=0.13725490196078433;INSERT=0.6666666666666666;DELETE=0.0;UPDATE=0.058823529411764705;RANGE_SEARCH=0.13725490196078433,200.0,2500.0,NaN,200.0,3900.0,3900.0,2.7472527472527473,0.03580635920939559,0,0,0.6400240384615384,0.5,52,2130
PUBLICATION,LOCAL_HOTSPOT,LARS_NO_ROLLBACK,9,6364136223846793005,LOCAL_HOTSPOT,10,21540,233998,2,7,290997,299992,RUN_END,177,SEARCH=0.2542372881355932;INSERT=0.4293785310734463;DELETE=0.0847457627118644;UPDATE=0.1807909604519774;RANGE_SEARCH=0.05084745762711865,SEARCH=0.16666666666666666;INSERT=0.6666666666666666;DELETE=0.05555555555555555;UPDATE=0.0;RANGE_SEARCH=0.1111111111111111,100.0,3400.0,200.0,NaN,1100.0,3400.0,0.9728978457261988,0.0340522133938706,0,0,0.6732456140350878,0.5,57,2456
PUBLICATION,LOCAL_HOTSPOT,LARS_NO_ROLLBACK,9,6364136223846793005,LOCAL_HOTSPOT,12,21576,270164,1,6,270170,299996,RUN_END,469,SEARCH=0.2771855010660981;INSERT=0.42217484008528783;DELETE=0.06823027718550106;UPDATE=0.1791044776119403;RANGE_SEARCH=0.053304904051172705,SEARCH=0.08571428571428572;INSERT=0.7428571428571429;DELETE=0.0;UPDATE=0.05714285714285714;RANGE_SEARCH=0.11428571428571428,200.0,900.0,NaN,100.0,3900.0,3900.0,0.9782608695652174,0.03618711385701677,0,0,0.6362390350877193,0.5,57,2321
PUBLICATION,LOCAL_HOTSPOT,LARS_NO_ROLLBACK,9,6364136223846793005,LOCAL_HOTSPOT,6,21001,104476,5,11,292820,299985,RUN_END,124,SEARCH=0.20161290322580644;INSERT=0.47580645161290325;DELETE=0.12096774193548387;UPDATE=0.12903225806451613;RANGE_SEARCH=0.07258064516129033,SEARCH=0.09090909090909091;INSERT=0.7272727272727273;DELETE=0.0;UPDATE=0.09090909090909091;RANGE_SEARCH=0.09090909090909091,100.0,1100.0,NaN,100.0,1100.0,1100.0,0.9606145377397487,0.03297872340425532,0,0,0.6367924528301887,0.5,53,2160
PUBLICATION,LOCAL_HOTSPOT,LARS_NO_RUNTIME_VALIDATION,0,1103515245,LOCAL_HOTSPOT,4,20996,92661,1,7,92677,124483,WINDOW_COMPLETE,1024,SEARCH=0.2412109375;INSERT=0.4638671875;DELETE=0.1044921875;UPDATE=0.138671875;RANGE_SEARCH=0.0517578125,SEARCH=0.08641975308641975;INSERT=0.654320987654321;DELETE=0.07407407407407407;UPDATE=0.07407407407407407;RANGE_SEARCH=0.1111111111111111,200.0,1400.0,700.0,200.0,1500.0,1500.0,1.5931253160172838,0.046643417611159546,15,0,0.6487268518518519,0.5,54,2242
PUBLICATION,LOCAL_HOTSPOT,LARS_NO_RUNTIME_VALIDATION,0,1103515245,LOCAL_HOTSPOT,4,20996,92661,2,8,124491,157011,WINDOW_COMPLETE,1024,SEARCH=0.244140625;INSERT=0.4521484375;DELETE=0.103515625;UPDATE=0.142578125;RANGE_SEARCH=0.0576171875,SEARCH=0.09302325581395349;INSERT=0.7325581395348837;DELETE=0.05813953488372093;UPDATE=0.06976744186046512;RANGE_SEARCH=0.046511627906976744,300.0,900.0,600.0,100.0,1000.0,1000.0,1.2549904001462833,0.04152873909118267,7,0,0.6767418032786885,0.5,61,2642
PUBLICATION,LOCAL_HOTSPOT,LARS_NO_RUNTIME_VALIDATION,0,1103515245,LOCAL_HOTSPOT,7,21000,128417,1,8,128438,159592,WINDOW_COMPLETE,1024,SEARCH=0.2607421875;INSERT=0.4501953125;DELETE=0.0927734375;UPDATE=0.1513671875;RANGE_SEARCH=0.044921875,SEARCH=0.07894736842105263;INSERT=0.6710526315789473;DELETE=0.06578947368421052;UPDATE=0.09210526315789473;RANGE_SEARCH=0.09210526315789473,200.0,900.0,800.0,200.0,1700.0,1700.0,1.0588336242747503,0.042105263157894736,3,0,0.6839717741935484,0.515625,62,2714
PUBLICATION,LOCAL_HOTSPOT,LARS_NO_RUNTIME_VALIDATION,0,1103515245,LOCAL_HOTSPOT,4,20996,92661,3,9,157048,187572,WINDOW_COMPLETE,1024,SEARCH=0.2470703125;INSERT=0.447265625;DELETE=0.1015625;UPDATE=0.1484375;RANGE_SEARCH=0.0556640625,SEARCH=0.09302325581395349;INSERT=0.6976744186046512;DELETE=0.023255813953488372;UPDATE=0.06976744186046512;RANGE_SEARCH=0.11627906976744186,200.0,900.0,600.0,200.0,3700.0,3700.0,1.0387339649235487,0.0356663984982569,2,0,0.7584325396825397,0.53125,63,3058
PUBLICATION,LOCAL_HOTSPOT,LARS_NO_RUNTIME_VALIDATION,0,1103515245,LOCAL_HOTSPOT,7,21000,128417,2,9,159684,194144,WINDOW_COMPLETE,1024,SEARCH=0.2275390625;INSERT=0.4580078125;DELETE=0.0986328125;UPDATE=0.16015625;RANGE_SEARCH=0.0556640625,SEARCH=0.13333333333333333;INSERT=0.6444444444444445;DELETE=0.06666666666666667;UPDATE=0.07777777777777778;RANGE_SEARCH=0.07777777777777778,200.0,900.0,600.0,200.0,1300.0,1300.0,0.9723741392252443,0.03842963782139895,1,0,0.7800099206349206,0.5625,63,3145
PUBLICATION,LOCAL_HOTSPOT,LARS_NO_RUNTIME_VALIDATION,0,1103515245,LOCAL_HOTSPOT,12,20997,165012,1,9,165093,198972,WINDOW_COMPLETE,1024,SEARCH=0.2333984375;INSERT=0.46875;DELETE=0.1171875;UPDATE=0.126953125;RANGE_SEARCH=0.0537109375,SEARCH=0.011235955056179775;INSERT=0.8539325842696629;DELETE=0.0449438202247191;UPDATE=0.056179775280898875;RANGE_SEARCH=0.033707865168539325,100.0,800.0,200.0,200.0,900.0,900.0,0.9462563160312357,0.035434135785772244,0,0,0.7694672131147541,0.59375,61,3004
PUBLICATION,LOCAL_HOTSPOT,LARS_NO_RUNTIME_VALIDATION,0,1103515245,LOCAL_HOTSPOT,13,21574,166241,1,5,166335,222924,WINDOW_COMPLETE,1024,SEARCH=0.275390625;INSERT=0.44140625;DELETE=0.083984375;UPDATE=0.1572265625;RANGE_SEARCH=0.0419921875,SEARCH=0.15853658536585366;INSERT=0.7560975609756098;DELETE=0.012195121951219513;UPDATE=0.04878048780487805;RANGE_SEARCH=0.024390243902439025,400.0,1400.0,100.0,200.0,1000.0,1400.0,1.0029307995013517,0.03699712643678161,2,0,0.7915296052631579,0.5,38,1925
PUBLICATION,LOCAL_HOTSPOT,LARS_NO_RUNTIME_VALIDATION,0,1103515245,LOCAL_HOTSPOT,4,20996,92661,4,10,187573,248519,WINDOW_COMPLETE,1024,SEARCH=0.24609375;INSERT=0.439453125;DELETE=0.1025390625;UPDATE=0.1572265625;RANGE_SEARCH=0.0546875,SEARCH=0.038461538461538464;INSERT=0.7307692307692307;DELETE=0.02564102564102564;UPDATE=0.08974358974358974;RANGE_SEARCH=0.11538461538461539,200.0,1600.0,700.0,200.0,1900.0,1900.0,1.4219200167551795,0.03349846661948573,11,0,0.7259908536585366,0.5,41,1905
PUBLICATION,LOCAL_HOTSPOT,LARS_NO_RUNTIME_VALIDATION,0,1103515245,LOCAL_HOTSPOT,12,20997,165012,2,10,198975,248867,WINDOW_COMPLETE,1024,SEARCH=0.26171875;INSERT=0.4482421875;DELETE=0.1005859375;UPDATE=0.1533203125;RANGE_SEARCH=0.0361328125,SEARCH=0.10975609756097561;INSERT=0.7317073170731707;DELETE=0.024390243902439025;UPDATE=0.07317073170731707;RANGE_SEARCH=0.06097560975609756,200.0,4200.0,600.0,200.0,6100.0,6100.0,2.374222724703222,0.03526448362720403,9,0,0.761402027027027,0.5,37,1803
PUBLICATION,LOCAL_HOTSPOT,LARS_NO_RUNTIME_VALIDATION,0,1103515245,LOCAL_HOTSPOT,7,21000,128417,3,10,194145,252471,WINDOW_COMPLETE,1024,SEARCH=0.2568359375;INSERT=0.451171875;DELETE=0.0908203125;UPDATE=0.1630859375;RANGE_SEARCH=0.0380859375,SEARCH=0.11764705882352941;INSERT=0.7794117647058824;DELETE=0.014705882352941176;UPDATE=0.029411764705882353;RANGE_SEARCH=0.058823529411764705,200.0,1200.0,500.0,200.0,1300.0,1300.0,1.5598612730499877,0.03216278306531014,15,0,0.6840277777777778,0.5,45,1970
PUBLICATION,LOCAL_HOTSPOT,LARS_NO_RUNTIME_VALIDATION,0,1103515245,LOCAL_HOTSPOT,16,21644,206628,1,5,206848,271015,WINDOW_COMPLETE,1024,SEARCH=0.251953125;INSERT=0.466796875;DELETE=0.1025390625;UPDATE=0.1357421875;RANGE_SEARCH=0.04296875,SEARCH=0.07142857142857142;INSERT=0.7380952380952381;DELETE=0.05952380952380952;UPDATE=0.05952380952380952;RANGE_SEARCH=0.07142857142857142,200.0,4700.0,700.0,200.0,1433.0,4700.0,3.0921052631578947,0.03613445378151261,18,0,0.6583946078431373,0.5,51,2149
PUBLICATION,LOCAL_HOTSPOT,LARS_NO_RUNTIME_VALIDATION,0,1103515245,LOCAL_HOTSPOT,13,21574,166241,2,6,222935,281328,WINDOW_COMPLETE,1024,SEARCH=0.259765625;INSERT=0.4453125;DELETE=0.0859375;UPDATE=0.1591796875;RANGE_SEARCH=0.0498046875,SEARCH=0.07407407407407407;INSERT=0.7530864197530864;DELETE=0.024691358024691357;UPDATE=0.06172839506172839;RANGE_SEARCH=0.08641975308641975,300.0,1300.0,500.0,200.0,2600.0,2600.0,1.6768641714420245,0.03427468018344195,18,0,0.6534598214285714,0.5,56,2342
PUBLICATION,LOCAL_HOTSPOT,LARS_NO_RUNTIME_VALIDATION,0,1103515245,LOCAL_HOTSPOT,12,20997,165012,3,11,249020,299953,RUN_END,791,SEARCH=0.24905183312262957;INSERT=0.4475347661188369;DELETE=0.11378002528445007;UPDATE=0.1504424778761062;RANGE_SEARCH=0.039190897597977246,SEARCH=0.11764705882352941;INSERT=0.75;DELETE=0.04411764705882353;UPDATE=0.058823529411764705;RANGE_SEARCH=0.029411764705882353,200.0,1400.0,700.0,100.0,3700.0,3700.0,0.9462563160312357,0.0338863395693611,0,0,0.6541053921568627,0.5,51,2135
PUBLICATION,LOCAL_HOTSPOT,LARS_NO_RUNTIME_VALIDATION,0,1103515245,LOCAL_HOTSPOT,4,20996,92661,5,11,248572,299908,RUN_END,825,SEARCH=0.24242424242424243;INSERT=0.45212121212121215;DELETE=0.09575757575757576;UPDATE=0.1696969696969697;RANGE_SEARCH=0.04,SEARCH=0.1111111111111111;INSERT=0.75;DELETE=0.013888888888888888;UPDATE=0.06944444444444445;RANGE_SEARCH=0.05555555555555555,200.0,1500.0,100.0,100.0,1800.0,1800.0,0.9920634920634921,0.034482758620689655,0,0,0.6300223214285714,0.5,56,2258
PUBLICATION,LOCAL_HOTSPOT,LARS_NO_RUNTIME_VALIDATION,0,1103515245,LOCAL_HOTSPOT,16,21644,206628,2,6,271092,299976,RUN_END,509,SEARCH=0.2357563850687623;INSERT=0.4577603143418468;DELETE=0.11591355599214145;UPDATE=0.13948919449901767;RANGE_SEARCH=0.05108055009823183,SEARCH=0.058823529411764705;INSERT=0.7941176470588235;DELETE=0.029411764705882353;UPDATE=0.029411764705882353;RANGE_SEARCH=0.08823529411764706,100.0,800.0,700.0,200.0,1600.0,1600.0,0.7225754506904172,0.033657745336577456,0,0,0.6704545454545454,0.5,55,2360
PUBLICATION,LOCAL_HOTSPOT,LARS_NO_RUNTIME_VALIDATION,0,1103515245,LOCAL_HOTSPOT,25,21561,298638,1,7,298858,299924,RUN_END,20,SEARCH=0.2;INSERT=0.55;DELETE=0.05;UPDATE=0.1;RANGE_SEARCH=0.1,SEARCH=0.0;INSERT=0.0;DELETE=0.0;UPDATE=0.0;RANGE_SEARCH=0.0,NaN,NaN,NaN,NaN,NaN,NaN,NaN,0.034482758620689655,0,0,0.6178495762711864,0.5,59,2333
PUBLICATION,LOCAL_HOTSPOT,LARS_NO_RUNTIME_VALIDATION,0,1103515245,LOCAL_HOTSPOT,7,21000,128417,4,11,252537,299965,RUN_END,738,SEARCH=0.2601626016260163;INSERT=0.4241192411924119;DELETE=0.0975609756097561;UPDATE=0.16937669376693767;RANGE_SEARCH=0.04878048780487805,SEARCH=0.11267605633802817;INSERT=0.6197183098591549;DELETE=0.056338028169014086;UPDATE=0.14084507042253522;RANGE_SEARCH=0.07042253521126761,200.0,4900.0,600.0,200.0,2400.0,4900.0,2.1566901408450705,0.034261241970021415,0,0,0.6305803571428571,0.5,56,2260
PUBLICATION,LOCAL_HOTSPOT,LARS_NO_RUNTIME_VALIDATION,0,1103515245,LOCAL_HOTSPOT,13,21574,166241,3,7,281339,299977,RUN_END,360,SEARCH=0.25;INSERT=0.4;DELETE=0.1111111111111111;UPDATE=0.17777777777777778;RANGE_SEARCH=0.06111111111111111,SEARCH=0.04;INSERT=0.64;DELETE=0.08;UPDATE=0.12;RANGE_SEARCH=0.12,200.0,800.0,900.0,200.0,4400.0,4400.0,0.917602917344823,0.03593977659057795,0,0,0.6549258474576272,0.5,59,2473
PUBLICATION,LOCAL_HOTSPOT,LARS_NO_RUNTIME_VALIDATION,0,1103515245,LOCAL_HOTSPOT,23,21587,295228,1,7,295305,299948,RUN_END,83,SEARCH=0.2289156626506024;INSERT=0.42168674698795183;DELETE=0.13253012048192772;UPDATE=0.13253012048192772;RANGE_SEARCH=0.08433734939759036,SEARCH=0.0;INSERT=0.8333333333333334;DELETE=0.0;UPDATE=0.0;RANGE_SEARCH=0.16666666666666666,NaN,800.0,NaN,NaN,3900.0,3900.0,0.9321467534245259,0.04030710172744722,0,0,0.6293545081967213,0.5,61,2457
PUBLICATION,LOCAL_HOTSPOT,LARS_NO_RUNTIME_VALIDATION,1,214013,LOCAL_HOTSPOT,5,20998,95110,1,7,95143,125873,WINDOW_COMPLETE,1024,SEARCH=0.2470703125;INSERT=0.4443359375;DELETE=0.1015625;UPDATE=0.146484375;RANGE_SEARCH=0.060546875,SEARCH=0.10112359550561797;INSERT=0.7528089887640449;DELETE=0.0449438202247191;UPDATE=0.056179775280898875;RANGE_SEARCH=0.0449438202247191,200.0,1000.0,9500.0,200.0,800.0,9500.0,1.7329839119737147,0.04462691895751517,19,0,0.6252741228070176,0.5,57,2281
PUBLICATION,LOCAL_HOTSPOT,LARS_NO_RUNTIME_VALIDATION,1,214013,LOCAL_HOTSPOT,7,21001,114118,1,8,114137,146027,WINDOW_COMPLETE,1024,SEARCH=0.259765625;INSERT=0.4482421875;DELETE=0.099609375;UPDATE=0.146484375;RANGE_SEARCH=0.0458984375,SEARCH=0.08433734939759036;INSERT=0.7469879518072289;DELETE=0.060240963855421686;UPDATE=0.060240963855421686;RANGE_SEARCH=0.04819277108433735,200.0,2000.0,800.0,200.0,800.0,2000.0,1.2677049767378745,0.041996830427892234,7,0,0.6357581967213115,0.5,61,2482
PUBLICATION,LOCAL_HOTSPOT,LARS_NO_RUNTIME_VALIDATION,1,214013,LOCAL_HOTSPOT,5,20998,95110,2,8,125904,157249,WINDOW_COMPLETE,1024,SEARCH=0.2587890625;INSERT=0.44140625;DELETE=0.087890625;UPDATE=0.1533203125;RANGE_SEARCH=0.05859375,SEARCH=0.1686746987951807;INSERT=0.6626506024096386;DELETE=0.03614457831325301;UPDATE=0.04819277108433735;RANGE_SEARCH=0.08433734939759036,400.0,2000.0,800.0,200.0,1600.0,2000.0,1.1846603549941208,0.041834521227145954,6,0,0.6644345238095238,0.53125,63,2679
PUBLICATION,LOCAL_HOTSPOT,LARS_NO_RUNTIME_VALIDATION,1,214013,LOCAL_HOTSPOT,10,20997,124982,1,8,124985,157533,WINDOW_COMPLETE,1024,SEARCH=0.2705078125;INSERT=0.4375;DELETE=0.1015625;UPDATE=0.1328125;RANGE_SEARCH=0.0576171875,SEARCH=0.0641025641025641;INSERT=0.782051282051282;DELETE=0.038461538461538464;UPDATE=0.05128205128205128;RANGE_SEARCH=0.0641025641025641,200.0,1100.0,700.0,200.0,1100.0,1100.0,1.087991765957284,0.0431924882629108,3,0,0.6625504032258065,0.53125,62,2629
PUBLICATION,LOCAL_HOTSPOT,LARS_NO_RUNTIME_VALIDATION,1,214013,LOCAL_HOTSPOT,11,20996,134458,1,8,134483,168171,WINDOW_COMPLETE,1024,SEARCH=0.2421875;INSERT=0.4384765625;DELETE=0.099609375;UPDATE=0.1611328125;RANGE_SEARCH=0.05859375,SEARCH=0.045454545454545456;INSERT=0.7424242424242424;DELETE=0.045454545454545456;UPDATE=0.045454545454545456;RANGE_SEARCH=0.12121212121212122,200.0,1600.0,1000.0,200.0,3900.0,3900.0,0.9451678502409109,0.04408634843417452,1,0,0.6848958333333334,0.546875,60,2630
PUBLICATION,LOCAL_HOTSPOT,LARS_NO_RUNTIME_VALIDATION,1,214013,LOCAL_HOTSPOT,7,21001,114118,2,9,146029,177779,WINDOW_COMPLETE,1024,SEARCH=0.2685546875;INSERT=0.4306640625;DELETE=0.095703125;UPDATE=0.16015625;RANGE_SEARCH=0.044921875,SEARCH=0.0410958904109589;INSERT=0.8082191780821918;DELETE=0.0547945205479452;UPDATE=0.0410958904109589;RANGE_SEARCH=0.0547945205479452,100.0,3500.0,700.0,200.0,4900.0,4900.0,1.9781834623862544,0.03975424647632815,0,0,0.7338627049180327,0.515625,61,2865
PUBLICATION,LOCAL_HOTSPOT,LARS_NO_RUNTIME_VALIDATION,1,214013,LOCAL_HOTSPOT,10,20997,124982,2,9,157534,189543,WINDOW_COMPLETE,1024,SEARCH=0.248046875;INSERT=0.4306640625;DELETE=0.099609375;UPDATE=0.16015625;RANGE_SEARCH=0.0615234375,SEARCH=0.136986301369863;INSERT=0.6712328767123288;DELETE=0.0273972602739726;UPDATE=0.0410958904109589;RANGE_SEARCH=0.1232876712328767,200.0,1200.0,700.0,200.0,4300.0,4300.0,0.9529450477130635,0.03672456575682382,0,0,0.7613407258064516,0.578125,62,3021
PUBLICATION,LOCAL_HOTSPOT,LARS_NO_RUNTIME_VALIDATION,1,214013,LOCAL_HOTSPOT,11,20996,134458,2,9,168182,201774,WINDOW_COMPLETE,1024,SEARCH=0.248046875;INSERT=0.44140625;DELETE=0.099609375;UPDATE=0.1591796875;RANGE_SEARCH=0.0517578125,SEARCH=0.14864864864864866;INSERT=0.6351351351351351;DELETE=0.04054054054054054;UPDATE=0.12162162162162163;RANGE_SEARCH=0.05405405405405406,200.0,2000.0,700.0,200.0,1900.0,2000.0,1.0270748418998759,0.037221570926143026,3,0,0.7524801587301587,0.5,63,3034
PUBLICATION,LOCAL_HOTSPOT,LARS_NO_RUNTIME_VALIDATION,1,214013,LOCAL_HOTSPOT,5,20998,95110,3,9,157260,205612,WINDOW_COMPLETE,1024,SEARCH=0.248046875;INSERT=0.4296875;DELETE=0.11328125;UPDATE=0.15625;RANGE_SEARCH=0.052734375,SEARCH=0.11363636363636363;INSERT=0.7159090909090909;DELETE=0.03409090909090909;UPDATE=0.09090909090909091;RANGE_SEARCH=0.045454545454545456,200.0,1900.0,700.0,300.0,2600.0,2600.0,1.0523932329006136,0.03578417668437238,3,0,0.7604166666666666,0.53125,33,1606
PUBLICATION,LOCAL_HOTSPOT,LARS_NO_RUNTIME_VALIDATION,1,214013,LOCAL_HOTSPOT,7,21001,114118,3,10,177807,220355,WINDOW_COMPLETE,1024,SEARCH=0.259765625;INSERT=0.4453125;DELETE=0.099609375;UPDATE=0.142578125;RANGE_SEARCH=0.052734375,SEARCH=0.05333333333333334;INSERT=0.6933333333333334;DELETE=0.05333333333333334;UPDATE=0.09333333333333334;RANGE_SEARCH=0.10666666666666667,300.0,1500.0,500.0,200.0,800.0,1500.0,1.22642374857138,0.03682170542635659,6,0,0.7509191176470589,0.5,34,1634
PUBLICATION,LOCAL_HOTSPOT,LARS_NO_RUNTIME_VALIDATION,1,214013,LOCAL_HOTSPOT,14,21587,163476,1,5,163494,224899,WINDOW_COMPLETE,1024,SEARCH=0.236328125;INSERT=0.44921875;DELETE=0.107421875;UPDATE=0.1513671875;RANGE_SEARCH=0.0556640625,SEARCH=0.05;INSERT=0.775;DELETE=0.025;UPDATE=0.05;RANGE_SEARCH=0.1,100.0,900.0,600.0,100.0,6200.0,6200.0,1.0151597676396789,0.03720533939221812,2,0,0.7592905405405406,0.5,37,1798
PUBLICATION,LOCAL_HOTSPOT,LARS_NO_RUNTIME_VALIDATION,1,214013,LOCAL_HOTSPOT,10,20997,124982,3,10,189548,239352,WINDOW_COMPLETE,1024,SEARCH=0.232421875;INSERT=0.46484375;DELETE=0.1064453125;UPDATE=0.1416015625;RANGE_SEARCH=0.0546875,SEARCH=0.07407407407407407;INSERT=0.7777777777777778;DELETE=0.06172839506172839;UPDATE=0.012345679012345678;RANGE_SEARCH=0.07407407407407407,200.0,1400.0,200.0,200.0,3500.0,3500.0,1.3772014045716192,0.032235126807300306,10,0,0.7439903846153846,0.5,39,1857
PUBLICATION,LOCAL_HOTSPOT,LARS_NO_RUNTIME_VALIDATION,1,214013,LOCAL_HOTSPOT,11,20996,134458,3,10,201810,246034,WINDOW_COMPLETE,1024,SEARCH=0.2470703125;INSERT=0.4453125;DELETE=0.1103515625;UPDATE=0.1484375;RANGE_SEARCH=0.048828125,SEARCH=0.1;INSERT=0.7625;DELETE=0.05;UPDATE=0.0375;RANGE_SEARCH=0.05,200.0,2300.0,600.0,100.0,1700.0,2300.0,1.1894117619662978,0.03351800554016621,7,0,0.7318412162162162,0.5,37,1733
PUBLICATION,LOCAL_HOTSPOT,LARS_NO_RUNTIME_VALIDATION,1,214013,LOCAL_HOTSPOT,5,20998,95110,4,10,205622,271473,WINDOW_COMPLETE,1024,SEARCH=0.2353515625;INSERT=0.46484375;DELETE=0.0927734375;UPDATE=0.1572265625;RANGE_SEARCH=0.0498046875,SEARCH=0.10227272727272728;INSERT=0.7045454545454546;DELETE=0.056818181818181816;UPDATE=0.056818181818181816;RANGE_SEARCH=0.07954545454545454,200.0,1300.0,900.0,100.0,1300.0,1300.0,1.453271975850581,0.036053593179049936,13,0,0.6956521739130435,0.5,46,2048
PUBLICATION,LOCAL_HOTSPOT,LARS_NO_RUNTIME_VALIDATION,1,214013,LOCAL_HOTSPOT,14,21587,163476,2,6,225020,282829,WINDOW_COMPLETE,1024,SEARCH=0.2255859375;INSERT=0.4853515625;DELETE=0.0927734375;UPDATE=0.1435546875;RANGE_SEARCH=0.052734375,SEARCH=0.041237113402061855;INSERT=0.8041237113402062;DELETE=0.030927835051546393;UPDATE=0.05154639175257732;RANGE_SEARCH=0.07216494845360824,200.0,1900.0,500.0,200.0,5300.0,5300.0,1.6281532672141927,0.03311556656904708,17,0,0.6565393518518519,0.5,54,2269
PUBLICATION,LOCAL_HOTSPOT,LARS_NO_RUNTIME_VALIDATION,1,214013,LOCAL_HOTSPOT,7,21001,114118,4,11,220374,286931,WINDOW_COMPLETE,1024,SEARCH=0.2265625;INSERT=0.4462890625;DELETE=0.107421875;UPDATE=0.150390625;RANGE_SEARCH=0.0693359375,SEARCH=0.05063291139240506;INSERT=0.6835443037974683;DELETE=0.02531645569620253;UPDATE=0.08860759493670886;RANGE_SEARCH=0.1518987341772152,200.0,3700.0,700.0,200.0,4100.0,4100.0,2.0912225173797547,0.033793907108373565,14,0,0.66796875,0.5,48,2052
PUBLICATION,LOCAL_HOTSPOT,LARS_NO_RUNTIME_VALIDATION,1,214013,LOCAL_HOTSPOT,18,21172,219469,1,9,219585,288738,WINDOW_COMPLETE,1024,SEARCH=0.2578125;INSERT=0.4365234375;DELETE=0.103515625;UPDATE=0.15234375;RANGE_SEARCH=0.0498046875,SEARCH=0.14492753623188406;INSERT=0.6811594202898551;DELETE=0.07246376811594203;UPDATE=0.028985507246376812;RANGE_SEARCH=0.07246376811594203,200.0,2000.0,700.0,200.0,1000.0,2000.0,1.308301170929548,0.03505154639175258,17,0,0.6571875,0.5,50,2103
PUBLICATION,LOCAL_HOTSPOT,LARS_NO_RUNTIME_VALIDATION,1,214013,LOCAL_HOTSPOT,19,21690,226359,1,5,226418,289775,WINDOW_COMPLETE,1024,SEARCH=0.2626953125;INSERT=0.427734375;DELETE=0.1015625;UPDATE=0.1435546875;RANGE_SEARCH=0.064453125,SEARCH=0.13043478260869565;INSERT=0.7101449275362319;DELETE=0.028985507246376812;UPDATE=0.043478260869565216;RANGE_SEARCH=0.08695652173913043,400.0,1100.0,200.0,200.0,1100.0,1100.0,0.9628402614869365,0.03464650017587056,15,0,0.6553819444444444,0.5,54,2265
PUBLICATION,LOCAL_HOTSPOT,LARS_NO_RUNTIME_VALIDATION,1,214013,LOCAL_HOTSPOT,19,21690,226359,2,6,289787,299887,RUN_END,143,SEARCH=0.21678321678321677;INSERT=0.46153846153846156;DELETE=0.08391608391608392;UPDATE=0.1888111888111888;RANGE_SEARCH=0.04895104895104895,SEARCH=0.058823529411764705;INSERT=0.5882352941176471;DELETE=0.0;UPDATE=0.23529411764705882;RANGE_SEARCH=0.11764705882352941,100.0,800.0,NaN,200.0,1100.0,1100.0,0.5638733023072666,0.03571428571428571,0,0,0.6492745535714286,0.5,56,2327
PUBLICATION,LOCAL_HOTSPOT,LARS_NO_RUNTIME_VALIDATION,1,214013,LOCAL_HOTSPOT,24,21001,286931,1,12,286940,299977,RUN_END,198,SEARCH=0.2727272727272727;INSERT=0.42424242424242425;DELETE=0.1111111111111111;UPDATE=0.14646464646464646;RANGE_SEARCH=0.045454545454545456,SEARCH=0.13636363636363635;INSERT=0.6818181818181818;DELETE=0.09090909090909091;UPDATE=0.0;RANGE_SEARCH=0.09090909090909091,100.0,4000.0,200.0,NaN,1100.0,4000.0,0.960403024465241,0.034482758620689655,0,0,0.6519607843137255,0.5,51,2128
PUBLICATION,LOCAL_HOTSPOT,LARS_NO_RUNTIME_VALIDATION,1,214013,LOCAL_HOTSPOT,5,20998,95110,5,11,271534,299827,RUN_END,464,SEARCH=0.2478448275862069;INSERT=0.4698275862068966;DELETE=0.11206896551724138;UPDATE=0.125;RANGE_SEARCH=0.04525862068965517,SEARCH=0.13333333333333333;INSERT=0.8222222222222222;DELETE=0.0;UPDATE=0.022222222222222223;RANGE_SEARCH=0.022222222222222223,200.0,1500.0,NaN,100.0,2500.0,2500.0,0.9214335957753359,0.031573754316724226,0,0,0.6650943396226415,0.5,53,2256
PUBLICATION,LOCAL_HOTSPOT,LARS_NO_RUNTIME_VALIDATION,1,214013,LOCAL_HOTSPOT,10,20997,124982,4,11,239374,299947,RUN_END,990,SEARCH=0.24141414141414141;INSERT=0.4212121212121212;DELETE=0.11313131313131314;UPDATE=0.15858585858585858;RANGE_SEARCH=0.06565656565656566,SEARCH=0.16666666666666666;INSERT=0.625;DELETE=0.013888888888888888;UPDATE=0.125;RANGE_SEARCH=0.06944444444444445,200.0,1900.0,700.0,200.0,900.0,1900.0,0.9529450477130635,0.03489347424928703,0,0,0.6145833333333334,0.5,57,2242
PUBLICATION,LOCAL_HOTSPOT,LARS_NO_RUNTIME_VALIDATION,1,214013,LOCAL_HOTSPOT,23,21604,269798,1,6,269837,299957,RUN_END,476,SEARCH=0.27941176470588236;INSERT=0.42436974789915966;DELETE=0.10504201680672269;UPDATE=0.14495798319327732;RANGE_SEARCH=0.046218487394957986,SEARCH=0.08;INSERT=0.74;DELETE=0.08;UPDATE=0.04;RANGE_SEARCH=0.06,200.0,1300.0,700.0,200.0,2200.0,2200.0,1.3013013013013013,0.033285782215882076,0,0,0.6625,0.515625,55,2332
PUBLICATION,LOCAL_HOTSPOT,LARS_NO_RUNTIME_VALIDATION,1,214013,LOCAL_HOTSPOT,18,21172,219469,2,10,288742,299990,RUN_END,172,SEARCH=0.21511627906976744;INSERT=0.5232558139534884;DELETE=0.06395348837209303;UPDATE=0.14534883720930233;RANGE_SEARCH=0.05232558139534884,SEARCH=0.0;INSERT=0.5555555555555556;DELETE=0.0;UPDATE=0.2222222222222222;RANGE_SEARCH=0.2222222222222222,NaN,600.0,NaN,100.0,3700.0,3700.0,0.5146972369395774,0.03374578177727784,0,0,0.644752358490566,0.5,53,2187
PUBLICATION,LOCAL_HOTSPOT,LARS_NO_RUNTIME_VALIDATION,1,214013,LOCAL_HOTSPOT,11,20996,134458,4,11,246107,299826,RUN_END,779,SEARCH=0.26187419768934533;INSERT=0.43517329910141206;DELETE=0.08857509627727857;UPDATE=0.15661103979460847;RANGE_SEARCH=0.057766367137355584,SEARCH=0.14285714285714285;INSERT=0.6825396825396826;DELETE=0.031746031746031744;UPDATE=0.047619047619047616;RANGE_SEARCH=0.09523809523809523,200.0,1000.0,200.0,200.0,1700.0,1700.0,0.9041284980260418,0.03156105850934693,0,0,0.6673177083333334,0.5,48,2050
PUBLICATION,LOCAL_HOTSPOT,LARS_NO_RUNTIME_VALIDATION,1,214013,LOCAL_HOTSPOT,14,21587,163476,3,7,283032,299913,RUN_END,303,SEARCH=0.29042904290429045;INSERT=0.41254125412541254;DELETE=0.11221122112211221;UPDATE=0.1353135313531353;RANGE_SEARCH=0.04950495049504951,SEARCH=0.13333333333333333;INSERT=0.6666666666666666;DELETE=0.13333333333333333;UPDATE=0.06666666666666667;RANGE_SEARCH=0.0,100.0,700.0,700.0,100.0,NaN,700.0,0.931633963973123,0.03497501784439686,0,0,0.6646205357142857,0.5,56,2382
PUBLICATION,LOCAL_HOTSPOT,LARS_NO_RUNTIME_VALIDATION,2,1664525,LOCAL_HOTSPOT,2,20999,119024,1,8,119071,150705,WINDOW_COMPLETE,1024,SEARCH=0.2548828125;INSERT=0.44140625;DELETE=0.0947265625;UPDATE=0.16015625;RANGE_SEARCH=0.048828125,SEARCH=0.125;INSERT=0.75;DELETE=0.0375;UPDATE=0.0375;RANGE_SEARCH=0.05,300.0,2900.0,600.0,200.0,1000.0,2900.0,2.0758768790264854,0.04662379421221865,6,0,0.642609126984127,0.5,63,2591
PUBLICATION,LOCAL_HOTSPOT,LARS_NO_RUNTIME_VALIDATION,2,1664525,LOCAL_HOTSPOT,5,21000,126068,1,8,126082,156850,WINDOW_COMPLETE,1024,SEARCH=0.2255859375;INSERT=0.45703125;DELETE=0.109375;UPDATE=0.1611328125;RANGE_SEARCH=0.046875,SEARCH=0.07608695652173914;INSERT=0.7391304347826086;DELETE=0.06521739130434782;UPDATE=0.06521739130434782;RANGE_SEARCH=0.05434782608695652,200.0,1300.0,700.0,200.0,1200.0,1300.0,1.1209218158122398,0.04309063893016345,4,0,0.6746926229508197,0.5,61,2634
PUBLICATION,LOCAL_HOTSPOT,LARS_NO_RUNTIME_VALIDATION,2,1664525,LOCAL_HOTSPOT,2,20999,119024,2,9,150753,180688,WINDOW_COMPLETE,1024,SEARCH=0.2607421875;INSERT=0.451171875;DELETE=0.1044921875;UPDATE=0.1328125;RANGE_SEARCH=0.05078125,SEARCH=0.05952380952380952;INSERT=0.7857142857142857;DELETE=0.047619047619047616;UPDATE=0.03571428571428571;RANGE_SEARCH=0.07142857142857142,200.0,2800.0,800.0,100.0,1500.0,2800.0,2.0042949176807445,0.03885028427037271,0,0,0.7445436507936508,0.5625,63,3002
PUBLICATION,LOCAL_HOTSPOT,LARS_NO_RUNTIME_VALIDATION,2,1664525,LOCAL_HOTSPOT,5,21000,126068,2,9,156872,189186,WINDOW_COMPLETE,1024,SEARCH=0.2490234375;INSERT=0.4580078125;DELETE=0.115234375;UPDATE=0.1376953125;RANGE_SEARCH=0.0400390625,SEARCH=0.07142857142857142;INSERT=0.7619047619047619;DELETE=0.07142857142857142;UPDATE=0.047619047619047616;RANGE_SEARCH=0.047619047619047616,300.0,1000.0,800.0,400.0,1400.0,1400.0,1.0395977942772905,0.03892565200467108,2,0,0.7564484126984127,0.5,63,3050
PUBLICATION,LOCAL_HOTSPOT,LARS_NO_RUNTIME_VALIDATION,2,1664525,LOCAL_HOTSPOT,12,21588,161100,1,5,161124,220406,WINDOW_COMPLETE,1024,SEARCH=0.23828125;INSERT=0.46484375;DELETE=0.095703125;UPDATE=0.1474609375;RANGE_SEARCH=0.0537109375,SEARCH=0.12643678160919541;INSERT=0.7011494252873564;DELETE=0.011494252873563218;UPDATE=0.034482758620689655;RANGE_SEARCH=0.12643678160919541,200.0,700.0,100.0,200.0,4600.0,4600.0,1.1698986907364313,0.03525980911983033,5,0,0.7660361842105263,0.5,38,1863
PUBLICATION,LOCAL_HOTSPOT,LARS_NO_RUNTIME_VALIDATION,2,1664525,LOCAL_HOTSPOT,2,20999,119024,3,10,180698,230375,WINDOW_COMPLETE,1024,SEARCH=0.26171875;INSERT=0.490234375;DELETE=0.0771484375;UPDATE=0.138671875;RANGE_SEARCH=0.0322265625,SEARCH=0.09473684210526316;INSERT=0.7473684210526316;DELETE=0.042105263157894736;UPDATE=0.05263157894736842;RANGE_SEARCH=0.06315789473684211,200.0,4700.0,700.0,100.0,1700.0,4700.0,3.364352183249821,0.03519577650681918,8,0,0.7360197368421053,0.5,38,1790
PUBLICATION,LOCAL_HOTSPOT,LARS_NO_RUNTIME_VALIDATION,2,1664525,LOCAL_HOTSPOT,15,21575,170768,1,5,170785,233678,WINDOW_COMPLETE,1024,SEARCH=0.25;INSERT=0.4453125;DELETE=0.107421875;UPDATE=0.1416015625;RANGE_SEARCH=0.0556640625,SEARCH=0.14606741573033707;INSERT=0.6179775280898876;DELETE=0.056179775280898875;UPDATE=0.0898876404494382;RANGE_SEARCH=0.0898876404494382,200.0,3800.0,4600.0,200.0,1100.0,4600.0,2.235294117647059,0.03413143148242486,5,0,0.7561677631578947,0.5,38,1839
PUBLICATION,LOCAL_HOTSPOT,LARS_NO_RUNTIME_VALIDATION,2,1664525,LOCAL_HOTSPOT,16,21577,176802,1,5,176908,235210,WINDOW_COMPLETE,1024,SEARCH=0.2490234375;INSERT=0.451171875;DELETE=0.1005859375;UPDATE=0.158203125;RANGE_SEARCH=0.041015625,SEARCH=0.09876543209876543;INSERT=0.691358024691358;DELETE=0.037037037037037035;UPDATE=0.04938271604938271;RANGE_SEARCH=0.12345679012345678,200.0,1200.0,700.0,200.0,1600.0,1600.0,1.1807824860834462,0.035401331931300385,6,0,0.7522865853658537,0.5,41,1974
PUBLICATION,LOCAL_HOTSPOT,LARS_NO_RUNTIME_VALIDATION,2,1664525,LOCAL_HOTSPOT,5,21000,126068,3,10,189283,252502,WINDOW_COMPLETE,1024,SEARCH=0.2353515625;INSERT=0.46484375;DELETE=0.09765625;UPDATE=0.150390625;RANGE_SEARCH=0.0517578125,SEARCH=0.07865168539325842;INSERT=0.7752808988764045;DELETE=0.033707865168539325;UPDATE=0.02247191011235955;RANGE_SEARCH=0.0898876404494382,200.0,1600.0,600.0,200.0,1000.0,1600.0,1.5067514404369267,0.03486330574366692,13,0,0.6842296511627907,0.515625,43,1883
PUBLICATION,LOCAL_HOTSPOT,LARS_NO_RUNTIME_VALIDATION,2,1664525,LOCAL_HOTSPOT,17,21606,208101,1,5,208113,268520,WINDOW_COMPLETE,1024,SEARCH=0.2685546875;INSERT=0.443359375;DELETE=0.0908203125;UPDATE=0.1416015625;RANGE_SEARCH=0.0556640625,SEARCH=0.12790697674418605;INSERT=0.6395348837209303;DELETE=0.06976744186046512;UPDATE=0.05813953488372093;RANGE_SEARCH=0.10465116279069768,300.0,1900.0,1700.0,100.0,5500.0,5500.0,1.52,0.03507214206437292,16,0,0.655,0.5,50,2096
PUBLICATION,LOCAL_HOTSPOT,LARS_NO_RUNTIME_VALIDATION,2,1664525,LOCAL_HOTSPOT,12,21588,161100,2,6,220448,281031,WINDOW_COMPLETE,1024,SEARCH=0.2412109375;INSERT=0.44140625;DELETE=0.1083984375;UPDATE=0.1484375;RANGE_SEARCH=0.060546875,SEARCH=0.09302325581395349;INSERT=0.7790697674418605;DELETE=0.011627906976744186;UPDATE=0.03488372093023256;RANGE_SEARCH=0.08139534883720931,300.0,9100.0,200.0,200.0,4800.0,9100.0,7.3983739837398375,0.03391182924396569,15,0,0.6686320754716981,0.5,53,2268
PUBLICATION,LOCAL_HOTSPOT,LARS_NO_RUNTIME_VALIDATION,2,1664525,LOCAL_HOTSPOT,16,21577,176802,2,6,235237,292953,WINDOW_COMPLETE,1024,SEARCH=0.2587890625;INSERT=0.431640625;DELETE=0.111328125;UPDATE=0.150390625;RANGE_SEARCH=0.0478515625,SEARCH=0.14772727272727273;INSERT=0.6477272727272727;DELETE=0.03409090909090909;UPDATE=0.045454545454545456;RANGE_SEARCH=0.125,400.0,6100.0,800.0,200.0,1875.0,6100.0,4.178082191780822,0.03490317953621803,17,0,0.640625,0.5,58,2378
PUBLICATION,LOCAL_HOTSPOT,LARS_NO_RUNTIME_VALIDATION,2,1664525,LOCAL_HOTSPOT,15,21575,170768,2,6,233828,296473,WINDOW_COMPLETE,1024,SEARCH=0.232421875;INSERT=0.46875;DELETE=0.1005859375;UPDATE=0.1533203125;RANGE_SEARCH=0.044921875,SEARCH=0.11627906976744186;INSERT=0.7093023255813954;DELETE=0.08139534883720931;UPDATE=0.023255813953488372;RANGE_SEARCH=0.06976744186046512,200.0,1800.0,1000.0,300.0,1400.0,1800.0,1.736425897834068,0.03167785234899329,18,0,0.6395089285714286,0.5,56,2292
PUBLICATION,LOCAL_HOTSPOT,LARS_NO_RUNTIME_VALIDATION,2,1664525,LOCAL_HOTSPOT,2,20999,119024,4,11,230472,296848,WINDOW_COMPLETE,1024,SEARCH=0.2421875;INSERT=0.4453125;DELETE=0.1171875;UPDATE=0.1484375;RANGE_SEARCH=0.046875,SEARCH=0.05263157894736842;INSERT=0.75;DELETE=0.05263157894736842;UPDATE=0.10526315789473684;RANGE_SEARCH=0.039473684210526314,200.0,7700.0,200.0,300.0,1500.0,7700.0,5.511811023622047,0.03533317524306379,14,0,0.6640625,0.515625,52,2210
PUBLICATION,LOCAL_HOTSPOT,LARS_NO_RUNTIME_VALIDATION,2,1664525,LOCAL_HOTSPOT,24,21567,288603,1,7,288664,299921,RUN_END,177,SEARCH=0.22033898305084745;INSERT=0.4180790960451977;DELETE=0.13559322033898305;UPDATE=0.1751412429378531;RANGE_SEARCH=0.05084745762711865,SEARCH=0.125;INSERT=0.875;DELETE=0.0;UPDATE=0.0;RANGE_SEARCH=0.0,200.0,900.0,NaN,NaN,NaN,900.0,0.9674418604651162,0.03225806451612903,0,0,0.6709905660377359,0.515625,53,2276
PUBLICATION,LOCAL_HOTSPOT,LARS_NO_RUNTIME_VALIDATION,2,1664525,LOCAL_HOTSPOT,16,21577,176802,3,7,293000,299948,RUN_END,131,SEARCH=0.22137404580152673;INSERT=0.4732824427480916;DELETE=0.10687022900763359;UPDATE=0.16793893129770993;RANGE_SEARCH=0.030534351145038167,SEARCH=0.0;INSERT=0.9090909090909091;DELETE=0.09090909090909091;UPDATE=0.0;RANGE_SEARCH=0.0,NaN,1100.0,200.0,NaN,NaN,1100.0,0.9310508323022401,0.03571428571428571,0,0,0.6242315573770492,0.5,61,2437
PUBLICATION,LOCAL_HOTSPOT,LARS_NO_RUNTIME_VALIDATION,2,1664525,LOCAL_HOTSPOT,5,21000,126068,4,11,252537,299999,RUN_END,763,SEARCH=0.23722149410222804;INSERT=0.44823066841415465;DELETE=0.09960681520314547;UPDATE=0.15203145478374835;RANGE_SEARCH=0.06290956749672345,SEARCH=0.1;INSERT=0.7333333333333333;DELETE=0.05;UPDATE=0.0;RANGE_SEARCH=0.11666666666666667,400.0,1800.0,200.0,NaN,6700.0,6700.0,0.9543848603201357,0.035288828950325916,0,0,0.6637620192307693,0.5,52,2209
PUBLICATION,LOCAL_HOTSPOT,LARS_NO_RUNTIME_VALIDATION,2,1664525,LOCAL_HOTSPOT,25,20999,296848,1,12,296865,299823,RUN_END,37,SEARCH=0.2972972972972973;INSERT=0.32432432432432434;DELETE=0.21621621621621623;UPDATE=0.10810810810810811;RANGE_SEARCH=0.05405405405405406,SEARCH=0.0;INSERT=1.0;DELETE=0.0;UPDATE=0.0;RANGE_SEARCH=0.0,NaN,600.0,NaN,NaN,NaN,600.0,0.9544806121125665,0.033783783783783786,0,0,0.6544811320754716,0.5,53,2220
PUBLICATION,LOCAL_HOTSPOT,LARS_NO_RUNTIME_VALIDATION,2,1664525,LOCAL_HOTSPOT,15,21575,170768,3,7,296561,299781,RUN_END,48,SEARCH=0.3125;INSERT=0.3958333333333333;DELETE=0.041666666666666664;UPDATE=0.16666666666666666;RANGE_SEARCH=0.08333333333333333,SEARCH=0.5;INSERT=0.5;DELETE=0.0;UPDATE=0.0;RANGE_SEARCH=0.0,100.0,600.0,NaN,NaN,NaN,600.0,0.9697774825639324,0.03183023872679045,0,0,0.6448102678571429,0.5,56,2311
PUBLICATION,LOCAL_HOTSPOT,LARS_NO_RUNTIME_VALIDATION,2,1664525,LOCAL_HOTSPOT,17,21606,208101,2,6,268558,299957,RUN_END,536,SEARCH=0.2537313432835821;INSERT=0.4608208955223881;DELETE=0.0914179104477612;UPDATE=0.13805970149253732;RANGE_SEARCH=0.055970149253731345,SEARCH=0.08695652173913043;INSERT=0.782608695652174;DELETE=0.021739130434782608;UPDATE=0.021739130434782608;RANGE_SEARCH=0.08695652173913043,300.0,1300.0,1000.0,200.0,8500.0,8500.0,1.04,0.03480892924706772,0,0,0.6495535714285714,0.5,56,2328
PUBLICATION,LOCAL_HOTSPOT,LARS_NO_RUNTIME_VALIDATION,2,1664525,LOCAL_HOTSPOT,12,21588,161100,3,7,281083,299945,RUN_END,314,SEARCH=0.22929936305732485;INSERT=0.4840764331210191;DELETE=0.09235668789808917;UPDATE=0.14012738853503184;RANGE_SEARCH=0.054140127388535034,SEARCH=0.041666666666666664;INSERT=0.7916666666666666;DELETE=0.041666666666666664;UPDATE=0.041666666666666664;RANGE_SEARCH=0.08333333333333333,300.0,1900.0,600.0,100.0,2000.0,2000.0,1.5447154471544715,0.032238805970149255,0,0,0.6382415254237288,0.5,59,2410
PUBLICATION,LOCAL_HOTSPOT,LARS_NO_RUNTIME_VALIDATION,2,1664525,LOCAL_HOTSPOT,21,21619,286918,1,6,286937,299937,RUN_END,208,SEARCH=0.2644230769230769;INSERT=0.4567307692307692;DELETE=0.09134615384615384;UPDATE=0.12980769230769232;RANGE_SEARCH=0.057692307692307696,SEARCH=0.1111111111111111;INSERT=0.6111111111111112;DELETE=0.05555555555555555;UPDATE=0.05555555555555555;RANGE_SEARCH=0.16666666666666666,200.0,1000.0,100.0,400.0,7300.0,7300.0,0.5924445957085628,0.03433835845896147,0,0,0.6506696428571429,0.5,56,2332
PUBLICATION,LOCAL_HOTSPOT,LARS_NO_RUNTIME_VALIDATION,3,22695477,LOCAL_HOTSPOT,9,21170,97853,1,6,97869,130678,WINDOW_COMPLETE,1024,SEARCH=0.259765625;INSERT=0.435546875;DELETE=0.10546875;UPDATE=0.138671875;RANGE_SEARCH=0.060546875,SEARCH=0.08536585365853659;INSERT=0.7073170731707317;DELETE=0.0;UPDATE=0.0975609756097561;RANGE_SEARCH=0.10975609756097561,300.0,2200.0,NaN,200.0,1300.0,2200.0,1.264367816091954,0.04452054794520548,18,0,0.6183792372881356,0.5,59,2335
PUBLICATION,LOCAL_HOTSPOT,LARS_NO_RUNTIME_VALIDATION,3,22695477,LOCAL_HOTSPOT,10,21001,102144,1,7,102185,133833,WINDOW_COMPLETE,1024,SEARCH=0.267578125;INSERT=0.4384765625;DELETE=0.1015625;UPDATE=0.1484375;RANGE_SEARCH=0.0439453125,SEARCH=0.10256410256410256;INSERT=0.6410256410256411;DELETE=0.02564102564102564;UPDATE=0.1282051282051282;RANGE_SEARCH=0.10256410256410256,200.0,2700.0,700.0,300.0,1300.0,2700.0,1.5318779172535015,0.04563758389261745,14,0,0.6308262711864406,0.5,59,2382
PUBLICATION,LOCAL_HOTSPOT,LARS_NO_RUNTIME_VALIDATION,3,22695477,LOCAL_HOTSPOT,13,20997,123987,1,8,123998,157284,WINDOW_COMPLETE,1024,SEARCH=0.2626953125;INSERT=0.4375;DELETE=0.0947265625;UPDATE=0.1630859375;RANGE_SEARCH=0.0419921875,SEARCH=0.09090909090909091;INSERT=0.6623376623376623;DELETE=0.05194805194805195;UPDATE=0.1038961038961039;RANGE_SEARCH=0.09090909090909091,200.0,3800.0,600.0,200.0,1600.0,3800.0,2.345679012345679,0.04484691677447176,3,0,0.6803495762711864,0.5,59,2569
PUBLICATION,LOCAL_HOTSPOT,LARS_NO_RUNTIME_VALIDATION,3,22695477,LOCAL_HOTSPOT,9,21170,97853,2,7,130689,162138,WINDOW_COMPLETE,1024,SEARCH=0.2490234375;INSERT=0.4560546875;DELETE=0.095703125;UPDATE=0.1455078125;RANGE_SEARCH=0.0537109375,SEARCH=0.14736842105263157;INSERT=0.7052631578947368;DELETE=0.042105263157894736;UPDATE=0.042105263157894736;RANGE_SEARCH=0.06315789473684211,300.0,4300.0,800.0,200.0,900.0,4300.0,2.471264367816092,0.040864572779466396,3,0,0.6950604838709677,0.515625,62,2758
PUBLICATION,LOCAL_HOTSPOT,LARS_NO_RUNTIME_VALIDATION,3,22695477,LOCAL_HOTSPOT,10,21001,102144,2,8,133887,166163,WINDOW_COMPLETE,1024,SEARCH=0.2568359375;INSERT=0.4375;DELETE=0.111328125;UPDATE=0.1455078125;RANGE_SEARCH=0.048828125,SEARCH=0.13157894736842105;INSERT=0.7763157894736842;DELETE=0.039473684210526314;UPDATE=0.0;RANGE_SEARCH=0.05263157894736842,200.0,1100.0,900.0,NaN,1400.0,1400.0,1.0586824333746985,0.04094599364631133,3,0,0.6995967741935484,0.53125,62,2776
PUBLICATION,LOCAL_HOTSPOT,LARS_NO_RUNTIME_VALIDATION,3,22695477,LOCAL_HOTSPOT,13,20997,123987,2,9,157299,190841,WINDOW_COMPLETE,1024,SEARCH=0.2490234375;INSERT=0.46484375;DELETE=0.0888671875;UPDATE=0.1484375;RANGE_SEARCH=0.048828125,SEARCH=0.07228915662650602;INSERT=0.8072289156626506;DELETE=0.03614457831325301;UPDATE=0.060240963855421686;RANGE_SEARCH=0.024096385542168676,200.0,3700.0,700.0,200.0,1300.0,3700.0,2.2839506172839505,0.03519417475728155,2,0,0.7681864754098361,0.5,61,2999
PUBLICATION,LOCAL_HOTSPOT,LARS_NO_RUNTIME_VALIDATION,3,22695477,LOCAL_HOTSPOT,21,21174,168402,1,8,168412,199786,WINDOW_COMPLETE,1024,SEARCH=0.3203125;INSERT=0.4013671875;DELETE=0.09375;UPDATE=0.134765625;RANGE_SEARCH=0.0498046875,SEARCH=0.0958904109589041;INSERT=0.6027397260273972;DELETE=0.0684931506849315;UPDATE=0.0684931506849315;RANGE_SEARCH=0.1643835616438356,400.0,1400.0,700.0,200.0,3500.0,3500.0,0.8957133717210493,0.03690036900369004,0,0,0.7718253968253969,0.5625,63,3112
PUBLICATION,LOCAL_HOTSPOT,LARS_NO_RUNTIME_VALIDATION,3,22695477,LOCAL_HOTSPOT,9,21170,97853,3,8,162155,200603,WINDOW_COMPLETE,1024,SEARCH=0.2373046875;INSERT=0.455078125;DELETE=0.08984375;UPDATE=0.1611328125;RANGE_SEARCH=0.056640625,SEARCH=0.08333333333333333;INSERT=0.7261904761904762;DELETE=0.047619047619047616;UPDATE=0.05952380952380952;RANGE_SEARCH=0.08333333333333333,100.0,1700.0,700.0,200.0,1200.0,1700.0,0.9770114942528736,0.03625610696837233,7,0,0.7022569444444444,0.5,36,1618
PUBLICATION,LOCAL_HOTSPOT,LARS_NO_RUNTIME_VALIDATION,3,22695477,LOCAL_HOTSPOT,10,21001,102144,3,9,166300,214475,WINDOW_COMPLETE,1024,SEARCH=0.2724609375;INSERT=0.4326171875;DELETE=0.08984375;UPDATE=0.150390625;RANGE_SEARCH=0.0546875,SEARCH=0.16091954022988506;INSERT=0.6436781609195402;DELETE=0.08045977011494253;UPDATE=0.04597701149425287;RANGE_SEARCH=0.06896551724137931,200.0,900.0,700.0,200.0,1800.0,1800.0,1.0627589926098726,0.03967391304347826,3,0,0.7724609375,0.546875,32,1582
PUBLICATION,LOCAL_HOTSPOT,LARS_NO_RUNTIME_VALIDATION,3,22695477,LOCAL_HOTSPOT,13,20997,123987,3,10,190871,245166,WINDOW_COMPLETE,1024,SEARCH=0.271484375;INSERT=0.4541015625;DELETE=0.0849609375;UPDATE=0.154296875;RANGE_SEARCH=0.03515625,SEARCH=0.13580246913580246;INSERT=0.7283950617283951;DELETE=0.024691358024691357;UPDATE=0.037037037037037035;RANGE_SEARCH=0.07407407407407407,200.0,1700.0,700.0,200.0,2700.0,2700.0,1.4313480750228125,0.033699893579283435,11,0,0.7624198717948718,0.5,39,1903
PUBLICATION,LOCAL_HOTSPOT,LARS_NO_RUNTIME_VALIDATION,3,22695477,LOCAL_HOTSPOT,21,21174,168402,2,9,199795,257696,WINDOW_COMPLETE,1024,SEARCH=0.255859375;INSERT=0.45703125;DELETE=0.1044921875;UPDATE=0.12890625;RANGE_SEARCH=0.0537109375,SEARCH=0.09210526315789473;INSERT=0.7236842105263158;DELETE=0.013157894736842105;UPDATE=0.09210526315789473;RANGE_SEARCH=0.07894736842105263,200.0,1700.0,100.0,400.0,6500.0,6500.0,1.0876519513755598,0.03211009174311927,11,0,0.7172256097560976,0.515625,41,1882
PUBLICATION,LOCAL_HOTSPOT,LARS_NO_RUNTIME_VALIDATION,3,22695477,LOCAL_HOTSPOT,9,21170,97853,4,9,200658,265253,WINDOW_COMPLETE,1024,SEARCH=0.2431640625;INSERT=0.455078125;DELETE=0.099609375;UPDATE=0.1552734375;RANGE_SEARCH=0.046875,SEARCH=0.07058823529411765;INSERT=0.7647058823529411;DELETE=0.058823529411764705;UPDATE=0.047058823529411764;RANGE_SEARCH=0.058823529411764705,300.0,1600.0,600.0,300.0,2300.0,2300.0,0.9216589861751152,0.03516540765824434,12,0,0.6640625,0.5,48,2040
PUBLICATION,LOCAL_HOTSPOT,LARS_NO_RUNTIME_VALIDATION,3,22695477,LOCAL_HOTSPOT,10,21001,102144,4,10,214487,284768,WINDOW_COMPLETE,1024,SEARCH=0.2548828125;INSERT=0.4619140625;DELETE=0.0859375;UPDATE=0.138671875;RANGE_SEARCH=0.05859375,SEARCH=0.16470588235294117;INSERT=0.6352941176470588;DELETE=0.023529411764705882;UPDATE=0.03529411764705882;RANGE_SEARCH=0.1411764705882353,400.0,2200.0,600.0,200.0,2000.0,2200.0,1.6095680554162497,0.03303919556741227,16,0,0.6565755208333334,0.5,48,2017
PUBLICATION,LOCAL_HOTSPOT,LARS_NO_RUNTIME_VALIDATION,3,22695477,LOCAL_HOTSPOT,29,21603,250487,1,6,250525,299968,RUN_END,754,SEARCH=0.23872679045092837;INSERT=0.4469496021220159;DELETE=0.09814323607427056;UPDATE=0.16312997347480107;RANGE_SEARCH=0.05305039787798409,SEARCH=0.10606060606060606;INSERT=0.7272727272727273;DELETE=0.06060606060606061;UPDATE=0.07575757575757576;RANGE_SEARCH=0.030303030303030304,200.0,2000.0,700.0,200.0,1400.0,2000.0,1.5037593984962405,0.034761519805982216,0,0,0.6600825471698113,0.5,53,2239
PUBLICATION,LOCAL_HOTSPOT,LARS_NO_RUNTIME_VALIDATION,3,22695477,LOCAL_HOTSPOT,9,21170,97853,5,10,265320,299789,RUN_END,569,SEARCH=0.21616871704745166;INSERT=0.44815465729349735;DELETE=0.12126537785588752;UPDATE=0.1616871704745167;RANGE_SEARCH=0.05272407732864675,SEARCH=0.044444444444444446;INSERT=0.6444444444444445;DELETE=0.1111111111111111;UPDATE=0.13333333333333333;RANGE_SEARCH=0.06666666666666667,200.0,3700.0,800.0,200.0,1300.0,3700.0,2.148165350673479,0.03622431208638105,0,0,0.6692216981132075,0.5,53,2270
PUBLICATION,LOCAL_HOTSPOT,LARS_NO_RUNTIME_VALIDATION,3,22695477,LOCAL_HOTSPOT,31,21600,254436,1,6,254547,299940,RUN_END,756,SEARCH=0.2698412698412698;INSERT=0.42724867724867727;DELETE=0.09391534391534391;UPDATE=0.14417989417989419;RANGE_SEARCH=0.06481481481481481,SEARCH=0.15714285714285714;INSERT=0.6857142857142857;DELETE=0.0;UPDATE=0.07142857142857142;RANGE_SEARCH=0.08571428571428572,200.0,4400.0,NaN,200.0,1900.0,4400.0,6.567164179104479,0.03264945951908228,0,0,0.6869212962962963,0.5,54,2374
PUBLICATION,LOCAL_HOTSPOT,LARS_NO_RUNTIME_VALIDATION,3,22695477,LOCAL_HOTSPOT,28,21642,239561,1,5,239629,299962,RUN_END,965,SEARCH=0.27461139896373055;INSERT=0.44870466321243524;DELETE=0.0922279792746114;UPDATE=0.13471502590673576;RANGE_SEARCH=0.049740932642487044,SEARCH=0.09876543209876543;INSERT=0.7160493827160493;DELETE=0.04938271604938271;UPDATE=0.06172839506172839;RANGE_SEARCH=0.07407407407407407,200.0,2000.0,600.0,200.0,1600.0,2000.0,2.272727272727273,0.03391449725340339,0,0,0.6224888392857143,0.5,56,2231
PUBLICATION,LOCAL_HOTSPOT,LARS_NO_RUNTIME_VALIDATION,3,22695477,LOCAL_HOTSPOT,10,21001,102144,5,11,284775,299975,RUN_END,224,SEARCH=0.23214285714285715;INSERT=0.5;DELETE=0.12053571428571429;UPDATE=0.10714285714285714;RANGE_SEARCH=0.04017857142857143,SEARCH=0.0;INSERT=0.8235294117647058;DELETE=0.11764705882352941;UPDATE=0.0;RANGE_SEARCH=0.058823529411764705,NaN,900.0,500.0,NaN,1500.0,1500.0,0.9252055134567649,0.033582089552238806,0,0,0.6370192307692307,0.5,52,2120
PUBLICATION,LOCAL_HOTSPOT,LARS_NO_RUNTIME_VALIDATION,3,22695477,LOCAL_HOTSPOT,33,21608,265060,1,6,265076,299939,RUN_END,532,SEARCH=0.25;INSERT=0.462406015037594;DELETE=0.10150375939849623;UPDATE=0.14097744360902256;RANGE_SEARCH=0.045112781954887216,SEARCH=0.043478260869565216;INSERT=0.8260869565217391;DELETE=0.021739130434782608;UPDATE=0.043478260869565216;RANGE_SEARCH=0.06521739130434782,300.0,8300.0,200.0,100.0,1200.0,8300.0,8.783068783068783,0.036276223776223776,0,0,0.6646634615384616,0.5,52,2212
PUBLICATION,LOCAL_HOTSPOT,LARS_NO_RUNTIME_VALIDATION,3,22695477,LOCAL_HOTSPOT,21,21174,168402,3,10,257713,299995,RUN_END,634,SEARCH=0.2192429022082019;INSERT=0.49369085173501576;DELETE=0.0914826498422713;UPDATE=0.14195583596214512;RANGE_SEARCH=0.05362776025236593,SEARCH=0.10526315789473684;INSERT=0.7543859649122807;DELETE=0.0;UPDATE=0.07017543859649122;RANGE_SEARCH=0.07017543859649122,200.0,2200.0,NaN,300.0,4000.0,4000.0,1.4075495841330774,0.03489889106327462,0,0,0.6284722222222222,0.5,54,2172
PUBLICATION,LOCAL_HOTSPOT,LARS_NO_RUNTIME_VALIDATION,3,22695477,LOCAL_HOTSPOT,13,20997,123987,4,11,245195,299987,RUN_END,902,SEARCH=0.2572062084257206;INSERT=0.442350332594235;DELETE=0.10310421286031042;UPDATE=0.15077605321507762;RANGE_SEARCH=0.04656319290465632,SEARCH=0.03125;INSERT=0.828125;DELETE=0.046875;UPDATE=0.015625;RANGE_SEARCH=0.078125,100.0,2900.0,200.0,200.0,1300.0,2900.0,1.7901234567901234,0.03473302229134267,0,0,0.6342075892857143,0.5,56,2273
PUBLICATION,LOCAL_HOTSPOT,LARS_NO_RUNTIME_VALIDATION,4,69069,LOCAL_HOTSPOT,3,20997,101437,1,7,101469,133230,WINDOW_COMPLETE,1024,SEARCH=0.25;INSERT=0.4384765625;DELETE=0.099609375;UPDATE=0.1650390625;RANGE_SEARCH=0.046875,SEARCH=0.07894736842105263;INSERT=0.7368421052631579;DELETE=0.039473684210526314;UPDATE=0.07894736842105263;RANGE_SEARCH=0.06578947368421052,200.0,2400.0,600.0,200.0,800.0,2400.0,2.1699819168173597,0.04480208786428882,13,0,0.6422697368421053,0.5,57,2343
PUBLICATION,LOCAL_HOTSPOT,LARS_NO_RUNTIME_VALIDATION,4,69069,LOCAL_HOTSPOT,5,21178,118458,1,6,118467,149124,WINDOW_COMPLETE,1024,SEARCH=0.2470703125;INSERT=0.451171875;DELETE=0.107421875;UPDATE=0.142578125;RANGE_SEARCH=0.0517578125,SEARCH=0.0898876404494382;INSERT=0.7191011235955056;DELETE=0.011235955056179775;UPDATE=0.06741573033707865;RANGE_SEARCH=0.11235955056179775,200.0,900.0,600.0,200.0,4200.0,4200.0,0.7324490013205864,0.047346315387552504,5,0,0.6754610655737705,0.53125,61,2637
PUBLICATION,LOCAL_HOTSPOT,LARS_NO_RUNTIME_VALIDATION,4,69069,LOCAL_HOTSPOT,6,20996,121284,1,8,121291,153377,WINDOW_COMPLETE,1024,SEARCH=0.255859375;INSERT=0.458984375;DELETE=0.099609375;UPDATE=0.1376953125;RANGE_SEARCH=0.0478515625,SEARCH=0.07142857142857142;INSERT=0.7857142857142857;DELETE=0.030612244897959183;UPDATE=0.030612244897959183;RANGE_SEARCH=0.08163265306122448,200.0,1300.0,600.0,100.0,1200.0,1300.0,1.3845481546135938,0.04612403100775194,10,0,0.6519657258064516,0.515625,62,2587
PUBLICATION,LOCAL_HOTSPOT,LARS_NO_RUNTIME_VALIDATION,4,69069,LOCAL_HOTSPOT,7,21000,125686,1,8,125699,158101,WINDOW_COMPLETE,1024,SEARCH=0.2294921875;INSERT=0.4619140625;DELETE=0.0927734375;UPDATE=0.1650390625;RANGE_SEARCH=0.05078125,SEARCH=0.12048192771084337;INSERT=0.7228915662650602;DELETE=0.0;UPDATE=0.0963855421686747;RANGE_SEARCH=0.060240963855421686,200.0,2200.0,NaN,200.0,900.0,2200.0,1.5017064846416381,0.0448742746615087,7,0,0.6872438524590164,0.515625,61,2683
PUBLICATION,LOCAL_HOTSPOT,LARS_NO_RUNTIME_VALIDATION,4,69069,LOCAL_HOTSPOT,3,20997,101437,2,8,133271,166291,WINDOW_COMPLETE,1024,SEARCH=0.2724609375;INSERT=0.4521484375;DELETE=0.091796875;UPDATE=0.1328125;RANGE_SEARCH=0.05078125,SEARCH=0.1625;INSERT=0.7;DELETE=0.0125;UPDATE=0.0375;RANGE_SEARCH=0.0875,200.0,800.0,100.0,200.0,1000.0,1000.0,1.1343506330002466,0.04118233145134507,5,0,0.6958165322580645,0.5,62,2761
PUBLICATION,LOCAL_HOTSPOT,LARS_NO_RUNTIME_VALIDATION,4,69069,LOCAL_HOTSPOT,5,21178,118458,2,7,149141,179935,WINDOW_COMPLETE,1024,SEARCH=0.2607421875;INSERT=0.458984375;DELETE=0.076171875;UPDATE=0.1533203125;RANGE_SEARCH=0.05078125,SEARCH=0.08641975308641975;INSERT=0.7530864197530864;DELETE=0.012345679012345678;UPDATE=0.037037037037037035;RANGE_SEARCH=0.1111111111111111,200.0,2000.0,200.0,200.0,4400.0,4400.0,0.639705030420966,0.03771325950314277,3,0,0.74951171875,0.515625,64,3070
PUBLICATION,LOCAL_HOTSPOT,LARS_NO_RUNTIME_VALIDATION,4,69069,LOCAL_HOTSPOT,12,20998,149856,1,9,149941,181372,WINDOW_COMPLETE,1024,SEARCH=0.244140625;INSERT=0.4462890625;DELETE=0.111328125;UPDATE=0.1435546875;RANGE_SEARCH=0.0546875,SEARCH=0.0945945945945946;INSERT=0.7972972972972973;DELETE=0.06756756756756757;UPDATE=0.02702702702702703;RANGE_SEARCH=0.013513513513513514,100.0,700.0,800.0,200.0,267.0,800.0,0.9608130372856355,0.04082876294942109,0,0,0.7135416666666666,0.53125,63,2877
PUBLICATION,LOCAL_HOTSPOT,LARS_NO_RUNTIME_VALIDATION,4,69069,LOCAL_HOTSPOT,6,20996,121284,2,9,153401,186241,WINDOW_COMPLETE,1024,SEARCH=0.25;INSERT=0.4609375;DELETE=0.0869140625;UPDATE=0.154296875;RANGE_SEARCH=0.0478515625,SEARCH=0.11235955056179775;INSERT=0.7303370786516854;DELETE=0.0449438202247191;UPDATE=0.033707865168539325;RANGE_SEARCH=0.07865168539325842,300.0,800.0,600.0,200.0,1500.0,1500.0,0.9940319325049759,0.040633608815427,1,0,0.7462797619047619,0.546875,63,3009
PUBLICATION,LOCAL_HOTSPOT,LARS_NO_RUNTIME_VALIDATION,4,69069,LOCAL_HOTSPOT,3,20997,101437,3,9,166299,198723,WINDOW_COMPLETE,1024,SEARCH=0.255859375;INSERT=0.4462890625;DELETE=0.1025390625;UPDATE=0.138671875;RANGE_SEARCH=0.056640625,SEARCH=0.12121212121212122;INSERT=0.6515151515151515;DELETE=0.10606060606060606;UPDATE=0.030303030303030304;RANGE_SEARCH=0.09090909090909091,200.0,900.0,800.0,100.0,900.0,900.0,1.003723793047979,0.03726869950482147,2,0,0.772216796875,0.515625,64,3163
PUBLICATION,LOCAL_HOTSPOT,LARS_NO_RUNTIME_VALIDATION,4,69069,LOCAL_HOTSPOT,7,21000,125686,2,9,158109,201070,WINDOW_COMPLETE,1024,SEARCH=0.2548828125;INSERT=0.4326171875;DELETE=0.1025390625;UPDATE=0.162109375;RANGE_SEARCH=0.0478515625,SEARCH=0.1375;INSERT=0.725;DELETE=0.0;UPDATE=0.0875;RANGE_SEARCH=0.05,200.0,900.0,NaN,200.0,900.0,900.0,1.1692734013711956,0.041416165664662656,5,0,0.7192234848484849,0.515625,33,1519
PUBLICATION,LOCAL_HOTSPOT,LARS_NO_RUNTIME_VALIDATION,4,69069,LOCAL_HOTSPOT,12,20998,149856,2,10,181403,216270,WINDOW_COMPLETE,1024,SEARCH=0.23046875;INSERT=0.466796875;DELETE=0.1025390625;UPDATE=0.1552734375;RANGE_SEARCH=0.044921875,SEARCH=0.05813953488372093;INSERT=0.7325581395348837;DELETE=0.03488372093023256;UPDATE=0.09302325581395349;RANGE_SEARCH=0.08139534883720931,100.0,800.0,600.0,200.0,800.0,800.0,1.0449812952688784,0.03617571059431524,2,0,0.79248046875,0.515625,32,1623
PUBLICATION,LOCAL_HOTSPOT,LARS_NO_RUNTIME_VALIDATION,4,69069,LOCAL_HOTSPOT,5,21178,118458,3,8,179956,235710,WINDOW_COMPLETE,1024,SEARCH=0.271484375;INSERT=0.443359375;DELETE=0.103515625;UPDATE=0.1328125;RANGE_SEARCH=0.048828125,SEARCH=0.07058823529411765;INSERT=0.788235294117647;DELETE=0.03529411764705882;UPDATE=0.058823529411764705;RANGE_SEARCH=0.047058823529411764,200.0,2100.0,500.0,100.0,1500.0,2100.0,0.8506465444402976,0.033929510783798,11,0,0.7280505952380952,0.515625,42,1957
PUBLICATION,LOCAL_HOTSPOT,LARS_NO_RUNTIME_VALIDATION,4,69069,LOCAL_HOTSPOT,6,20996,121284,3,10,186270,237859,WINDOW_COMPLETE,1024,SEARCH=0.2451171875;INSERT=0.4228515625;DELETE=0.107421875;UPDATE=0.162109375;RANGE_SEARCH=0.0625,SEARCH=0.12857142857142856;INSERT=0.6714285714285714;DELETE=0.05714285714285714;UPDATE=0.07142857142857142;RANGE_SEARCH=0.07142857142857142,200.0,800.0,600.0,400.0,8200.0,8200.0,1.2562086744135879,0.033240403173922364,7,0,0.7630912162162162,0.5,37,1807
PUBLICATION,LOCAL_HOTSPOT,LARS_NO_RUNTIME_VALIDATION,4,69069,LOCAL_HOTSPOT,17,21176,186524,1,7,186567,247880,WINDOW_COMPLETE,1024,SEARCH=0.2392578125;INSERT=0.482421875;DELETE=0.1044921875;UPDATE=0.1328125;RANGE_SEARCH=0.041015625,SEARCH=0.12903225806451613;INSERT=0.6774193548387096;DELETE=0.03225806451612903;UPDATE=0.0967741935483871;RANGE_SEARCH=0.06451612903225806,200.0,1600.0,600.0,200.0,1500.0,1600.0,0.9944064636420137,0.03429830081812461,9,0,0.7317708333333334,0.5,42,1967
PUBLICATION,LOCAL_HOTSPOT,LARS_NO_RUNTIME_VALIDATION,4,69069,LOCAL_HOTSPOT,3,20997,101437,4,10,198733,264954,WINDOW_COMPLETE,1024,SEARCH=0.2412109375;INSERT=0.4619140625;DELETE=0.109375;UPDATE=0.1328125;RANGE_SEARCH=0.0546875,SEARCH=0.10843373493975904;INSERT=0.6867469879518072;DELETE=0.04819277108433735;UPDATE=0.08433734939759036;RANGE_SEARCH=0.07228915662650602,200.0,1500.0,200.0,200.0,1100.0,1500.0,1.6224171590446206,0.03250603997364375,17,0,0.6344401041666666,0.5,48,1949
PUBLICATION,LOCAL_HOTSPOT,LARS_NO_RUNTIME_VALIDATION,4,69069,LOCAL_HOTSPOT,7,21000,125686,3,10,201108,266072,WINDOW_COMPLETE,1024,SEARCH=0.251953125;INSERT=0.427734375;DELETE=0.1142578125;UPDATE=0.1513671875;RANGE_SEARCH=0.0546875,SEARCH=0.12857142857142856;INSERT=0.6571428571428571;DELETE=0.04285714285714286;UPDATE=0.07142857142857142;RANGE_SEARCH=0.1,200.0,700.0,600.0,200.0,3700.0,3700.0,1.2576948700302002,0.03414523104939677,7,0,0.74609375,0.5,40,1910
PUBLICATION,LOCAL_HOTSPOT,LARS_NO_RUNTIME_VALIDATION,4,69069,LOCAL_HOTSPOT,12,20998,149856,3,11,216368,282158,WINDOW_COMPLETE,1024,SEARCH=0.25390625;INSERT=0.4287109375;DELETE=0.107421875;UPDATE=0.158203125;RANGE_SEARCH=0.0517578125,SEARCH=0.17142857142857143;INSERT=0.7;DELETE=0.04285714285714286;UPDATE=0.04285714285714286;RANGE_SEARCH=0.04285714285714286,200.0,2000.0,500.0,200.0,3000.0,3000.0,1.9496977968414893,0.03362747436203196,18,0,0.6325,0.5,50,2024
PUBLICATION,LOCAL_HOTSPOT,LARS_NO_RUNTIME_VALIDATION,4,69069,LOCAL_HOTSPOT,5,21178,118458,4,9,235724,298391,WINDOW_COMPLETE,1024,SEARCH=0.2666015625;INSERT=0.4365234375;DELETE=0.0849609375;UPDATE=0.15625;RANGE_SEARCH=0.0556640625,SEARCH=0.14285714285714285;INSERT=0.5952380952380952;DELETE=0.05952380952380952;UPDATE=0.09523809523809523;RANGE_SEARCH=0.10714285714285714,200.0,1600.0,600.0,200.0,2300.0,2300.0,1.051405342780018,0.03513770180436847,18,0,0.6184895833333334,0.5,60,2375
PUBLICATION,LOCAL_HOTSPOT,LARS_NO_RUNTIME_VALIDATION,4,69069,LOCAL_HOTSPOT,6,20996,121284,4,11,237861,299924,RUN_END,1019,SEARCH=0.2522080471050049;INSERT=0.4465161923454367;DELETE=0.09421000981354269;UPDATE=0.15996074582924436;RANGE_SEARCH=0.047105004906771344,SEARCH=0.13043478260869565;INSERT=0.7391304347826086;DELETE=0.043478260869565216;UPDATE=0.028985507246376812;RANGE_SEARCH=0.057971014492753624,200.0,2300.0,800.0,100.0,5600.0,5600.0,2.327935222672065,0.03375934410417169,0,0,0.6355113636363636,0.5,55,2237
PUBLICATION,LOCAL_HOTSPOT,LARS_NO_RUNTIME_VALIDATION,4,69069,LOCAL_HOTSPOT,3,20997,101437,5,11,264960,299973,RUN_END,496,SEARCH=0.2399193548387097;INSERT=0.48588709677419356;DELETE=0.10887096774193548;UPDATE=0.11290322580645161;RANGE_SEARCH=0.05241935483870968,SEARCH=0.19047619047619047;INSERT=0.6428571428571429;DELETE=0.023809523809523808;UPDATE=0.07142857142857142;RANGE_SEARCH=0.07142857142857142,200.0,1300.0,100.0,200.0,800.0,1300.0,1.1977151280633866,0.03432588916459884,0,0,0.6063058035714286,0.5,56,2173
PUBLICATION,LOCAL_HOTSPOT,LARS_NO_RUNTIME_VALIDATION,4,69069,LOCAL_HOTSPOT,22,21605,259805,1,6,259897,299975,RUN_END,650,SEARCH=0.27076923076923076;INSERT=0.4553846153846154;DELETE=0.07692307692307693;UPDATE=0.13846153846153847;RANGE_SEARCH=0.05846153846153846,SEARCH=0.16923076923076924;INSERT=0.7076923076923077;DELETE=0.0;UPDATE=0.09230769230769231;RANGE_SEARCH=0.03076923076923077,200.0,900.0,NaN,100.0,900.0,900.0,0.8763388510223953,0.035265172225259704,0,0,0.6568181818181819,0.5,55,2312
PUBLICATION,LOCAL_HOTSPOT,LARS_NO_RUNTIME_VALIDATION,4,69069,LOCAL_HOTSPOT,12,20998,149856,4,12,282184,299995,RUN_END,256,SEARCH=0.31640625;INSERT=0.4296875;DELETE=0.09765625;UPDATE=0.109375;RANGE_SEARCH=0.046875,SEARCH=0.2;INSERT=0.6;DELETE=0.06666666666666667;UPDATE=0.0;RANGE_SEARCH=0.13333333333333333,200.0,900.0,100.0,NaN,800.0,900.0,0.9608130372856355,0.03768115942028986,0,0,0.6270636792452831,0.5,53,2127
PUBLICATION,LOCAL_HOTSPOT,LARS_NO_RUNTIME_VALIDATION,4,69069,LOCAL_HOTSPOT,24,20999,298183,1,12,298285,299960,RUN_END,38,SEARCH=0.23684210526315788;INSERT=0.39473684210526316;DELETE=0.18421052631578946;UPDATE=0.07894736842105263;RANGE_SEARCH=0.10526315789473684,SEARCH=1.0;INSERT=0.0;DELETE=0.0;UPDATE=0.0;RANGE_SEARCH=0.0,100.0,NaN,NaN,NaN,NaN,100.0,0.9334997440923121,0.03412073490813648,0,0,0.6275568181818182,0.5,55,2209
PUBLICATION,LOCAL_HOTSPOT,LARS_NO_RUNTIME_VALIDATION,4,69069,LOCAL_HOTSPOT,7,21000,125686,4,11,266320,299972,RUN_END,562,SEARCH=0.2526690391459075;INSERT=0.46441281138790036;DELETE=0.11209964412811388;UPDATE=0.1298932384341637;RANGE_SEARCH=0.04092526690391459,SEARCH=0.1276595744680851;INSERT=0.723404255319149;DELETE=0.0851063829787234;UPDATE=0.02127659574468085;RANGE_SEARCH=0.0425531914893617,200.0,1300.0,200.0,100.0,900.0,1300.0,0.952494248236205,0.03487816531294792,0,0,0.67375,0.5,50,2156
PUBLICATION,LOCAL_HOTSPOT,LARS_NO_RUNTIME_VALIDATION,4,69069,LOCAL_HOTSPOT,17,21176,186524,2,8,248014,299878,RUN_END,885,SEARCH=0.25084745762711863;INSERT=0.4327683615819209;DELETE=0.09943502824858758;UPDATE=0.16610169491525423;RANGE_SEARCH=0.05084745762711865,SEARCH=0.15789473684210525;INSERT=0.6842105263157895;DELETE=0.02631578947368421;UPDATE=0.039473684210526314;RANGE_SEARCH=0.09210526315789473,200.0,1400.0,600.0,100.0,4200.0,4200.0,0.870105655686762,0.03419811320754717,0,0,0.6152012711864406,0.5,59,2323
PUBLICATION,LOCAL_HOTSPOT,LARS_NO_RUNTIME_VALIDATION,4,69069,LOCAL_HOTSPOT,5,21178,118458,5,10,298407,299983,RUN_END,32,SEARCH=0.34375;INSERT=0.375;DELETE=0.0625;UPDATE=0.1875;RANGE_SEARCH=0.03125,SEARCH=0.0;INSERT=1.0;DELETE=0.0;UPDATE=0.0;RANGE_SEARCH=0.0,NaN,500.0,NaN,NaN,NaN,500.0,0.5675868413474775,0.038834951456310676,0,0,0.6109118852459017,0.5,61,2385
PUBLICATION,LOCAL_HOTSPOT,LARS_NO_RUNTIME_VALIDATION,5,48271,LOCAL_HOTSPOT,7,21177,104093,1,5,104102,134820,WINDOW_COMPLETE,1024,SEARCH=0.2236328125;INSERT=0.46875;DELETE=0.095703125;UPDATE=0.1611328125;RANGE_SEARCH=0.05078125,SEARCH=0.12658227848101267;INSERT=0.759493670886076;DELETE=0.02531645569620253;UPDATE=0.02531645569620253;RANGE_SEARCH=0.06329113924050633,4100.0,1900.0,800.0,300.0,5300.0,5300.0,1.5702479338842976,0.04519309778142974,13,0,0.6575520833333334,0.5,60,2525
PUBLICATION,LOCAL_HOTSPOT,LARS_NO_RUNTIME_VALIDATION,5,48271,LOCAL_HOTSPOT,7,21177,104093,2,6,134827,164142,WINDOW_COMPLETE,1024,SEARCH=0.2529296875;INSERT=0.4658203125;DELETE=0.0888671875;UPDATE=0.1494140625;RANGE_SEARCH=0.04296875,SEARCH=0.1;INSERT=0.7625;DELETE=0.0125;UPDATE=0.05;RANGE_SEARCH=0.075,300.0,2700.0,500.0,300.0,14100.0,14100.0,2.231404958677686,0.04192546583850932,5,0,0.7119140625,0.5,32,1458
PUBLICATION,LOCAL_HOTSPOT,LARS_NO_RUNTIME_VALIDATION,5,48271,LOCAL_HOTSPOT,7,21177,104093,3,7,164179,228596,WINDOW_COMPLETE,1024,SEARCH=0.2509765625;INSERT=0.4482421875;DELETE=0.1123046875;UPDATE=0.1513671875;RANGE_SEARCH=0.037109375,SEARCH=0.11290322580645161;INSERT=0.6774193548387096;DELETE=0.06451612903225806;UPDATE=0.0967741935483871;RANGE_SEARCH=0.04838709677419355,500.0,1100.0,600.0,300.0,1400.0,1400.0,0.9090909090909091,0.03571428571428571,10,0,0.6945684523809523,0.5,42,1867
PUBLICATION,LOCAL_HOTSPOT,LARS_NO_RUNTIME_VALIDATION,5,48271,LOCAL_HOTSPOT,19,21580,180601,1,5,180742,242161,WINDOW_COMPLETE,1024,SEARCH=0.25390625;INSERT=0.4375;DELETE=0.107421875;UPDATE=0.16015625;RANGE_SEARCH=0.041015625,SEARCH=0.13846153846153847;INSERT=0.8153846153846154;DELETE=0.015384615384615385;UPDATE=0.015384615384615385;RANGE_SEARCH=0.015384615384615385,400.0,11700.0,200.0,300.0,1900.0,11700.0,7.8,0.03665785997357992,7,0,0.7324695121951219,0.5,41,1922
PUBLICATION,LOCAL_HOTSPOT,LARS_NO_RUNTIME_VALIDATION,5,48271,LOCAL_HOTSPOT,21,20996,198534,1,10,198581,261745,WINDOW_COMPLETE,1024,SEARCH=0.2431640625;INSERT=0.4423828125;DELETE=0.10546875;UPDATE=0.1611328125;RANGE_SEARCH=0.0478515625,SEARCH=0.1044776119402985;INSERT=0.7164179104477612;DELETE=0.014925373134328358;UPDATE=0.05970149253731343;RANGE_SEARCH=0.1044776119402985,400.0,1600.0,600.0,200.0,3600.0,3600.0,1.3182913538055414,0.03258454702542582,9,0,0.7244318181818182,0.5,44,2040
PUBLICATION,LOCAL_HOTSPOT,LARS_NO_RUNTIME_VALIDATION,5,48271,LOCAL_HOTSPOT,7,21177,104093,4,8,228616,289127,WINDOW_COMPLETE,1024,SEARCH=0.2529296875;INSERT=0.4423828125;DELETE=0.109375;UPDATE=0.1416015625;RANGE_SEARCH=0.0537109375,SEARCH=0.14102564102564102;INSERT=0.6923076923076923;DELETE=0.038461538461538464;UPDATE=0.0641025641025641;RANGE_SEARCH=0.0641025641025641,200.0,4600.0,900.0,300.0,1600.0,4600.0,3.8365304420350292,0.03547373147732375,12,0,0.6588541666666666,0.5,54,2277
PUBLICATION,LOCAL_HOTSPOT,LARS_NO_RUNTIME_VALIDATION,5,48271,LOCAL_HOTSPOT,7,21177,104093,5,9,289141,299911,RUN_END,186,SEARCH=0.1989247311827957;INSERT=0.46236559139784944;DELETE=0.13440860215053763;UPDATE=0.13978494623655913;RANGE_SEARCH=0.06451612903225806,SEARCH=0.0;INSERT=0.8461538461538461;DELETE=0.07692307692307693;UPDATE=0.07692307692307693;RANGE_SEARCH=0.0,NaN,800.0,100.0,200.0,NaN,800.0,0.5291861213102065,0.034761519805982216,0,0,0.6461074561403509,0.5,57,2357
PUBLICATION,LOCAL_HOTSPOT,LARS_NO_RUNTIME_VALIDATION,5,48271,LOCAL_HOTSPOT,22,21596,244511,1,6,244597,299978,RUN_END,943,SEARCH=0.22163308589607636;INSERT=0.4740190880169671;DELETE=0.10922587486744433;UPDATE=0.13997879109225875;RANGE_SEARCH=0.05514316012725345,SEARCH=0.1282051282051282;INSERT=0.6282051282051282;DELETE=0.05128205128205128;UPDATE=0.1282051282051282;RANGE_SEARCH=0.0641025641025641,200.0,1300.0,900.0,200.0,2700.0,2700.0,0.9034938289243756,0.033408485345357654,0,0,0.63984375,0.5,60,2457
PUBLICATION,LOCAL_HOTSPOT,LARS_NO_RUNTIME_VALIDATION,5,48271,LOCAL_HOTSPOT,24,21609,272369,1,6,272381,299980,RUN_END,455,SEARCH=0.21318681318681318;INSERT=0.47692307692307695;DELETE=0.11868131868131868;UPDATE=0.16043956043956045;RANGE_SEARCH=0.03076923076923077,SEARCH=0.06666666666666667;INSERT=0.7333333333333333;DELETE=0.03333333333333333;UPDATE=0.03333333333333333;RANGE_SEARCH=0.13333333333333333,100.0,700.0,200.0,200.0,1200.0,1200.0,0.7342627233899963,0.03363914373088685,0,0,0.7156862745098039,0.515625,51,2336
PUBLICATION,LOCAL_HOTSPOT,LARS_NO_RUNTIME_VALIDATION,5,48271,LOCAL_HOTSPOT,19,21580,180601,2,6,242211,299946,RUN_END,934,SEARCH=0.23019271948608136;INSERT=0.47751605995717344;DELETE=0.09957173447537473;UPDATE=0.1423982869379015;RANGE_SEARCH=0.05032119914346895,SEARCH=0.09302325581395349;INSERT=0.7325581395348837;DELETE=0.023255813953488372;UPDATE=0.046511627906976744;RANGE_SEARCH=0.10465116279069768,200.0,1400.0,200.0,200.0,1800.0,1800.0,0.9333333333333333,0.03322565759113982,0,0,0.6534598214285714,0.5,56,2342
PUBLICATION,LOCAL_HOTSPOT,LARS_NO_RUNTIME_VALIDATION,5,48271,LOCAL_HOTSPOT,21,20996,198534,2,11,261784,299989,RUN_END,623,SEARCH=0.24558587479935795;INSERT=0.4622792937399679;DELETE=0.09630818619582665;UPDATE=0.1348314606741573;RANGE_SEARCH=0.060995184590690206,SEARCH=0.13333333333333333;INSERT=0.7333333333333333;DELETE=0.06666666666666667;UPDATE=0.044444444444444446;RANGE_SEARCH=0.022222222222222223,200.0,1700.0,200.0,200.0,2000.0,2000.0,0.9396951623591783,0.03256189451022605,0,0,0.6236530172413793,0.5,58,2315
PUBLICATION,LOCAL_HOTSPOT,LARS_NO_RUNTIME_VALIDATION,6,134775813,LOCAL_HOTSPOT,4,20997,128877,1,8,128953,160677,WINDOW_COMPLETE,1024,SEARCH=0.240234375;INSERT=0.443359375;DELETE=0.107421875;UPDATE=0.16015625;RANGE_SEARCH=0.048828125,SEARCH=0.1232876712328767;INSERT=0.7397260273972602;DELETE=0.0273972602739726;UPDATE=0.0547945205479452;RANGE_SEARCH=0.0547945205479452,200.0,1600.0,200.0,200.0,900.0,1600.0,1.0284782277023903,0.041348158443363446,3,0,0.676513671875,0.546875,64,2771
PUBLICATION,LOCAL_HOTSPOT,LARS_NO_RUNTIME_VALIDATION,6,134775813,LOCAL_HOTSPOT,4,20997,128877,2,9,160719,200678,WINDOW_COMPLETE,1024,SEARCH=0.26171875;INSERT=0.4638671875;DELETE=0.0869140625;UPDATE=0.1376953125;RANGE_SEARCH=0.0498046875,SEARCH=0.12162162162162163;INSERT=0.7432432432432432;DELETE=0.04054054054054054;UPDATE=0.02702702702702703;RANGE_SEARCH=0.06756756756756757,200.0,1800.0,700.0,200.0,1000.0,1800.0,1.0126012601260126,0.035483870967741936,2,0,0.7840909090909091,0.5,33,1656
PUBLICATION,LOCAL_HOTSPOT,LARS_NO_RUNTIME_VALIDATION,6,134775813,LOCAL_HOTSPOT,10,21553,160586,1,5,160615,224857,WINDOW_COMPLETE,1024,SEARCH=0.24609375;INSERT=0.4677734375;DELETE=0.087890625;UPDATE=0.1484375;RANGE_SEARCH=0.0498046875,SEARCH=0.08235294117647059;INSERT=0.7294117647058823;DELETE=0.023529411764705882;UPDATE=0.058823529411764705;RANGE_SEARCH=0.10588235294117647,200.0,800.0,600.0,200.0,4500.0,4500.0,1.0992463252255684,0.03551178752611161,3,0,0.765625,0.515625,36,1764
PUBLICATION,LOCAL_HOTSPOT,LARS_NO_RUNTIME_VALIDATION,6,134775813,LOCAL_HOTSPOT,11,21585,174158,1,5,174235,234342,WINDOW_COMPLETE,1024,SEARCH=0.251953125;INSERT=0.44921875;DELETE=0.1005859375;UPDATE=0.154296875;RANGE_SEARCH=0.0439453125,SEARCH=0.13333333333333333;INSERT=0.7733333333333333;DELETE=0.013333333333333334;UPDATE=0.02666666666666667;RANGE_SEARCH=0.05333333333333334,200.0,800.0,800.0,200.0,7800.0,7800.0,1.2596087296094283,0.03527980535279805,7,0,0.7362804878048781,0.5,41,1932
PUBLICATION,LOCAL_HOTSPOT,LARS_NO_RUNTIME_VALIDATION,6,134775813,LOCAL_HOTSPOT,12,21170,184307,1,7,184320,246403,WINDOW_COMPLETE,1024,SEARCH=0.2744140625;INSERT=0.43359375;DELETE=0.08984375;UPDATE=0.146484375;RANGE_SEARCH=0.0556640625,SEARCH=0.11392405063291139;INSERT=0.7341772151898734;DELETE=0.0379746835443038;UPDATE=0.06329113924050633;RANGE_SEARCH=0.05063291139240506,200.0,900.0,200.0,300.0,1800.0,1800.0,0.7971716330195942,0.035386029411764705,10,0,0.7059659090909091,0.5,44,1988
PUBLICATION,LOCAL_HOTSPOT,LARS_NO_RUNTIME_VALIDATION,6,134775813,LOCAL_HOTSPOT,4,20997,128877,3,10,200793,269147,WINDOW_COMPLETE,1024,SEARCH=0.2568359375;INSERT=0.458984375;DELETE=0.091796875;UPDATE=0.1396484375;RANGE_SEARCH=0.052734375,SEARCH=0.07228915662650602;INSERT=0.7228915662650602;DELETE=0.012048192771084338;UPDATE=0.060240963855421686;RANGE_SEARCH=0.13253012048192772,200.0,2100.0,100.0,200.0,1900.0,2100.0,1.5741080974704396,0.03323903818953324,16,0,0.6664540816326531,0.5,49,2090
PUBLICATION,LOCAL_HOTSPOT,LARS_NO_RUNTIME_VALIDATION,6,134775813,LOCAL_HOTSPOT,14,21621,215366,1,5,215400,278687,WINDOW_COMPLETE,1024,SEARCH=0.2509765625;INSERT=0.4580078125;DELETE=0.087890625;UPDATE=0.14453125;RANGE_SEARCH=0.05859375,SEARCH=0.06493506493506493;INSERT=0.7272727272727273;DELETE=0.03896103896103896;UPDATE=0.07792207792207792;RANGE_SEARCH=0.09090909090909091,200.0,1700.0,900.0,200.0,4300.0,4300.0,1.683168316831683,0.033495618305744886,15,0,0.661875,0.5,50,2118
PUBLICATION,LOCAL_HOTSPOT,LARS_NO_RUNTIME_VALIDATION,6,134775813,LOCAL_HOTSPOT,10,21553,160586,2,6,224957,289180,WINDOW_COMPLETE,1024,SEARCH=0.248046875;INSERT=0.4228515625;DELETE=0.109375;UPDATE=0.1552734375;RANGE_SEARCH=0.064453125,SEARCH=0.1076923076923077;INSERT=0.6923076923076923;DELETE=0.015384615384615385;UPDATE=0.07692307692307693;RANGE_SEARCH=0.1076923076923077,300.0,1700.0,200.0,300.0,4500.0,4500.0,1.7282295921598427,0.03261267863686332,17,0,0.6356132075471698,0.5,53,2156
PUBLICATION,LOCAL_HOTSPOT,LARS_NO_RUNTIME_VALIDATION,6,134775813,LOCAL_HOTSPOT,15,21606,226350,1,5,226418,289597,WINDOW_COMPLETE,1024,SEARCH=0.25390625;INSERT=0.4423828125;DELETE=0.099609375;UPDATE=0.146484375;RANGE_SEARCH=0.0576171875,SEARCH=0.08045977011494253;INSERT=0.7011494252873564;DELETE=0.05747126436781609;UPDATE=0.06896551724137931;RANGE_SEARCH=0.09195402298850575,200.0,1300.0,800.0,200.0,1700.0,1700.0,1.3147223258688958,0.03295592397897291,19,0,0.6500589622641509,0.5,53,2205
PUBLICATION,LOCAL_HOTSPOT,LARS_NO_RUNTIME_VALIDATION,6,134775813,LOCAL_HOTSPOT,11,21585,174158,2,6,234345,296133,WINDOW_COMPLETE,1024,SEARCH=0.2578125;INSERT=0.45703125;DELETE=0.0927734375;UPDATE=0.140625;RANGE_SEARCH=0.0517578125,SEARCH=0.04938271604938271;INSERT=0.7407407407407407;DELETE=0.06172839506172839;UPDATE=0.06172839506172839;RANGE_SEARCH=0.08641975308641975,200.0,1800.0,800.0,300.0,8900.0,8900.0,1.9148936170212767,0.03390201224846894,13,0,0.6846064814814815,0.5,54,2366
PUBLICATION,LOCAL_HOTSPOT,LARS_NO_RUNTIME_VALIDATION,6,134775813,LOCAL_HOTSPOT,15,21606,226350,2,6,289636,299779,RUN_END,165,SEARCH=0.24848484848484848;INSERT=0.46060606060606063;DELETE=0.07878787878787878;UPDATE=0.15757575757575756;RANGE_SEARCH=0.05454545454545454,SEARCH=0.125;INSERT=0.875;DELETE=0.0;UPDATE=0.0;RANGE_SEARCH=0.0,100.0,1000.0,NaN,NaN,NaN,1000.0,0.7008538674764245,0.03602484472049689,0,0,0.6712853773584906,0.5,53,2277
PUBLICATION,LOCAL_HOTSPOT,LARS_NO_RUNTIME_VALIDATION,6,134775813,LOCAL_HOTSPOT,20,21640,291625,1,6,291681,299998,RUN_END,131,SEARCH=0.22137404580152673;INSERT=0.5114503816793893;DELETE=0.10687022900763359;UPDATE=0.11450381679389313;RANGE_SEARCH=0.04580152671755725,SEARCH=0.0;INSERT=0.75;DELETE=0.0;UPDATE=0.25;RANGE_SEARCH=0.0,NaN,900.0,NaN,200.0,NaN,900.0,0.6202584468730534,0.03642384105960265,0,0,0.6039870689655172,0.5,58,2242
PUBLICATION,LOCAL_HOTSPOT,LARS_NO_RUNTIME_VALIDATION,6,134775813,LOCAL_HOTSPOT,18,21627,275937,1,6,276019,299991,RUN_END,386,SEARCH=0.27202072538860106;INSERT=0.4067357512953368;DELETE=0.10362694300518134;UPDATE=0.14507772020725387;RANGE_SEARCH=0.07253886010362694,SEARCH=0.14814814814814814;INSERT=0.7407407407407407;DELETE=0.0;UPDATE=0.0;RANGE_SEARCH=0.1111111111111111,200.0,2400.0,NaN,NaN,1800.0,2400.0,1.596806387225549,0.034724931720639875,0,0,0.6306818181818182,0.5,55,2220
PUBLICATION,LOCAL_HOTSPOT,LARS_NO_RUNTIME_VALIDATION,6,134775813,LOCAL_HOTSPOT,10,21553,160586,3,7,289196,299976,RUN_END,180,SEARCH=0.18888888888888888;INSERT=0.5111111111111111;DELETE=0.1;UPDATE=0.09444444444444444;RANGE_SEARCH=0.10555555555555556,SEARCH=0.0;INSERT=0.8461538461538461;DELETE=0.07692307692307693;UPDATE=0.0;RANGE_SEARCH=0.07692307692307693,NaN,1500.0,700.0,NaN,1100.0,1500.0,0.9683037269244165,0.0368,0,0,0.6369318181818182,0.5,55,2242
PUBLICATION,LOCAL_HOTSPOT,LARS_NO_RUNTIME_VALIDATION,6,134775813,LOCAL_HOTSPOT,11,21585,174158,3,7,296271,299951,RUN_END,63,SEARCH=0.23809523809523808;INSERT=0.4603174603174603;DELETE=0.07936507936507936;UPDATE=0.12698412698412698;RANGE_SEARCH=0.09523809523809523,SEARCH=0.0;INSERT=1.0;DELETE=0.0;UPDATE=0.0;RANGE_SEARCH=0.0,NaN,600.0,NaN,NaN,NaN,600.0,0.9574885546108568,0.03365384615384615,0,0,0.6927083333333334,0.5,54,2394
PUBLICATION,LOCAL_HOTSPOT,LARS_NO_RUNTIME_VALIDATION,6,134775813,LOCAL_HOTSPOT,12,21170,184307,2,8,246426,299934,RUN_END,827,SEARCH=0.25272067714631197;INSERT=0.4655380894800484;DELETE=0.08706166868198308;UPDATE=0.15598548972188633;RANGE_SEARCH=0.03869407496977025,SEARCH=0.04;INSERT=0.8;DELETE=0.06;UPDATE=0.04;RANGE_SEARCH=0.06,500.0,1200.0,1000.0,200.0,1400.0,1400.0,0.6567066163191594,0.03359889158295809,0,0,0.6428179824561403,0.5,57,2345
PUBLICATION,LOCAL_HOTSPOT,LARS_NO_RUNTIME_VALIDATION,6,134775813,LOCAL_HOTSPOT,4,20997,128877,4,11,269157,299997,RUN_END,490,SEARCH=0.25918367346938775;INSERT=0.41020408163265304;DELETE=0.11224489795918367;UPDATE=0.1673469387755102;RANGE_SEARCH=0.05102040816326531,SEARCH=0.11428571428571428;INSERT=0.7428571428571429;DELETE=0.02857142857142857;UPDATE=0.08571428571428572;RANGE_SEARCH=0.02857142857142857,200.0,1700.0,1600.0,100.0,1700.0,1700.0,0.9563456345634562,0.035153019023986765,0,0,0.6339285714285714,0.5,56,2272
PUBLICATION,LOCAL_HOTSPOT,LARS_NO_RUNTIME_VALIDATION,6,134775813,LOCAL_HOTSPOT,14,21621,215366,2,6,278734,299987,RUN_END,309,SEARCH=0.24271844660194175;INSERT=0.47249190938511326;DELETE=0.10679611650485436;UPDATE=0.13915857605177995;RANGE_SEARCH=0.038834951456310676,SEARCH=0.19230769230769232;INSERT=0.6153846153846154;DELETE=0.07692307692307693;UPDATE=0.0;RANGE_SEARCH=0.11538461538461539,300.0,1400.0,1000.0,NaN,2900.0,2900.0,1.386138613861386,0.03696098562628337,0,0,0.6769831730769231,0.5,52,2253
PUBLICATION,LOCAL_HOTSPOT,LARS_NO_RUNTIME_VALIDATION,7,16807,LOCAL_HOTSPOT,2,21170,78817,1,5,78838,110980,WINDOW_COMPLETE,1024,SEARCH=0.2509765625;INSERT=0.4541015625;DELETE=0.0947265625;UPDATE=0.1533203125;RANGE_SEARCH=0.046875,SEARCH=0.09210526315789473;INSERT=0.75;DELETE=0.02631578947368421;UPDATE=0.06578947368421052;RANGE_SEARCH=0.06578947368421052,200.0,900.0,900.0,200.0,900.0,900.0,1.0112359550561798,0.045203415369161226,12,0,0.6990489130434783,0.5,46,2058
PUBLICATION,LOCAL_HOTSPOT,LARS_NO_RUNTIME_VALIDATION,7,16807,LOCAL_HOTSPOT,2,21170,78817,2,6,110985,142677,WINDOW_COMPLETE,1024,SEARCH=0.251953125;INSERT=0.4404296875;DELETE=0.1015625;UPDATE=0.1474609375;RANGE_SEARCH=0.05859375,SEARCH=0.08235294117647059;INSERT=0.6823529411764706;DELETE=0.023529411764705882;UPDATE=0.08235294117647059;RANGE_SEARCH=0.12941176470588237,400.0,1300.0,700.0,200.0,3700.0,3700.0,1.4606741573033706,0.04260237780713342,14,0,0.6377604166666667,0.5,60,2449
PUBLICATION,LOCAL_HOTSPOT,LARS_NO_RUNTIME_VALIDATION,7,16807,LOCAL_HOTSPOT,9,20999,133093,1,8,133104,164135,WINDOW_COMPLETE,1024,SEARCH=0.2607421875;INSERT=0.4306640625;DELETE=0.0908203125;UPDATE=0.1572265625;RANGE_SEARCH=0.060546875,SEARCH=0.08695652173913043;INSERT=0.6811594202898551;DELETE=0.028985507246376812;UPDATE=0.07246376811594203;RANGE_SEARCH=0.13043478260869565,200.0,2000.0,600.0,200.0,6700.0,6700.0,0.999000999000999,0.041766109785202864,1,0,0.682373046875,0.5625,64,2795
PUBLICATION,LOCAL_HOTSPOT,LARS_NO_RUNTIME_VALIDATION,7,16807,LOCAL_HOTSPOT,10,21000,137739,1,8,137750,169923,WINDOW_COMPLETE,1024,SEARCH=0.244140625;INSERT=0.443359375;DELETE=0.1005859375;UPDATE=0.1533203125;RANGE_SEARCH=0.05859375,SEARCH=0.12903225806451613;INSERT=0.7526881720430108;DELETE=0.010752688172043012;UPDATE=0.053763440860215055;RANGE_SEARCH=0.053763440860215055,300.0,1100.0,100.0,200.0,1100.0,1100.0,0.9364000499870153,0.04285714285714286,0,0,0.7169270833333333,0.53125,60,2753
PUBLICATION,LOCAL_HOTSPOT,LARS_NO_RUNTIME_VALIDATION,7,16807,LOCAL_HOTSPOT,2,21170,78817,3,7,142691,173533,WINDOW_COMPLETE,1024,SEARCH=0.23828125;INSERT=0.46484375;DELETE=0.095703125;UPDATE=0.158203125;RANGE_SEARCH=0.04296875,SEARCH=0.09375;INSERT=0.75;DELETE=0.010416666666666666;UPDATE=0.08333333333333333;RANGE_SEARCH=0.0625,200.0,2500.0,800.0,100.0,1500.0,2500.0,2.808988764044944,0.04119704624951419,4,0,0.700927734375,0.5,64,2871
PUBLICATION,LOCAL_HOTSPOT,LARS_NO_RUNTIME_VALIDATION,7,16807,LOCAL_HOTSPOT,10,21000,137739,2,9,169963,206267,WINDOW_COMPLETE,1024,SEARCH=0.255859375;INSERT=0.46484375;DELETE=0.0849609375;UPDATE=0.142578125;RANGE_SEARCH=0.0517578125,SEARCH=0.10227272727272728;INSERT=0.7045454545454546;DELETE=0.03409090909090909;UPDATE=0.07954545454545454;RANGE_SEARCH=0.07954545454545454,200.0,900.0,200.0,200.0,1800.0,1800.0,1.1939430820708912,0.0366920688681908,6,0,0.7443181818181818,0.5,33,1572
PUBLICATION,LOCAL_HOTSPOT,LARS_NO_RUNTIME_VALIDATION,7,16807,LOCAL_HOTSPOT,9,20999,133093,2,9,164149,214179,WINDOW_COMPLETE,1024,SEARCH=0.2587890625;INSERT=0.4296875;DELETE=0.11328125;UPDATE=0.1455078125;RANGE_SEARCH=0.052734375,SEARCH=0.12790697674418605;INSERT=0.6744186046511628;DELETE=0.046511627906976744;UPDATE=0.03488372093023256;RANGE_SEARCH=0.11627906976744186,200.0,1400.0,700.0,200.0,4000.0,4000.0,1.0676048288756834,0.03697131026323573,3,0,0.7624080882352942,0.5,34,1659
PUBLICATION,LOCAL_HOTSPOT,LARS_NO_RUNTIME_VALIDATION,7,16807,LOCAL_HOTSPOT,2,21170,78817,4,8,173579,230563,WINDOW_COMPLETE,1024,SEARCH=0.2333984375;INSERT=0.4814453125;DELETE=0.08984375;UPDATE=0.1474609375;RANGE_SEARCH=0.0478515625,SEARCH=0.0759493670886076;INSERT=0.7468354430379747;DELETE=0.02531645569620253;UPDATE=0.08860759493670886;RANGE_SEARCH=0.06329113924050633,200.0,1000.0,200.0,200.0,1700.0,1700.0,1.1235955056179776,0.03625837903717245,9,0,0.7265625,0.515625,40,1860
PUBLICATION,LOCAL_HOTSPOT,LARS_NO_RUNTIME_VALIDATION,7,16807,LOCAL_HOTSPOT,10,21000,137739,3,10,206422,272867,WINDOW_COMPLETE,1024,SEARCH=0.26953125;INSERT=0.435546875;DELETE=0.1025390625;UPDATE=0.140625;RANGE_SEARCH=0.0517578125,SEARCH=0.11392405063291139;INSERT=0.759493670886076;DELETE=0.02531645569620253;UPDATE=0.02531645569620253;RANGE_SEARCH=0.0759493670886076,200.0,4100.0,600.0,200.0,3700.0,4100.0,2.731512325116589,0.03392645314353499,12,0,0.6868055555555556,0.5,45,1978
PUBLICATION,LOCAL_HOTSPOT,LARS_NO_RUNTIME_VALIDATION,7,16807,LOCAL_HOTSPOT,9,20999,133093,3,10,214203,279044,WINDOW_COMPLETE,1024,SEARCH=0.2529296875;INSERT=0.431640625;DELETE=0.09765625;UPDATE=0.166015625;RANGE_SEARCH=0.0517578125,SEARCH=0.07228915662650602;INSERT=0.8072289156626506;DELETE=0.012048192771084338;UPDATE=0.024096385542168676;RANGE_SEARCH=0.08433734939759036,200.0,1700.0,200.0,100.0,3700.0,3700.0,1.6228759322487023,0.03431481071507638,16,0,0.6459375,0.5,50,2067
PUBLICATION,LOCAL_HOTSPOT,LARS_NO_RUNTIME_VALIDATION,7,16807,LOCAL_HOTSPOT,2,21170,78817,5,9,230569,291296,WINDOW_COMPLETE,1024,SEARCH=0.255859375;INSERT=0.44921875;DELETE=0.103515625;UPDATE=0.150390625;RANGE_SEARCH=0.041015625,SEARCH=0.14130434782608695;INSERT=0.6956521739130435;DELETE=0.043478260869565216;UPDATE=0.010869565217391304;RANGE_SEARCH=0.10869565217391304,200.0,1400.0,600.0,200.0,4100.0,4100.0,1.5730337078651686,0.03313840155945419,14,0,0.6617476851851852,0.5,54,2287
PUBLICATION,LOCAL_HOTSPOT,LARS_NO_RUNTIME_VALIDATION,7,16807,LOCAL_HOTSPOT,9,20999,133093,4,11,279058,299999,RUN_END,309,SEARCH=0.22330097087378642;INSERT=0.4627831715210356;DELETE=0.11003236245954692;UPDATE=0.15857605177993528;RANGE_SEARCH=0.045307443365695796,SEARCH=0.06666666666666667;INSERT=0.7666666666666667;DELETE=0.03333333333333333;UPDATE=0.03333333333333333;RANGE_SEARCH=0.1,200.0,2100.0,200.0,100.0,1500.0,2100.0,1.048951048951049,0.03271375464684015,0,0,0.6135602678571429,0.5,56,2199
PUBLICATION,LOCAL_HOTSPOT,LARS_NO_RUNTIME_VALIDATION,7,16807,LOCAL_HOTSPOT,2,21170,78817,6,10,291306,299912,RUN_END,134,SEARCH=0.30597014925373134;INSERT=0.41044776119402987;DELETE=0.08955223880597014;UPDATE=0.15671641791044777;RANGE_SEARCH=0.03731343283582089,SEARCH=0.23076923076923078;INSERT=0.7692307692307693;DELETE=0.0;UPDATE=0.0;RANGE_SEARCH=0.0,200.0,1500.0,NaN,NaN,NaN,1500.0,0.5498865030176981,0.031007751937984496,0,0,0.6417214912280702,0.5,57,2341
PUBLICATION,LOCAL_HOTSPOT,LARS_NO_RUNTIME_VALIDATION,7,16807,LOCAL_HOTSPOT,10,21000,137739,4,11,272885,299925,RUN_END,427,SEARCH=0.2459016393442623;INSERT=0.44730679156908665;DELETE=0.09836065573770492;UPDATE=0.1756440281030445;RANGE_SEARCH=0.03278688524590164,SEARCH=0.09375;INSERT=0.8125;DELETE=0.0;UPDATE=0.03125;RANGE_SEARCH=0.0625,200.0,1000.0,NaN,100.0,1100.0,1100.0,0.9364000499870153,0.03527168732125834,0,0,0.6469350961538461,0.5,52,2153
PUBLICATION,LOCAL_HOTSPOT,LARS_NO_RUNTIME_VALIDATION,7,16807,LOCAL_HOTSPOT,20,21573,292911,1,7,292918,299908,RUN_END,116,SEARCH=0.2672413793103448;INSERT=0.4396551724137931;DELETE=0.06896551724137931;UPDATE=0.13793103448275862;RANGE_SEARCH=0.08620689655172414,SEARCH=0.2857142857142857;INSERT=0.5714285714285714;DELETE=0.14285714285714285;UPDATE=0.0;RANGE_SEARCH=0.0,100.0,800.0,200.0,NaN,NaN,800.0,0.9368799703192296,0.03595724003887269,0,0,0.6342690677966102,0.5,59,2395
PUBLICATION,LOCAL_HOTSPOT,LARS_NO_RUNTIME_VALIDATION,7,16807,LOCAL_HOTSPOT,15,21634,245877,1,5,245913,299973,RUN_END,920,SEARCH=0.22065217391304348;INSERT=0.44021739130434784;DELETE=0.11413043478260869;UPDATE=0.16304347826086957;RANGE_SEARCH=0.06195652173913044,SEARCH=0.13513513513513514;INSERT=0.6621621621621622;DELETE=0.02702702702702703;UPDATE=0.0945945945945946;RANGE_SEARCH=0.08108108108108109,200.0,2200.0,200.0,200.0,1300.0,2200.0,1.5492957746478873,0.03346818683339463,0,0,0.6741071428571429,0.5,56,2416
PUBLICATION,LOCAL_HOTSPOT,LARS_NO_RUNTIME_VALIDATION,8,2147483647,LOCAL_HOTSPOT,11,21582,160459,1,5,160477,219872,WINDOW_COMPLETE,1024,SEARCH=0.2529296875;INSERT=0.4423828125;DELETE=0.107421875;UPDATE=0.146484375;RANGE_SEARCH=0.05078125,SEARCH=0.11290322580645161;INSERT=0.7258064516129032;DELETE=0.0;UPDATE=0.08064516129032258;RANGE_SEARCH=0.08064516129032258,200.0,800.0,NaN,200.0,3600.0,3600.0,1.1295631273128555,0.03626651672757942,5,0,0.7512019230769231,0.5,39,1875
PUBLICATION,LOCAL_HOTSPOT,LARS_NO_RUNTIME_VALIDATION,8,2147483647,LOCAL_HOTSPOT,12,21524,165515,1,5,165558,227508,WINDOW_COMPLETE,1024,SEARCH=0.2265625;INSERT=0.4609375;DELETE=0.1083984375;UPDATE=0.154296875;RANGE_SEARCH=0.0498046875,SEARCH=0.07792207792207792;INSERT=0.7532467532467533;DELETE=0.05194805194805195;UPDATE=0.06493506493506493;RANGE_SEARCH=0.05194805194805195,200.0,1800.0,700.0,200.0,900.0,1800.0,1.3636363636363635,0.03781388478581979,5,0,0.7516447368421053,0.5,38,1828
PUBLICATION,LOCAL_HOTSPOT,LARS_NO_RUNTIME_VALIDATION,8,2147483647,LOCAL_HOTSPOT,11,21582,160459,2,6,220050,279002,WINDOW_COMPLETE,1024,SEARCH=0.2685546875;INSERT=0.41015625;DELETE=0.1064453125;UPDATE=0.1611328125;RANGE_SEARCH=0.0537109375,SEARCH=0.11267605633802817;INSERT=0.647887323943662;DELETE=0.04225352112676056;UPDATE=0.08450704225352113;RANGE_SEARCH=0.11267605633802817,200.0,1200.0,800.0,200.0,4500.0,4500.0,1.566095140854973,0.03260403260403261,15,1,0.6645047169811321,0.5,53,2254
PUBLICATION,LOCAL_HOTSPOT,LARS_NO_RUNTIME_VALIDATION,8,2147483647,LOCAL_HOTSPOT,12,21524,165515,2,6,227522,288323,WINDOW_COMPLETE,1024,SEARCH=0.2314453125;INSERT=0.4560546875;DELETE=0.103515625;UPDATE=0.166015625;RANGE_SEARCH=0.04296875,SEARCH=0.06451612903225806;INSERT=0.7903225806451613;DELETE=0.03225806451612903;UPDATE=0.06451612903225806;RANGE_SEARCH=0.04838709677419355,200.0,5000.0,900.0,200.0,4700.0,5000.0,3.787878787878788,0.032754759238521836,15,0,0.6656839622641509,0.5,53,2258
PUBLICATION,LOCAL_HOTSPOT,LARS_NO_RUNTIME_VALIDATION,8,2147483647,LOCAL_HOTSPOT,16,21175,228131,1,8,228250,290503,WINDOW_COMPLETE,1024,SEARCH=0.2548828125;INSERT=0.439453125;DELETE=0.1064453125;UPDATE=0.146484375;RANGE_SEARCH=0.052734375,SEARCH=0.1625;INSERT=0.675;DELETE=0.0375;UPDATE=0.0625;RANGE_SEARCH=0.0625,200.0,1300.0,200.0,300.0,1900.0,1900.0,0.8444469520871647,0.033766778523489936,15,0,0.6478587962962963,0.5,54,2239
PUBLICATION,LOCAL_HOTSPOT,LARS_NO_RUNTIME_VALIDATION,8,2147483647,LOCAL_HOTSPOT,16,21175,228131,2,9,290628,299967,RUN_END,144,SEARCH=0.2916666666666667;INSERT=0.375;DELETE=0.09027777777777778;UPDATE=0.16666666666666666;RANGE_SEARCH=0.0763888888888889,SEARCH=0.25;INSERT=0.5833333333333334;DELETE=0.0;UPDATE=0.16666666666666666;RANGE_SEARCH=0.0,200.0,800.0,NaN,200.0,NaN,800.0,0.5003868692267445,0.0352622061482821,0,0,0.6629050925925926,0.515625,54,2291
PUBLICATION,LOCAL_HOTSPOT,LARS_NO_RUNTIME_VALIDATION,8,2147483647,LOCAL_HOTSPOT,12,21524,165515,3,7,288353,299962,RUN_END,207,SEARCH=0.28502415458937197;INSERT=0.4057971014492754;DELETE=0.13526570048309178;UPDATE=0.14009661835748793;RANGE_SEARCH=0.033816425120772944,SEARCH=0.08333333333333333;INSERT=0.5833333333333334;DELETE=0.08333333333333333;UPDATE=0.16666666666666666;RANGE_SEARCH=0.08333333333333333,200.0,900.0,200.0,200.0,1700.0,1700.0,0.9479531446416171,0.03671071953010279,0,0,0.662784090909091,0.5,55,2333
PUBLICATION,LOCAL_HOTSPOT,LARS_NO_RUNTIME_VALIDATION,8,2147483647,LOCAL_HOTSPOT,11,21582,160459,3,7,279004,299987,RUN_END,359,SEARCH=0.25348189415041783;INSERT=0.4568245125348189;DELETE=0.0807799442896936;UPDATE=0.15877437325905291;RANGE_SEARCH=0.05013927576601671,SEARCH=0.06896551724137931;INSERT=0.6206896551724138;DELETE=0.13793103448275862;UPDATE=0.10344827586206896;RANGE_SEARCH=0.06896551724137931,200.0,1400.0,400.0,300.0,1900.0,1900.0,1.5384615384615385,0.034713763702801465,0,0,0.6379766949152542,0.5,59,2409
PUBLICATION,LOCAL_HOTSPOT,LARS_NO_RUNTIME_VALIDATION,8,2147483647,LOCAL_HOTSPOT,20,21600,280198,1,6,280202,299978,RUN_END,347,SEARCH=0.207492795389049;INSERT=0.44668587896253603;DELETE=0.11239193083573487;UPDATE=0.16714697406340057;RANGE_SEARCH=0.06628242074927954,SEARCH=0.18518518518518517;INSERT=0.5925925925925926;DELETE=0.037037037037037035;UPDATE=0.07407407407407407;RANGE_SEARCH=0.1111111111111111,200.0,1700.0,100.0,300.0,1500.0,1700.0,1.5232974910394266,0.03411131059245961,0,0,0.6390360169491526,0.5,59,2413
PUBLICATION,LOCAL_HOTSPOT,LARS_NO_RUNTIME_VALIDATION,8,2147483647,LOCAL_HOTSPOT,19,21198,249062,1,9,249106,299952,RUN_END,763,SEARCH=0.2529488859764089;INSERT=0.4272608125819135;DELETE=0.10484927916120576;UPDATE=0.1559633027522936;RANGE_SEARCH=0.05897771952817824,SEARCH=0.09433962264150944;INSERT=0.660377358490566;DELETE=0.018867924528301886;UPDATE=0.1509433962264151;RANGE_SEARCH=0.07547169811320754,200.0,2800.0,900.0,400.0,6600.0,6600.0,1.8671770283877591,0.033766233766233764,0,0,0.6541466346153846,0.5,52,2177
PUBLICATION,LOCAL_HOTSPOT,LARS_NO_RUNTIME_VALIDATION,9,6364136223846793005,LOCAL_HOTSPOT,6,21000,51928,1,5,51942,68156,WINDOW_COMPLETE,1024,SEARCH=0.2734375;INSERT=0.4326171875;DELETE=0.0966796875;UPDATE=0.1494140625;RANGE_SEARCH=0.0478515625,SEARCH=0.1375;INSERT=0.675;DELETE=0.0;UPDATE=0.075;RANGE_SEARCH=0.1125,200.0,1700.0,NaN,200.0,2200.0,2200.0,1.6666666666666667,0.05714285714285714,0,0,0.7571924603174603,0.578125,63,3053
PUBLICATION,LOCAL_HOTSPOT,LARS_NO_RUNTIME_VALIDATION,9,6364136223846793005,LOCAL_HOTSPOT,4,21001,51476,1,5,51523,68399,WINDOW_COMPLETE,1024,SEARCH=0.244140625;INSERT=0.443359375;DELETE=0.103515625;UPDATE=0.1552734375;RANGE_SEARCH=0.0537109375,SEARCH=0.08536585365853659;INSERT=0.6707317073170732;DELETE=0.07317073170731707;UPDATE=0.04878048780487805;RANGE_SEARCH=0.12195121951219512,300.0,6400.0,1500.0,300.0,2000.0,6400.0,6.400000000000001,0.053386911595866816,0,0,0.7507440476190477,0.5625,63,3027
PUBLICATION,LOCAL_HOTSPOT,LARS_NO_RUNTIME_VALIDATION,9,6364136223846793005,LOCAL_HOTSPOT,6,21000,51928,2,6,68187,91309,WINDOW_COMPLETE,1024,SEARCH=0.2373046875;INSERT=0.4443359375;DELETE=0.111328125;UPDATE=0.162109375;RANGE_SEARCH=0.044921875,SEARCH=0.06329113924050633;INSERT=0.759493670886076;DELETE=0.0379746835443038;UPDATE=0.0759493670886076;RANGE_SEARCH=0.06329113924050633,200.0,8300.0,800.0,200.0,700.0,8300.0,8.137254901960784,0.04819277108433735,6,0,0.7391493055555556,0.5,36,1703
PUBLICATION,LOCAL_HOTSPOT,LARS_NO_RUNTIME_VALIDATION,9,6364136223846793005,LOCAL_HOTSPOT,4,21001,51476,2,6,68419,92601,WINDOW_COMPLETE,1024,SEARCH=0.2392578125;INSERT=0.44140625;DELETE=0.109375;UPDATE=0.1474609375;RANGE_SEARCH=0.0625,SEARCH=0.0963855421686747;INSERT=0.6746987951807228;DELETE=0.07228915662650602;UPDATE=0.0963855421686747;RANGE_SEARCH=0.060240963855421686,300.0,1900.0,800.0,300.0,800.0,1900.0,1.9,0.04670558798999166,7,0,0.7546452702702703,0.5,37,1787
PUBLICATION,LOCAL_HOTSPOT,LARS_NO_RUNTIME_VALIDATION,9,6364136223846793005,LOCAL_HOTSPOT,11,20998,85062,1,7,85065,117626,WINDOW_COMPLETE,1024,SEARCH=0.25390625;INSERT=0.4462890625;DELETE=0.1005859375;UPDATE=0.1474609375;RANGE_SEARCH=0.0517578125,SEARCH=0.10256410256410256;INSERT=0.7948717948717948;DELETE=0.05128205128205128;UPDATE=0.02564102564102564;RANGE_SEARCH=0.02564102564102564,200.0,3400.0,700.0,100.0,500.0,3400.0,4.788732394366197,0.04423592493297587,18,0,0.6253063725490197,0.5,51,2041
PUBLICATION,LOCAL_HOTSPOT,LARS_NO_RUNTIME_VALIDATION,9,6364136223846793005,LOCAL_HOTSPOT,4,21001,51476,3,7,92623,125338,WINDOW_COMPLETE,1024,SEARCH=0.2431640625;INSERT=0.43359375;DELETE=0.111328125;UPDATE=0.162109375;RANGE_SEARCH=0.0498046875,SEARCH=0.1044776119402985;INSERT=0.7611940298507462;DELETE=0.0;UPDATE=0.04477611940298507;RANGE_SEARCH=0.08955223880597014,300.0,7200.0,NaN,200.0,4200.0,7200.0,7.2,0.04661791590493602,15,0,0.6466346153846154,0.5,52,2152
PUBLICATION,LOCAL_HOTSPOT,LARS_NO_RUNTIME_VALIDATION,9,6364136223846793005,LOCAL_HOTSPOT,6,21000,51928,3,7,91328,126112,WINDOW_COMPLETE,1024,SEARCH=0.259765625;INSERT=0.423828125;DELETE=0.09375;UPDATE=0.162109375;RANGE_SEARCH=0.060546875,SEARCH=0.13953488372093023;INSERT=0.6511627906976745;DELETE=0.023255813953488372;UPDATE=0.09302325581395349;RANGE_SEARCH=0.09302325581395349,200.0,2200.0,700.0,300.0,1300.0,2200.0,2.156862745098039,0.04637887977167321,16,0,0.6231971153846154,0.5,52,2074
PUBLICATION,LOCAL_HOTSPOT,LARS_NO_RUNTIME_VALIDATION,9,6364136223846793005,LOCAL_HOTSPOT,13,20996,115594,1,8,115607,150259,WINDOW_COMPLETE,1024,SEARCH=0.228515625;INSERT=0.4521484375;DELETE=0.1142578125;UPDATE=0.150390625;RANGE_SEARCH=0.0546875,SEARCH=0.08823529411764706;INSERT=0.7647058823529411;DELETE=0.058823529411764705;UPDATE=0.014705882352941176;RANGE_SEARCH=0.07352941176470588,200.0,2000.0,800.0,100.0,1000.0,2000.0,1.6528925619834711,0.04375848032564451,5,0,0.6517478813559322,0.5,59,2461
PUBLICATION,LOCAL_HOTSPOT,LARS_NO_RUNTIME_VALIDATION,9,6364136223846793005,LOCAL_HOTSPOT,11,20998,85062,2,8,117644,151827,WINDOW_COMPLETE,1024,SEARCH=0.2431640625;INSERT=0.478515625;DELETE=0.09375;UPDATE=0.1416015625;RANGE_SEARCH=0.04296875,SEARCH=0.10666666666666667;INSERT=0.6133333333333333;DELETE=0.06666666666666667;UPDATE=0.09333333333333334;RANGE_SEARCH=0.12,300.0,1500.0,800.0,200.0,2200.0,2200.0,2.112676056338028,0.04278305963699222,8,0,0.6565148305084746,0.515625,59,2479
PUBLICATION,LOCAL_HOTSPOT,LARS_NO_RUNTIME_VALIDATION,9,6364136223846793005,LOCAL_HOTSPOT,4,21001,51476,4,8,125431,156204,WINDOW_COMPLETE,1024,SEARCH=0.244140625;INSERT=0.4541015625;DELETE=0.0986328125;UPDATE=0.1494140625;RANGE_SEARCH=0.0537109375,SEARCH=0.10256410256410256;INSERT=0.7435897435897436;DELETE=0.01282051282051282;UPDATE=0.05128205128205128;RANGE_SEARCH=0.08974358974358974,200.0,1800.0,800.0,300.0,1000.0,1800.0,1.8,0.0435085276714236,9,0,0.6557377049180327,0.515625,61,2560
PUBLICATION,LOCAL_HOTSPOT,LARS_NO_RUNTIME_VALIDATION,9,6364136223846793005,LOCAL_HOTSPOT,6,21000,51928,4,8,126146,161391,WINDOW_COMPLETE,1024,SEARCH=0.2490234375;INSERT=0.4580078125;DELETE=0.099609375;UPDATE=0.146484375;RANGE_SEARCH=0.046875,SEARCH=0.058823529411764705;INSERT=0.7294117647058823;DELETE=0.07058823529411765;UPDATE=0.08235294117647059;RANGE_SEARCH=0.058823529411764705,200.0,5700.0,1000.0,200.0,4500.0,5700.0,5.588235294117647,0.042738275340393345,7,0,0.6596927966101694,0.5,59,2491
PUBLICATION,LOCAL_HOTSPOT,LARS_NO_RUNTIME_VALIDATION,9,6364136223846793005,LOCAL_HOTSPOT,17,20999,147945,1,9,148014,180043,WINDOW_COMPLETE,1024,SEARCH=0.234375;INSERT=0.466796875;DELETE=0.0888671875;UPDATE=0.162109375;RANGE_SEARCH=0.0478515625,SEARCH=0.18085106382978725;INSERT=0.5425531914893617;DELETE=0.09574468085106383;UPDATE=0.0851063829787234;RANGE_SEARCH=0.09574468085106383,200.0,800.0,700.0,200.0,1900.0,1900.0,0.9917671371576932,0.03811188811188811,1,0,0.733154296875,0.515625,64,3003
PUBLICATION,LOCAL_HOTSPOT,LARS_NO_RUNTIME_VALIDATION,9,6364136223846793005,LOCAL_HOTSPOT,13,20996,115594,2,9,150288,183114,WINDOW_COMPLETE,1024,SEARCH=0.2734375;INSERT=0.4326171875;DELETE=0.1015625;UPDATE=0.1416015625;RANGE_SEARCH=0.05078125,SEARCH=0.1;INSERT=0.7;DELETE=0.025;UPDATE=0.025;RANGE_SEARCH=0.15,200.0,900.0,200.0,200.0,3900.0,3900.0,0.953130121271714,0.03544149098686221,0,0,0.755031779661017,0.578125,59,2851
PUBLICATION,LOCAL_HOTSPOT,LARS_NO_RUNTIME_VALIDATION,9,6364136223846793005,LOCAL_HOTSPOT,11,20998,85062,3,9,151857,185749,WINDOW_COMPLETE,1024,SEARCH=0.2431640625;INSERT=0.4453125;DELETE=0.1044921875;UPDATE=0.1630859375;RANGE_SEARCH=0.0439453125,SEARCH=0.05128205128205128;INSERT=0.7435897435897436;DELETE=0.038461538461538464;UPDATE=0.07692307692307693;RANGE_SEARCH=0.08974358974358974,200.0,2100.0,700.0,200.0,3500.0,3500.0,2.9577464788732395,0.03930760908763072,3,0,0.7273185483870968,0.546875,62,2886
PUBLICATION,LOCAL_HOTSPOT,LARS_NO_RUNTIME_VALIDATION,9,6364136223846793005,LOCAL_HOTSPOT,19,21001,156204,1,9,156216,188662,WINDOW_COMPLETE,1024,SEARCH=0.251953125;INSERT=0.447265625;DELETE=0.099609375;UPDATE=0.1494140625;RANGE_SEARCH=0.0517578125,SEARCH=0.09210526315789473;INSERT=0.7105263157894737;DELETE=0.013157894736842105;UPDATE=0.05263157894736842;RANGE_SEARCH=0.13157894736842105,300.0,800.0,100.0,200.0,1600.0,1600.0,1.0099060198120395,0.04113826167646149,1,0,0.738343253968254,0.546875,63,2977
PUBLICATION,LOCAL_HOTSPOT,LARS_NO_RUNTIME_VALIDATION,9,6364136223846793005,LOCAL_HOTSPOT,22,21000,161391,1,9,161450,195270,WINDOW_COMPLETE,1024,SEARCH=0.2626953125;INSERT=0.4189453125;DELETE=0.1064453125;UPDATE=0.1552734375;RANGE_SEARCH=0.056640625,SEARCH=0.14084507042253522;INSERT=0.6901408450704225;DELETE=0.028169014084507043;UPDATE=0.056338028169014086;RANGE_SEARCH=0.08450704225352113,300.0,900.0,200.0,200.0,1500.0,1500.0,1.0371554783659291,0.038781884435190005,2,0,0.7230342741935484,0.5,62,2869
PUBLICATION,LOCAL_HOTSPOT,LARS_NO_RUNTIME_VALIDATION,9,6364136223846793005,LOCAL_HOTSPOT,20,21538,156743,1,5,156748,219787,WINDOW_COMPLETE,1024,SEARCH=0.2646484375;INSERT=0.4365234375;DELETE=0.103515625;UPDATE=0.1484375;RANGE_SEARCH=0.046875,SEARCH=0.08333333333333333;INSERT=0.7261904761904762;DELETE=0.047619047619047616;UPDATE=0.03571428571428571;RANGE_SEARCH=0.10714285714285714,200.0,700.0,600.0,200.0,1700.0,1700.0,1.0934407315307826,0.034759358288770054,3,0,0.7699652777777778,0.515625,36,1774
PUBLICATION,LOCAL_HOTSPOT,LARS_NO_RUNTIME_VALIDATION,9,6364136223846793005,LOCAL_HOTSPOT,13,20996,115594,3,10,183159,221083,WINDOW_COMPLETE,1024,SEARCH=0.2509765625;INSERT=0.439453125;DELETE=0.1044921875;UPDATE=0.1572265625;RANGE_SEARCH=0.0478515625,SEARCH=0.07894736842105263;INSERT=0.7894736842105263;DELETE=0.02631578947368421;UPDATE=0.06578947368421052;RANGE_SEARCH=0.039473684210526314,200.0,19100.0,600.0,200.0,1000.0,19100.0,15.785123966942148,0.034289092521430684,7,0,0.7679924242424242,0.515625,33,1622
PUBLICATION,LOCAL_HOTSPOT,LARS_NO_RUNTIME_VALIDATION,9,6364136223846793005,LOCAL_HOTSPOT,23,21565,172915,1,5,172949,226862,WINDOW_COMPLETE,1024,SEARCH=0.25;INSERT=0.4375;DELETE=0.119140625;UPDATE=0.1328125;RANGE_SEARCH=0.060546875,SEARCH=0.07142857142857142;INSERT=0.8;DELETE=0.014285714285714285;UPDATE=0.05714285714285714;RANGE_SEARCH=0.05714285714285714,300.0,900.0,500.0,200.0,1000.0,1000.0,1.1430917986357176,0.03574788334901223,5,0,0.76171875,0.5,40,1950
PUBLICATION,LOCAL_HOTSPOT,LARS_NO_RUNTIME_VALIDATION,9,6364136223846793005,LOCAL_HOTSPOT,11,20998,85062,4,10,185775,227425,WINDOW_COMPLETE,1024,SEARCH=0.23046875;INSERT=0.462890625;DELETE=0.109375;UPDATE=0.1533203125;RANGE_SEARCH=0.0439453125,SEARCH=0.06666666666666667;INSERT=0.8133333333333334;DELETE=0.013333333333333334;UPDATE=0.05333333333333334;RANGE_SEARCH=0.05333333333333334,200.0,1000.0,200.0,200.0,900.0,1000.0,1.408450704225352,0.03553770086526576,5,0,0.7573529411764706,0.5,34,1648
PUBLICATION,LOCAL_HOTSPOT,LARS_NO_RUNTIME_VALIDATION,9,6364136223846793005,LOCAL_HOTSPOT,22,21000,161391,2,10,195280,238822,WINDOW_COMPLETE,1024,SEARCH=0.22265625;INSERT=0.458984375;DELETE=0.0986328125;UPDATE=0.169921875;RANGE_SEARCH=0.0498046875,SEARCH=0.0898876404494382;INSERT=0.651685393258427;DELETE=0.06741573033707865;UPDATE=0.11235955056179775;RANGE_SEARCH=0.07865168539325842,400.0,3900.0,700.0,200.0,3800.0,3900.0,3.823529411764706,0.03415659485023647,8,0,0.6972128378378378,0.5,37,1651
PUBLICATION,LOCAL_HOTSPOT,LARS_NO_RUNTIME_VALIDATION,9,6364136223846793005,LOCAL_HOTSPOT,17,20999,147945,2,10,180048,241761,WINDOW_COMPLETE,1024,SEARCH=0.23828125;INSERT=0.443359375;DELETE=0.1220703125;UPDATE=0.150390625;RANGE_SEARCH=0.0458984375,SEARCH=0.11392405063291139;INSERT=0.7468354430379747;DELETE=0.0379746835443038;UPDATE=0.06329113924050633;RANGE_SEARCH=0.0379746835443038,200.0,2300.0,500.0,200.0,1000.0,2300.0,1.3287716650222992,0.032400996953752426,9,0,0.734375,0.5,40,1880
PUBLICATION,LOCAL_HOTSPOT,LARS_NO_RUNTIME_VALIDATION,9,6364136223846793005,LOCAL_HOTSPOT,19,21001,156204,2,10,188763,242622,WINDOW_COMPLETE,1024,SEARCH=0.2333984375;INSERT=0.45703125;DELETE=0.1142578125;UPDATE=0.1455078125;RANGE_SEARCH=0.0498046875,SEARCH=0.07407407407407407;INSERT=0.7777777777777778;DELETE=0.04938271604938271;UPDATE=0.012345679012345678;RANGE_SEARCH=0.08641975308641975,200.0,2600.0,800.0,100.0,1900.0,2600.0,2.6,0.03346720214190094,5,0,0.7991071428571429,0.5,35,1790
PUBLICATION,LOCAL_HOTSPOT,LARS_NO_RUNTIME_VALIDATION,9,6364136223846793005,LOCAL_HOTSPOT,26,21626,215480,1,5,215727,282188,WINDOW_COMPLETE,1024,SEARCH=0.2587890625;INSERT=0.4521484375;DELETE=0.0849609375;UPDATE=0.1416015625;RANGE_SEARCH=0.0625,SEARCH=0.09411764705882353;INSERT=0.7529411764705882;DELETE=0.058823529411764705;UPDATE=0.03529411764705882;RANGE_SEARCH=0.058823529411764705,300.0,1700.0,900.0,200.0,1400.0,1700.0,1.1888111888111887,0.033759298111768074,15,0,0.6690051020408163,0.5,49,2098
PUBLICATION,LOCAL_HOTSPOT,LARS_NO_RUNTIME_VALIDATION,9,6364136223846793005,LOCAL_HOTSPOT,20,21538,156743,2,6,219811,282845,WINDOW_COMPLETE,1024,SEARCH=0.2490234375;INSERT=0.462890625;DELETE=0.10546875;UPDATE=0.125;RANGE_SEARCH=0.0576171875,SEARCH=0.1111111111111111;INSERT=0.7;DELETE=0.05555555555555555;UPDATE=0.03333333333333333;RANGE_SEARCH=0.1,200.0,1400.0,800.0,200.0,5000.0,5000.0,1.752067135043335,0.03347774714454509,18,0,0.6388888888888888,0.5,54,2208
PUBLICATION,LOCAL_HOTSPOT,LARS_NO_RUNTIME_VALIDATION,9,6364136223846793005,LOCAL_HOTSPOT,27,21639,221874,1,5,221913,283690,WINDOW_COMPLETE,1024,SEARCH=0.2451171875;INSERT=0.44140625;DELETE=0.115234375;UPDATE=0.142578125;RANGE_SEARCH=0.0556640625,SEARCH=0.1694915254237288;INSERT=0.6271186440677966;DELETE=0.01694915254237288;UPDATE=0.1016949152542373;RANGE_SEARCH=0.0847457627118644,200.0,900.0,200.0,200.0,4200.0,4200.0,0.8603727320581762,0.03517390449990175,11,0,0.6953125,0.515625,50,2225
PUBLICATION,LOCAL_HOTSPOT,LARS_NO_RUNTIME_VALIDATION,9,6364136223846793005,LOCAL_HOTSPOT,23,21565,172915,2,6,226929,284392,WINDOW_COMPLETE,1024,SEARCH=0.24609375;INSERT=0.4580078125;DELETE=0.0869140625;UPDATE=0.15234375;RANGE_SEARCH=0.056640625,SEARCH=0.125;INSERT=0.725;DELETE=0.0125;UPDATE=0.075;RANGE_SEARCH=0.0625,200.0,2000.0,200.0,200.0,1300.0,2000.0,1.6482495636385348,0.033808553971486764,17,0,0.6543311403508771,0.5,57,2387
PUBLICATION,LOCAL_HOTSPOT,LARS_NO_RUNTIME_VALIDATION,9,6364136223846793005,LOCAL_HOTSPOT,13,20996,115594,4,11,221098,288130,WINDOW_COMPLETE,1024,SEARCH=0.2490234375;INSERT=0.462890625;DELETE=0.10546875;UPDATE=0.1416015625;RANGE_SEARCH=0.041015625,SEARCH=0.0975609756097561;INSERT=0.7195121951219512;DELETE=0.036585365853658534;UPDATE=0.036585365853658534;RANGE_SEARCH=0.10975609756097561,300.0,1700.0,600.0,200.0,2700.0,2700.0,1.720091773189118,0.0342225815144166,18,0,0.6311274509803921,0.5,51,2060
PUBLICATION,LOCAL_HOTSPOT,LARS_NO_RUNTIME_VALIDATION,9,6364136223846793005,LOCAL_HOTSPOT,28,20998,227425,1,11,227434,292800,WINDOW_COMPLETE,1024,SEARCH=0.26171875;INSERT=0.4462890625;DELETE=0.0859375;UPDATE=0.1435546875;RANGE_SEARCH=0.0625,SEARCH=0.1111111111111111;INSERT=0.7444444444444445;DELETE=0.022222222222222223;UPDATE=0.022222222222222223;RANGE_SEARCH=0.1,200.0,19600.0,700.0,200.0,1300.0,19600.0,27.6056338028169,0.03369779530381789,14,0,0.6616709183673469,0.5,49,2075
PUBLICATION,LOCAL_HOTSPOT,LARS_NO_RUNTIME_VALIDATION,9,6364136223846793005,LOCAL_HOTSPOT,32,20996,288130,1,12,288211,299939,RUN_END,190,SEARCH=0.2736842105263158;INSERT=0.39473684210526316;DELETE=0.1;UPDATE=0.14736842105263157;RANGE_SEARCH=0.08421052631578947,SEARCH=0.125;INSERT=0.5625;DELETE=0.0;UPDATE=0.0625;RANGE_SEARCH=0.25,200.0,2100.0,NaN,100.0,1100.0,2100.0,0.953130121271714,0.03689806128830519,0,0,0.6279481132075472,0.5,53,2130
PUBLICATION,LOCAL_HOTSPOT,LARS_NO_RUNTIME_VALIDATION,9,6364136223846793005,LOCAL_HOTSPOT,26,21626,215480,2,6,282256,299970,RUN_END,271,SEARCH=0.23985239852398524;INSERT=0.42435424354243545;DELETE=0.11439114391143912;UPDATE=0.17712177121771217;RANGE_SEARCH=0.04428044280442804,SEARCH=0.1;INSERT=0.8;DELETE=0.0;UPDATE=0.0;RANGE_SEARCH=0.1,200.0,800.0,NaN,NaN,900.0,900.0,0.6466584158415841,0.03621399176954732,0,0,0.6485849056603774,0.5,53,2200
PUBLICATION,LOCAL_HOTSPOT,LARS_NO_RUNTIME_VALIDATION,9,6364136223846793005,LOCAL_HOTSPOT,20,21538,156743,3,7,282886,299987,RUN_END,283,SEARCH=0.2756183745583039;INSERT=0.4275618374558304;DELETE=0.08480565371024736;UPDATE=0.13780918727915195;RANGE_SEARCH=0.07420494699646643,SEARCH=0.125;INSERT=0.5;DELETE=0.0;UPDATE=0.125;RANGE_SEARCH=0.25,300.0,900.0,NaN,200.0,1000.0,1000.0,0.9605927921859211,0.03680981595092025,0,0,0.6370614035087719,0.5,57,2324
PUBLICATION,LOCAL_HOTSPOT,LARS_NO_RUNTIME_VALIDATION,9,6364136223846793005,LOCAL_HOTSPOT,28,20998,227425,2,12,292873,299948,RUN_END,95,SEARCH=0.28421052631578947;INSERT=0.43157894736842106;DELETE=0.08421052631578947;UPDATE=0.1368421052631579;RANGE_SEARCH=0.06315789473684211,SEARCH=0.2857142857142857;INSERT=0.7142857142857143;DELETE=0.0;UPDATE=0.0;RANGE_SEARCH=0.0,200.0,900.0,NaN,NaN,NaN,900.0,0.9568106312292359,0.03541315345699832,0,0,0.6741071428571429,0.5,49,2114
PUBLICATION,LOCAL_HOTSPOT,LARS_NO_RUNTIME_VALIDATION,9,6364136223846793005,LOCAL_HOTSPOT,17,20999,147945,3,11,241953,299957,RUN_END,919,SEARCH=0.23721436343852012;INSERT=0.4581066376496192;DELETE=0.10554951033732318;UPDATE=0.13275299238302501;RANGE_SEARCH=0.06637649619151251,SEARCH=0.08823529411764706;INSERT=0.7352941176470589;DELETE=0.04411764705882353;UPDATE=0.029411764705882353;RANGE_SEARCH=0.10294117647058823,200.0,1900.0,1000.0,200.0,1700.0,1900.0,0.9497704831412437,0.03454447825308753,0,0,0.6344866071428571,0.5,56,2274
PUBLICATION,LOCAL_HOTSPOT,LARS_NO_RUNTIME_VALIDATION,9,6364136223846793005,LOCAL_HOTSPOT,22,21000,161391,3,11,238980,299991,RUN_END,874,SEARCH=0.2414187643020595;INSERT=0.4462242562929062;DELETE=0.11212814645308924;UPDATE=0.14759725400457666;RANGE_SEARCH=0.05263157894736842,SEARCH=0.10256410256410256;INSERT=0.7051282051282052;DELETE=0.08974358974358974;UPDATE=0.05128205128205128;RANGE_SEARCH=0.05128205128205128,200.0,1700.0,700.0,200.0,1500.0,1700.0,1.6666666666666667,0.0336969696969697,0,0,0.7144886363636364,0.5,44,2012
PUBLICATION,LOCAL_HOTSPOT,LARS_NO_RUNTIME_VALIDATION,9,6364136223846793005,LOCAL_HOTSPOT,19,21001,156204,3,11,242886,299985,RUN_END,913,SEARCH=0.23767798466593648;INSERT=0.43921139101861995;DELETE=0.11610076670317634;UPDATE=0.1588170865279299;RANGE_SEARCH=0.04819277108433735,SEARCH=0.07692307692307693;INSERT=0.7076923076923077;DELETE=0.07692307692307693;UPDATE=0.07692307692307693;RANGE_SEARCH=0.06153846153846154,200.0,1600.0,200.0,200.0,1300.0,1600.0,1.6,0.034752814488497305,0,0,0.625,0.5,54,2160
PUBLICATION,LOCAL_HOTSPOT,LARS_NO_RUNTIME_VALIDATION,9,6364136223846793005,LOCAL_HOTSPOT,23,21565,172915,3,7,284397,299942,RUN_END,289,SEARCH=0.28027681660899656;INSERT=0.4429065743944637;DELETE=0.09342560553633218;UPDATE=0.14186851211072665;RANGE_SEARCH=0.04152249134948097,SEARCH=0.03571428571428571;INSERT=0.8571428571428571;DELETE=0.0;UPDATE=0.03571428571428571;RANGE_SEARCH=0.07142857142857142,100.0,1100.0,NaN,200.0,1200.0,1200.0,0.9292145190982344,0.036243822075782535,0,0,0.6325604838709677,0.5,62,2510
PUBLICATION,LOCAL_HOTSPOT,LARS_NO_RUNTIME_VALIDATION,9,6364136223846793005,LOCAL_HOTSPOT,27,21639,221874,2,6,283785,299980,RUN_END,232,SEARCH=0.2629310344827586;INSERT=0.4525862068965517;DELETE=0.06896551724137931;UPDATE=0.15086206896551724;RANGE_SEARCH=0.06465517241379311,SEARCH=0.11764705882352941;INSERT=0.8235294117647058;DELETE=0.0;UPDATE=0.058823529411764705;RANGE_SEARCH=0.0,300.0,900.0,NaN,200.0,NaN,900.0,0.5738489763890584,0.03374233128834356,0,0,0.6989182692307693,0.5,52,2326
PUBLICATION,LOCAL_HOTSPOT,LOCAL_COST_ADAPTIVE,0,1103515245,LOCAL_HOTSPOT,2,20996,124483,1,8,124491,157011,WINDOW_COMPLETE,1024,SEARCH=0.244140625;INSERT=0.4521484375;DELETE=0.103515625;UPDATE=0.142578125;RANGE_SEARCH=0.0576171875,SEARCH=0.09302325581395349;INSERT=0.7325581395348837;DELETE=0.05813953488372093;UPDATE=0.06976744186046512;RANGE_SEARCH=0.046511627906976744,200.0,1900.0,800.0,200.0,1600.0,1900.0,1.13058363471002,0.041829671983147756,4,0,0.6880208333333333,0.53125,60,2642
PUBLICATION,LOCAL_HOTSPOT,LOCAL_COST_ADAPTIVE,0,1103515245,LOCAL_HOTSPOT,2,20996,124483,2,9,157048,187572,WINDOW_COMPLETE,1024,SEARCH=0.2470703125;INSERT=0.447265625;DELETE=0.1015625;UPDATE=0.1484375;RANGE_SEARCH=0.0556640625,SEARCH=0.09302325581395349;INSERT=0.6976744186046512;DELETE=0.023255813953488372;UPDATE=0.06976744186046512;RANGE_SEARCH=0.11627906976744186,200.0,4300.0,1200.0,300.0,1300.0,4300.0,1.0437374666914632,0.035130061678734247,2,0,0.7706653225806451,0.515625,62,3058
PUBLICATION,LOCAL_HOTSPOT,LOCAL_COST_ADAPTIVE,0,1103515245,LOCAL_HOTSPOT,8,20997,165012,1,9,165093,198972,WINDOW_COMPLETE,1024,SEARCH=0.2333984375;INSERT=0.46875;DELETE=0.1171875;UPDATE=0.126953125;RANGE_SEARCH=0.0537109375,SEARCH=0.011235955056179775;INSERT=0.8539325842696629;DELETE=0.0449438202247191;UPDATE=0.056179775280898875;RANGE_SEARCH=0.033707865168539325,200.0,4500.0,300.0,200.0,1100.0,4500.0,1.0639555503014542,0.035434135785772244,0,0,0.7694672131147541,0.59375,61,3004
PUBLICATION,LOCAL_HOTSPOT,LOCAL_COST_ADAPTIVE,0,1103515245,LOCAL_HOTSPOT,10,21175,171364,1,8,171377,216550,WINDOW_COMPLETE,1024,SEARCH=0.2275390625;INSERT=0.4580078125;DELETE=0.1005859375;UPDATE=0.1611328125;RANGE_SEARCH=0.052734375,SEARCH=0.047058823529411764;INSERT=0.8117647058823529;DELETE=0.023529411764705882;UPDATE=0.07058823529411765;RANGE_SEARCH=0.047058823529411764,200.0,2700.0,600.0,200.0,1200.0,2700.0,1.690310140608762,0.0364741641337386,3,0,0.7683823529411765,0.5,34,1672
PUBLICATION,LOCAL_HOTSPOT,LOCAL_COST_ADAPTIVE,0,1103515245,LOCAL_HOTSPOT,9,21574,166241,1,5,166335,222924,WINDOW_COMPLETE,1024,SEARCH=0.275390625;INSERT=0.44140625;DELETE=0.083984375;UPDATE=0.1572265625;RANGE_SEARCH=0.0419921875,SEARCH=0.15853658536585366;INSERT=0.7560975609756098;DELETE=0.012195121951219513;UPDATE=0.04878048780487805;RANGE_SEARCH=0.024390243902439025,300.0,900.0,100.0,300.0,1300.0,1300.0,1.0029307995013517,0.03699712643678161,2,0,0.7915296052631579,0.5,38,1925
PUBLICATION,LOCAL_HOTSPOT,LOCAL_COST_ADAPTIVE,0,1103515245,LOCAL_HOTSPOT,11,21561,172031,1,5,172136,236167,WINDOW_COMPLETE,1024,SEARCH=0.2470703125;INSERT=0.44921875;DELETE=0.095703125;UPDATE=0.158203125;RANGE_SEARCH=0.0498046875,SEARCH=0.125;INSERT=0.7638888888888888;DELETE=0.027777777777777776;UPDATE=0.05555555555555555;RANGE_SEARCH=0.027777777777777776,200.0,900.0,700.0,200.0,2000.0,2000.0,1.1001649039008303,0.03441466854724965,3,0,0.8155381944444444,0.53125,36,1879
PUBLICATION,LOCAL_HOTSPOT,LOCAL_COST_ADAPTIVE,0,1103515245,LOCAL_HOTSPOT,12,21587,180375,1,5,180394,237578,WINDOW_COMPLETE,1024,SEARCH=0.251953125;INSERT=0.4462890625;DELETE=0.0869140625;UPDATE=0.1484375;RANGE_SEARCH=0.06640625,SEARCH=0.06172839506172839;INSERT=0.6666666666666666;DELETE=0.04938271604938271;UPDATE=0.06172839506172839;RANGE_SEARCH=0.16049382716049382,300.0,900.0,600.0,200.0,4000.0,4000.0,1.1925602447107473,0.03483397840700754,6,0,0.7462797619047619,0.5,42,2006
PUBLICATION,LOCAL_HOTSPOT,LOCAL_COST_ADAPTIVE,0,1103515245,LOCAL_HOTSPOT,2,20996,124483,3,10,187573,246879,WINDOW_COMPLETE,1024,SEARCH=0.2470703125;INSERT=0.4326171875;DELETE=0.1005859375;UPDATE=0.162109375;RANGE_SEARCH=0.0576171875,SEARCH=0.037037037037037035;INSERT=0.7283950617283951;DELETE=0.037037037037037035;UPDATE=0.08641975308641975;RANGE_SEARCH=0.1111111111111111,200.0,4800.0,5100.0,200.0,4900.0,5100.0,1.4806541508162123,0.033712882339807994,12,0,0.7191310975609756,0.5,41,1887
PUBLICATION,LOCAL_HOTSPOT,LOCAL_COST_ADAPTIVE,0,1103515245,LOCAL_HOTSPOT,8,20997,165012,2,10,198975,248867,WINDOW_COMPLETE,1024,SEARCH=0.26171875;INSERT=0.4482421875;DELETE=0.1005859375;UPDATE=0.1533203125;RANGE_SEARCH=0.0361328125,SEARCH=0.10975609756097561;INSERT=0.7317073170731707;DELETE=0.024390243902439025;UPDATE=0.07317073170731707;RANGE_SEARCH=0.06097560975609756,200.0,1900.0,600.0,200.0,1900.0,1900.0,1.3384006571728426,0.03526448362720403,9,0,0.761402027027027,0.5,37,1803
PUBLICATION,LOCAL_HOTSPOT,LOCAL_COST_ADAPTIVE,0,1103515245,LOCAL_HOTSPOT,13,21595,198190,1,5,198283,258572,WINDOW_COMPLETE,1024,SEARCH=0.255859375;INSERT=0.4599609375;DELETE=0.0927734375;UPDATE=0.1416015625;RANGE_SEARCH=0.0498046875,SEARCH=0.09876543209876543;INSERT=0.7160493827160493;DELETE=0.037037037037037035;UPDATE=0.08641975308641975;RANGE_SEARCH=0.06172839506172839,300.0,1900.0,600.0,200.0,1900.0,1900.0,1.2350137847040359,0.033374844333748446,8,0,0.7297585227272727,0.5,44,2055
PUBLICATION,LOCAL_HOTSPOT,LOCAL_COST_ADAPTIVE,0,1103515245,LOCAL_HOTSPOT,14,21181,207460,1,8,207685,265947,WINDOW_COMPLETE,1024,SEARCH=0.2470703125;INSERT=0.439453125;DELETE=0.0966796875;UPDATE=0.1591796875;RANGE_SEARCH=0.0576171875,SEARCH=0.11842105263157894;INSERT=0.6973684210526315;DELETE=0.039473684210526314;UPDATE=0.02631578947368421;RANGE_SEARCH=0.11842105263157894,200.0,1500.0,200.0,100.0,1867.0,1867.0,0.9890590732400062,0.0338720389639141,16,0,0.6559375,0.5,50,2099
PUBLICATION,LOCAL_HOTSPOT,LOCAL_COST_ADAPTIVE,0,1103515245,LOCAL_HOTSPOT,9,21574,166241,2,6,222935,281328,WINDOW_COMPLETE,1024,SEARCH=0.259765625;INSERT=0.4453125;DELETE=0.0859375;UPDATE=0.1591796875;RANGE_SEARCH=0.0498046875,SEARCH=0.07407407407407407;INSERT=0.7530864197530864;DELETE=0.024691358024691357;UPDATE=0.06172839506172839;RANGE_SEARCH=0.08641975308641975,200.0,1900.0,600.0,200.0,4200.0,4200.0,1.6768641714420245,0.03427468018344195,18,0,0.6534598214285714,0.5,56,2342
PUBLICATION,LOCAL_HOTSPOT,LOCAL_COST_ADAPTIVE,0,1103515245,LOCAL_HOTSPOT,10,21175,171364,2,9,216800,283722,WINDOW_COMPLETE,1024,SEARCH=0.24609375;INSERT=0.470703125;DELETE=0.083984375;UPDATE=0.1572265625;RANGE_SEARCH=0.0419921875,SEARCH=0.10975609756097561;INSERT=0.7560975609756098;DELETE=0.036585365853658534;UPDATE=0.04878048780487805;RANGE_SEARCH=0.04878048780487805,400.0,1300.0,700.0,200.0,4300.0,4300.0,0.9818570173106839,0.033845352772715435,15,0,0.6757015306122449,0.5,49,2119
PUBLICATION,LOCAL_HOTSPOT,LOCAL_COST_ADAPTIVE,0,1103515245,LOCAL_HOTSPOT,12,21587,180375,2,6,237653,295228,WINDOW_COMPLETE,1024,SEARCH=0.24609375;INSERT=0.4384765625;DELETE=0.1142578125;UPDATE=0.1455078125;RANGE_SEARCH=0.0556640625,SEARCH=0.08955223880597014;INSERT=0.7014925373134329;DELETE=0.05970149253731343;UPDATE=0.014925373134328358;RANGE_SEARCH=0.13432835820895522,200.0,1800.0,800.0,200.0,3600.0,3600.0,2.1951219512195124,0.033547609481719566,17,0,0.6414194915254238,0.5,59,2422
PUBLICATION,LOCAL_HOTSPOT,LOCAL_COST_ADAPTIVE,0,1103515245,LOCAL_HOTSPOT,11,21561,172031,2,6,236267,298638,WINDOW_COMPLETE,1024,SEARCH=0.2578125;INSERT=0.4599609375;DELETE=0.08984375;UPDATE=0.1416015625;RANGE_SEARCH=0.05078125,SEARCH=0.06315789473684211;INSERT=0.7894736842105263;DELETE=0.010526315789473684;UPDATE=0.05263157894736842;RANGE_SEARCH=0.08421052631578947,200.0,2300.0,800.0,400.0,1300.0,2300.0,2.2115384615384617,0.03489109748361176,22,0,0.6258081896551724,0.5,58,2323
PUBLICATION,LOCAL_HOTSPOT,LOCAL_COST_ADAPTIVE,0,1103515245,LOCAL_HOTSPOT,12,21587,180375,3,7,295305,299948,RUN_END,83,SEARCH=0.2289156626506024;INSERT=0.42168674698795183;DELETE=0.13253012048192772;UPDATE=0.13253012048192772;RANGE_SEARCH=0.08433734939759036,SEARCH=0.0;INSERT=0.8333333333333334;DELETE=0.0;UPDATE=0.0;RANGE_SEARCH=0.16666666666666666,NaN,900.0,NaN,NaN,1200.0,1200.0,0.9321467534245259,0.03838771593090211,0,0,0.6506885593220338,0.5,59,2457
PUBLICATION,LOCAL_HOTSPOT,LOCAL_COST_ADAPTIVE,0,1103515245,LOCAL_HOTSPOT,2,20996,124483,4,11,246903,299908,RUN_END,859,SEARCH=0.2409778812572759;INSERT=0.4575087310826543;DELETE=0.09778812572759023;UPDATE=0.16530849825378346;RANGE_SEARCH=0.03841676367869616,SEARCH=0.1111111111111111;INSERT=0.75;DELETE=0.013888888888888888;UPDATE=0.06944444444444445;RANGE_SEARCH=0.05555555555555555,200.0,1500.0,200.0,300.0,4200.0,4200.0,0.9566476909084785,0.034834623504574246,0,0,0.6300223214285714,0.5,56,2258
PUBLICATION,LOCAL_HOTSPOT,LOCAL_COST_ADAPTIVE,0,1103515245,LOCAL_HOTSPOT,8,20997,165012,3,11,249020,299953,RUN_END,791,SEARCH=0.24905183312262957;INSERT=0.4475347661188369;DELETE=0.11378002528445007;UPDATE=0.1504424778761062;RANGE_SEARCH=0.039190897597977246,SEARCH=0.11764705882352941;INSERT=0.75;DELETE=0.04411764705882353;UPDATE=0.058823529411764705;RANGE_SEARCH=0.029411764705882353,200.0,1500.0,700.0,100.0,1100.0,1500.0,0.9513693252667067,0.0338863395693611,0,0,0.6541053921568627,0.5,51,2135
PUBLICATION,LOCAL_HOTSPOT,LOCAL_COST_ADAPTIVE,0,1103515245,LOCAL_HOTSPOT,9,21574,166241,3,7,281339,299977,RUN_END,360,SEARCH=0.25;INSERT=0.4;DELETE=0.1111111111111111;UPDATE=0.17777777777777778;RANGE_SEARCH=0.06111111111111111,SEARCH=0.04;INSERT=0.64;DELETE=0.08;UPDATE=0.12;RANGE_SEARCH=0.12,200.0,700.0,800.0,200.0,7400.0,7400.0,0.917602917344823,0.03593977659057795,0,0,0.6549258474576272,0.5,59,2473
PUBLICATION,LOCAL_HOTSPOT,LOCAL_COST_ADAPTIVE,0,1103515245,LOCAL_HOTSPOT,10,21175,171364,3,10,283750,299964,RUN_END,264,SEARCH=0.25;INSERT=0.4356060606060606;DELETE=0.11742424242424243;UPDATE=0.15151515151515152;RANGE_SEARCH=0.045454545454545456,SEARCH=0.0625;INSERT=0.625;DELETE=0.0;UPDATE=0.0625;RANGE_SEARCH=0.25,200.0,1000.0,NaN,100.0,1300.0,1300.0,0.5883878056880301,0.036020583190394515,0,0,0.63125,0.5,55,2222
PUBLICATION,LOCAL_HOTSPOT,LOCAL_COST_ADAPTIVE,0,1103515245,LOCAL_HOTSPOT,11,21561,172031,3,7,298858,299924,RUN_END,20,SEARCH=0.2;INSERT=0.55;DELETE=0.05;UPDATE=0.1;RANGE_SEARCH=0.1,SEARCH=0.0;INSERT=0.0;DELETE=0.0;UPDATE=0.0;RANGE_SEARCH=0.0,NaN,NaN,NaN,NaN,NaN,NaN,NaN,0.03017241379310345,0,0,0.6178495762711864,0.5,59,2333
PUBLICATION,LOCAL_HOTSPOT,LOCAL_COST_ADAPTIVE,0,1103515245,LOCAL_HOTSPOT,13,21595,198190,2,6,258576,299957,RUN_END,683,SEARCH=0.22693997071742314;INSERT=0.4377745241581259;DELETE=0.12152269399707175;UPDATE=0.1581259150805271;RANGE_SEARCH=0.055636896046852125,SEARCH=0.09302325581395349;INSERT=0.7209302325581395;DELETE=0.06976744186046512;UPDATE=0.023255813953488372;RANGE_SEARCH=0.09302325581395349,100.0,1000.0,100.0,200.0,1400.0,1400.0,0.9043200833414721,0.03443449048152296,0,0,0.6875,0.5,53,2332
PUBLICATION,LOCAL_HOTSPOT,LOCAL_COST_ADAPTIVE,0,1103515245,LOCAL_HOTSPOT,14,21181,207460,2,9,266060,299968,RUN_END,544,SEARCH=0.2610294117647059;INSERT=0.42463235294117646;DELETE=0.09191176470588236;UPDATE=0.15992647058823528;RANGE_SEARCH=0.0625,SEARCH=0.18181818181818182;INSERT=0.5909090909090909;DELETE=0.045454545454545456;UPDATE=0.11363636363636363;RANGE_SEARCH=0.06818181818181818,200.0,1700.0,200.0,200.0,1700.0,1700.0,1.05227321964656,0.036021676761236854,0,0,0.6239224137931034,0.5,58,2316
PUBLICATION,LOCAL_HOTSPOT,LOCAL_COST_ADAPTIVE,1,214013,LOCAL_HOTSPOT,3,21001,52761,1,5,52777,67985,WINDOW_COMPLETE,1024,SEARCH=0.24609375;INSERT=0.4580078125;DELETE=0.099609375;UPDATE=0.138671875;RANGE_SEARCH=0.0576171875,SEARCH=0.06896551724137931;INSERT=0.7471264367816092;DELETE=0.034482758620689655;UPDATE=0.04597701149425287;RANGE_SEARCH=0.10344827586206896,200.0,900.0,800.0,200.0,1400.0,1400.0,0.9606458123107972,0.05538302277432712,0,0,0.749755859375,0.546875,64,3071
PUBLICATION,LOCAL_HOTSPOT,LOCAL_COST_ADAPTIVE,1,214013,LOCAL_HOTSPOT,3,21001,52761,2,6,68004,83925,WINDOW_COMPLETE,1024,SEARCH=0.240234375;INSERT=0.4169921875;DELETE=0.1142578125;UPDATE=0.171875;RANGE_SEARCH=0.056640625,SEARCH=0.15151515151515152;INSERT=0.696969696969697;DELETE=0.030303030303030304;UPDATE=0.045454545454545456;RANGE_SEARCH=0.07575757575757576,200.0,1100.0,600.0,200.0,1200.0,1200.0,1.0040082968942705,0.04764243614931238,1,0,0.82275390625,0.59375,32,1685
PUBLICATION,LOCAL_HOTSPOT,LOCAL_COST_ADAPTIVE,1,214013,LOCAL_HOTSPOT,3,21001,52761,3,7,83964,116094,WINDOW_COMPLETE,1024,SEARCH=0.2373046875;INSERT=0.4765625;DELETE=0.107421875;UPDATE=0.1376953125;RANGE_SEARCH=0.041015625,SEARCH=0.047619047619047616;INSERT=0.8095238095238095;DELETE=0.015873015873015872;UPDATE=0.06349206349206349;RANGE_SEARCH=0.06349206349206349,100.0,3200.0,500.0,100.0,1500.0,3200.0,1.8604651162790697,0.04449515116942385,21,0,0.6191037735849056,0.5,53,2100
PUBLICATION,LOCAL_HOTSPOT,LOCAL_COST_ADAPTIVE,1,214013,LOCAL_HOTSPOT,4,21174,111396,1,6,111409,144429,WINDOW_COMPLETE,1024,SEARCH=0.2587890625;INSERT=0.46484375;DELETE=0.0888671875;UPDATE=0.1435546875;RANGE_SEARCH=0.0439453125,SEARCH=0.11764705882352941;INSERT=0.7294117647058823;DELETE=0.023529411764705882;UPDATE=0.10588235294117647;RANGE_SEARCH=0.023529411764705882,200.0,4200.0,700.0,400.0,1100.0,4200.0,3.1963470319634704,0.04564508616674429,12,0,0.63671875,0.5,60,2445
PUBLICATION,LOCAL_HOTSPOT,LOCAL_COST_ADAPTIVE,1,214013,LOCAL_HOTSPOT,5,21176,114594,1,5,114606,146055,WINDOW_COMPLETE,1024,SEARCH=0.21875;INSERT=0.46484375;DELETE=0.107421875;UPDATE=0.15625;RANGE_SEARCH=0.052734375,SEARCH=0.07317073170731707;INSERT=0.7073170731707317;DELETE=0.024390243902439025;UPDATE=0.04878048780487805;RANGE_SEARCH=0.14634146341463414,200.0,2200.0,1100.0,200.0,4800.0,4800.0,1.6417910447761195,0.04388489208633094,4,0,0.6579861111111112,0.546875,63,2653
PUBLICATION,LOCAL_HOTSPOT,LOCAL_COST_ADAPTIVE,1,214013,LOCAL_HOTSPOT,3,21001,52761,4,8,116122,147629,WINDOW_COMPLETE,1024,SEARCH=0.265625;INSERT=0.4453125;DELETE=0.0986328125;UPDATE=0.1455078125;RANGE_SEARCH=0.044921875,SEARCH=0.07142857142857142;INSERT=0.75;DELETE=0.07142857142857142;UPDATE=0.05952380952380952;RANGE_SEARCH=0.047619047619047616,200.0,4000.0,900.0,5100.0,1000.0,5100.0,2.3255813953488373,0.04208822339133954,8,0,0.6408811475409836,0.5,61,2502
PUBLICATION,LOCAL_HOTSPOT,LOCAL_COST_ADAPTIVE,1,214013,LOCAL_HOTSPOT,10,20996,134458,1,8,134483,168171,WINDOW_COMPLETE,1024,SEARCH=0.2421875;INSERT=0.4384765625;DELETE=0.099609375;UPDATE=0.1611328125;RANGE_SEARCH=0.05859375,SEARCH=0.045454545454545456;INSERT=0.7424242424242424;DELETE=0.045454545454545456;UPDATE=0.045454545454545456;RANGE_SEARCH=0.12121212121212122,100.0,1100.0,900.0,200.0,1300.0,1300.0,0.9451678502409109,0.04408634843417452,1,0,0.6848958333333334,0.546875,60,2630
PUBLICATION,LOCAL_HOTSPOT,LOCAL_COST_ADAPTIVE,1,214013,LOCAL_HOTSPOT,4,21174,111396,2,7,144478,175912,WINDOW_COMPLETE,1024,SEARCH=0.2490234375;INSERT=0.4443359375;DELETE=0.0751953125;UPDATE=0.1669921875;RANGE_SEARCH=0.064453125,SEARCH=0.14705882352941177;INSERT=0.7058823529411765;DELETE=0.0;UPDATE=0.058823529411764705;RANGE_SEARCH=0.08823529411764706,200.0,1200.0,NaN,100.0,4400.0,4400.0,0.91324200913242,0.04021712311867752,1,0,0.7318135245901639,0.515625,61,2857
PUBLICATION,LOCAL_HOTSPOT,LOCAL_COST_ADAPTIVE,1,214013,LOCAL_HOTSPOT,11,21001,147629,1,9,147655,179310,WINDOW_COMPLETE,1024,SEARCH=0.259765625;INSERT=0.431640625;DELETE=0.1005859375;UPDATE=0.1591796875;RANGE_SEARCH=0.048828125,SEARCH=0.04285714285714286;INSERT=0.8142857142857143;DELETE=0.04285714285714286;UPDATE=0.04285714285714286;RANGE_SEARCH=0.05714285714285714,200.0,1200.0,700.0,300.0,1100.0,1200.0,1.0047432542600923,0.03955174686882004,1,0,0.7160218253968254,0.53125,63,2887
PUBLICATION,LOCAL_HOTSPOT,LOCAL_COST_ADAPTIVE,1,214013,LOCAL_HOTSPOT,5,21176,114594,2,6,146060,182583,WINDOW_COMPLETE,1024,SEARCH=0.2529296875;INSERT=0.4482421875;DELETE=0.0947265625;UPDATE=0.15234375;RANGE_SEARCH=0.0517578125,SEARCH=0.14285714285714285;INSERT=0.7142857142857143;DELETE=0.025974025974025976;UPDATE=0.03896103896103896;RANGE_SEARCH=0.07792207792207792,300.0,4700.0,600.0,200.0,4300.0,4700.0,3.507462686567164,0.03960700030703101,2,0,0.76025390625,0.5625,32,1557
PUBLICATION,LOCAL_HOTSPOT,LOCAL_COST_ADAPTIVE,1,214013,LOCAL_HOTSPOT,15,20997,157533,1,9,157534,189543,WINDOW_COMPLETE,1024,SEARCH=0.248046875;INSERT=0.4306640625;DELETE=0.099609375;UPDATE=0.16015625;RANGE_SEARCH=0.0615234375,SEARCH=0.136986301369863;INSERT=0.6712328767123288;DELETE=0.0273972602739726;UPDATE=0.0410958904109589;RANGE_SEARCH=0.1232876712328767,300.0,2000.0,1900.0,200.0,1600.0,2000.0,1.277139208173691,0.03746898263027295,0,0,0.7492559523809523,0.53125,63,3021
PUBLICATION,LOCAL_HOTSPOT,LOCAL_COST_ADAPTIVE,1,214013,LOCAL_HOTSPOT,16,21170,161998,1,7,162038,194715,WINDOW_COMPLETE,1024,SEARCH=0.255859375;INSERT=0.4404296875;DELETE=0.08984375;UPDATE=0.1630859375;RANGE_SEARCH=0.05078125,SEARCH=0.10101010101010101;INSERT=0.7373737373737373;DELETE=0.04040404040404041;UPDATE=0.04040404040404041;RANGE_SEARCH=0.08080808080808081,200.0,5000.0,700.0,300.0,3300.0,5000.0,2.7307482250136537,0.03881987577639751,1,0,0.75,0.609375,32,1536
PUBLICATION,LOCAL_HOTSPOT,LOCAL_COST_ADAPTIVE,1,214013,LOCAL_HOTSPOT,10,20996,134458,2,9,168182,201774,WINDOW_COMPLETE,1024,SEARCH=0.248046875;INSERT=0.44140625;DELETE=0.099609375;UPDATE=0.1591796875;RANGE_SEARCH=0.0517578125,SEARCH=0.14864864864864866;INSERT=0.6351351351351351;DELETE=0.04054054054054054;UPDATE=0.12162162162162163;RANGE_SEARCH=0.05405405405405406,200.0,1700.0,1000.0,200.0,900.0,1700.0,1.0270748418998759,0.037221570926143026,3,0,0.7524801587301587,0.5,63,3034
PUBLICATION,LOCAL_HOTSPOT,LOCAL_COST_ADAPTIVE,1,214013,LOCAL_HOTSPOT,4,21174,111396,3,8,175979,220959,WINDOW_COMPLETE,1024,SEARCH=0.2607421875;INSERT=0.4306640625;DELETE=0.107421875;UPDATE=0.1474609375;RANGE_SEARCH=0.0537109375,SEARCH=0.09859154929577464;INSERT=0.647887323943662;DELETE=0.09859154929577464;UPDATE=0.04225352112676056;RANGE_SEARCH=0.11267605633802817,200.0,800.0,1000.0,200.0,5100.0,5100.0,0.6665882998553457,0.03476428759547011,7,0,0.7383928571428572,0.5,35,1654
PUBLICATION,LOCAL_HOTSPOT,LOCAL_COST_ADAPTIVE,1,214013,LOCAL_HOTSPOT,17,21587,163476,1,5,163494,224899,WINDOW_COMPLETE,1024,SEARCH=0.236328125;INSERT=0.44921875;DELETE=0.107421875;UPDATE=0.1513671875;RANGE_SEARCH=0.0556640625,SEARCH=0.05;INSERT=0.775;DELETE=0.025;UPDATE=0.05;RANGE_SEARCH=0.1,200.0,800.0,600.0,100.0,1700.0,1700.0,1.0151597676396789,0.03720533939221812,2,0,0.7592905405405406,0.5,37,1798
PUBLICATION,LOCAL_HOTSPOT,LOCAL_COST_ADAPTIVE,1,214013,LOCAL_HOTSPOT,11,21001,147629,2,10,179338,226566,WINDOW_COMPLETE,1024,SEARCH=0.251953125;INSERT=0.4375;DELETE=0.1005859375;UPDATE=0.1513671875;RANGE_SEARCH=0.05859375,SEARCH=0.038461538461538464;INSERT=0.6666666666666666;DELETE=0.05128205128205128;UPDATE=0.10256410256410256;RANGE_SEARCH=0.14102564102564102,200.0,6300.0,700.0,100.0,5000.0,6300.0,3.6627906976744184,0.03519417475728155,4,0,0.7674632352941176,0.515625,34,1670
PUBLICATION,LOCAL_HOTSPOT,LOCAL_COST_ADAPTIVE,1,214013,LOCAL_HOTSPOT,18,21568,173087,1,5,173168,234738,WINDOW_COMPLETE,1024,SEARCH=0.2421875;INSERT=0.44140625;DELETE=0.1142578125;UPDATE=0.15234375;RANGE_SEARCH=0.0498046875,SEARCH=0.08333333333333333;INSERT=0.71875;DELETE=0.03125;UPDATE=0.09375;RANGE_SEARCH=0.07291666666666667,300.0,2000.0,500.0,200.0,1300.0,2000.0,1.941747572815534,0.03780557134735645,4,0,0.7763157894736842,0.5,38,1888
PUBLICATION,LOCAL_HOTSPOT,LOCAL_COST_ADAPTIVE,1,214013,LOCAL_HOTSPOT,5,21176,114594,3,7,182628,242689,WINDOW_COMPLETE,1024,SEARCH=0.2548828125;INSERT=0.4345703125;DELETE=0.1103515625;UPDATE=0.1513671875;RANGE_SEARCH=0.048828125,SEARCH=0.09523809523809523;INSERT=0.6904761904761905;DELETE=0.047619047619047616;UPDATE=0.05952380952380952;RANGE_SEARCH=0.10714285714285714,200.0,1500.0,500.0,200.0,2100.0,2100.0,1.1194029850746268,0.032458750338111984,12,0,0.6942471590909091,0.5,44,1955
PUBLICATION,LOCAL_HOTSPOT,LOCAL_COST_ADAPTIVE,1,214013,LOCAL_HOTSPOT,15,20997,157533,2,10,189548,243592,WINDOW_COMPLETE,1024,SEARCH=0.23828125;INSERT=0.4638671875;DELETE=0.10546875;UPDATE=0.13671875;RANGE_SEARCH=0.0556640625,SEARCH=0.05194805194805195;INSERT=0.8181818181818182;DELETE=0.05194805194805195;UPDATE=0.012987012987012988;RANGE_SEARCH=0.06493506493506493,200.0,1400.0,200.0,200.0,1700.0,1700.0,1.3017616460802828,0.03307303628847037,8,0,0.7524671052631579,0.5,38,1830
PUBLICATION,LOCAL_HOTSPOT,LOCAL_COST_ADAPTIVE,1,214013,LOCAL_HOTSPOT,10,20996,134458,3,10,201810,246034,WINDOW_COMPLETE,1024,SEARCH=0.2470703125;INSERT=0.4453125;DELETE=0.1103515625;UPDATE=0.1484375;RANGE_SEARCH=0.048828125,SEARCH=0.1;INSERT=0.7625;DELETE=0.05;UPDATE=0.0375;RANGE_SEARCH=0.05,200.0,1500.0,600.0,200.0,4500.0,4500.0,1.1894117619662978,0.03351800554016621,7,0,0.7318412162162162,0.5,37,1733
PUBLICATION,LOCAL_HOTSPOT,LOCAL_COST_ADAPTIVE,1,214013,LOCAL_HOTSPOT,16,21170,161998,2,8,194729,256305,WINDOW_COMPLETE,1024,SEARCH=0.2412109375;INSERT=0.45703125;DELETE=0.0869140625;UPDATE=0.15625;RANGE_SEARCH=0.05859375,SEARCH=0.13636363636363635;INSERT=0.6363636363636364;DELETE=0.056818181818181816;UPDATE=0.07954545454545454;RANGE_SEARCH=0.09090909090909091,200.0,1200.0,500.0,200.0,3500.0,3500.0,0.8162113753542838,0.03464259575506221,8,0,0.7703125,0.5,40,1972
PUBLICATION,LOCAL_HOTSPOT,LOCAL_COST_ADAPTIVE,1,214013,LOCAL_HOTSPOT,20,21605,207043,1,5,207134,269798,WINDOW_COMPLETE,1024,SEARCH=0.25;INSERT=0.4404296875;DELETE=0.111328125;UPDATE=0.1435546875;RANGE_SEARCH=0.0546875,SEARCH=0.13157894736842105;INSERT=0.6842105263157895;DELETE=0.039473684210526314;UPDATE=0.039473684210526314;RANGE_SEARCH=0.10526315789473684,200.0,1500.0,900.0,100.0,3700.0,3700.0,1.744186046511628,0.033340549902576316,12,0,0.6827168367346939,0.5,49,2141
PUBLICATION,LOCAL_HOTSPOT,LOCAL_COST_ADAPTIVE,1,214013,LOCAL_HOTSPOT,17,21587,163476,2,6,225020,282829,WINDOW_COMPLETE,1024,SEARCH=0.2255859375;INSERT=0.4853515625;DELETE=0.0927734375;UPDATE=0.1435546875;RANGE_SEARCH=0.052734375,SEARCH=0.041237113402061855;INSERT=0.8041237113402062;DELETE=0.030927835051546393;UPDATE=0.05154639175257732;RANGE_SEARCH=0.07216494845360824,200.0,1300.0,500.0,200.0,1800.0,1800.0,1.6281532672141927,0.03311556656904708,17,0,0.6565393518518519,0.5,54,2269
PUBLICATION,LOCAL_HOTSPOT,LOCAL_COST_ADAPTIVE,1,214013,LOCAL_HOTSPOT,4,21174,111396,4,9,221050,283191,WINDOW_COMPLETE,1024,SEARCH=0.2666015625;INSERT=0.4228515625;DELETE=0.1181640625;UPDATE=0.146484375;RANGE_SEARCH=0.0458984375,SEARCH=0.07792207792207792;INSERT=0.7142857142857143;DELETE=0.07792207792207792;UPDATE=0.05194805194805195;RANGE_SEARCH=0.07792207792207792,200.0,4600.0,700.0,200.0,1700.0,4600.0,3.6432757801362263,0.033823529411764704,14,0,0.6505102040816326,0.5,49,2040
PUBLICATION,LOCAL_HOTSPOT,LOCAL_COST_ADAPTIVE,1,214013,LOCAL_HOTSPOT,21,21678,222323,1,5,222388,286199,WINDOW_COMPLETE,1024,SEARCH=0.2548828125;INSERT=0.4375;DELETE=0.099609375;UPDATE=0.146484375;RANGE_SEARCH=0.0615234375,SEARCH=0.1;INSERT=0.7571428571428571;DELETE=0.02857142857142857;UPDATE=0.04285714285714286;RANGE_SEARCH=0.07142857142857142,200.0,1400.0,200.0,100.0,1200.0,1400.0,1.6666666666666667,0.03515990274920516,15,0,0.6498842592592593,0.5,54,2246
PUBLICATION,LOCAL_HOTSPOT,LOCAL_COST_ADAPTIVE,1,214013,LOCAL_HOTSPOT,11,21001,147629,3,11,226669,293628,WINDOW_COMPLETE,1024,SEARCH=0.2353515625;INSERT=0.4501953125;DELETE=0.1044921875;UPDATE=0.1455078125;RANGE_SEARCH=0.064453125,SEARCH=0.06976744186046512;INSERT=0.686046511627907;DELETE=0.046511627906976744;UPDATE=0.06976744186046512;RANGE_SEARCH=0.12790697674418605,200.0,4900.0,700.0,200.0,2400.0,4900.0,2.8488372093023258,0.03373536095088271,17,0,0.6415441176470589,0.5,51,2094
PUBLICATION,LOCAL_HOTSPOT,LOCAL_COST_ADAPTIVE,1,214013,LOCAL_HOTSPOT,22,21554,236452,1,6,236476,296098,WINDOW_COMPLETE,1024,SEARCH=0.2431640625;INSERT=0.4326171875;DELETE=0.12109375;UPDATE=0.1572265625;RANGE_SEARCH=0.0458984375,SEARCH=0.15;INSERT=0.675;DELETE=0.0375;UPDATE=0.1;RANGE_SEARCH=0.0375,200.0,2900.0,600.0,200.0,1300.0,2900.0,2.685185185185185,0.034220532319391636,18,0,0.6191086065573771,0.5,61,2417
PUBLICATION,LOCAL_HOTSPOT,LOCAL_COST_ADAPTIVE,1,214013,LOCAL_HOTSPOT,18,21568,173087,2,6,234758,296880,WINDOW_COMPLETE,1024,SEARCH=0.2314453125;INSERT=0.4501953125;DELETE=0.111328125;UPDATE=0.1435546875;RANGE_SEARCH=0.0634765625,SEARCH=0.0410958904109589;INSERT=0.7534246575342466;DELETE=0.0273972602739726;UPDATE=0.0821917808219178;RANGE_SEARCH=0.0958904109589041,200.0,2100.0,600.0,300.0,1400.0,2100.0,2.0388349514563107,0.032798448245459355,16,0,0.6707175925925926,0.5,54,2318
PUBLICATION,LOCAL_HOTSPOT,LOCAL_COST_ADAPTIVE,1,214013,LOCAL_HOTSPOT,17,21587,163476,3,7,283032,299913,RUN_END,303,SEARCH=0.29042904290429045;INSERT=0.41254125412541254;DELETE=0.11221122112211221;UPDATE=0.1353135313531353;RANGE_SEARCH=0.04950495049504951,SEARCH=0.13333333333333333;INSERT=0.6666666666666666;DELETE=0.13333333333333333;UPDATE=0.06666666666666667;RANGE_SEARCH=0.0,200.0,2900.0,1300.0,300.0,NaN,2900.0,0.931633963973123,0.03497501784439686,0,0,0.6646205357142857,0.5,56,2382
PUBLICATION,LOCAL_HOTSPOT,LOCAL_COST_ADAPTIVE,1,214013,LOCAL_HOTSPOT,16,21170,161998,3,9,256373,299932,RUN_END,777,SEARCH=0.24967824967824967;INSERT=0.4465894465894466;DELETE=0.09523809523809523;UPDATE=0.15444015444015444;RANGE_SEARCH=0.05405405405405406,SEARCH=0.14;INSERT=0.68;DELETE=0.0;UPDATE=0.08;RANGE_SEARCH=0.1,200.0,2000.0,NaN,300.0,4300.0,4300.0,1.0922992900054616,0.0353366004642765,0,0,0.6177262931034483,0.5,58,2293
PUBLICATION,LOCAL_HOTSPOT,LOCAL_COST_ADAPTIVE,1,214013,LOCAL_HOTSPOT,22,21554,236452,2,7,296156,299875,RUN_END,58,SEARCH=0.1896551724137931;INSERT=0.5689655172413793;DELETE=0.08620689655172414;UPDATE=0.13793103448275862;RANGE_SEARCH=0.017241379310344827,SEARCH=0.125;INSERT=0.5;DELETE=0.25;UPDATE=0.0;RANGE_SEARCH=0.125,200.0,2500.0,300.0,NaN,3000.0,3000.0,0.9561107359891964,0.037037037037037035,0,0,0.6275614754098361,0.5,61,2450
PUBLICATION,LOCAL_HOTSPOT,LOCAL_COST_ADAPTIVE,1,214013,LOCAL_HOTSPOT,20,21605,207043,2,6,269837,299957,RUN_END,476,SEARCH=0.27941176470588236;INSERT=0.42436974789915966;DELETE=0.10504201680672269;UPDATE=0.14495798319327732;RANGE_SEARCH=0.046218487394957986,SEARCH=0.08;INSERT=0.74;DELETE=0.08;UPDATE=0.04;RANGE_SEARCH=0.06,300.0,2200.0,2000.0,300.0,3000.0,3000.0,2.5581395348837215,0.03233475986685687,0,0,0.6625,0.5,55,2332
PUBLICATION,LOCAL_HOTSPOT,LOCAL_COST_ADAPTIVE,1,214013,LOCAL_HOTSPOT,23,21630,297205,1,6,297215,299978,RUN_END,46,SEARCH=0.2391304347826087;INSERT=0.43478260869565216;DELETE=0.08695652173913043;UPDATE=0.13043478260869565;RANGE_SEARCH=0.10869565217391304,SEARCH=0.0;INSERT=0.6666666666666666;DELETE=0.0;UPDATE=0.0;RANGE_SEARCH=0.3333333333333333,NaN,1900.0,NaN,NaN,2175.0,2175.0,0.5703564208098365,0.036468330134357005,0,0,0.6052083333333333,0.515625,60,2324
PUBLICATION,LOCAL_HOTSPOT,LOCAL_COST_ADAPTIVE,1,214013,LOCAL_HOTSPOT,21,21678,222323,2,6,286210,299887,RUN_END,207,SEARCH=0.2608695652173913;INSERT=0.4251207729468599;DELETE=0.0821256038647343;UPDATE=0.16908212560386474;RANGE_SEARCH=0.06280193236714976,SEARCH=0.14285714285714285;INSERT=0.5238095238095238;DELETE=0.0;UPDATE=0.19047619047619047;RANGE_SEARCH=0.14285714285714285,200.0,35000.0,NaN,300.0,2600.0,35000.0,0.5622863502437927,0.03284072249589491,0,0,0.6492745535714286,0.5,56,2327
PUBLICATION,LOCAL_HOTSPOT,LOCAL_COST_ADAPTIVE,1,214013,LOCAL_HOTSPOT,11,21001,147629,4,12,293663,299977,RUN_END,92,SEARCH=0.30434782608695654;INSERT=0.43478260869565216;DELETE=0.11956521739130435;UPDATE=0.10869565217391304;RANGE_SEARCH=0.03260869565217391,SEARCH=0.125;INSERT=0.875;DELETE=0.0;UPDATE=0.0;RANGE_SEARCH=0.0,300.0,3800.0,NaN,NaN,NaN,3800.0,0.9606458123107972,0.03985507246376811,0,0,0.6519607843137255,0.5,51,2128
PUBLICATION,LOCAL_HOTSPOT,LOCAL_COST_ADAPTIVE,1,214013,LOCAL_HOTSPOT,24,20998,298709,1,12,298760,299934,RUN_END,18,SEARCH=0.3888888888888889;INSERT=0.3333333333333333;DELETE=0.05555555555555555;UPDATE=0.16666666666666666;RANGE_SEARCH=0.05555555555555555,SEARCH=0.0;INSERT=0.5;DELETE=0.0;UPDATE=0.5;RANGE_SEARCH=0.0,NaN,1800.0,NaN,200.0,NaN,1800.0,NaN,0.030303030303030304,0,0,0.6398026315789473,0.5,57,2334
PUBLICATION,LOCAL_HOTSPOT,LOCAL_COST_ADAPTIVE,1,214013,LOCAL_HOTSPOT,15,20997,157533,3,11,243680,299947,RUN_END,879,SEARCH=0.24118316268486917;INSERT=0.4152445961319681;DELETE=0.11376564277588168;UPDATE=0.161547212741752;RANGE_SEARCH=0.06825938566552901,SEARCH=0.16666666666666666;INSERT=0.6212121212121212;DELETE=0.015151515151515152;UPDATE=0.12121212121212122;RANGE_SEARCH=0.07575757575757576,300.0,2100.0,700.0,400.0,1800.0,2100.0,1.3409961685823755,0.03463992707383774,0,0,0.6276041666666666,0.5,54,2169
PUBLICATION,LOCAL_HOTSPOT,LOCAL_COST_ADAPTIVE,1,214013,LOCAL_HOTSPOT,10,20996,134458,4,11,246107,299826,RUN_END,779,SEARCH=0.26187419768934533;INSERT=0.43517329910141206;DELETE=0.08857509627727857;UPDATE=0.15661103979460847;RANGE_SEARCH=0.057766367137355584,SEARCH=0.14285714285714285;INSERT=0.6825396825396826;DELETE=0.031746031746031744;UPDATE=0.047619047619047616;RANGE_SEARCH=0.09523809523809523,300.0,4800.0,200.0,200.0,1500.0,4800.0,2.454991816693944,0.03156105850934693,0,0,0.6673177083333334,0.5,48,2050
PUBLICATION,LOCAL_HOTSPOT,LOCAL_COST_ADAPTIVE,1,214013,LOCAL_HOTSPOT,18,21568,173087,3,7,296895,299883,RUN_END,48,SEARCH=0.2916666666666667;INSERT=0.4375;DELETE=0.041666666666666664;UPDATE=0.16666666666666666;RANGE_SEARCH=0.0625,SEARCH=0.25;INSERT=0.75;DELETE=0.0;UPDATE=0.0;RANGE_SEARCH=0.0,200.0,2300.0,NaN,NaN,NaN,2300.0,0.9688676017789941,0.03514376996805112,0,0,0.6411732456140351,0.5,57,2339
PUBLICATION,LOCAL_HOTSPOT,LOCAL_COST_ADAPTIVE,1,214013,LOCAL_HOTSPOT,5,21176,114594,4,8,242693,299980,RUN_END,946,SEARCH=0.25792811839323465;INSERT=0.4513742071881607;DELETE=0.09830866807610994;UPDATE=0.13530655391120508;RANGE_SEARCH=0.05708245243128964,SEARCH=0.13157894736842105;INSERT=0.7631578947368421;DELETE=0.013157894736842105;UPDATE=0.02631578947368421;RANGE_SEARCH=0.06578947368421052,300.0,5100.0,400.0,200.0,6100.0,6100.0,3.7610619469026547,0.03408615641990799,0,0,0.6684659090909091,0.5,55,2353
PUBLICATION,LOCAL_HOTSPOT,LOCAL_COST_ADAPTIVE,1,214013,LOCAL_HOTSPOT,4,21174,111396,5,10,283246,299809,RUN_END,235,SEARCH=0.23829787234042554;INSERT=0.41702127659574467;DELETE=0.09787234042553192;UPDATE=0.20425531914893616;RANGE_SEARCH=0.0425531914893617,SEARCH=0.18181818181818182;INSERT=0.7272727272727273;DELETE=0.0;UPDATE=0.0;RANGE_SEARCH=0.09090909090909091,300.0,2300.0,NaN,NaN,1100.0,2300.0,0.520801446960146,0.031037827352085354,0,0,0.6785714285714286,0.515625,49,2128
PUBLICATION,LOCAL_HOTSPOT,LOCAL_COST_ADAPTIVE,2,1664525,LOCAL_HOTSPOT,2,21000,52715,1,5,52718,69015,WINDOW_COMPLETE,1024,SEARCH=0.2392578125;INSERT=0.453125;DELETE=0.1103515625;UPDATE=0.1494140625;RANGE_SEARCH=0.0478515625,SEARCH=0.04477611940298507;INSERT=0.835820895522388;DELETE=0.05970149253731343;UPDATE=0.029850746268656716;RANGE_SEARCH=0.029850746268656716,200.0,1600.0,700.0,200.0,1400.0,1600.0,0.9488188976377953,0.051515151515151514,0,0,0.7723214285714286,0.546875,63,3114
PUBLICATION,LOCAL_HOTSPOT,LOCAL_COST_ADAPTIVE,2,1664525,LOCAL_HOTSPOT,1,21001,51838,1,5,51841,69181,WINDOW_COMPLETE,1024,SEARCH=0.2412109375;INSERT=0.4658203125;DELETE=0.078125;UPDATE=0.1748046875;RANGE_SEARCH=0.0400390625,SEARCH=0.12987012987012986;INSERT=0.7402597402597403;DELETE=0.025974025974025976;UPDATE=0.05194805194805195;RANGE_SEARCH=0.05194805194805195,200.0,1600.0,700.0,300.0,1500.0,1600.0,0.9857456140350876,0.054628224582701064,1,0,0.75830078125,0.53125,64,3106
PUBLICATION,LOCAL_HOTSPOT,LOCAL_COST_ADAPTIVE,2,1664525,LOCAL_HOTSPOT,3,20997,52838,1,5,52839,69510,WINDOW_COMPLETE,1024,SEARCH=0.244140625;INSERT=0.4580078125;DELETE=0.0986328125;UPDATE=0.1376953125;RANGE_SEARCH=0.0615234375,SEARCH=0.11428571428571428;INSERT=0.7;DELETE=0.02857142857142857;UPDATE=0.08571428571428572;RANGE_SEARCH=0.07142857142857142,200.0,1500.0,1000.0,300.0,2600.0,2600.0,0.9473684210526315,0.05322819122720552,0,0,0.7705853174603174,0.546875,63,3107
PUBLICATION,LOCAL_HOTSPOT,LOCAL_COST_ADAPTIVE,2,1664525,LOCAL_HOTSPOT,2,21000,52715,2,6,69016,94482,WINDOW_COMPLETE,1024,SEARCH=0.248046875;INSERT=0.439453125;DELETE=0.1162109375;UPDATE=0.1484375;RANGE_SEARCH=0.0478515625,SEARCH=0.08536585365853659;INSERT=0.6829268292682927;DELETE=0.04878048780487805;UPDATE=0.06097560975609756;RANGE_SEARCH=0.12195121951219512,400.0,2100.0,700.0,3100.0,9000.0,9000.0,1.2482035012613715,0.04662643993417444,7,0,0.738597972972973,0.5,37,1749
PUBLICATION,LOCAL_HOTSPOT,LOCAL_COST_ADAPTIVE,2,1664525,LOCAL_HOTSPOT,3,20997,52838,2,6,69512,95832,WINDOW_COMPLETE,1024,SEARCH=0.2587890625;INSERT=0.4501953125;DELETE=0.087890625;UPDATE=0.15234375;RANGE_SEARCH=0.05078125,SEARCH=0.12;INSERT=0.8133333333333334;DELETE=0.013333333333333334;UPDATE=0.02666666666666667;RANGE_SEARCH=0.02666666666666667,300.0,4700.0,700.0,100.0,1300.0,4700.0,1.382863098339909,0.04493207941483804,10,0,0.72890625,0.5,40,1866
PUBLICATION,LOCAL_HOTSPOT,LOCAL_COST_ADAPTIVE,2,1664525,LOCAL_HOTSPOT,1,21001,51838,2,6,69192,97556,WINDOW_COMPLETE,1024,SEARCH=0.23828125;INSERT=0.4404296875;DELETE=0.0986328125;UPDATE=0.1689453125;RANGE_SEARCH=0.0537109375,SEARCH=0.12345679012345678;INSERT=0.7283950617283951;DELETE=0.037037037037037035;UPDATE=0.04938271604938271;RANGE_SEARCH=0.06172839506172839,200.0,2000.0,600.0,200.0,700.0,2000.0,1.4518964946523758,0.04569252736792004,12,0,0.706031976744186,0.5,43,1943
PUBLICATION,LOCAL_HOTSPOT,LOCAL_COST_ADAPTIVE,2,1664525,LOCAL_HOTSPOT,4,20999,87112,1,7,87114,119024,WINDOW_COMPLETE,1024,SEARCH=0.2783203125;INSERT=0.4443359375;DELETE=0.1015625;UPDATE=0.1259765625;RANGE_SEARCH=0.0498046875,SEARCH=0.12;INSERT=0.7333333333333333;DELETE=0.02666666666666667;UPDATE=0.013333333333333334;RANGE_SEARCH=0.10666666666666667,300.0,2300.0,600.0,100.0,2200.0,2300.0,1.8931517169610146,0.04599336178283547,21,0,0.6235795454545454,0.5,55,2195
PUBLICATION,LOCAL_HOTSPOT,LOCAL_COST_ADAPTIVE,2,1664525,LOCAL_HOTSPOT,2,21000,52715,3,7,94494,128273,WINDOW_COMPLETE,1024,SEARCH=0.2490234375;INSERT=0.4775390625;DELETE=0.0908203125;UPDATE=0.1171875;RANGE_SEARCH=0.0654296875,SEARCH=0.06818181818181818;INSERT=0.7386363636363636;DELETE=0.056818181818181816;UPDATE=0.0;RANGE_SEARCH=0.13636363636363635,300.0,1400.0,1500.0,NaN,4000.0,4000.0,1.6955745115193934,0.04447351209941138,17,0,0.6290509259259259,0.5,54,2174
PUBLICATION,LOCAL_HOTSPOT,LOCAL_COST_ADAPTIVE,2,1664525,LOCAL_HOTSPOT,1,21001,51838,3,7,97586,129116,WINDOW_COMPLETE,1024,SEARCH=0.263671875;INSERT=0.447265625;DELETE=0.087890625;UPDATE=0.1572265625;RANGE_SEARCH=0.0439453125,SEARCH=0.04819277108433735;INSERT=0.7228915662650602;DELETE=0.024096385542168676;UPDATE=0.12048192771084337;RANGE_SEARCH=0.08433734939759036,200.0,2300.0,900.0,200.0,1800.0,2300.0,1.6797313026025158,0.04626506024096386,17,0,0.6109375,0.5,60,2346
PUBLICATION,LOCAL_HOTSPOT,LOCAL_COST_ADAPTIVE,2,1664525,LOCAL_HOTSPOT,3,20997,52838,3,7,95953,129352,WINDOW_COMPLETE,1024,SEARCH=0.2412109375;INSERT=0.4619140625;DELETE=0.0947265625;UPDATE=0.154296875;RANGE_SEARCH=0.0478515625,SEARCH=0.10714285714285714;INSERT=0.7857142857142857;DELETE=0.023809523809523808;UPDATE=0.047619047619047616;RANGE_SEARCH=0.03571428571428571,200.0,2300.0,600.0,200.0,800.0,2300.0,1.75093984962406,0.044762757385854966,19,0,0.602489406779661,0.5,59,2275
PUBLICATION,LOCAL_HOTSPOT,LOCAL_COST_ADAPTIVE,2,1664525,LOCAL_HOTSPOT,4,20999,87112,2,8,119071,150705,WINDOW_COMPLETE,1024,SEARCH=0.2548828125;INSERT=0.44140625;DELETE=0.0947265625;UPDATE=0.16015625;RANGE_SEARCH=0.048828125,SEARCH=0.125;INSERT=0.75;DELETE=0.0375;UPDATE=0.0375;RANGE_SEARCH=0.05,200.0,2000.0,500.0,200.0,800.0,2000.0,1.2969347546962675,0.045418006430868164,8,0,0.642609126984127,0.5,63,2591
PUBLICATION,LOCAL_HOTSPOT,LOCAL_COST_ADAPTIVE,2,1664525,LOCAL_HOTSPOT,2,21000,52715,4,8,128312,160785,WINDOW_COMPLETE,1024,SEARCH=0.22265625;INSERT=0.453125;DELETE=0.119140625;UPDATE=0.1552734375;RANGE_SEARCH=0.0498046875,SEARCH=0.1;INSERT=0.7222222222222222;DELETE=0.06666666666666667;UPDATE=0.06666666666666667;RANGE_SEARCH=0.044444444444444446,300.0,12400.0,700.0,400.0,900.0,12400.0,2.8904428904428903,0.04319052594914664,7,0,0.6606045081967213,0.5,61,2579
PUBLICATION,LOCAL_HOTSPOT,LOCAL_COST_ADAPTIVE,2,1664525,LOCAL_HOTSPOT,1,21001,51838,4,8,129126,161026,WINDOW_COMPLETE,1024,SEARCH=0.2490234375;INSERT=0.4609375;DELETE=0.0908203125;UPDATE=0.154296875;RANGE_SEARCH=0.044921875,SEARCH=0.07894736842105263;INSERT=0.6842105263157895;DELETE=0.06578947368421052;UPDATE=0.10526315789473684;RANGE_SEARCH=0.06578947368421052,300.0,7600.0,1600.0,300.0,1100.0,7600.0,1.510934393638171,0.04027386226339106,3,0,0.6857638888888888,0.515625,63,2765
PUBLICATION,LOCAL_HOTSPOT,LOCAL_COST_ADAPTIVE,2,1664525,LOCAL_HOTSPOT,3,20997,52838,4,8,129394,161575,WINDOW_COMPLETE,1024,SEARCH=0.2431640625;INSERT=0.4541015625;DELETE=0.0986328125;UPDATE=0.140625;RANGE_SEARCH=0.0634765625,SEARCH=0.10256410256410256;INSERT=0.717948717948718;DELETE=0.038461538461538464;UPDATE=0.05128205128205128;RANGE_SEARCH=0.08974358974358974,200.0,1400.0,600.0,200.0,1100.0,1400.0,1.0774647887323943,0.0424890350877193,3,0,0.6756552419354839,0.5,62,2681
PUBLICATION,LOCAL_HOTSPOT,LOCAL_COST_ADAPTIVE,2,1664525,LOCAL_HOTSPOT,7,21173,138328,1,6,138335,180671,WINDOW_COMPLETE,1024,SEARCH=0.2548828125;INSERT=0.4404296875;DELETE=0.1123046875;UPDATE=0.1533203125;RANGE_SEARCH=0.0390625,SEARCH=0.11428571428571428;INSERT=0.7571428571428571;DELETE=0.04285714285714286;UPDATE=0.014285714285714285;RANGE_SEARCH=0.07142857142857142,300.0,1800.0,800.0,100.0,1000.0,1800.0,1.3043478260869565,0.04124168514412417,4,0,0.72412109375,0.546875,32,1483
PUBLICATION,LOCAL_HOTSPOT,LOCAL_COST_ADAPTIVE,2,1664525,LOCAL_HOTSPOT,4,20999,87112,3,9,150753,183727,WINDOW_COMPLETE,1024,SEARCH=0.255859375;INSERT=0.4619140625;DELETE=0.1044921875;UPDATE=0.130859375;RANGE_SEARCH=0.046875,SEARCH=0.0898876404494382;INSERT=0.7752808988764045;DELETE=0.033707865168539325;UPDATE=0.033707865168539325;RANGE_SEARCH=0.06741573033707865,500.0,6400.0,900.0,400.0,2300.0,6400.0,3.6739380022962114,0.039875173370319004,2,0,0.748046875,0.5625,32,1532
PUBLICATION,LOCAL_HOTSPOT,LOCAL_COST_ADAPTIVE,2,1664525,LOCAL_HOTSPOT,3,20997,52838,5,9,161599,193102,WINDOW_COMPLETE,1024,SEARCH=0.2451171875;INSERT=0.42578125;DELETE=0.1103515625;UPDATE=0.1591796875;RANGE_SEARCH=0.0595703125,SEARCH=0.12;INSERT=0.6533333333333333;DELETE=0.09333333333333334;UPDATE=0.05333333333333334;RANGE_SEARCH=0.08,400.0,1400.0,1400.0,200.0,1900.0,1900.0,0.9829972960809912,0.03842132775744903,1,0,0.7606646825396826,0.515625,63,3067
PUBLICATION,LOCAL_HOTSPOT,LOCAL_COST_ADAPTIVE,2,1664525,LOCAL_HOTSPOT,10,21000,160785,1,9,160789,194164,WINDOW_COMPLETE,1024,SEARCH=0.25;INSERT=0.470703125;DELETE=0.099609375;UPDATE=0.1474609375;RANGE_SEARCH=0.0322265625,SEARCH=0.056818181818181816;INSERT=0.7954545454545454;DELETE=0.056818181818181816;UPDATE=0.045454545454545456;RANGE_SEARCH=0.045454545454545456,300.0,1800.0,1100.0,200.0,1200.0,1800.0,1.0746826289570945,0.04073898626243486,3,0,0.7060546875,0.5,32,1446
PUBLICATION,LOCAL_HOTSPOT,LOCAL_COST_ADAPTIVE,2,1664525,LOCAL_HOTSPOT,11,21001,161026,1,9,161032,215317,WINDOW_COMPLETE,1024,SEARCH=0.255859375;INSERT=0.4560546875;DELETE=0.0908203125;UPDATE=0.150390625;RANGE_SEARCH=0.046875,SEARCH=0.16091954022988506;INSERT=0.6781609195402298;DELETE=0.05747126436781609;UPDATE=0.05747126436781609;RANGE_SEARCH=0.04597701149425287,300.0,1300.0,500.0,200.0,1400.0,1400.0,1.1159456169094584,0.03570329332102185,4,0,0.7629464285714286,0.5,35,1709
PUBLICATION,LOCAL_HOTSPOT,LOCAL_COST_ADAPTIVE,2,1664525,LOCAL_HOTSPOT,12,21588,161100,1,5,161124,220406,WINDOW_COMPLETE,1024,SEARCH=0.23828125;INSERT=0.46484375;DELETE=0.095703125;UPDATE=0.1474609375;RANGE_SEARCH=0.0537109375,SEARCH=0.12643678160919541;INSERT=0.7011494252873564;DELETE=0.011494252873563218;UPDATE=0.034482758620689655;RANGE_SEARCH=0.12643678160919541,400.0,5000.0,200.0,200.0,2700.0,5000.0,1.4792899408284024,0.03525980911983033,5,0,0.7660361842105263,0.5,38,1863
PUBLICATION,LOCAL_HOTSPOT,LOCAL_COST_ADAPTIVE,2,1664525,LOCAL_HOTSPOT,14,21541,170209,1,5,170249,229145,WINDOW_COMPLETE,1024,SEARCH=0.2490234375;INSERT=0.462890625;DELETE=0.0859375;UPDATE=0.1494140625;RANGE_SEARCH=0.052734375,SEARCH=0.1111111111111111;INSERT=0.7407407407407407;DELETE=0.07407407407407407;UPDATE=0.04938271604938271;RANGE_SEARCH=0.024691358024691357,500.0,13200.0,800.0,300.0,2200.0,13200.0,5.665236051502146,0.034911399100766995,5,0,0.766426282051282,0.5,39,1913
PUBLICATION,LOCAL_HOTSPOT,LOCAL_COST_ADAPTIVE,2,1664525,LOCAL_HOTSPOT,15,21575,170768,1,5,170785,233678,WINDOW_COMPLETE,1024,SEARCH=0.25;INSERT=0.4453125;DELETE=0.107421875;UPDATE=0.1416015625;RANGE_SEARCH=0.0556640625,SEARCH=0.14606741573033707;INSERT=0.6179775280898876;DELETE=0.056179775280898875;UPDATE=0.0898876404494382;RANGE_SEARCH=0.0898876404494382,400.0,12700.0,700.0,400.0,13500.0,13500.0,8.246753246753247,0.03413143148242486,5,0,0.7561677631578947,0.5,38,1839
PUBLICATION,LOCAL_HOTSPOT,LOCAL_COST_ADAPTIVE,2,1664525,LOCAL_HOTSPOT,7,21173,138328,2,7,180757,238018,WINDOW_COMPLETE,1024,SEARCH=0.2470703125;INSERT=0.45703125;DELETE=0.083984375;UPDATE=0.1611328125;RANGE_SEARCH=0.05078125,SEARCH=0.08641975308641975;INSERT=0.7407407407407407;DELETE=0.024691358024691357;UPDATE=0.06172839506172839;RANGE_SEARCH=0.08641975308641975,300.0,2200.0,600.0,300.0,1800.0,2200.0,1.5942028985507246,0.034531963470319636,10,0,0.7120535714285714,0.5,42,1914
PUBLICATION,LOCAL_HOTSPOT,LOCAL_COST_ADAPTIVE,2,1664525,LOCAL_HOTSPOT,3,20997,52838,6,10,193113,244088,WINDOW_COMPLETE,1024,SEARCH=0.228515625;INSERT=0.474609375;DELETE=0.1103515625;UPDATE=0.1357421875;RANGE_SEARCH=0.05078125,SEARCH=0.05970149253731343;INSERT=0.7910447761194029;DELETE=0.05970149253731343;UPDATE=0.029850746268656716;RANGE_SEARCH=0.05970149253731343,200.0,1900.0,700.0,200.0,4100.0,4100.0,1.3149168648578031,0.036028823058446756,9,0,0.733573717948718,0.5,39,1831
PUBLICATION,LOCAL_HOTSPOT,LOCAL_COST_ADAPTIVE,2,1664525,LOCAL_HOTSPOT,4,20999,87112,4,10,183790,248959,WINDOW_COMPLETE,1024,SEARCH=0.255859375;INSERT=0.4619140625;DELETE=0.0927734375;UPDATE=0.1533203125;RANGE_SEARCH=0.0361328125,SEARCH=0.06896551724137931;INSERT=0.7701149425287356;DELETE=0.04597701149425287;UPDATE=0.05747126436781609;RANGE_SEARCH=0.05747126436781609,200.0,1800.0,1700.0,200.0,1400.0,1800.0,1.504213581759873,0.03684406401190919,13,0,0.6833333333333333,0.5,45,1968
PUBLICATION,LOCAL_HOTSPOT,LOCAL_COST_ADAPTIVE,2,1664525,LOCAL_HOTSPOT,10,21000,160785,2,10,194166,262956,WINDOW_COMPLETE,1024,SEARCH=0.2421875;INSERT=0.45703125;DELETE=0.0966796875;UPDATE=0.1494140625;RANGE_SEARCH=0.0546875,SEARCH=0.04819277108433735;INSERT=0.7951807228915663;DELETE=0.03614457831325301;UPDATE=0.024096385542168676;RANGE_SEARCH=0.0963855421686747,100.0,1200.0,800.0,200.0,7900.0,7900.0,1.4199338363954503,0.03488372093023256,11,0,0.6853197674418605,0.5,43,1886
PUBLICATION,LOCAL_HOTSPOT,LOCAL_COST_ADAPTIVE,2,1664525,LOCAL_HOTSPOT,12,21588,161100,2,6,220448,281031,WINDOW_COMPLETE,1024,SEARCH=0.2412109375;INSERT=0.44140625;DELETE=0.1083984375;UPDATE=0.1484375;RANGE_SEARCH=0.060546875,SEARCH=0.09302325581395349;INSERT=0.7790697674418605;DELETE=0.011627906976744186;UPDATE=0.03488372093023256;RANGE_SEARCH=0.08139534883720931,300.0,1300.0,200.0,100.0,2200.0,2200.0,1.6072999938030612,0.03391182924396569,15,0,0.6686320754716981,0.5,53,2268
PUBLICATION,LOCAL_HOTSPOT,LOCAL_COST_ADAPTIVE,2,1664525,LOCAL_HOTSPOT,11,21001,161026,2,10,215398,282345,WINDOW_COMPLETE,1024,SEARCH=0.25;INSERT=0.4453125;DELETE=0.0927734375;UPDATE=0.1416015625;RANGE_SEARCH=0.0703125,SEARCH=0.12631578947368421;INSERT=0.6631578947368421;DELETE=0.042105263157894736;UPDATE=0.031578947368421054;RANGE_SEARCH=0.1368421052631579,200.0,3200.0,700.0,200.0,2100.0,3200.0,1.6053059617162622,0.034083388484447384,15,0,0.6621875,0.5,50,2119
PUBLICATION,LOCAL_HOTSPOT,LOCAL_COST_ADAPTIVE,2,1664525,LOCAL_HOTSPOT,18,21623,224308,1,5,224452,286918,WINDOW_COMPLETE,1024,SEARCH=0.255859375;INSERT=0.4619140625;DELETE=0.1044921875;UPDATE=0.13671875;RANGE_SEARCH=0.041015625,SEARCH=0.08235294117647059;INSERT=0.7529411764705882;DELETE=0.0;UPDATE=0.03529411764705882;RANGE_SEARCH=0.12941176470588237,200.0,2200.0,NaN,300.0,4400.0,4400.0,1.3664596273291925,0.033665499596014004,16,0,0.6609669811320755,0.5,53,2242
PUBLICATION,LOCAL_HOTSPOT,LOCAL_COST_ADAPTIVE,2,1664525,LOCAL_HOTSPOT,14,21541,170209,2,6,229167,287662,WINDOW_COMPLETE,1024,SEARCH=0.240234375;INSERT=0.482421875;DELETE=0.0947265625;UPDATE=0.1337890625;RANGE_SEARCH=0.048828125,SEARCH=0.12037037037037036;INSERT=0.6851851851851852;DELETE=0.046296296296296294;UPDATE=0.08333333333333333;RANGE_SEARCH=0.06481481481481481,200.0,2200.0,700.0,200.0,2300.0,2200.0,1.6389498704501144,0.03362305580969808,17,0,0.6623883928571429,0.5,56,2374
PUBLICATION,LOCAL_HOTSPOT,LOCAL_COST_ADAPTIVE,2,1664525,LOCAL_HOTSPOT,17,21633,222634,1,5,222651,289303,WINDOW_COMPLETE,1024,SEARCH=0.265625;INSERT=0.4326171875;DELETE=0.111328125;UPDATE=0.1376953125;RANGE_SEARCH=0.052734375,SEARCH=0.09;INSERT=0.69;DELETE=0.05;UPDATE=0.07;RANGE_SEARCH=0.1,300.0,4900.0,200.0,200.0,4300.0,4300.0,1.6838487972508593,0.03672566371681416,13,0,0.6544117647058824,0.5,51,2136
PUBLICATION,LOCAL_HOTSPOT,LOCAL_COST_ADAPTIVE,2,1664525,LOCAL_HOTSPOT,7,21173,138328,3,8,238041,295663,WINDOW_COMPLETE,1024,SEARCH=0.27734375;INSERT=0.4482421875;DELETE=0.091796875;UPDATE=0.1396484375;RANGE_SEARCH=0.04296875,SEARCH=0.07792207792207792;INSERT=0.7532467532467533;DELETE=0.025974025974025976;UPDATE=0.06493506493506493;RANGE_SEARCH=0.07792207792207792,300.0,1800.0,100.0,200.0,1400.0,1800.0,1.3043478260869565,0.033451183029643734,17,0,0.6220868644067796,0.5,59,2349
PUBLICATION,LOCAL_HOTSPOT,LOCAL_COST_ADAPTIVE,2,1664525,LOCAL_HOTSPOT,15,21575,170768,2,6,233828,296473,WINDOW_COMPLETE,1024,SEARCH=0.232421875;INSERT=0.46875;DELETE=0.1005859375;UPDATE=0.1533203125;RANGE_SEARCH=0.044921875,SEARCH=0.11627906976744186;INSERT=0.7093023255813954;DELETE=0.08139534883720931;UPDATE=0.023255813953488372;RANGE_SEARCH=0.06976744186046512,300.0,2600.0,900.0,200.0,2667.0,2667.0,1.736425897834068,0.03167785234899329,18,0,0.6395089285714286,0.5,56,2292
PUBLICATION,LOCAL_HOTSPOT,LOCAL_COST_ADAPTIVE,2,1664525,LOCAL_HOTSPOT,19,21665,227526,1,5,227607,298030,WINDOW_COMPLETE,1024,SEARCH=0.255859375;INSERT=0.4326171875;DELETE=0.1123046875;UPDATE=0.150390625;RANGE_SEARCH=0.048828125,SEARCH=0.09210526315789473;INSERT=0.7105263157894737;DELETE=0.07894736842105263;UPDATE=0.039473684210526314;RANGE_SEARCH=0.07894736842105263,400.0,1500.0,500.0,300.0,1700.0,1700.0,1.3761467889908257,0.03375912408759124,13,0,0.676529255319149,0.5,47,2035
PUBLICATION,LOCAL_HOTSPOT,LOCAL_COST_ADAPTIVE,2,1664525,LOCAL_HOTSPOT,15,21575,170768,3,7,296561,299781,RUN_END,48,SEARCH=0.3125;INSERT=0.3958333333333333;DELETE=0.041666666666666664;UPDATE=0.16666666666666666;RANGE_SEARCH=0.08333333333333333,SEARCH=0.5;INSERT=0.5;DELETE=0.0;UPDATE=0.0;RANGE_SEARCH=0.0,100.0,600.0,NaN,NaN,NaN,600.0,0.9697774825639324,0.03183023872679045,0,0,0.6448102678571429,0.5,56,2311
PUBLICATION,LOCAL_HOTSPOT,LOCAL_COST_ADAPTIVE,2,1664525,LOCAL_HOTSPOT,14,21541,170209,3,7,287689,299974,RUN_END,220,SEARCH=0.21363636363636362;INSERT=0.4772727272727273;DELETE=0.11363636363636363;UPDATE=0.15;RANGE_SEARCH=0.045454545454545456,SEARCH=0.13333333333333333;INSERT=0.4666666666666667;DELETE=0.13333333333333333;UPDATE=0.06666666666666667;RANGE_SEARCH=0.2,300.0,700.0,800.0,200.0,6200.0,6200.0,0.9317887588345828,0.03369434416365824,0,0,0.6546610169491526,0.5,59,2472
PUBLICATION,LOCAL_HOTSPOT,LOCAL_COST_ADAPTIVE,2,1664525,LOCAL_HOTSPOT,3,20997,52838,7,11,244160,299972,RUN_END,849,SEARCH=0.25206124852767964;INSERT=0.43462897526501765;DELETE=0.09658421672555949;UPDATE=0.15547703180212014;RANGE_SEARCH=0.061248527679623084,SEARCH=0.14705882352941177;INSERT=0.7352941176470589;DELETE=0.029411764705882353;UPDATE=0.04411764705882353;RANGE_SEARCH=0.04411764705882353,300.0,1700.0,100.0,200.0,1600.0,1700.0,0.9416871870597368,0.03565925599823905,0,0,0.6167613636363637,0.5,55,2171
PUBLICATION,LOCAL_HOTSPOT,LOCAL_COST_ADAPTIVE,2,1664525,LOCAL_HOTSPOT,22,21187,238682,1,8,238725,300000,RUN_END,979,SEARCH=0.23493360572012256;INSERT=0.4627170582226762;DELETE=0.1041879468845761;UPDATE=0.14198161389172625;RANGE_SEARCH=0.056179775280898875,SEARCH=0.10843373493975904;INSERT=0.7469879518072289;DELETE=0.04819277108433735;UPDATE=0.03614457831325301;RANGE_SEARCH=0.060240963855421686,200.0,2300.0,1200.0,100.0,1400.0,2300.0,0.6919894697254607,0.03224514320048067,0,0,0.6524884259259259,0.5,54,2255
PUBLICATION,LOCAL_HOTSPOT,LOCAL_COST_ADAPTIVE,2,1664525,LOCAL_HOTSPOT,19,21665,227526,2,6,298051,299865,RUN_END,37,SEARCH=0.24324324324324326;INSERT=0.4864864864864865;DELETE=0.13513513513513514;UPDATE=0.10810810810810811;RANGE_SEARCH=0.02702702702702703,SEARCH=0.0;INSERT=0.0;DELETE=0.0;UPDATE=0.0;RANGE_SEARCH=1.0,NaN,NaN,NaN,NaN,900.0,900.0,0.5834148255373284,0.04597701149425287,0,0,0.66796875,0.5,48,2052
PUBLICATION,LOCAL_HOTSPOT,LOCAL_COST_ADAPTIVE,2,1664525,LOCAL_HOTSPOT,17,21633,222634,2,6,289340,299991,RUN_END,165,SEARCH=0.2727272727272727;INSERT=0.4909090909090909;DELETE=0.09696969696969697;UPDATE=0.10909090909090909;RANGE_SEARCH=0.030303030303030304,SEARCH=0.05263157894736842;INSERT=0.7894736842105263;DELETE=0.0;UPDATE=0.10526315789473684;RANGE_SEARCH=0.05263157894736842,200.0,800.0,NaN,200.0,1400.0,1400.0,0.5535207179275146,0.0345489443378119,0,0,0.6646634615384616,0.5,52,2212
PUBLICATION,LOCAL_HOTSPOT,LOCAL_COST_ADAPTIVE,2,1664525,LOCAL_HOTSPOT,26,21631,288226,1,6,288229,299976,RUN_END,201,SEARCH=0.19402985074626866;INSERT=0.5472636815920398;DELETE=0.04477611940298507;UPDATE=0.18407960199004975;RANGE_SEARCH=0.029850746268656716,SEARCH=0.17647058823529413;INSERT=0.5882352941176471;DELETE=0.0;UPDATE=0.17647058823529413;RANGE_SEARCH=0.058823529411764705,100.0,1700.0,NaN,200.0,500.0,1700.0,0.6219875991576409,0.034,0,0,0.6285021551724138,0.5,58,2333
PUBLICATION,LOCAL_HOTSPOT,LOCAL_COST_ADAPTIVE,2,1664525,LOCAL_HOTSPOT,18,21623,224308,2,6,286937,299937,RUN_END,208,SEARCH=0.2644230769230769;INSERT=0.4567307692307692;DELETE=0.09134615384615384;UPDATE=0.12980769230769232;RANGE_SEARCH=0.057692307692307696,SEARCH=0.1111111111111111;INSERT=0.6111111111111112;DELETE=0.05555555555555555;UPDATE=0.05555555555555555;RANGE_SEARCH=0.16666666666666666,200.0,1300.0,400.0,100.0,1575.0,1575.0,0.5924445957085628,0.03350083752093802,0,0,0.6747685185185185,0.5,54,2332
PUBLICATION,LOCAL_HOTSPOT,LOCAL_COST_ADAPTIVE,2,1664525,LOCAL_HOTSPOT,7,21173,138328,4,9,295668,299850,RUN_END,60,SEARCH=0.3;INSERT=0.4166666666666667;DELETE=0.11666666666666667;UPDATE=0.1;RANGE_SEARCH=0.06666666666666667,SEARCH=0.0;INSERT=0.75;DELETE=0.0;UPDATE=0.25;RANGE_SEARCH=0.0,NaN,900.0,NaN,200.0,NaN,900.0,0.5384518006624716,0.03980099502487562,0,0,0.628177966101695,0.5,59,2372
PUBLICATION,LOCAL_HOTSPOT,LOCAL_COST_ADAPTIVE,2,1664525,LOCAL_HOTSPOT,12,21588,161100,3,7,281083,299945,RUN_END,314,SEARCH=0.22929936305732485;INSERT=0.4840764331210191;DELETE=0.09235668789808917;UPDATE=0.14012738853503184;RANGE_SEARCH=0.054140127388535034,SEARCH=0.041666666666666664;INSERT=0.7916666666666666;DELETE=0.041666666666666664;UPDATE=0.041666666666666664;RANGE_SEARCH=0.08333333333333333,100.0,1700.0,700.0,100.0,10200.0,10200.0,0.9556918882072256,0.032238805970149255,0,0,0.6382415254237288,0.5,59,2410
PUBLICATION,LOCAL_HOTSPOT,LOCAL_COST_ADAPTIVE,2,1664525,LOCAL_HOTSPOT,25,21615,269006,1,6,269007,299882,RUN_END,466,SEARCH=0.26394849785407726;INSERT=0.43776824034334766;DELETE=0.09227467811158799;UPDATE=0.148068669527897;RANGE_SEARCH=0.05793991416309013,SEARCH=0.0967741935483871;INSERT=0.6774193548387096;DELETE=0.06451612903225806;UPDATE=0.12903225806451613;RANGE_SEARCH=0.03225806451612903,200.0,1800.0,100.0,100.0,1100.0,1800.0,0.8124000052293299,0.0350597609561753,0,0,0.6688112745098039,0.5,51,2183
PUBLICATION,LOCAL_HOTSPOT,LOCAL_COST_ADAPTIVE,2,1664525,LOCAL_HOTSPOT,28,21577,292953,1,7,293000,299948,RUN_END,131,SEARCH=0.22137404580152673;INSERT=0.4732824427480916;DELETE=0.10687022900763359;UPDATE=0.16793893129770993;RANGE_SEARCH=0.030534351145038167,SEARCH=0.0;INSERT=0.9090909090909091;DELETE=0.09090909090909091;UPDATE=0.0;RANGE_SEARCH=0.0,NaN,1000.0,200.0,NaN,NaN,1000.0,0.9310508323022401,0.03571428571428571,0,0,0.6141633064516129,0.5,62,2437
PUBLICATION,LOCAL_HOTSPOT,LOCAL_COST_ADAPTIVE,2,1664525,LOCAL_HOTSPOT,24,21609,268520,1,6,268558,299957,RUN_END,536,SEARCH=0.2537313432835821;INSERT=0.4608208955223881;DELETE=0.0914179104477612;UPDATE=0.13805970149253732;RANGE_SEARCH=0.055970149253731345,SEARCH=0.08695652173913043;INSERT=0.782608695652174;DELETE=0.021739130434782608;UPDATE=0.021739130434782608;RANGE_SEARCH=0.08695652173913043,200.0,1300.0,1100.0,100.0,4000.0,4000.0,0.7802589253264594,0.03480892924706772,0,0,0.6495535714285714,0.5,56,2328
PUBLICATION,LOCAL_HOTSPOT,LOCAL_COST_ADAPTIVE,2,1664525,LOCAL_HOTSPOT,11,21001,161026,3,11,282359,299811,RUN_END,285,SEARCH=0.24912280701754386;INSERT=0.43508771929824563;DELETE=0.10526315789473684;UPDATE=0.16140350877192983;RANGE_SEARCH=0.04912280701754386,SEARCH=0.08;INSERT=0.76;DELETE=0.04;UPDATE=0.08;RANGE_SEARCH=0.04,100.0,2000.0,100.0,200.0,900.0,2000.0,0.9440582588546839,0.036306235201262825,0,0,0.6580188679245284,0.5,53,2232
PUBLICATION,LOCAL_HOTSPOT,LOCAL_COST_ADAPTIVE,2,1664525,LOCAL_HOTSPOT,10,21000,160785,3,11,262960,299999,RUN_END,578,SEARCH=0.2231833910034602;INSERT=0.4532871972318339;DELETE=0.10726643598615918;UPDATE=0.14878892733564014;RANGE_SEARCH=0.06747404844290658,SEARCH=0.08163265306122448;INSERT=0.7142857142857143;DELETE=0.061224489795918366;UPDATE=0.0;RANGE_SEARCH=0.14285714285714285,300.0,1400.0,200.0,NaN,5900.0,5900.0,0.9488188976377953,0.035316490084216244,0,0,0.6671875,0.5,50,2135
PUBLICATION,LOCAL_HOTSPOT,LOCAL_COST_ADAPTIVE,2,1664525,LOCAL_HOTSPOT,23,20999,248959,1,11,249019,299823,RUN_END,809,SEARCH=0.2360939431396786;INSERT=0.45241038318912236;DELETE=0.11990111248454882;UPDATE=0.1446229913473424;RANGE_SEARCH=0.04697156983930779,SEARCH=0.034482758620689655;INSERT=0.7586206896551724;DELETE=0.05172413793103448;UPDATE=0.10344827586206896;RANGE_SEARCH=0.05172413793103448,200.0,1800.0,200.0,400.0,1100.0,1800.0,1.0332950631458093,0.033707865168539325,0,0,0.6669560185185185,0.5,54,2305
PUBLICATION,LOCAL_HOTSPOT,LOCAL_COST_ADAPTIVE,3,22695477,LOCAL_HOTSPOT,2,20997,68487,1,6,68488,90985,WINDOW_COMPLETE,1024,SEARCH=0.240234375;INSERT=0.4658203125;DELETE=0.08984375;UPDATE=0.16015625;RANGE_SEARCH=0.0439453125,SEARCH=0.09523809523809523;INSERT=0.7301587301587301;DELETE=0.047619047619047616;UPDATE=0.07936507936507936;RANGE_SEARCH=0.047619047619047616,200.0,1600.0,1000.0,200.0,900.0,1600.0,1.2896771259663484,0.044126786824114354,8,0,0.7167467948717948,0.5,39,1789
PUBLICATION,LOCAL_HOTSPOT,LOCAL_COST_ADAPTIVE,3,22695477,LOCAL_HOTSPOT,2,20997,68487,2,7,91049,123987,WINDOW_COMPLETE,1024,SEARCH=0.25;INSERT=0.439453125;DELETE=0.1015625;UPDATE=0.1455078125;RANGE_SEARCH=0.0634765625,SEARCH=0.10606060606060606;INSERT=0.6363636363636364;DELETE=0.045454545454545456;UPDATE=0.07575757575757576;RANGE_SEARCH=0.13636363636363635,200.0,2200.0,800.0,300.0,1700.0,2200.0,1.6121661492944686,0.040904556035916195,15,0,0.6290509259259259,0.5,54,2174
PUBLICATION,LOCAL_HOTSPOT,LOCAL_COST_ADAPTIVE,3,22695477,LOCAL_HOTSPOT,2,20997,68487,3,8,123998,157284,WINDOW_COMPLETE,1024,SEARCH=0.2626953125;INSERT=0.4375;DELETE=0.0947265625;UPDATE=0.1630859375;RANGE_SEARCH=0.0419921875,SEARCH=0.09090909090909091;INSERT=0.6623376623376623;DELETE=0.05194805194805195;UPDATE=0.1038961038961039;RANGE_SEARCH=0.09090909090909091,200.0,1300.0,700.0,300.0,1700.0,1700.0,1.1258170489305288,0.04484691677447176,4,0,0.6920797413793104,0.5,58,2569
PUBLICATION,LOCAL_HOTSPOT,LOCAL_COST_ADAPTIVE,3,22695477,LOCAL_HOTSPOT,2,20997,68487,4,9,157299,190841,WINDOW_COMPLETE,1024,SEARCH=0.2490234375;INSERT=0.46484375;DELETE=0.0888671875;UPDATE=0.1484375;RANGE_SEARCH=0.048828125,SEARCH=0.07228915662650602;INSERT=0.8072289156626506;DELETE=0.03614457831325301;UPDATE=0.060240963855421686;RANGE_SEARCH=0.024096385542168676,200.0,1300.0,600.0,200.0,1100.0,1300.0,1.1671566519647734,0.035800970873786406,5,0,0.7437996031746031,0.5,63,2999
PUBLICATION,LOCAL_HOTSPOT,LOCAL_COST_ADAPTIVE,3,22695477,LOCAL_HOTSPOT,2,20997,68487,5,10,190871,248372,WINDOW_COMPLETE,1024,SEARCH=0.2685546875;INSERT=0.4501953125;DELETE=0.0888671875;UPDATE=0.1572265625;RANGE_SEARCH=0.03515625,SEARCH=0.12658227848101267;INSERT=0.7341772151898734;DELETE=0.02531645569620253;UPDATE=0.0379746835443038;RANGE_SEARCH=0.0759493670886076,300.0,9000.0,700.0,5100.0,1800.0,9000.0,2.9411764705882355,0.03273604410751206,10,0,0.72421875,0.5,40,1854
PUBLICATION,LOCAL_HOTSPOT,LOCAL_COST_ADAPTIVE,3,22695477,LOCAL_HOTSPOT,15,21600,193327,1,5,193357,254436,WINDOW_COMPLETE,1024,SEARCH=0.251953125;INSERT=0.4697265625;DELETE=0.0830078125;UPDATE=0.158203125;RANGE_SEARCH=0.037109375,SEARCH=0.14634146341463414;INSERT=0.7195121951219512;DELETE=0.04878048780487805;UPDATE=0.04878048780487805;RANGE_SEARCH=0.036585365853658534,400.0,4000.0,800.0,200.0,1400.0,4000.0,2.73972602739726,0.03423728813559322,9,0,0.7190972222222223,0.5,45,2071
PUBLICATION,LOCAL_HOTSPOT,LOCAL_COST_ADAPTIVE,3,22695477,LOCAL_HOTSPOT,16,21560,199370,1,6,199374,258649,WINDOW_COMPLETE,1024,SEARCH=0.2529296875;INSERT=0.44921875;DELETE=0.099609375;UPDATE=0.14453125;RANGE_SEARCH=0.0537109375,SEARCH=0.10256410256410256;INSERT=0.7307692307692307;DELETE=0.01282051282051282;UPDATE=0.0641025641025641;RANGE_SEARCH=0.08974358974358974,300.0,1900.0,200.0,200.0,4400.0,4400.0,1.484375,0.03430451127819549,10,0,0.7088994565217391,0.5,46,2087
PUBLICATION,LOCAL_HOTSPOT,LOCAL_COST_ADAPTIVE,3,22695477,LOCAL_HOTSPOT,17,21576,236142,1,6,236161,292726,WINDOW_COMPLETE,1024,SEARCH=0.248046875;INSERT=0.443359375;DELETE=0.1083984375;UPDATE=0.158203125;RANGE_SEARCH=0.0419921875,SEARCH=0.054945054945054944;INSERT=0.6923076923076923;DELETE=0.054945054945054944;UPDATE=0.13186813186813187;RANGE_SEARCH=0.06593406593406594,300.0,1400.0,600.0,300.0,6000.0,6000.0,1.4370907720462087,0.03557312252964427,14,0,0.6338541666666667,0.5,60,2434
PUBLICATION,LOCAL_HOTSPOT,LOCAL_COST_ADAPTIVE,3,22695477,LOCAL_HOTSPOT,16,21560,199370,2,7,258754,299869,RUN_END,712,SEARCH=0.24578651685393257;INSERT=0.45646067415730335;DELETE=0.09691011235955056;UPDATE=0.15308988764044945;RANGE_SEARCH=0.047752808988764044,SEARCH=0.11864406779661017;INSERT=0.6949152542372882;DELETE=0.05084745762711865;UPDATE=0.06779661016949153;RANGE_SEARCH=0.06779661016949153,200.0,2100.0,1900.0,200.0,1700.0,2100.0,1.640625,0.03436207445116131,0,0,0.6565241228070176,0.5,57,2395
PUBLICATION,LOCAL_HOTSPOT,LOCAL_COST_ADAPTIVE,3,22695477,LOCAL_HOTSPOT,18,20997,248372,1,11,248460,299987,RUN_END,808,SEARCH=0.2623762376237624;INSERT=0.44554455445544555;DELETE=0.09900990099009901;UPDATE=0.14603960396039603;RANGE_SEARCH=0.04702970297029703,SEARCH=0.03508771929824561;INSERT=0.8070175438596491;DELETE=0.05263157894736842;UPDATE=0.017543859649122806;RANGE_SEARCH=0.08771929824561403,200.0,2200.0,200.0,100.0,1100.0,2200.0,0.9519973145350789,0.03505795872208086,0,0,0.6462264150943396,0.5,53,2192
PUBLICATION,LOCAL_HOTSPOT,LOCAL_COST_ADAPTIVE,3,22695477,LOCAL_HOTSPOT,20,21608,265060,1,6,265076,299939,RUN_END,532,SEARCH=0.25;INSERT=0.462406015037594;DELETE=0.10150375939849623;UPDATE=0.14097744360902256;RANGE_SEARCH=0.045112781954887216,SEARCH=0.043478260869565216;INSERT=0.8260869565217391;DELETE=0.021739130434782608;UPDATE=0.043478260869565216;RANGE_SEARCH=0.06521739130434782,200.0,900.0,100.0,200.0,1200.0,1200.0,0.7733963900389447,0.036276223776223776,0,0,0.6646634615384616,0.5,52,2212
PUBLICATION,LOCAL_HOTSPOT,LOCAL_COST_ADAPTIVE,3,22695477,LOCAL_HOTSPOT,22,21644,296583,1,6,296651,299930,RUN_END,47,SEARCH=0.3617021276595745;INSERT=0.425531914893617;DELETE=0.06382978723404255;UPDATE=0.1276595744680851;RANGE_SEARCH=0.02127659574468085,SEARCH=0.0;INSERT=0.0;DELETE=1.0;UPDATE=0.0;RANGE_SEARCH=0.0,NaN,NaN,600.0,NaN,NaN,600.0,0.5950657354054435,0.028846153846153848,0,0,0.6383522727272727,0.5,55,2247
PUBLICATION,LOCAL_HOTSPOT,LOCAL_COST_ADAPTIVE,3,22695477,LOCAL_HOTSPOT,15,21600,193327,2,6,254547,299940,RUN_END,756,SEARCH=0.2698412698412698;INSERT=0.42724867724867727;DELETE=0.09391534391534391;UPDATE=0.14417989417989419;RANGE_SEARCH=0.06481481481481481,SEARCH=0.15714285714285714;INSERT=0.6857142857142857;DELETE=0.0;UPDATE=0.07142857142857142;RANGE_SEARCH=0.08571428571428572,200.0,1900.0,NaN,300.0,2100.0,2100.0,1.3013698630136987,0.03264945951908228,0,0,0.6744318181818182,0.5,55,2374
PUBLICATION,LOCAL_HOTSPOT,LOCAL_COST_ADAPTIVE,3,22695477,LOCAL_HOTSPOT,17,21576,236142,2,7,292774,299949,RUN_END,122,SEARCH=0.28688524590163933;INSERT=0.45081967213114754;DELETE=0.08196721311475409;UPDATE=0.12295081967213115;RANGE_SEARCH=0.05737704918032787,SEARCH=0.0;INSERT=0.8333333333333334;DELETE=0.0;UPDATE=0.0;RANGE_SEARCH=0.16666666666666666,NaN,700.0,NaN,NaN,2700.0,2700.0,0.8838959317069321,0.036635006784260515,0,0,0.6367827868852459,0.5,61,2486
PUBLICATION,LOCAL_HOTSPOT,LOCAL_COST_ADAPTIVE,4,69069,LOCAL_HOTSPOT,3,21170,87549,1,5,87552,117412,WINDOW_COMPLETE,1024,SEARCH=0.2255859375;INSERT=0.4443359375;DELETE=0.099609375;UPDATE=0.1708984375;RANGE_SEARCH=0.0595703125,SEARCH=0.08045977011494253;INSERT=0.7241379310344828;DELETE=0.022988505747126436;UPDATE=0.022988505747126436;RANGE_SEARCH=0.14942528735632185,200.0,1400.0,500.0,200.0,2900.0,2900.0,0.9048958515669934,0.04503417772416566,13,0,0.6602328431372549,0.5,51,2155
PUBLICATION,LOCAL_HOTSPOT,LOCAL_COST_ADAPTIVE,4,69069,LOCAL_HOTSPOT,3,21170,87549,2,6,117523,149848,WINDOW_COMPLETE,1024,SEARCH=0.2607421875;INSERT=0.427734375;DELETE=0.0927734375;UPDATE=0.1572265625;RANGE_SEARCH=0.0615234375,SEARCH=0.07954545454545454;INSERT=0.7045454545454546;DELETE=0.045454545454545456;UPDATE=0.03409090909090909;RANGE_SEARCH=0.13636363636363635,400.0,2300.0,700.0,200.0,4500.0,4500.0,1.0267857142857142,0.04270139309509388,11,0,0.6403729838709677,0.5,62,2541
PUBLICATION,LOCAL_HOTSPOT,LOCAL_COST_ADAPTIVE,4,69069,LOCAL_HOTSPOT,5,20996,121284,1,8,121291,153377,WINDOW_COMPLETE,1024,SEARCH=0.255859375;INSERT=0.458984375;DELETE=0.099609375;UPDATE=0.1376953125;RANGE_SEARCH=0.0478515625,SEARCH=0.07142857142857142;INSERT=0.7857142857142857;DELETE=0.030612244897959183;UPDATE=0.030612244897959183;RANGE_SEARCH=0.08163265306122448,200.0,1400.0,600.0,100.0,1400.0,1400.0,1.3913598079849694,0.04612403100775194,10,0,0.6519657258064516,0.515625,62,2587
PUBLICATION,LOCAL_HOTSPOT,LOCAL_COST_ADAPTIVE,4,69069,LOCAL_HOTSPOT,6,21000,125686,1,8,125699,158101,WINDOW_COMPLETE,1024,SEARCH=0.2294921875;INSERT=0.4619140625;DELETE=0.0927734375;UPDATE=0.1650390625;RANGE_SEARCH=0.05078125,SEARCH=0.12048192771084337;INSERT=0.7228915662650602;DELETE=0.0;UPDATE=0.0963855421686747;RANGE_SEARCH=0.060240963855421686,200.0,1800.0,NaN,200.0,900.0,1800.0,1.722488038277512,0.0448742746615087,7,0,0.6872438524590164,0.515625,61,2683
PUBLICATION,LOCAL_HOTSPOT,LOCAL_COST_ADAPTIVE,4,69069,LOCAL_HOTSPOT,7,20997,133230,1,8,133271,166291,WINDOW_COMPLETE,1024,SEARCH=0.2724609375;INSERT=0.4521484375;DELETE=0.091796875;UPDATE=0.1328125;RANGE_SEARCH=0.05078125,SEARCH=0.1625;INSERT=0.7;DELETE=0.0125;UPDATE=0.0375;RANGE_SEARCH=0.0875,300.0,4700.0,200.0,200.0,1100.0,4700.0,4.875518672199171,0.040850215875124544,3,0,0.6958165322580645,0.5,62,2761
PUBLICATION,LOCAL_HOTSPOT,LOCAL_COST_ADAPTIVE,4,69069,LOCAL_HOTSPOT,5,20996,121284,2,9,153401,186241,WINDOW_COMPLETE,1024,SEARCH=0.25;INSERT=0.4609375;DELETE=0.0869140625;UPDATE=0.154296875;RANGE_SEARCH=0.0478515625,SEARCH=0.11235955056179775;INSERT=0.7303370786516854;DELETE=0.0449438202247191;UPDATE=0.033707865168539325;RANGE_SEARCH=0.07865168539325842,200.0,1000.0,800.0,300.0,9100.0,9100.0,0.9989223373216956,0.040633608815427,1,0,0.7462797619047619,0.546875,63,3009
PUBLICATION,LOCAL_HOTSPOT,LOCAL_COST_ADAPTIVE,4,69069,LOCAL_HOTSPOT,7,20997,133230,2,9,166299,198723,WINDOW_COMPLETE,1024,SEARCH=0.255859375;INSERT=0.4462890625;DELETE=0.1025390625;UPDATE=0.138671875;RANGE_SEARCH=0.056640625,SEARCH=0.12121212121212122;INSERT=0.6515151515151515;DELETE=0.10606060606060606;UPDATE=0.030303030303030304;RANGE_SEARCH=0.09090909090909091,200.0,900.0,800.0,200.0,3400.0,3400.0,0.9689534529204882,0.03752931978107897,1,0,0.7844742063492064,0.515625,63,3163
PUBLICATION,LOCAL_HOTSPOT,LOCAL_COST_ADAPTIVE,4,69069,LOCAL_HOTSPOT,6,21000,125686,2,9,158109,201070,WINDOW_COMPLETE,1024,SEARCH=0.2548828125;INSERT=0.4326171875;DELETE=0.1025390625;UPDATE=0.162109375;RANGE_SEARCH=0.0478515625,SEARCH=0.1375;INSERT=0.725;DELETE=0.0;UPDATE=0.0875;RANGE_SEARCH=0.05,200.0,1100.0,NaN,200.0,5800.0,5800.0,1.1743721303659405,0.041416165664662656,5,0,0.7192234848484849,0.515625,33,1519
PUBLICATION,LOCAL_HOTSPOT,LOCAL_COST_ADAPTIVE,4,69069,LOCAL_HOTSPOT,3,21170,87549,3,7,149924,204503,WINDOW_COMPLETE,1024,SEARCH=0.2666015625;INSERT=0.4345703125;DELETE=0.0986328125;UPDATE=0.1572265625;RANGE_SEARCH=0.04296875,SEARCH=0.09722222222222222;INSERT=0.7222222222222222;DELETE=0.041666666666666664;UPDATE=0.05555555555555555;RANGE_SEARCH=0.08333333333333333,200.0,1200.0,1000.0,200.0,4600.0,4600.0,0.6792377039130096,0.04030710172744722,4,0,0.724905303030303,0.546875,33,1531
PUBLICATION,LOCAL_HOTSPOT,LOCAL_COST_ADAPTIVE,4,69069,LOCAL_HOTSPOT,11,21578,172497,1,5,172501,236403,WINDOW_COMPLETE,1024,SEARCH=0.248046875;INSERT=0.43359375;DELETE=0.1240234375;UPDATE=0.1474609375;RANGE_SEARCH=0.046875,SEARCH=0.08139534883720931;INSERT=0.6627906976744186;DELETE=0.10465116279069768;UPDATE=0.05813953488372093;RANGE_SEARCH=0.09302325581395349,200.0,1900.0,800.0,200.0,1000.0,1900.0,2.087912087912088,0.03480549868382568,4,0,0.7605574324324325,0.5,37,1801
PUBLICATION,LOCAL_HOTSPOT,LOCAL_COST_ADAPTIVE,4,69069,LOCAL_HOTSPOT,5,20996,121284,3,10,186270,237859,WINDOW_COMPLETE,1024,SEARCH=0.2451171875;INSERT=0.4228515625;DELETE=0.107421875;UPDATE=0.162109375;RANGE_SEARCH=0.0625,SEARCH=0.12857142857142856;INSERT=0.6714285714285714;DELETE=0.05714285714285714;UPDATE=0.07142857142857142;RANGE_SEARCH=0.07142857142857142,300.0,1600.0,600.0,200.0,1300.0,1600.0,1.5841584158415842,0.033240403173922364,7,0,0.7630912162162162,0.5,37,1807
PUBLICATION,LOCAL_HOTSPOT,LOCAL_COST_ADAPTIVE,4,69069,LOCAL_HOTSPOT,15,21176,186524,1,7,186567,247880,WINDOW_COMPLETE,1024,SEARCH=0.2392578125;INSERT=0.482421875;DELETE=0.1044921875;UPDATE=0.1328125;RANGE_SEARCH=0.041015625,SEARCH=0.12903225806451613;INSERT=0.6774193548387096;DELETE=0.03225806451612903;UPDATE=0.0967741935483871;RANGE_SEARCH=0.06451612903225806,300.0,1500.0,700.0,200.0,2600.0,2600.0,1.1733416770963703,0.03429830081812461,9,0,0.7317708333333334,0.5,42,1967
PUBLICATION,LOCAL_HOTSPOT,LOCAL_COST_ADAPTIVE,4,69069,LOCAL_HOTSPOT,7,20997,133230,3,10,198733,264130,WINDOW_COMPLETE,1024,SEARCH=0.2392578125;INSERT=0.46484375;DELETE=0.109375;UPDATE=0.1337890625;RANGE_SEARCH=0.052734375,SEARCH=0.10714285714285714;INSERT=0.7023809523809523;DELETE=0.047619047619047616;UPDATE=0.08333333333333333;RANGE_SEARCH=0.05952380952380952,200.0,6200.0,200.0,200.0,1100.0,6200.0,6.431535269709544,0.03335633770416379,17,0,0.6466090425531915,0.5,47,1945
PUBLICATION,LOCAL_HOTSPOT,LOCAL_COST_ADAPTIVE,4,69069,LOCAL_HOTSPOT,6,21000,125686,3,10,201108,266072,WINDOW_COMPLETE,1024,SEARCH=0.251953125;INSERT=0.427734375;DELETE=0.1142578125;UPDATE=0.1513671875;RANGE_SEARCH=0.0546875,SEARCH=0.12857142857142856;INSERT=0.6571428571428571;DELETE=0.04285714285714286;UPDATE=0.07142857142857142;RANGE_SEARCH=0.1,300.0,800.0,600.0,300.0,2200.0,2200.0,1.2631791693333783,0.03414523104939677,7,0,0.74609375,0.5,40,1910
PUBLICATION,LOCAL_HOTSPOT,LOCAL_COST_ADAPTIVE,4,69069,LOCAL_HOTSPOT,3,21170,87549,4,8,204659,272266,WINDOW_COMPLETE,1024,SEARCH=0.2470703125;INSERT=0.474609375;DELETE=0.0888671875;UPDATE=0.1376953125;RANGE_SEARCH=0.0517578125,SEARCH=0.05434782608695652;INSERT=0.7934782608695652;DELETE=0.021739130434782608;UPDATE=0.06521739130434782;RANGE_SEARCH=0.06521739130434782,200.0,800.0,200.0,200.0,1300.0,1300.0,0.8878928445549774,0.03495512517713746,11,0,0.70703125,0.5,44,1991
PUBLICATION,LOCAL_HOTSPOT,LOCAL_COST_ADAPTIVE,4,69069,LOCAL_HOTSPOT,17,21172,231548,1,9,231554,295739,WINDOW_COMPLETE,1024,SEARCH=0.26953125;INSERT=0.4501953125;DELETE=0.1064453125;UPDATE=0.1337890625;RANGE_SEARCH=0.0400390625,SEARCH=0.05263157894736842;INSERT=0.7631578947368421;DELETE=0.039473684210526314;UPDATE=0.10526315789473684;RANGE_SEARCH=0.039473684210526314,200.0,7300.0,600.0,200.0,1700.0,7300.0,4.948682836883279,0.03536717062634989,18,0,0.6189088983050848,0.5,59,2337
PUBLICATION,LOCAL_HOTSPOT,LOCAL_COST_ADAPTIVE,4,69069,LOCAL_HOTSPOT,18,21607,236920,1,5,236994,298763,WINDOW_COMPLETE,1024,SEARCH=0.2666015625;INSERT=0.44921875;DELETE=0.09765625;UPDATE=0.1455078125;RANGE_SEARCH=0.041015625,SEARCH=0.10666666666666667;INSERT=0.7466666666666667;DELETE=0.02666666666666667;UPDATE=0.05333333333333334;RANGE_SEARCH=0.06666666666666667,400.0,1800.0,200.0,200.0,1700.0,1800.0,2.1176470588235294,0.034794156706507304,14,0,0.6398168103448276,0.5,58,2375
PUBLICATION,LOCAL_HOTSPOT,LOCAL_COST_ADAPTIVE,4,69069,LOCAL_HOTSPOT,11,21578,172497,2,6,236457,299227,WINDOW_COMPLETE,1024,SEARCH=0.228515625;INSERT=0.443359375;DELETE=0.111328125;UPDATE=0.15625;RANGE_SEARCH=0.060546875,SEARCH=0.09090909090909091;INSERT=0.7272727272727273;DELETE=0.012987012987012988;UPDATE=0.05194805194805195;RANGE_SEARCH=0.11688311688311688,200.0,1300.0,100.0,200.0,1800.0,1800.0,1.5314225517838482,0.033511323881421466,15,0,0.6667668269230769,0.5,52,2219
PUBLICATION,LOCAL_HOTSPOT,LOCAL_COST_ADAPTIVE,4,69069,LOCAL_HOTSPOT,15,21176,186524,2,8,248014,299878,RUN_END,885,SEARCH=0.25084745762711863;INSERT=0.4327683615819209;DELETE=0.09943502824858758;UPDATE=0.16610169491525423;RANGE_SEARCH=0.05084745762711865,SEARCH=0.15789473684210525;INSERT=0.6842105263157895;DELETE=0.02631578947368421;UPDATE=0.039473684210526314;RANGE_SEARCH=0.09210526315789473,200.0,2300.0,500.0,200.0,3400.0,3400.0,1.7991239048811014,0.03419811320754717,0,0,0.6152012711864406,0.5,59,2323
PUBLICATION,LOCAL_HOTSPOT,LOCAL_COST_ADAPTIVE,4,69069,LOCAL_HOTSPOT,18,21607,236920,2,6,298857,299809,RUN_END,20,SEARCH=0.4;INSERT=0.45;DELETE=0.1;UPDATE=0.05;RANGE_SEARCH=0.0,SEARCH=0.0;INSERT=1.0;DELETE=0.0;UPDATE=0.0;RANGE_SEARCH=0.0,NaN,600.0,NaN,NaN,NaN,600.0,NaN,NaN,0,0,0.6419719827586207,0.5,58,2383
PUBLICATION,LOCAL_HOTSPOT,LOCAL_COST_ADAPTIVE,4,69069,LOCAL_HOTSPOT,11,21578,172497,3,7,299319,299968,RUN_END,12,SEARCH=0.4166666666666667;INSERT=0.5;DELETE=0.0;UPDATE=0.08333333333333333;RANGE_SEARCH=0.0,SEARCH=0.0;INSERT=0.0;DELETE=0.0;UPDATE=0.0;RANGE_SEARCH=0.0,NaN,NaN,NaN,NaN,NaN,NaN,NaN,NaN,0,0,0.6685697115384616,0.5,52,2225
PUBLICATION,LOCAL_HOTSPOT,LOCAL_COST_ADAPTIVE,4,69069,LOCAL_HOTSPOT,17,21172,231548,2,10,295772,300000,RUN_END,63,SEARCH=0.20634920634920634;INSERT=0.38095238095238093;DELETE=0.1111111111111111;UPDATE=0.19047619047619047;RANGE_SEARCH=0.1111111111111111,SEARCH=0.125;INSERT=0.625;DELETE=0.0;UPDATE=0.125;RANGE_SEARCH=0.125,200.0,900.0,NaN,200.0,325.0,900.0,0.5814694844295357,0.034375,0,0,0.625,0.5,59,2360
PUBLICATION,LOCAL_HOTSPOT,LOCAL_COST_ADAPTIVE,4,69069,LOCAL_HOTSPOT,19,21602,241149,1,6,241170,299982,RUN_END,989,SEARCH=0.24671385237613752;INSERT=0.4539939332659252;DELETE=0.08695652173913043;UPDATE=0.15672396359959556;RANGE_SEARCH=0.055611729019211326,SEARCH=0.057971014492753624;INSERT=0.7246376811594203;DELETE=0.028985507246376812;UPDATE=0.10144927536231885;RANGE_SEARCH=0.08695652173913043,200.0,1700.0,600.0,300.0,4700.0,4700.0,1.9101123595505618,0.03579510388808887,0,0,0.650390625,0.5,56,2331
PUBLICATION,LOCAL_HOTSPOT,LOCAL_COST_ADAPTIVE,4,69069,LOCAL_HOTSPOT,3,21170,87549,5,9,272286,299998,RUN_END,427,SEARCH=0.22950819672131148;INSERT=0.45901639344262296;DELETE=0.08665105386416862;UPDATE=0.15456674473067916;RANGE_SEARCH=0.0702576112412178,SEARCH=0.08108108108108109;INSERT=0.7567567567567568;DELETE=0.08108108108108109;UPDATE=0.02702702702702703;RANGE_SEARCH=0.05405405405405406,100.0,1500.0,800.0,100.0,4300.0,4300.0,0.7491010787055533,0.03431708991077557,0,0,0.6654411764705882,0.5,51,2172
PUBLICATION,LOCAL_HOTSPOT,LOCAL_COST_ADAPTIVE,4,69069,LOCAL_HOTSPOT,6,21000,125686,4,11,266320,299972,RUN_END,562,SEARCH=0.2526690391459075;INSERT=0.46441281138790036;DELETE=0.11209964412811388;UPDATE=0.1298932384341637;RANGE_SEARCH=0.04092526690391459,SEARCH=0.1276595744680851;INSERT=0.723404255319149;DELETE=0.0851063829787234;UPDATE=0.02127659574468085;RANGE_SEARCH=0.0425531914893617,300.0,2300.0,200.0,200.0,1000.0,2300.0,2.200956937799043,0.03487816531294792,0,0,0.67375,0.5,50,2156
PUBLICATION,LOCAL_HOTSPOT,LOCAL_COST_ADAPTIVE,4,69069,LOCAL_HOTSPOT,23,20999,298183,1,12,298285,299960,RUN_END,38,SEARCH=0.23684210526315788;INSERT=0.39473684210526316;DELETE=0.18421052631578946;UPDATE=0.07894736842105263;RANGE_SEARCH=0.10526315789473684,SEARCH=1.0;INSERT=0.0;DELETE=0.0;UPDATE=0.0;RANGE_SEARCH=0.0,100.0,NaN,NaN,NaN,NaN,100.0,0.9397490996539126,0.03412073490813648,0,0,0.6275568181818182,0.5,55,2209
PUBLICATION,LOCAL_HOTSPOT,LOCAL_COST_ADAPTIVE,4,69069,LOCAL_HOTSPOT,20,21574,244575,1,6,244586,299832,RUN_END,896,SEARCH=0.2533482142857143;INSERT=0.4575892857142857;DELETE=0.09821428571428571;UPDATE=0.12611607142857142;RANGE_SEARCH=0.06473214285714286,SEARCH=0.0875;INSERT=0.7125;DELETE=0.05;UPDATE=0.0625;RANGE_SEARCH=0.0875,200.0,1000.0,100.0,200.0,1400.0,1400.0,0.949481865284974,0.032363636363636365,0,0,0.6359375,0.5,60,2442
PUBLICATION,LOCAL_HOTSPOT,LOCAL_COST_ADAPTIVE,4,69069,LOCAL_HOTSPOT,7,20997,133230,4,11,264157,299973,RUN_END,507,SEARCH=0.23865877712031558;INSERT=0.4832347140039448;DELETE=0.10848126232741617;UPDATE=0.11242603550295859;RANGE_SEARCH=0.05719921104536489,SEARCH=0.18604651162790697;INSERT=0.627906976744186;DELETE=0.023255813953488372;UPDATE=0.06976744186046512;RANGE_SEARCH=0.09302325581395349,300.0,4700.0,200.0,100.0,3400.0,4700.0,4.875518672199171,0.032962962962962965,0,0,0.6173295454545454,0.5,55,2173
PUBLICATION,LOCAL_HOTSPOT,LOCAL_COST_ADAPTIVE,4,69069,LOCAL_HOTSPOT,21,21620,273072,1,6,273081,299885,RUN_END,487,SEARCH=0.2464065708418891;INSERT=0.47433264887063653;DELETE=0.09240246406570841;UPDATE=0.13963039014373715;RANGE_SEARCH=0.04722792607802875,SEARCH=0.08108108108108109;INSERT=0.7567567567567568;DELETE=0.02702702702702703;UPDATE=0.08108108108108109;RANGE_SEARCH=0.05405405405405406,200.0,1800.0,100.0,200.0,3400.0,3400.0,1.5371477369769428,0.03118712273641851,0,0,0.6753472222222222,0.5,54,2334
PUBLICATION,LOCAL_HOTSPOT,LOCAL_COST_ADAPTIVE,4,69069,LOCAL_HOTSPOT,5,20996,121284,4,11,237861,299924,RUN_END,1019,SEARCH=0.2522080471050049;INSERT=0.4465161923454367;DELETE=0.09421000981354269;UPDATE=0.15996074582924436;RANGE_SEARCH=0.047105004906771344,SEARCH=0.13043478260869565;INSERT=0.7391304347826086;DELETE=0.043478260869565216;UPDATE=0.028985507246376812;RANGE_SEARCH=0.057971014492753624,200.0,1700.0,500.0,200.0,4400.0,4400.0,1.683168316831683,0.03375934410417169,0,0,0.6355113636363636,0.5,55,2237
PUBLICATION,LOCAL_HOTSPOT,LOCAL_COST_ADAPTIVE,5,48271,LOCAL_HOTSPOT,2,20996,52671,1,5,52673,68835,WINDOW_COMPLETE,1024,SEARCH=0.2314453125;INSERT=0.4443359375;DELETE=0.1181640625;UPDATE=0.1611328125;RANGE_SEARCH=0.044921875,SEARCH=0.09876543209876543;INSERT=0.7037037037037037;DELETE=0.07407407407407407;UPDATE=0.08641975308641975;RANGE_SEARCH=0.037037037037037035,300.0,4600.0,1100.0,400.0,1200.0,4600.0,2.3958333333333335,0.05391804457225018,1,0,0.7571924603174603,0.515625,63,3053
PUBLICATION,LOCAL_HOTSPOT,LOCAL_COST_ADAPTIVE,5,48271,LOCAL_HOTSPOT,2,20996,52671,2,6,68848,96401,WINDOW_COMPLETE,1024,SEARCH=0.2490234375;INSERT=0.4345703125;DELETE=0.1142578125;UPDATE=0.150390625;RANGE_SEARCH=0.0517578125,SEARCH=0.15584415584415584;INSERT=0.6623376623376623;DELETE=0.012987012987012988;UPDATE=0.06493506493506493;RANGE_SEARCH=0.1038961038961039,300.0,1000.0,700.0,300.0,2100.0,2100.0,1.238271488388107,0.04872991187143598,7,0,0.7960304054054054,0.5,37,1885
PUBLICATION,LOCAL_HOTSPOT,LOCAL_COST_ADAPTIVE,5,48271,LOCAL_HOTSPOT,2,20996,52671,3,7,96420,128216,WINDOW_COMPLETE,1024,SEARCH=0.2802734375;INSERT=0.4453125;DELETE=0.0888671875;UPDATE=0.1435546875;RANGE_SEARCH=0.0419921875,SEARCH=0.13157894736842105;INSERT=0.8026315789473685;DELETE=0.0;UPDATE=0.02631578947368421;RANGE_SEARCH=0.039473684210526314,200.0,1000.0,NaN,200.0,2100.0,2100.0,1.863819007186468,0.04490584258812168,21,0,0.6150323275862069,0.5,58,2283
PUBLICATION,LOCAL_HOTSPOT,LOCAL_COST_ADAPTIVE,5,48271,LOCAL_HOTSPOT,2,20996,52671,4,8,128280,159607,WINDOW_COMPLETE,1024,SEARCH=0.2431640625;INSERT=0.470703125;DELETE=0.1025390625;UPDATE=0.1396484375;RANGE_SEARCH=0.0439453125,SEARCH=0.1276595744680851;INSERT=0.6914893617021277;DELETE=0.0425531914893617;UPDATE=0.0851063829787234;RANGE_SEARCH=0.05319148936170213,300.0,1900.0,800.0,200.0,900.0,1900.0,1.190709623537315,0.04241435562805873,6,0,0.66015625,0.53125,64,2704
PUBLICATION,LOCAL_HOTSPOT,LOCAL_COST_ADAPTIVE,5,48271,LOCAL_HOTSPOT,6,20997,128354,1,8,128356,163673,WINDOW_COMPLETE,1024,SEARCH=0.2548828125;INSERT=0.4462890625;DELETE=0.099609375;UPDATE=0.1494140625;RANGE_SEARCH=0.0498046875,SEARCH=0.07692307692307693;INSERT=0.7692307692307693;DELETE=0.038461538461538464;UPDATE=0.02564102564102564;RANGE_SEARCH=0.08974358974358974,300.0,2200.0,900.0,300.0,1700.0,2200.0,1.1196661494402709,0.042576823398741206,4,0,0.6910635964912281,0.515625,57,2521
PUBLICATION,LOCAL_HOTSPOT,LOCAL_COST_ADAPTIVE,5,48271,LOCAL_HOTSPOT,6,20997,128354,2,9,163684,196830,WINDOW_COMPLETE,1024,SEARCH=0.26171875;INSERT=0.4501953125;DELETE=0.103515625;UPDATE=0.126953125;RANGE_SEARCH=0.0576171875,SEARCH=0.125;INSERT=0.7;DELETE=0.0375;UPDATE=0.025;RANGE_SEARCH=0.1125,200.0,7700.0,900.0,200.0,1600.0,7700.0,1.7194408467687912,0.037149355572403335,3,0,0.7643229166666666,0.515625,60,2935
PUBLICATION,LOCAL_HOTSPOT,LOCAL_COST_ADAPTIVE,5,48271,LOCAL_HOTSPOT,2,20996,52671,5,9,159625,198534,WINDOW_COMPLETE,1024,SEARCH=0.23046875;INSERT=0.4453125;DELETE=0.1171875;UPDATE=0.1533203125;RANGE_SEARCH=0.0537109375,SEARCH=0.13513513513513514;INSERT=0.7162162162162162;DELETE=0.02702702702702703;UPDATE=0.02702702702702703;RANGE_SEARCH=0.0945945945945946,300.0,14000.0,200.0,300.0,1500.0,14000.0,7.291666666666667,0.03785033227390928,3,0,0.7449448529411765,0.5,34,1621
PUBLICATION,LOCAL_HOTSPOT,LOCAL_COST_ADAPTIVE,5,48271,LOCAL_HOTSPOT,15,21596,185016,1,5,185040,244511,WINDOW_COMPLETE,1024,SEARCH=0.2490234375;INSERT=0.4482421875;DELETE=0.0966796875;UPDATE=0.1455078125;RANGE_SEARCH=0.060546875,SEARCH=0.08860759493670886;INSERT=0.7341772151898734;DELETE=0.012658227848101266;UPDATE=0.0759493670886076;RANGE_SEARCH=0.08860759493670886,200.0,3200.0,300.0,200.0,5300.0,5300.0,2.0,0.03454121635939818,9,0,0.7265625,0.5,44,2046
PUBLICATION,LOCAL_HOTSPOT,LOCAL_COST_ADAPTIVE,5,48271,LOCAL_HOTSPOT,6,20997,128354,3,10,196848,249831,WINDOW_COMPLETE,1024,SEARCH=0.2490234375;INSERT=0.470703125;DELETE=0.0830078125;UPDATE=0.14453125;RANGE_SEARCH=0.052734375,SEARCH=0.12195121951219512;INSERT=0.7439024390243902;DELETE=0.012195121951219513;UPDATE=0.07317073170731707;RANGE_SEARCH=0.04878048780487805,200.0,1300.0,700.0,200.0,1600.0,1600.0,1.4632303036952103,0.03409375783404362,12,0,0.6915064102564102,0.5,39,1726
PUBLICATION,LOCAL_HOTSPOT,LOCAL_COST_ADAPTIVE,5,48271,LOCAL_HOTSPOT,16,20996,198534,1,10,198581,261745,WINDOW_COMPLETE,1024,SEARCH=0.2431640625;INSERT=0.4423828125;DELETE=0.10546875;UPDATE=0.1611328125;RANGE_SEARCH=0.0478515625,SEARCH=0.1044776119402985;INSERT=0.7164179104477612;DELETE=0.014925373134328358;UPDATE=0.05970149253731343;RANGE_SEARCH=0.1044776119402985,300.0,1000.0,1000.0,300.0,5400.0,5400.0,1.3182913538055414,0.03258454702542582,9,0,0.7244318181818182,0.5,44,2040
PUBLICATION,LOCAL_HOTSPOT,LOCAL_COST_ADAPTIVE,5,48271,LOCAL_HOTSPOT,17,21602,217840,1,5,217901,279207,WINDOW_COMPLETE,1024,SEARCH=0.26171875;INSERT=0.4443359375;DELETE=0.091796875;UPDATE=0.158203125;RANGE_SEARCH=0.0439453125,SEARCH=0.11864406779661017;INSERT=0.6440677966101694;DELETE=0.0847457627118644;UPDATE=0.1016949152542373;RANGE_SEARCH=0.05084745762711865,200.0,1100.0,1000.0,300.0,1400.0,1400.0,1.3734758702636682,0.035398230088495575,13,0,0.6696875,0.5,50,2143
PUBLICATION,LOCAL_HOTSPOT,LOCAL_COST_ADAPTIVE,5,48271,LOCAL_HOTSPOT,17,21602,217840,2,6,279226,299875,RUN_END,349,SEARCH=0.22063037249283668;INSERT=0.5100286532951289;DELETE=0.08595988538681948;UPDATE=0.1346704871060172;RANGE_SEARCH=0.04871060171919771,SEARCH=0.13636363636363635;INSERT=0.6818181818181818;DELETE=0.0;UPDATE=0.045454545454545456;RANGE_SEARCH=0.13636363636363635,200.0,1100.0,NaN,100.0,1200.0,1200.0,0.8615274316342904,0.034183082271147164,0,0,0.6801297169811321,0.515625,53,2307
PUBLICATION,LOCAL_HOTSPOT,LOCAL_COST_ADAPTIVE,5,48271,LOCAL_HOTSPOT,23,21618,272849,1,6,272938,299976,RUN_END,433,SEARCH=0.2678983833718245;INSERT=0.4226327944572748;DELETE=0.09699769053117784;UPDATE=0.18013856812933027;RANGE_SEARCH=0.03233256351039261,SEARCH=0.14705882352941177;INSERT=0.7352941176470589;DELETE=0.029411764705882353;UPDATE=0.029411764705882353;RANGE_SEARCH=0.058823529411764705,300.0,1300.0,1000.0,200.0,1000.0,1300.0,0.6789381710852365,0.03501945525291829,0,0,0.6614583333333334,0.5,51,2159
PUBLICATION,LOCAL_HOTSPOT,LOCAL_COST_ADAPTIVE,5,48271,LOCAL_HOTSPOT,16,20996,198534,2,11,261784,299989,RUN_END,623,SEARCH=0.24558587479935795;INSERT=0.4622792937399679;DELETE=0.09630818619582665;UPDATE=0.1348314606741573;RANGE_SEARCH=0.060995184590690206,SEARCH=0.13333333333333333;INSERT=0.7333333333333333;DELETE=0.06666666666666667;UPDATE=0.044444444444444446;RANGE_SEARCH=0.022222222222222223,300.0,2000.0,200.0,400.0,1200.0,2000.0,1.0416666666666667,0.03256189451022605,0,0,0.6236530172413793,0.5,58,2315
PUBLICATION,LOCAL_HOTSPOT,LOCAL_COST_ADAPTIVE,5,48271,LOCAL_HOTSPOT,6,20997,128354,4,11,249968,299996,RUN_END,679,SEARCH=0.24889543446244478;INSERT=0.4167893961708395;DELETE=0.11929307805596466;UPDATE=0.15169366715758467;RANGE_SEARCH=0.06332842415316642,SEARCH=0.13333333333333333;INSERT=0.65;DELETE=0.05;UPDATE=0.08333333333333333;RANGE_SEARCH=0.08333333333333333,300.0,1900.0,200.0,300.0,1700.0,1900.0,0.9467960788616068,0.03300094966761633,0,0,0.6589095744680851,0.5,47,1982
PUBLICATION,LOCAL_HOTSPOT,LOCAL_COST_ADAPTIVE,5,48271,LOCAL_HOTSPOT,19,21638,239190,1,5,239198,299939,RUN_END,938,SEARCH=0.23667377398720682;INSERT=0.47654584221748403;DELETE=0.08315565031982942;UPDATE=0.14818763326226012;RANGE_SEARCH=0.05543710021321962,SEARCH=0.1232876712328767;INSERT=0.6986301369863014;DELETE=0.0410958904109589;UPDATE=0.0410958904109589;RANGE_SEARCH=0.0958904109589041,300.0,2800.0,1300.0,200.0,5200.0,5200.0,1.206896551724138,0.033580462276493674,0,0,0.6524884259259259,0.5,54,2255
PUBLICATION,LOCAL_HOTSPOT,LOCAL_COST_ADAPTIVE,5,48271,LOCAL_HOTSPOT,22,21609,272369,1,6,272381,299980,RUN_END,455,SEARCH=0.21318681318681318;INSERT=0.47692307692307695;DELETE=0.11868131868131868;UPDATE=0.16043956043956045;RANGE_SEARCH=0.03076923076923077,SEARCH=0.06666666666666667;INSERT=0.7333333333333333;DELETE=0.03333333333333333;UPDATE=0.03333333333333333;RANGE_SEARCH=0.13333333333333333,200.0,900.0,200.0,300.0,1400.0,1400.0,0.7342627233899963,0.03363914373088685,0,0,0.7156862745098039,0.515625,51,2336
PUBLICATION,LOCAL_HOTSPOT,LOCAL_COST_ADAPTIVE,5,48271,LOCAL_HOTSPOT,15,21596,185016,2,6,244597,299978,RUN_END,943,SEARCH=0.22163308589607636;INSERT=0.4740190880169671;DELETE=0.10922587486744433;UPDATE=0.13997879109225875;RANGE_SEARCH=0.05514316012725345,SEARCH=0.1282051282051282;INSERT=0.6282051282051282;DELETE=0.05128205128205128;UPDATE=0.1282051282051282;RANGE_SEARCH=0.0641025641025641,300.0,3000.0,1100.0,300.0,2800.0,3000.0,1.875,0.03361344537815126,0,0,0.6293545081967213,0.5,61,2457
PUBLICATION,LOCAL_HOTSPOT,LOCAL_COST_ADAPTIVE,5,48271,LOCAL_HOTSPOT,20,21580,242161,1,6,242211,299946,RUN_END,934,SEARCH=0.23019271948608136;INSERT=0.47751605995717344;DELETE=0.09957173447537473;UPDATE=0.1423982869379015;RANGE_SEARCH=0.05032119914346895,SEARCH=0.09302325581395349;INSERT=0.7325581395348837;DELETE=0.023255813953488372;UPDATE=0.046511627906976744;RANGE_SEARCH=0.10465116279069768,300.0,2600.0,200.0,300.0,2100.0,2600.0,2.08,0.03253345639132441,0,0,0.6534598214285714,0.5,56,2342
PUBLICATION,LOCAL_HOTSPOT,LOCAL_COST_ADAPTIVE,6,134775813,LOCAL_HOTSPOT,1,21000,50370,1,5,50374,66116,WINDOW_COMPLETE,1024,SEARCH=0.2685546875;INSERT=0.42578125;DELETE=0.10546875;UPDATE=0.1484375;RANGE_SEARCH=0.0517578125,SEARCH=0.13253012048192772;INSERT=0.6506024096385542;DELETE=0.08433734939759036;UPDATE=0.04819277108433735;RANGE_SEARCH=0.08433734939759036,200.0,2300.0,800.0,200.0,5000.0,5000.0,0.9529450477130635,0.05170387779083431,0,0,0.74755859375,0.546875,64,3062
PUBLICATION,LOCAL_HOTSPOT,LOCAL_COST_ADAPTIVE,6,134775813,LOCAL_HOTSPOT,1,21000,50370,2,6,66117,91601,WINDOW_COMPLETE,1024,SEARCH=0.2490234375;INSERT=0.4541015625;DELETE=0.0947265625;UPDATE=0.1494140625;RANGE_SEARCH=0.052734375,SEARCH=0.10256410256410256;INSERT=0.7307692307692307;DELETE=0.02564102564102564;UPDATE=0.05128205128205128;RANGE_SEARCH=0.08974358974358974,200.0,6100.0,1600.0,200.0,1200.0,6100.0,2.411067193675889,0.046719160104986876,8,0,0.7255608974358975,0.5,39,1811
PUBLICATION,LOCAL_HOTSPOT,LOCAL_COST_ADAPTIVE,6,134775813,LOCAL_HOTSPOT,1,21000,50370,3,7,91628,121487,WINDOW_COMPLETE,1024,SEARCH=0.263671875;INSERT=0.4482421875;DELETE=0.0888671875;UPDATE=0.150390625;RANGE_SEARCH=0.048828125,SEARCH=0.15584415584415584;INSERT=0.7272727272727273;DELETE=0.03896103896103896;UPDATE=0.03896103896103896;RANGE_SEARCH=0.03896103896103896,200.0,7200.0,800.0,200.0,900.0,7200.0,2.8458498023715415,0.04682575416479064,15,0,0.6420717592592593,0.5,54,2219
PUBLICATION,LOCAL_HOTSPOT,LOCAL_COST_ADAPTIVE,6,134775813,LOCAL_HOTSPOT,1,21000,50370,4,8,121492,151326,WINDOW_COMPLETE,1024,SEARCH=0.27734375;INSERT=0.4306640625;DELETE=0.0888671875;UPDATE=0.1533203125;RANGE_SEARCH=0.0498046875,SEARCH=0.08536585365853659;INSERT=0.7439024390243902;DELETE=0.012195121951219513;UPDATE=0.0975609756097561;RANGE_SEARCH=0.06097560975609756,200.0,9900.0,800.0,400.0,2200.0,9900.0,3.9130434782608696,0.045021961932650074,7,0,0.6680327868852459,0.5,61,2608
PUBLICATION,LOCAL_HOTSPOT,LOCAL_COST_ADAPTIVE,6,134775813,LOCAL_HOTSPOT,6,20997,128877,1,8,128953,160677,WINDOW_COMPLETE,1024,SEARCH=0.240234375;INSERT=0.443359375;DELETE=0.107421875;UPDATE=0.16015625;RANGE_SEARCH=0.048828125,SEARCH=0.1232876712328767;INSERT=0.7397260273972602;DELETE=0.0273972602739726;UPDATE=0.0547945205479452;RANGE_SEARCH=0.0547945205479452,200.0,1400.0,200.0,200.0,1500.0,1500.0,1.138026337180946,0.041348158443363446,3,0,0.676513671875,0.546875,64,2771
PUBLICATION,LOCAL_HOTSPOT,LOCAL_COST_ADAPTIVE,6,134775813,LOCAL_HOTSPOT,10,21000,151326,1,9,151350,183155,WINDOW_COMPLETE,1024,SEARCH=0.2431640625;INSERT=0.4609375;DELETE=0.0947265625;UPDATE=0.15234375;RANGE_SEARCH=0.048828125,SEARCH=0.12087912087912088;INSERT=0.6813186813186813;DELETE=0.054945054945054944;UPDATE=0.0989010989010989;RANGE_SEARCH=0.04395604395604396,300.0,1000.0,700.0,300.0,1500.0,1500.0,0.995663273989856,0.03779366700715015,1,0,0.7522321428571429,0.515625,63,3033
PUBLICATION,LOCAL_HOTSPOT,LOCAL_COST_ADAPTIVE,6,134775813,LOCAL_HOTSPOT,11,20999,157116,1,9,157201,188110,WINDOW_COMPLETE,1024,SEARCH=0.2626953125;INSERT=0.43359375;DELETE=0.09375;UPDATE=0.1689453125;RANGE_SEARCH=0.041015625,SEARCH=0.12048192771084337;INSERT=0.6867469879518072;DELETE=0.012048192771084338;UPDATE=0.10843373493975904;RANGE_SEARCH=0.07228915662650602,300.0,1700.0,1000.0,200.0,4300.0,4300.0,1.0475211491452836,0.03800940438871473,2,0,0.731201171875,0.515625,64,2995
PUBLICATION,LOCAL_HOTSPOT,LOCAL_COST_ADAPTIVE,6,134775813,LOCAL_HOTSPOT,6,20997,128877,2,9,160719,200678,WINDOW_COMPLETE,1024,SEARCH=0.26171875;INSERT=0.4638671875;DELETE=0.0869140625;UPDATE=0.1376953125;RANGE_SEARCH=0.0498046875,SEARCH=0.12162162162162163;INSERT=0.7432432432432432;DELETE=0.04054054054054054;UPDATE=0.02702702702702703;RANGE_SEARCH=0.06756756756756757,200.0,2800.0,600.0,200.0,3700.0,3700.0,2.276052674361892,0.035483870967741936,2,0,0.7840909090909091,0.5,33,1656
PUBLICATION,LOCAL_HOTSPOT,LOCAL_COST_ADAPTIVE,6,134775813,LOCAL_HOTSPOT,13,21553,160586,1,5,160615,224857,WINDOW_COMPLETE,1024,SEARCH=0.24609375;INSERT=0.4677734375;DELETE=0.087890625;UPDATE=0.1484375;RANGE_SEARCH=0.0498046875,SEARCH=0.08235294117647059;INSERT=0.7294117647058823;DELETE=0.023529411764705882;UPDATE=0.058823529411764705;RANGE_SEARCH=0.10588235294117647,200.0,1900.0,600.0,200.0,1500.0,1900.0,1.0992463252255684,0.03551178752611161,3,0,0.765625,0.515625,36,1764
PUBLICATION,LOCAL_HOTSPOT,LOCAL_COST_ADAPTIVE,6,134775813,LOCAL_HOTSPOT,10,21000,151326,2,10,183156,230639,WINDOW_COMPLETE,1024,SEARCH=0.2587890625;INSERT=0.4189453125;DELETE=0.1044921875;UPDATE=0.1630859375;RANGE_SEARCH=0.0546875,SEARCH=0.1267605633802817;INSERT=0.6901408450704225;DELETE=0.056338028169014086;UPDATE=0.056338028169014086;RANGE_SEARCH=0.07042253521126761,1100.0,1500.0,500.0,300.0,3900.0,3900.0,1.2172754663532446,0.034808552958727,6,0,0.7664930555555556,0.5,36,1766
PUBLICATION,LOCAL_HOTSPOT,LOCAL_COST_ADAPTIVE,6,134775813,LOCAL_HOTSPOT,11,20999,157116,2,10,188117,245219,WINDOW_COMPLETE,1024,SEARCH=0.2333984375;INSERT=0.4677734375;DELETE=0.087890625;UPDATE=0.1650390625;RANGE_SEARCH=0.0458984375,SEARCH=0.13186813186813187;INSERT=0.7142857142857143;DELETE=0.03296703296703297;UPDATE=0.06593406593406594;RANGE_SEARCH=0.054945054945054944,200.0,1300.0,600.0,300.0,3600.0,3600.0,1.298215865470329,0.03619503440023931,8,0,0.7391826923076923,0.5,39,1845
PUBLICATION,LOCAL_HOTSPOT,LOCAL_COST_ADAPTIVE,6,134775813,LOCAL_HOTSPOT,6,20997,128877,3,10,200793,269147,WINDOW_COMPLETE,1024,SEARCH=0.2568359375;INSERT=0.458984375;DELETE=0.091796875;UPDATE=0.1396484375;RANGE_SEARCH=0.052734375,SEARCH=0.07228915662650602;INSERT=0.7228915662650602;DELETE=0.012048192771084338;UPDATE=0.060240963855421686;RANGE_SEARCH=0.13253012048192772,200.0,1600.0,200.0,300.0,2800.0,2800.0,1.5741080974704396,0.03323903818953324,16,0,0.6664540816326531,0.5,49,2090
PUBLICATION,LOCAL_HOTSPOT,LOCAL_COST_ADAPTIVE,6,134775813,LOCAL_HOTSPOT,13,21553,160586,2,6,224957,289180,WINDOW_COMPLETE,1024,SEARCH=0.248046875;INSERT=0.4228515625;DELETE=0.109375;UPDATE=0.1552734375;RANGE_SEARCH=0.064453125,SEARCH=0.1076923076923077;INSERT=0.6923076923076923;DELETE=0.015384615384615385;UPDATE=0.07692307692307693;RANGE_SEARCH=0.1076923076923077,200.0,1500.0,200.0,300.0,5200.0,5200.0,1.7282295921598427,0.03261267863686332,17,0,0.6356132075471698,0.5,53,2156
PUBLICATION,LOCAL_HOTSPOT,LOCAL_COST_ADAPTIVE,6,134775813,LOCAL_HOTSPOT,10,21000,151326,3,11,230721,291007,WINDOW_COMPLETE,1024,SEARCH=0.228515625;INSERT=0.451171875;DELETE=0.109375;UPDATE=0.1552734375;RANGE_SEARCH=0.0556640625,SEARCH=0.10144927536231885;INSERT=0.7536231884057971;DELETE=0.014492753623188406;UPDATE=0.043478260869565216;RANGE_SEARCH=0.08695652173913043,200.0,1500.0,100.0,100.0,1600.0,1600.0,1.671229002503606,0.035453135386660756,17,0,0.6465212264150944,0.5,53,2193
PUBLICATION,LOCAL_HOTSPOT,LOCAL_COST_ADAPTIVE,6,134775813,LOCAL_HOTSPOT,17,21585,234342,1,6,234345,296133,WINDOW_COMPLETE,1024,SEARCH=0.2578125;INSERT=0.45703125;DELETE=0.0927734375;UPDATE=0.140625;RANGE_SEARCH=0.0517578125,SEARCH=0.04938271604938271;INSERT=0.7407407407407407;DELETE=0.06172839506172839;UPDATE=0.06172839506172839;RANGE_SEARCH=0.08641975308641975,200.0,1700.0,800.0,700.0,4300.0,4300.0,1.5740740740740742,0.03412073490813648,11,0,0.6846064814814815,0.5,54,2366
PUBLICATION,LOCAL_HOTSPOT,LOCAL_COST_ADAPTIVE,6,134775813,LOCAL_HOTSPOT,17,21585,234342,2,7,296271,299951,RUN_END,63,SEARCH=0.23809523809523808;INSERT=0.4603174603174603;DELETE=0.07936507936507936;UPDATE=0.12698412698412698;RANGE_SEARCH=0.09523809523809523,SEARCH=0.0;INSERT=1.0;DELETE=0.0;UPDATE=0.0;RANGE_SEARCH=0.0,NaN,500.0,NaN,NaN,NaN,500.0,0.9574885546108568,0.03205128205128205,0,0,0.6927083333333334,0.5,54,2394
PUBLICATION,LOCAL_HOTSPOT,LOCAL_COST_ADAPTIVE,6,134775813,LOCAL_HOTSPOT,20,21609,274202,1,6,274211,299993,RUN_END,408,SEARCH=0.25;INSERT=0.41421568627450983;DELETE=0.12009803921568628;UPDATE=0.14460784313725492;RANGE_SEARCH=0.07107843137254902,SEARCH=0.2222222222222222;INSERT=0.6666666666666666;DELETE=0.037037037037037035;UPDATE=0.037037037037037035;RANGE_SEARCH=0.037037037037037035,200.0,4000.0,800.0,200.0,70700.0,70700.0,3.341687552213868,0.0386958079541383,0,0,0.6123383620689655,0.5,58,2273
PUBLICATION,LOCAL_HOTSPOT,LOCAL_COST_ADAPTIVE,6,134775813,LOCAL_HOTSPOT,22,21614,275161,1,6,275202,299810,RUN_END,385,SEARCH=0.2545454545454545;INSERT=0.43896103896103894;DELETE=0.10909090909090909;UPDATE=0.13766233766233765;RANGE_SEARCH=0.05974025974025974,SEARCH=0.13157894736842105;INSERT=0.7105263157894737;DELETE=0.05263157894736842;UPDATE=0.05263157894736842;RANGE_SEARCH=0.05263157894736842,300.0,800.0,200.0,100.0,1700.0,1700.0,0.773702098525979,0.034703196347031964,0,0,0.6490162037037037,0.5,54,2243
PUBLICATION,LOCAL_HOTSPOT,LOCAL_COST_ADAPTIVE,6,134775813,LOCAL_HOTSPOT,25,21182,287929,1,10,288011,299930,RUN_END,197,SEARCH=0.29441624365482233;INSERT=0.4213197969543147;DELETE=0.1116751269035533;UPDATE=0.14720812182741116;RANGE_SEARCH=0.025380710659898477,SEARCH=0.06666666666666667;INSERT=0.6666666666666666;DELETE=0.0;UPDATE=0.06666666666666667;RANGE_SEARCH=0.2,100.0,800.0,NaN,200.0,1900.0,1900.0,0.592030336474681,0.030303030303030304,0,0,0.6504629629629629,0.5,54,2248
PUBLICATION,LOCAL_HOTSPOT,LOCAL_COST_ADAPTIVE,6,134775813,LOCAL_HOTSPOT,6,20997,128877,4,11,269157,299997,RUN_END,490,SEARCH=0.25918367346938775;INSERT=0.41020408163265304;DELETE=0.11224489795918367;UPDATE=0.1673469387755102;RANGE_SEARCH=0.05102040816326531,SEARCH=0.11428571428571428;INSERT=0.7428571428571429;DELETE=0.02857142857142857;UPDATE=0.08571428571428572;RANGE_SEARCH=0.02857142857142857,300.0,1800.0,900.0,200.0,1600.0,1800.0,1.463176719232645,0.035153019023986765,0,0,0.6339285714285714,0.5,56,2272
PUBLICATION,LOCAL_HOTSPOT,LOCAL_COST_ADAPTIVE,6,134775813,LOCAL_HOTSPOT,24,21621,278687,1,6,278734,299987,RUN_END,309,SEARCH=0.24271844660194175;INSERT=0.47249190938511326;DELETE=0.10679611650485436;UPDATE=0.13915857605177995;RANGE_SEARCH=0.038834951456310676,SEARCH=0.19230769230769232;INSERT=0.6153846153846154;DELETE=0.07692307692307693;UPDATE=0.0;RANGE_SEARCH=0.11538461538461539,200.0,700.0,800.0,NaN,1900.0,1900.0,0.6182884013062702,0.037987679671457907,0,0,0.6519097222222222,0.5,54,2253
PUBLICATION,LOCAL_HOTSPOT,LOCAL_COST_ADAPTIVE,6,134775813,LOCAL_HOTSPOT,19,20998,257069,1,11,257077,299957,RUN_END,714,SEARCH=0.24649859943977592;INSERT=0.438375350140056;DELETE=0.12464985994397759;UPDATE=0.14565826330532214;RANGE_SEARCH=0.04481792717086835,SEARCH=0.07142857142857142;INSERT=0.75;DELETE=0.0;UPDATE=0.07142857142857142;RANGE_SEARCH=0.10714285714285714,300.0,1600.0,NaN,200.0,1500.0,1600.0,0.9190805995194788,0.03664176449662042,0,0,0.6247159090909091,0.5,55,2199
PUBLICATION,LOCAL_HOTSPOT,LOCAL_COST_ADAPTIVE,6,134775813,LOCAL_HOTSPOT,11,20999,157116,3,11,245247,299939,RUN_END,845,SEARCH=0.2165680473372781;INSERT=0.4591715976331361;DELETE=0.11005917159763313;UPDATE=0.15976331360946747;RANGE_SEARCH=0.054437869822485205,SEARCH=0.014705882352941176;INSERT=0.75;DELETE=0.04411764705882353;UPDATE=0.07352941176470588;RANGE_SEARCH=0.11764705882352941,100.0,1600.0,700.0,300.0,5200.0,5200.0,0.9600033153477985,0.03343833292948873,0,0,0.6767769607843137,0.5,51,2209
PUBLICATION,LOCAL_HOTSPOT,LOCAL_COST_ADAPTIVE,6,134775813,LOCAL_HOTSPOT,13,21553,160586,3,7,289196,299976,RUN_END,180,SEARCH=0.18888888888888888;INSERT=0.5111111111111111;DELETE=0.1;UPDATE=0.09444444444444444;RANGE_SEARCH=0.10555555555555556,SEARCH=0.0;INSERT=0.8461538461538461;DELETE=0.07692307692307693;UPDATE=0.0;RANGE_SEARCH=0.07692307692307693,NaN,1400.0,700.0,NaN,1200.0,1400.0,0.9683037269244165,0.0368,0,0,0.6369318181818182,0.5,55,2242
PUBLICATION,LOCAL_HOTSPOT,LOCAL_COST_ADAPTIVE,6,134775813,LOCAL_HOTSPOT,18,21602,242686,1,6,242687,299983,RUN_END,899,SEARCH=0.22580645161290322;INSERT=0.48053392658509453;DELETE=0.10456062291434928;UPDATE=0.13904338153503892;RANGE_SEARCH=0.05005561735261402,SEARCH=0.14457831325301204;INSERT=0.7108433734939759;DELETE=0.024096385542168676;UPDATE=0.07228915662650602;RANGE_SEARCH=0.04819277108433735,300.0,2100.0,200.0,200.0,1900.0,2100.0,2.0792079207920793,0.0338855421686747,0,0,0.6181469298245614,0.5,57,2255
PUBLICATION,LOCAL_HOTSPOT,LOCAL_COST_ADAPTIVE,6,134775813,LOCAL_HOTSPOT,10,21000,151326,4,12,291023,299960,RUN_END,154,SEARCH=0.18831168831168832;INSERT=0.487012987012987;DELETE=0.11038961038961038;UPDATE=0.16233766233766234;RANGE_SEARCH=0.05194805194805195,SEARCH=0.18181818181818182;INSERT=0.7272727272727273;DELETE=0.0;UPDATE=0.0;RANGE_SEARCH=0.09090909090909091,100.0,700.0,NaN,NaN,1300.0,1300.0,0.9529450477130635,0.03934426229508197,0,0,0.6674528301886793,0.53125,53,2264
PUBLICATION,LOCAL_HOTSPOT,LOCAL_COST_ADAPTIVE,6,134775813,LOCAL_HOTSPOT,23,21627,275937,1,6,276019,299991,RUN_END,386,SEARCH=0.27202072538860106;INSERT=0.4067357512953368;DELETE=0.10362694300518134;UPDATE=0.14507772020725387;RANGE_SEARCH=0.07253886010362694,SEARCH=0.14814814814814814;INSERT=0.7407407407407407;DELETE=0.0;UPDATE=0.0;RANGE_SEARCH=0.1111111111111111,200.0,2200.0,NaN,NaN,4300.0,4300.0,1.1758417958311063,0.034724931720639875,0,0,0.6306818181818182,0.5,55,2220
PUBLICATION,LOCAL_HOTSPOT,LOCAL_COST_ADAPTIVE,7,16807,LOCAL_HOTSPOT,2,20998,52913,1,5,52932,69335,WINDOW_COMPLETE,1024,SEARCH=0.2568359375;INSERT=0.44140625;DELETE=0.1044921875;UPDATE=0.1533203125;RANGE_SEARCH=0.0439453125,SEARCH=0.16049382716049382;INSERT=0.6666666666666666;DELETE=0.024691358024691357;UPDATE=0.07407407407407407;RANGE_SEARCH=0.07407407407407407,400.0,1300.0,700.0,100.0,1300.0,1300.0,1.3541666666666667,0.04955872369314324,0,0,0.7666170634920635,0.5625,63,3091
PUBLICATION,LOCAL_HOTSPOT,LOCAL_COST_ADAPTIVE,7,16807,LOCAL_HOTSPOT,2,20998,52913,2,6,69336,98530,WINDOW_COMPLETE,1024,SEARCH=0.2197265625;INSERT=0.4599609375;DELETE=0.0947265625;UPDATE=0.177734375;RANGE_SEARCH=0.0478515625,SEARCH=0.013888888888888888;INSERT=0.7916666666666666;DELETE=0.013888888888888888;UPDATE=0.041666666666666664;RANGE_SEARCH=0.1388888888888889,200.0,12900.0,900.0,100.0,1400.0,12900.0,13.4375,0.04677754677754678,10,0,0.74296875,0.5,40,1902
PUBLICATION,LOCAL_HOTSPOT,LOCAL_COST_ADAPTIVE,7,16807,LOCAL_HOTSPOT,3,21170,78817,1,5,78838,110980,WINDOW_COMPLETE,1024,SEARCH=0.2509765625;INSERT=0.4541015625;DELETE=0.0947265625;UPDATE=0.1533203125;RANGE_SEARCH=0.046875,SEARCH=0.09210526315789473;INSERT=0.75;DELETE=0.02631578947368421;UPDATE=0.06578947368421052;RANGE_SEARCH=0.06578947368421052,200.0,1200.0,800.0,1000.0,800.0,1200.0,1.1111111111111114,0.045203415369161226,12,0,0.6990489130434783,0.5,46,2058
PUBLICATION,LOCAL_HOTSPOT,LOCAL_COST_ADAPTIVE,7,16807,LOCAL_HOTSPOT,2,20998,52913,3,7,98542,130779,WINDOW_COMPLETE,1024,SEARCH=0.2568359375;INSERT=0.4296875;DELETE=0.1181640625;UPDATE=0.1484375;RANGE_SEARCH=0.046875,SEARCH=0.11764705882352941;INSERT=0.7352941176470589;DELETE=0.07352941176470588;UPDATE=0.029411764705882353;RANGE_SEARCH=0.04411764705882353,300.0,1600.0,600.0,200.0,600.0,1600.0,1.72850976316956,0.044954128440366975,18,0,0.6101831896551724,0.5,58,2265
PUBLICATION,LOCAL_HOTSPOT,LOCAL_COST_ADAPTIVE,7,16807,LOCAL_HOTSPOT,5,21000,104758,1,7,104802,137739,WINDOW_COMPLETE,1024,SEARCH=0.25390625;INSERT=0.4423828125;DELETE=0.099609375;UPDATE=0.1513671875;RANGE_SEARCH=0.052734375,SEARCH=0.1282051282051282;INSERT=0.6923076923076923;DELETE=0.05128205128205128;UPDATE=0.02564102564102564;RANGE_SEARCH=0.10256410256410256,200.0,1500.0,800.0,100.0,4300.0,4300.0,1.4200883872242194,0.04613564668769716,11,0,0.6344288793103449,0.5,58,2355
PUBLICATION,LOCAL_HOTSPOT,LOCAL_COST_ADAPTIVE,7,16807,LOCAL_HOTSPOT,3,21170,78817,2,6,110985,142677,WINDOW_COMPLETE,1024,SEARCH=0.251953125;INSERT=0.4404296875;DELETE=0.1015625;UPDATE=0.1474609375;RANGE_SEARCH=0.05859375,SEARCH=0.08235294117647059;INSERT=0.6823529411764706;DELETE=0.023529411764705882;UPDATE=0.08235294117647059;RANGE_SEARCH=0.12941176470588237,200.0,1200.0,700.0,200.0,2000.0,2000.0,1.1111111111111112,0.04260237780713342,14,0,0.6377604166666667,0.5,60,2449
PUBLICATION,LOCAL_HOTSPOT,LOCAL_COST_ADAPTIVE,7,16807,LOCAL_HOTSPOT,6,20997,123600,1,8,123602,155734,WINDOW_COMPLETE,1024,SEARCH=0.23828125;INSERT=0.462890625;DELETE=0.103515625;UPDATE=0.1455078125;RANGE_SEARCH=0.0498046875,SEARCH=0.047058823529411764;INSERT=0.7529411764705882;DELETE=0.07058823529411765;UPDATE=0.08235294117647059;RANGE_SEARCH=0.047058823529411764,200.0,1700.0,800.0,300.0,1100.0,1700.0,1.83585313174946,0.04160688665710186,2,0,0.6875,0.5625,59,2596
PUBLICATION,LOCAL_HOTSPOT,LOCAL_COST_ADAPTIVE,7,16807,LOCAL_HOTSPOT,2,20998,52913,4,8,130830,162737,WINDOW_COMPLETE,1024,SEARCH=0.2470703125;INSERT=0.4482421875;DELETE=0.0947265625;UPDATE=0.158203125;RANGE_SEARCH=0.0517578125,SEARCH=0.1111111111111111;INSERT=0.654320987654321;DELETE=0.06172839506172839;UPDATE=0.09876543209876543;RANGE_SEARCH=0.07407407407407407,400.0,1100.0,800.0,200.0,1500.0,1500.0,1.1458333333333333,0.04336312479311486,2,0,0.6950520833333333,0.5,60,2669
PUBLICATION,LOCAL_HOTSPOT,LOCAL_COST_ADAPTIVE,7,16807,LOCAL_HOTSPOT,9,20999,133093,1,8,133104,164135,WINDOW_COMPLETE,1024,SEARCH=0.2607421875;INSERT=0.4306640625;DELETE=0.0908203125;UPDATE=0.1572265625;RANGE_SEARCH=0.060546875,SEARCH=0.08695652173913043;INSERT=0.6811594202898551;DELETE=0.028985507246376812;UPDATE=0.07246376811594203;RANGE_SEARCH=0.13043478260869565,200.0,900.0,600.0,200.0,1700.0,1700.0,0.9817542691140133,0.041766109785202864,1,0,0.682373046875,0.5625,64,2795
PUBLICATION,LOCAL_HOTSPOT,LOCAL_COST_ADAPTIVE,7,16807,LOCAL_HOTSPOT,10,21186,136032,1,7,136041,167560,WINDOW_COMPLETE,1024,SEARCH=0.2783203125;INSERT=0.412109375;DELETE=0.1083984375;UPDATE=0.14453125;RANGE_SEARCH=0.056640625,SEARCH=0.12222222222222222;INSERT=0.6555555555555556;DELETE=0.044444444444444446;UPDATE=0.06666666666666667;RANGE_SEARCH=0.1111111111111111,200.0,1100.0,900.0,200.0,1600.0,1600.0,0.6858217763738301,0.044437129690585914,3,0,0.669677734375,0.53125,64,2743
PUBLICATION,LOCAL_HOTSPOT,LOCAL_COST_ADAPTIVE,7,16807,LOCAL_HOTSPOT,5,21000,104758,2,8,137750,169923,WINDOW_COMPLETE,1024,SEARCH=0.244140625;INSERT=0.443359375;DELETE=0.1005859375;UPDATE=0.1533203125;RANGE_SEARCH=0.05859375,SEARCH=0.12903225806451613;INSERT=0.7526881720430108;DELETE=0.010752688172043012;UPDATE=0.053763440860215055;RANGE_SEARCH=0.053763440860215055,200.0,1100.0,200.0,200.0,1000.0,1100.0,1.03049309702877,0.04285714285714286,2,0,0.7169270833333333,0.53125,60,2753
PUBLICATION,LOCAL_HOTSPOT,LOCAL_COST_ADAPTIVE,7,16807,LOCAL_HOTSPOT,3,21170,78817,3,7,142691,173533,WINDOW_COMPLETE,1024,SEARCH=0.23828125;INSERT=0.46484375;DELETE=0.095703125;UPDATE=0.158203125;RANGE_SEARCH=0.04296875,SEARCH=0.09375;INSERT=0.75;DELETE=0.010416666666666666;UPDATE=0.08333333333333333;RANGE_SEARCH=0.0625,200.0,5500.0,800.0,300.0,1800.0,5500.0,5.092592592592593,0.04119704624951419,4,0,0.700927734375,0.5,64,2871
PUBLICATION,LOCAL_HOTSPOT,LOCAL_COST_ADAPTIVE,7,16807,LOCAL_HOTSPOT,6,20997,123600,2,9,155753,189067,WINDOW_COMPLETE,1024,SEARCH=0.248046875;INSERT=0.453125;DELETE=0.08984375;UPDATE=0.1533203125;RANGE_SEARCH=0.0556640625,SEARCH=0.14666666666666667;INSERT=0.68;DELETE=0.013333333333333334;UPDATE=0.06666666666666667;RANGE_SEARCH=0.09333333333333334,200.0,2200.0,200.0,400.0,4800.0,4800.0,2.375809935205184,0.03612114476243401,3,0,0.7593245967741935,0.5,62,3013
PUBLICATION,LOCAL_HOTSPOT,LOCAL_COST_ADAPTIVE,7,16807,LOCAL_HOTSPOT,12,20998,162737,1,9,162774,193978,WINDOW_COMPLETE,1024,SEARCH=0.2265625;INSERT=0.4951171875;DELETE=0.095703125;UPDATE=0.1455078125;RANGE_SEARCH=0.037109375,SEARCH=0.05194805194805195;INSERT=0.8181818181818182;DELETE=0.0;UPDATE=0.07792207792207792;RANGE_SEARCH=0.05194805194805195,200.0,4300.0,NaN,200.0,1600.0,4300.0,4.479166666666667,0.03639304488475536,3,0,0.765869140625,0.5,64,3137
PUBLICATION,LOCAL_HOTSPOT,LOCAL_COST_ADAPTIVE,7,16807,LOCAL_HOTSPOT,10,21186,136032,2,8,167596,199831,WINDOW_COMPLETE,1024,SEARCH=0.255859375;INSERT=0.451171875;DELETE=0.109375;UPDATE=0.1396484375;RANGE_SEARCH=0.0439453125,SEARCH=0.0898876404494382;INSERT=0.7640449438202247;DELETE=0.056179775280898875;UPDATE=0.056179775280898875;RANGE_SEARCH=0.033707865168539325,200.0,1000.0,700.0,200.0,1100.0,1100.0,0.580803388777655,0.0376325692781389,0,0,0.770751953125,0.53125,64,3157
PUBLICATION,LOCAL_HOTSPOT,LOCAL_COST_ADAPTIVE,7,16807,LOCAL_HOTSPOT,5,21000,104758,3,9,169963,211957,WINDOW_COMPLETE,1024,SEARCH=0.24609375;INSERT=0.462890625;DELETE=0.0927734375;UPDATE=0.146484375;RANGE_SEARCH=0.0517578125,SEARCH=0.11235955056179775;INSERT=0.7078651685393258;DELETE=0.033707865168539325;UPDATE=0.07865168539325842;RANGE_SEARCH=0.06741573033707865,200.0,1500.0,200.0,300.0,2500.0,2500.0,1.2860552967798529,0.03673120728929385,8,0,0.6955357142857143,0.5,35,1558
PUBLICATION,LOCAL_HOTSPOT,LOCAL_COST_ADAPTIVE,7,16807,LOCAL_HOTSPOT,9,20999,133093,2,9,164149,214179,WINDOW_COMPLETE,1024,SEARCH=0.2587890625;INSERT=0.4296875;DELETE=0.11328125;UPDATE=0.1455078125;RANGE_SEARCH=0.052734375,SEARCH=0.12790697674418605;INSERT=0.6744186046511628;DELETE=0.046511627906976744;UPDATE=0.03488372093023256;RANGE_SEARCH=0.11627906976744186,300.0,1200.0,1000.0,100.0,1800.0,1800.0,1.0676048288756834,0.03697131026323573,3,0,0.7624080882352942,0.5,34,1659
PUBLICATION,LOCAL_HOTSPOT,LOCAL_COST_ADAPTIVE,7,16807,LOCAL_HOTSPOT,3,21170,78817,4,8,173579,230563,WINDOW_COMPLETE,1024,SEARCH=0.2333984375;INSERT=0.4814453125;DELETE=0.08984375;UPDATE=0.1474609375;RANGE_SEARCH=0.0478515625,SEARCH=0.0759493670886076;INSERT=0.7468354430379747;DELETE=0.02531645569620253;UPDATE=0.08860759493670886;RANGE_SEARCH=0.06329113924050633,200.0,1000.0,100.0,200.0,2000.0,2000.0,0.9259259259259259,0.03625837903717245,9,0,0.7265625,0.515625,40,1860
PUBLICATION,LOCAL_HOTSPOT,LOCAL_COST_ADAPTIVE,7,16807,LOCAL_HOTSPOT,6,20997,123600,3,10,189110,239496,WINDOW_COMPLETE,1024,SEARCH=0.255859375;INSERT=0.43359375;DELETE=0.1123046875;UPDATE=0.1435546875;RANGE_SEARCH=0.0546875,SEARCH=0.1111111111111111;INSERT=0.625;DELETE=0.08333333333333333;UPDATE=0.05555555555555555;RANGE_SEARCH=0.125,200.0,1600.0,700.0,200.0,4800.0,4800.0,1.7278617710583153,0.035326086956521736,11,0,0.691015625,0.5,40,1769
PUBLICATION,LOCAL_HOTSPOT,LOCAL_COST_ADAPTIVE,7,16807,LOCAL_HOTSPOT,12,20998,162737,2,10,194015,252970,WINDOW_COMPLETE,1024,SEARCH=0.2607421875;INSERT=0.44140625;DELETE=0.0908203125;UPDATE=0.1484375;RANGE_SEARCH=0.05859375,SEARCH=0.10588235294117647;INSERT=0.7411764705882353;DELETE=0.011764705882352941;UPDATE=0.058823529411764705;RANGE_SEARCH=0.08235294117647059,200.0,1600.0,200.0,200.0,1400.0,1600.0,1.6666666666666667,0.033983637507866586,12,0,0.700218023255814,0.5,43,1927
PUBLICATION,LOCAL_HOTSPOT,LOCAL_COST_ADAPTIVE,7,16807,LOCAL_HOTSPOT,10,21186,136032,3,9,199881,254875,WINDOW_COMPLETE,1024,SEARCH=0.2529296875;INSERT=0.4462890625;DELETE=0.10546875;UPDATE=0.150390625;RANGE_SEARCH=0.044921875,SEARCH=0.08333333333333333;INSERT=0.6944444444444444;DELETE=0.06944444444444445;UPDATE=0.05555555555555555;RANGE_SEARCH=0.09722222222222222,200.0,1400.0,600.0,200.0,1400.0,1400.0,0.8088277774568143,0.03484216795711733,8,0,0.7704326923076923,0.5,39,1923
PUBLICATION,LOCAL_HOTSPOT,LOCAL_COST_ADAPTIVE,7,16807,LOCAL_HOTSPOT,14,21176,193267,1,8,193281,264546,WINDOW_COMPLETE,1024,SEARCH=0.2373046875;INSERT=0.4716796875;DELETE=0.1201171875;UPDATE=0.130859375;RANGE_SEARCH=0.0400390625,SEARCH=0.07058823529411765;INSERT=0.7176470588235294;DELETE=0.023529411764705882;UPDATE=0.11764705882352941;RANGE_SEARCH=0.07058823529411765,300.0,1300.0,700.0,300.0,4700.0,4700.0,1.0054915306674916,0.035555555555555556,10,0,0.6987645348837209,0.5,43,1923
PUBLICATION,LOCAL_HOTSPOT,LOCAL_COST_ADAPTIVE,7,16807,LOCAL_HOTSPOT,9,20999,133093,3,10,214203,279044,WINDOW_COMPLETE,1024,SEARCH=0.2529296875;INSERT=0.431640625;DELETE=0.09765625;UPDATE=0.166015625;RANGE_SEARCH=0.0517578125,SEARCH=0.07228915662650602;INSERT=0.8072289156626506;DELETE=0.012048192771084338;UPDATE=0.024096385542168676;RANGE_SEARCH=0.08433734939759036,200.0,1600.0,200.0,200.0,6400.0,6400.0,1.6228759322487023,0.03431481071507638,16,0,0.6459375,0.5,50,2067
PUBLICATION,LOCAL_HOTSPOT,LOCAL_COST_ADAPTIVE,7,16807,LOCAL_HOTSPOT,5,21000,104758,4,10,211978,280276,WINDOW_COMPLETE,1024,SEARCH=0.271484375;INSERT=0.443359375;DELETE=0.095703125;UPDATE=0.1435546875;RANGE_SEARCH=0.0458984375,SEARCH=0.10975609756097561;INSERT=0.7804878048780488;DELETE=0.024390243902439025;UPDATE=0.012195121951219513;RANGE_SEARCH=0.07317073170731707,200.0,1600.0,700.0,100.0,4500.0,4500.0,1.3836575650695324,0.035600425079702444,10,0,0.6864583333333333,0.5,45,1977
PUBLICATION,LOCAL_HOTSPOT,LOCAL_COST_ADAPTIVE,7,16807,LOCAL_HOTSPOT,3,21170,78817,5,9,230569,291296,WINDOW_COMPLETE,1024,SEARCH=0.255859375;INSERT=0.44921875;DELETE=0.103515625;UPDATE=0.150390625;RANGE_SEARCH=0.041015625,SEARCH=0.14130434782608695;INSERT=0.6956521739130435;DELETE=0.043478260869565216;UPDATE=0.010869565217391304;RANGE_SEARCH=0.10869565217391304,200.0,1700.0,700.0,200.0,4400.0,4400.0,1.585820895522388,0.03313840155945419,14,0,0.6617476851851852,0.5,54,2287
PUBLICATION,LOCAL_HOTSPOT,LOCAL_COST_ADAPTIVE,7,16807,LOCAL_HOTSPOT,9,20999,133093,4,11,279058,299999,RUN_END,309,SEARCH=0.22330097087378642;INSERT=0.4627831715210356;DELETE=0.11003236245954692;UPDATE=0.15857605177993528;RANGE_SEARCH=0.045307443365695796,SEARCH=0.06666666666666667;INSERT=0.7666666666666667;DELETE=0.03333333333333333;UPDATE=0.03333333333333333;RANGE_SEARCH=0.1,300.0,2000.0,200.0,200.0,1600.0,2000.0,1.4035087719298245,0.03271375464684015,0,0,0.6135602678571429,0.5,56,2199
PUBLICATION,LOCAL_HOTSPOT,LOCAL_COST_ADAPTIVE,7,16807,LOCAL_HOTSPOT,12,20998,162737,3,11,253053,299909,RUN_END,717,SEARCH=0.2496513249651325;INSERT=0.45327754532775455;DELETE=0.10320781032078104;UPDATE=0.14086471408647142;RANGE_SEARCH=0.05299860529986053,SEARCH=0.09302325581395349;INSERT=0.7906976744186046;DELETE=0.023255813953488372;UPDATE=0.046511627906976744;RANGE_SEARCH=0.046511627906976744,200.0,1500.0,100.0,100.0,1300.0,1500.0,1.5625,0.034834834834834835,0,0,0.6335227272727273,0.5,55,2230
PUBLICATION,LOCAL_HOTSPOT,LOCAL_COST_ADAPTIVE,7,16807,LOCAL_HOTSPOT,6,20997,123600,4,11,239497,299953,RUN_END,921,SEARCH=0.252985884907709;INSERT=0.43973941368078173;DELETE=0.10423452768729642;UPDATE=0.15526601520086863;RANGE_SEARCH=0.04777415852334419,SEARCH=0.16901408450704225;INSERT=0.676056338028169;DELETE=0.028169014084507043;UPDATE=0.056338028169014086;RANGE_SEARCH=0.07042253521126761,200.0,1000.0,700.0,200.0,5000.0,5000.0,1.079913606911447,0.03499728703201302,0,0,0.6709375,0.5,50,2147
PUBLICATION,LOCAL_HOTSPOT,LOCAL_COST_ADAPTIVE,7,16807,LOCAL_HOTSPOT,14,21176,193267,2,9,264570,299944,RUN_END,529,SEARCH=0.2438563327032136;INSERT=0.44234404536862004;DELETE=0.0831758034026465;UPDATE=0.17958412098298676;RANGE_SEARCH=0.05103969754253308,SEARCH=0.15555555555555556;INSERT=0.6222222222222222;DELETE=0.022222222222222223;UPDATE=0.1111111111111111;RANGE_SEARCH=0.08888888888888889,200.0,1300.0,200.0,200.0,3000.0,3000.0,1.0054915306674916,0.0343827671913836,0,0,0.6827168367346939,0.5,49,2141
PUBLICATION,LOCAL_HOTSPOT,LOCAL_COST_ADAPTIVE,7,16807,LOCAL_HOTSPOT,10,21186,136032,4,10,255028,299911,RUN_END,743,SEARCH=0.25168236877523553;INSERT=0.4629878869448183;DELETE=0.0901749663526245;UPDATE=0.14939434724091522;RANGE_SEARCH=0.04576043068640646,SEARCH=0.1076923076923077;INSERT=0.6923076923076923;DELETE=0.03076923076923077;UPDATE=0.12307692307692308;RANGE_SEARCH=0.046153846153846156,200.0,1400.0,200.0,300.0,2300.0,2300.0,0.8245916798699501,0.034482758620689655,0,0,0.5945444915254238,0.5,59,2245
PUBLICATION,LOCAL_HOTSPOT,LOCAL_COST_ADAPTIVE,7,16807,LOCAL_HOTSPOT,3,21170,78817,6,10,291306,299912,RUN_END,134,SEARCH=0.30597014925373134;INSERT=0.41044776119402987;DELETE=0.08955223880597014;UPDATE=0.15671641791044777;RANGE_SEARCH=0.03731343283582089,SEARCH=0.23076923076923078;INSERT=0.7692307692307693;DELETE=0.0;UPDATE=0.0;RANGE_SEARCH=0.0,200.0,2000.0,NaN,NaN,NaN,2000.0,0.5629225762067571,0.031007751937984496,0,0,0.6417214912280702,0.5,57,2341
PUBLICATION,LOCAL_HOTSPOT,LOCAL_COST_ADAPTIVE,7,16807,LOCAL_HOTSPOT,17,21000,280276,1,11,280344,299925,RUN_END,284,SEARCH=0.25704225352112675;INSERT=0.4225352112676056;DELETE=0.11267605633802817;UPDATE=0.176056338028169;RANGE_SEARCH=0.03169014084507042,SEARCH=0.10526315789473684;INSERT=0.7894736842105263;DELETE=0.0;UPDATE=0.05263157894736842;RANGE_SEARCH=0.05263157894736842,200.0,800.0,NaN,100.0,900.0,900.0,0.9445084355308625,0.032926829268292684,0,0,0.6648596938775511,0.5,49,2085
PUBLICATION,LOCAL_HOTSPOT,LOCAL_COST_ADAPTIVE,8,2147483647,LOCAL_HOTSPOT,2,21000,52228,1,5,52262,67651,WINDOW_COMPLETE,1024,SEARCH=0.2587890625;INSERT=0.44921875;DELETE=0.1015625;UPDATE=0.1416015625;RANGE_SEARCH=0.048828125,SEARCH=0.14444444444444443;INSERT=0.6777777777777778;DELETE=0.044444444444444446;UPDATE=0.06666666666666667;RANGE_SEARCH=0.06666666666666667,200.0,900.0,900.0,300.0,2200.0,2200.0,0.9831852482564526,0.052565707133917394,1,0,0.757080078125,0.515625,64,3101
PUBLICATION,LOCAL_HOTSPOT,LOCAL_COST_ADAPTIVE,8,2147483647,LOCAL_HOTSPOT,2,21000,52228,2,6,67674,95394,WINDOW_COMPLETE,1024,SEARCH=0.265625;INSERT=0.4287109375;DELETE=0.1015625;UPDATE=0.1513671875;RANGE_SEARCH=0.052734375,SEARCH=0.1511627906976744;INSERT=0.6395348837209303;DELETE=0.023255813953488372;UPDATE=0.03488372093023256;RANGE_SEARCH=0.1511627906976744,100.0,1000.0,500.0,200.0,700.0,1000.0,1.3340419632128662,0.04686729156388752,9,0,0.732421875,0.5,40,1875
PUBLICATION,LOCAL_HOTSPOT,LOCAL_COST_ADAPTIVE,8,2147483647,LOCAL_HOTSPOT,2,21000,52228,3,7,95515,127101,WINDOW_COMPLETE,1024,SEARCH=0.244140625;INSERT=0.4462890625;DELETE=0.1005859375;UPDATE=0.16796875;RANGE_SEARCH=0.041015625,SEARCH=0.03076923076923077;INSERT=0.7076923076923077;DELETE=0.06153846153846154;UPDATE=0.1076923076923077;RANGE_SEARCH=0.09230769230769231,200.0,1500.0,600.0,200.0,800.0,1500.0,1.6913953312684145,0.043099025141098,18,0,0.6101831896551724,0.5,58,2265
PUBLICATION,LOCAL_HOTSPOT,LOCAL_COST_ADAPTIVE,8,2147483647,LOCAL_HOTSPOT,3,21180,104833,1,6,104966,137643,WINDOW_COMPLETE,1024,SEARCH=0.2607421875;INSERT=0.4267578125;DELETE=0.1025390625;UPDATE=0.15234375;RANGE_SEARCH=0.0576171875,SEARCH=0.08536585365853659;INSERT=0.7073170731707317;DELETE=0.036585365853658534;UPDATE=0.0975609756097561;RANGE_SEARCH=0.07317073170731707,200.0,1700.0,600.0,300.0,1700.0,1700.0,1.2327773749093547,0.04836415362731152,13,0,0.619073275862069,0.5,58,2298
PUBLICATION,LOCAL_HOTSPOT,LOCAL_COST_ADAPTIVE,8,2147483647,LOCAL_HOTSPOT,2,21000,52228,4,8,127110,160678,WINDOW_COMPLETE,1024,SEARCH=0.240234375;INSERT=0.4501953125;DELETE=0.091796875;UPDATE=0.15625;RANGE_SEARCH=0.0615234375,SEARCH=0.12658227848101267;INSERT=0.6455696202531646;DELETE=0.05063291139240506;UPDATE=0.0759493670886076;RANGE_SEARCH=0.10126582278481013,200.0,1900.0,700.0,100.0,900.0,1900.0,1.4074074074074074,0.04101963082332259,4,0,0.6756552419354839,0.5,62,2681
PUBLICATION,LOCAL_HOTSPOT,LOCAL_COST_ADAPTIVE,8,2147483647,LOCAL_HOTSPOT,7,20996,130199,1,8,130261,161426,WINDOW_COMPLETE,1024,SEARCH=0.2548828125;INSERT=0.44921875;DELETE=0.1044921875;UPDATE=0.140625;RANGE_SEARCH=0.05078125,SEARCH=0.09523809523809523;INSERT=0.7142857142857143;DELETE=0.03571428571428571;UPDATE=0.05952380952380952;RANGE_SEARCH=0.09523809523809523,200.0,800.0,600.0,200.0,1300.0,1300.0,1.0779818003072674,0.04307909604519774,3,0,0.6764112903225806,0.515625,62,2684
PUBLICATION,LOCAL_HOTSPOT,LOCAL_COST_ADAPTIVE,8,2147483647,LOCAL_HOTSPOT,3,21180,104833,2,7,137662,170639,WINDOW_COMPLETE,1024,SEARCH=0.2373046875;INSERT=0.4404296875;DELETE=0.1015625;UPDATE=0.1572265625;RANGE_SEARCH=0.0634765625,SEARCH=0.0963855421686747;INSERT=0.6626506024096386;DELETE=0.07228915662650602;UPDATE=0.0963855421686747;RANGE_SEARCH=0.07228915662650602,200.0,900.0,1200.0,200.0,1400.0,1400.0,0.6762686111488004,0.04245538128718226,4,0,0.6799395161290323,0.5,62,2698
PUBLICATION,LOCAL_HOTSPOT,LOCAL_COST_ADAPTIVE,8,2147483647,LOCAL_HOTSPOT,8,21175,145779,1,6,145786,176108,WINDOW_COMPLETE,1024,SEARCH=0.275390625;INSERT=0.447265625;DELETE=0.09375;UPDATE=0.1396484375;RANGE_SEARCH=0.0439453125,SEARCH=0.13414634146341464;INSERT=0.7317073170731707;DELETE=0.04878048780487805;UPDATE=0.024390243902439025;RANGE_SEARCH=0.06097560975609756,200.0,900.0,900.0,200.0,800.0,900.0,0.6559940142551416,0.04141104294478527,0,0,0.72705078125,0.578125,64,2978
PUBLICATION,LOCAL_HOTSPOT,LOCAL_COST_ADAPTIVE,8,2147483647,LOCAL_HOTSPOT,9,20998,148201,1,9,148251,179467,WINDOW_COMPLETE,1024,SEARCH=0.265625;INSERT=0.4501953125;DELETE=0.0947265625;UPDATE=0.1337890625;RANGE_SEARCH=0.0556640625,SEARCH=0.07246376811594203;INSERT=0.7536231884057971;DELETE=0.0;UPDATE=0.07246376811594203;RANGE_SEARCH=0.10144927536231885,200.0,900.0,NaN,200.0,1600.0,1600.0,1.0299839780270084,0.03915081334436173,0,0,0.7279265873015873,0.5625,63,2935
PUBLICATION,LOCAL_HOTSPOT,LOCAL_COST_ADAPTIVE,8,2147483647,LOCAL_HOTSPOT,7,20996,130199,2,9,161447,192917,WINDOW_COMPLETE,1024,SEARCH=0.2783203125;INSERT=0.421875;DELETE=0.0869140625;UPDATE=0.1572265625;RANGE_SEARCH=0.0556640625,SEARCH=0.1125;INSERT=0.725;DELETE=0.0125;UPDATE=0.075;RANGE_SEARCH=0.075,200.0,1700.0,100.0,200.0,900.0,1700.0,1.327088212334114,0.035908596300326445,1,0,0.7606646825396826,0.515625,63,3067
PUBLICATION,LOCAL_HOTSPOT,LOCAL_COST_ADAPTIVE,8,2147483647,LOCAL_HOTSPOT,13,21000,160678,1,9,160694,193785,WINDOW_COMPLETE,1024,SEARCH=0.21875;INSERT=0.5048828125;DELETE=0.10546875;UPDATE=0.1220703125;RANGE_SEARCH=0.048828125,SEARCH=0.08602150537634409;INSERT=0.8387096774193549;DELETE=0.03225806451612903;UPDATE=0.03225806451612903;RANGE_SEARCH=0.010752688172043012,200.0,900.0,800.0,200.0,300.0,900.0,0.9808294930875577,0.03793433216448836,1,0,0.76904296875,0.5,64,3150
PUBLICATION,LOCAL_HOTSPOT,LOCAL_COST_ADAPTIVE,8,2147483647,LOCAL_HOTSPOT,3,21180,104833,3,8,170647,203899,WINDOW_COMPLETE,1024,SEARCH=0.24609375;INSERT=0.4609375;DELETE=0.0908203125;UPDATE=0.1494140625;RANGE_SEARCH=0.052734375,SEARCH=0.1388888888888889;INSERT=0.6527777777777778;DELETE=0.027777777777777776;UPDATE=0.09722222222222222;RANGE_SEARCH=0.08333333333333333,200.0,800.0,100.0,200.0,1400.0,1400.0,0.6500719254176005,0.03842794759825328,3,0,0.76611328125,0.5,32,1569
PUBLICATION,LOCAL_HOTSPOT,LOCAL_COST_ADAPTIVE,8,2147483647,LOCAL_HOTSPOT,12,21582,160459,1,5,160477,219872,WINDOW_COMPLETE,1024,SEARCH=0.2529296875;INSERT=0.4423828125;DELETE=0.107421875;UPDATE=0.146484375;RANGE_SEARCH=0.05078125,SEARCH=0.11290322580645161;INSERT=0.7258064516129032;DELETE=0.0;UPDATE=0.08064516129032258;RANGE_SEARCH=0.08064516129032258,100.0,700.0,NaN,200.0,1500.0,1500.0,1.1295631273128555,0.03626651672757942,5,0,0.7512019230769231,0.5,39,1875
PUBLICATION,LOCAL_HOTSPOT,LOCAL_COST_ADAPTIVE,8,2147483647,LOCAL_HOTSPOT,9,20998,148201,2,10,179570,222596,WINDOW_COMPLETE,1024,SEARCH=0.255859375;INSERT=0.4453125;DELETE=0.091796875;UPDATE=0.15234375;RANGE_SEARCH=0.0546875,SEARCH=0.1267605633802817;INSERT=0.704225352112676;DELETE=0.04225352112676056;UPDATE=0.056338028169014086;RANGE_SEARCH=0.07042253521126761,200.0,1300.0,600.0,100.0,1500.0,1500.0,1.4877546349279007,0.03335899409802412,5,0,0.7379464285714286,0.5,35,1653
PUBLICATION,LOCAL_HOTSPOT,LOCAL_COST_ADAPTIVE,8,2147483647,LOCAL_HOTSPOT,15,21579,166722,1,5,166754,225473,WINDOW_COMPLETE,1024,SEARCH=0.244140625;INSERT=0.443359375;DELETE=0.09375;UPDATE=0.1728515625;RANGE_SEARCH=0.0458984375,SEARCH=0.0967741935483871;INSERT=0.6559139784946236;DELETE=0.08602150537634409;UPDATE=0.053763440860215055;RANGE_SEARCH=0.10752688172043011,200.0,700.0,600.0,200.0,3600.0,3600.0,1.1313995784334214,0.035725284878349244,5,0,0.7477134146341463,0.5,41,1962
PUBLICATION,LOCAL_HOTSPOT,LOCAL_COST_ADAPTIVE,8,2147483647,LOCAL_HOTSPOT,8,21175,145779,2,7,176151,228131,WINDOW_COMPLETE,1024,SEARCH=0.25390625;INSERT=0.4365234375;DELETE=0.1064453125;UPDATE=0.1484375;RANGE_SEARCH=0.0546875,SEARCH=0.06172839506172839;INSERT=0.654320987654321;DELETE=0.07407407407407407;UPDATE=0.1111111111111111;RANGE_SEARCH=0.09876543209876543,200.0,3800.0,700.0,200.0,3500.0,3800.0,2.077638053581192,0.03544682975536695,7,0,0.7483552631578947,0.5,38,1820
PUBLICATION,LOCAL_HOTSPOT,LOCAL_COST_ADAPTIVE,8,2147483647,LOCAL_HOTSPOT,7,20996,130199,3,10,192948,251594,WINDOW_COMPLETE,1024,SEARCH=0.2412109375;INSERT=0.435546875;DELETE=0.1142578125;UPDATE=0.1572265625;RANGE_SEARCH=0.0517578125,SEARCH=0.1267605633802817;INSERT=0.6619718309859155;DELETE=0.04225352112676056;UPDATE=0.08450704225352113;RANGE_SEARCH=0.08450704225352113,200.0,1600.0,200.0,200.0,2300.0,2300.0,1.5011928872292197,0.033482142857142856,13,0,0.6649709302325582,0.5,43,1830
PUBLICATION,LOCAL_HOTSPOT,LOCAL_COST_ADAPTIVE,8,2147483647,LOCAL_HOTSPOT,16,20997,192150,1,10,192271,257527,WINDOW_COMPLETE,1024,SEARCH=0.255859375;INSERT=0.44140625;DELETE=0.1044921875;UPDATE=0.146484375;RANGE_SEARCH=0.0517578125,SEARCH=0.06796116504854369;INSERT=0.7572815533980582;DELETE=0.038834951456310676;UPDATE=0.08737864077669903;RANGE_SEARCH=0.04854368932038835,200.0,1800.0,700.0,200.0,1500.0,1700.0,1.4697581549024374,0.033453422542460115,13,0,0.6847826086956522,0.5,46,2016
PUBLICATION,LOCAL_HOTSPOT,LOCAL_COST_ADAPTIVE,8,2147483647,LOCAL_HOTSPOT,13,21000,160678,2,10,193791,259665,WINDOW_COMPLETE,1024,SEARCH=0.2587890625;INSERT=0.4365234375;DELETE=0.11328125;UPDATE=0.1494140625;RANGE_SEARCH=0.0419921875,SEARCH=0.11904761904761904;INSERT=0.7619047619047619;DELETE=0.011904761904761904;UPDATE=0.05952380952380952;RANGE_SEARCH=0.047619047619047616,200.0,4900.0,600.0,100.0,1400.0,4900.0,3.6296296296296298,0.03389830508474576,10,0,0.7332317073170732,0.5,41,1924
PUBLICATION,LOCAL_HOTSPOT,LOCAL_COST_ADAPTIVE,8,2147483647,LOCAL_HOTSPOT,3,21180,104833,4,9,203918,270085,WINDOW_COMPLETE,1024,SEARCH=0.263671875;INSERT=0.4228515625;DELETE=0.0986328125;UPDATE=0.1630859375;RANGE_SEARCH=0.0517578125,SEARCH=0.06578947368421052;INSERT=0.7236842105263158;DELETE=0.06578947368421052;UPDATE=0.039473684210526314;RANGE_SEARCH=0.10526315789473684,200.0,1400.0,400.0,200.0,4000.0,4000.0,1.059722958140943,0.03296444549093478,13,0,0.6850694444444444,0.5,45,1973
PUBLICATION,LOCAL_HOTSPOT,LOCAL_COST_ADAPTIVE,8,2147483647,LOCAL_HOTSPOT,12,21582,160459,2,6,220050,279002,WINDOW_COMPLETE,1024,SEARCH=0.2685546875;INSERT=0.41015625;DELETE=0.1064453125;UPDATE=0.1611328125;RANGE_SEARCH=0.0537109375,SEARCH=0.11267605633802817;INSERT=0.647887323943662;DELETE=0.04225352112676056;UPDATE=0.08450704225352113;RANGE_SEARCH=0.11267605633802817,300.0,1000.0,800.0,200.0,4300.0,4300.0,1.566095140854973,0.03260403260403261,15,1,0.6645047169811321,0.5,53,2254
PUBLICATION,LOCAL_HOTSPOT,LOCAL_COST_ADAPTIVE,8,2147483647,LOCAL_HOTSPOT,15,21579,166722,2,6,225505,285241,WINDOW_COMPLETE,1024,SEARCH=0.24609375;INSERT=0.4375;DELETE=0.0986328125;UPDATE=0.166015625;RANGE_SEARCH=0.0517578125,SEARCH=0.1232876712328767;INSERT=0.6438356164383562;DELETE=0.0547945205479452;UPDATE=0.0958904109589041;RANGE_SEARCH=0.0821917808219178,200.0,3700.0,500.0,200.0,1500.0,3700.0,1.712962962962963,0.033928571428571426,16,0,0.6504934210526315,0.5,57,2373
PUBLICATION,LOCAL_HOTSPOT,LOCAL_COST_ADAPTIVE,8,2147483647,LOCAL_HOTSPOT,17,21604,225263,1,5,225300,287190,WINDOW_COMPLETE,1024,SEARCH=0.2353515625;INSERT=0.47265625;DELETE=0.0947265625;UPDATE=0.1396484375;RANGE_SEARCH=0.0576171875,SEARCH=0.05063291139240506;INSERT=0.7721518987341772;DELETE=0.0379746835443038;UPDATE=0.05063291139240506;RANGE_SEARCH=0.08860759493670886,200.0,4100.0,700.0,200.0,1100.0,4100.0,4.0594059405940595,0.03435186942493832,12,0,0.6960495283018868,0.5,53,2361
PUBLICATION,LOCAL_HOTSPOT,LOCAL_COST_ADAPTIVE,8,2147483647,LOCAL_HOTSPOT,9,20998,148201,3,11,222635,287551,WINDOW_COMPLETE,1024,SEARCH=0.265625;INSERT=0.421875;DELETE=0.1103515625;UPDATE=0.14453125;RANGE_SEARCH=0.0576171875,SEARCH=0.08333333333333333;INSERT=0.6944444444444444;DELETE=0.06944444444444445;UPDATE=0.06944444444444445;RANGE_SEARCH=0.08333333333333333,200.0,1200.0,700.0,200.0,1100.0,1200.0,1.5380738937204328,0.03332655964234912,13,0,0.6666666666666666,0.5,48,2048
PUBLICATION,LOCAL_HOTSPOT,LOCAL_COST_ADAPTIVE,8,2147483647,LOCAL_HOTSPOT,8,21175,145779,3,8,228250,290503,WINDOW_COMPLETE,1024,SEARCH=0.2548828125;INSERT=0.439453125;DELETE=0.1064453125;UPDATE=0.146484375;RANGE_SEARCH=0.052734375,SEARCH=0.1625;INSERT=0.675;DELETE=0.0375;UPDATE=0.0625;RANGE_SEARCH=0.0625,200.0,1100.0,200.0,200.0,1400.0,1400.0,0.9149116464375596,0.034395973154362415,17,0,0.6360795454545455,0.5,55,2239
PUBLICATION,LOCAL_HOTSPOT,LOCAL_COST_ADAPTIVE,8,2147483647,LOCAL_HOTSPOT,17,21604,225263,2,6,287191,299948,RUN_END,222,SEARCH=0.2927927927927928;INSERT=0.4594594594594595;DELETE=0.06756756756756757;UPDATE=0.12162162162162163;RANGE_SEARCH=0.05855855855855856,SEARCH=0.1;INSERT=0.7;DELETE=0.1;UPDATE=0.1;RANGE_SEARCH=0.0,200.0,2000.0,200.0,100.0,NaN,2000.0,0.6463971237760628,0.033690658499234305,0,0,0.6632543103448276,0.5,58,2462
PUBLICATION,LOCAL_HOTSPOT,LOCAL_COST_ADAPTIVE,8,2147483647,LOCAL_HOTSPOT,12,21582,160459,3,7,279004,299987,RUN_END,359,SEARCH=0.25348189415041783;INSERT=0.4568245125348189;DELETE=0.0807799442896936;UPDATE=0.15877437325905291;RANGE_SEARCH=0.05013927576601671,SEARCH=0.06896551724137931;INSERT=0.6206896551724138;DELETE=0.13793103448275862;UPDATE=0.10344827586206896;RANGE_SEARCH=0.06896551724137931,100.0,2400.0,200.0,200.0,1300.0,2400.0,2.2641509433962264,0.034713763702801465,0,0,0.6379766949152542,0.5,59,2409
PUBLICATION,LOCAL_HOTSPOT,LOCAL_COST_ADAPTIVE,8,2147483647,LOCAL_HOTSPOT,8,21175,145779,4,9,290628,299967,RUN_END,144,SEARCH=0.2916666666666667;INSERT=0.375;DELETE=0.09027777777777778;UPDATE=0.16666666666666666;RANGE_SEARCH=0.0763888888888889,SEARCH=0.25;INSERT=0.5833333333333334;DELETE=0.0;UPDATE=0.16666666666666666;RANGE_SEARCH=0.0,200.0,900.0,NaN,200.0,NaN,900.0,0.5186200322722306,0.0352622061482821,0,0,0.6508522727272728,0.515625,55,2291
PUBLICATION,LOCAL_HOTSPOT,LOCAL_COST_ADAPTIVE,8,2147483647,LOCAL_HOTSPOT,3,21180,104833,5,10,270109,299976,RUN_END,485,SEARCH=0.2288659793814433;INSERT=0.4329896907216495;DELETE=0.1134020618556701;UPDATE=0.16082474226804125;RANGE_SEARCH=0.06391752577319587,SEARCH=0.125;INSERT=0.65;DELETE=0.025;UPDATE=0.1;RANGE_SEARCH=0.1,200.0,1200.0,200.0,300.0,4000.0,4000.0,0.902941331386993,0.03308162531463502,0,0,0.6508413461538461,0.5,52,2166
PUBLICATION,LOCAL_HOTSPOT,LOCAL_COST_ADAPTIVE,8,2147483647,LOCAL_HOTSPOT,20,21615,270240,1,6,270583,300000,RUN_END,474,SEARCH=0.20042194092827004;INSERT=0.4831223628691983;DELETE=0.10548523206751055;UPDATE=0.16033755274261605;RANGE_SEARCH=0.05063291139240506,SEARCH=0.10256410256410256;INSERT=0.7692307692307693;DELETE=0.02564102564102564;UPDATE=0.02564102564102564;RANGE_SEARCH=0.07692307692307693,200.0,1000.0,700.0,100.0,1500.0,1500.0,0.7783517996283787,0.03374942209893666,0,0,0.6630681818181818,0.5,55,2334
PUBLICATION,LOCAL_HOTSPOT,LOCAL_COST_ADAPTIVE,8,2147483647,LOCAL_HOTSPOT,7,20996,130199,4,11,251819,299922,RUN_END,679,SEARCH=0.24594992636229748;INSERT=0.47717231222385864;DELETE=0.09278350515463918;UPDATE=0.13402061855670103;RANGE_SEARCH=0.050073637702503684,SEARCH=0.08695652173913043;INSERT=0.7608695652173914;DELETE=0.043478260869565216;UPDATE=0.08695652173913043;RANGE_SEARCH=0.021739130434782608,200.0,2700.0,200.0,300.0,900.0,2700.0,2.107728337236534,0.03573883161512027,0,0,0.6297169811320755,0.5,53,2136
PUBLICATION,LOCAL_HOTSPOT,LOCAL_COST_ADAPTIVE,8,2147483647,LOCAL_HOTSPOT,16,20997,192150,2,11,257551,299664,RUN_END,641,SEARCH=0.28081123244929795;INSERT=0.43993759750390016;DELETE=0.09828393135725429;UPDATE=0.1310452418096724;RANGE_SEARCH=0.0499219968798752,SEARCH=0.0851063829787234;INSERT=0.8297872340425532;DELETE=0.0;UPDATE=0.0425531914893617;RANGE_SEARCH=0.0425531914893617,300.0,1800.0,NaN,200.0,7700.0,7700.0,0.9209531876498703,0.034722222222222224,0,0,0.6339285714285714,0.5,56,2272
PUBLICATION,LOCAL_HOTSPOT,LOCAL_COST_ADAPTIVE,8,2147483647,LOCAL_HOTSPOT,9,20998,148201,4,12,287570,299959,RUN_END,189,SEARCH=0.2857142857142857;INSERT=0.455026455026455;DELETE=0.12169312169312169;UPDATE=0.1111111111111111;RANGE_SEARCH=0.026455026455026454,SEARCH=0.0;INSERT=0.6875;DELETE=0.0625;UPDATE=0.125;RANGE_SEARCH=0.125,NaN,1900.0,700.0,200.0,1500.0,1900.0,0.9555223741355983,0.035849056603773584,0,0,0.6264740566037735,0.5,53,2125
PUBLICATION,LOCAL_HOTSPOT,LOCAL_COST_ADAPTIVE,8,2147483647,LOCAL_HOTSPOT,19,21647,253186,1,5,253210,299981,RUN_END,794,SEARCH=0.2380352644836272;INSERT=0.4634760705289673;DELETE=0.11460957178841309;UPDATE=0.13476070528967254;RANGE_SEARCH=0.0491183879093199,SEARCH=0.12903225806451613;INSERT=0.6774193548387096;DELETE=0.06451612903225806;UPDATE=0.03225806451612903;RANGE_SEARCH=0.0967741935483871,200.0,1200.0,200.0,200.0,2800.0,2800.0,1.0256410256410255,0.033854166666666664,0,0,0.6865985576923077,0.5,52,2285
PUBLICATION,LOCAL_HOTSPOT,LOCAL_COST_ADAPTIVE,8,2147483647,LOCAL_HOTSPOT,13,21000,160678,3,11,259688,299956,RUN_END,615,SEARCH=0.26666666666666666;INSERT=0.432520325203252;DELETE=0.1024390243902439;UPDATE=0.15121951219512195;RANGE_SEARCH=0.04715447154471545,SEARCH=0.05172413793103448;INSERT=0.7241379310344828;DELETE=0.06896551724137931;UPDATE=0.06896551724137931;RANGE_SEARCH=0.08620689655172414,200.0,1600.0,100.0,200.0,1600.0,1600.0,1.1851851851851851,0.0340993328391401,0,0,0.6176136363636363,0.5,55,2174
PUBLICATION,LOCAL_HOTSPOT,LOCAL_COST_ADAPTIVE,8,2147483647,LOCAL_HOTSPOT,21,21601,280198,1,6,280202,299978,RUN_END,347,SEARCH=0.207492795389049;INSERT=0.44668587896253603;DELETE=0.11239193083573487;UPDATE=0.16714697406340057;RANGE_SEARCH=0.06628242074927954,SEARCH=0.18518518518518517;INSERT=0.5925925925925926;DELETE=0.037037037037037035;UPDATE=0.07407407407407407;RANGE_SEARCH=0.1111111111111111,200.0,1800.0,100.0,200.0,1900.0,1900.0,1.8054162487462388,0.03411131059245961,0,0,0.6390360169491526,0.5,59,2413
PUBLICATION,LOCAL_HOTSPOT,LOCAL_COST_ADAPTIVE,8,2147483647,LOCAL_HOTSPOT,15,21579,166722,3,7,285381,299980,RUN_END,270,SEARCH=0.2518518518518518;INSERT=0.44074074074074077;DELETE=0.09259259259259259;UPDATE=0.15925925925925927;RANGE_SEARCH=0.05555555555555555,SEARCH=0.0;INSERT=0.7;DELETE=0.0;UPDATE=0.15;RANGE_SEARCH=0.15,NaN,1300.0,NaN,200.0,1400.0,1400.0,0.924707693671835,0.03186968838526912,0,0,0.6471354166666666,0.5,60,2485
PUBLICATION,LOCAL_HOTSPOT,LOCAL_COST_ADAPTIVE,9,6364136223846793005,LOCAL_HOTSPOT,2,20996,115594,1,8,115607,150259,WINDOW_COMPLETE,1024,SEARCH=0.228515625;INSERT=0.4521484375;DELETE=0.1142578125;UPDATE=0.150390625;RANGE_SEARCH=0.0546875,SEARCH=0.08823529411764706;INSERT=0.7647058823529411;DELETE=0.058823529411764705;UPDATE=0.014705882352941176;RANGE_SEARCH=0.07352941176470588,200.0,2000.0,700.0,100.0,5800.0,5800.0,1.3920790700911811,0.04375848032564451,5,0,0.6517478813559322,0.5,59,2461
PUBLICATION,LOCAL_HOTSPOT,LOCAL_COST_ADAPTIVE,9,6364136223846793005,LOCAL_HOTSPOT,2,20996,115594,2,9,150288,183114,WINDOW_COMPLETE,1024,SEARCH=0.2734375;INSERT=0.4326171875;DELETE=0.1015625;UPDATE=0.1416015625;RANGE_SEARCH=0.05078125,SEARCH=0.1;INSERT=0.7;DELETE=0.025;UPDATE=0.025;RANGE_SEARCH=0.15,200.0,3200.0,200.0,200.0,9500.0,9500.0,2.22732651214589,0.03544149098686221,0,0,0.755031779661017,0.578125,59,2851
PUBLICATION,LOCAL_HOTSPOT,LOCAL_COST_ADAPTIVE,9,6364136223846793005,LOCAL_HOTSPOT,8,20998,151827,1,9,151857,185749,WINDOW_COMPLETE,1024,SEARCH=0.2431640625;INSERT=0.4453125;DELETE=0.1044921875;UPDATE=0.1630859375;RANGE_SEARCH=0.0439453125,SEARCH=0.05128205128205128;INSERT=0.7435897435897436;DELETE=0.038461538461538464;UPDATE=0.07692307692307693;RANGE_SEARCH=0.08974358974358974,100.0,1000.0,800.0,300.0,4600.0,4600.0,0.951844935792013,0.03750450775333574,0,0,0.7515625,0.5625,60,2886
PUBLICATION,LOCAL_HOTSPOT,LOCAL_COST_ADAPTIVE,9,6364136223846793005,LOCAL_HOTSPOT,9,21540,153156,1,5,153163,210007,WINDOW_COMPLETE,1024,SEARCH=0.2666015625;INSERT=0.4462890625;DELETE=0.0908203125;UPDATE=0.1494140625;RANGE_SEARCH=0.046875,SEARCH=0.07894736842105263;INSERT=0.7236842105263158;DELETE=0.06578947368421052;UPDATE=0.05263157894736842;RANGE_SEARCH=0.07894736842105263,200.0,900.0,900.0,200.0,1800.0,1800.0,1.0628528385742828,0.037520391517128875,2,0,0.8087121212121212,0.5,33,1708
PUBLICATION,LOCAL_HOTSPOT,LOCAL_COST_ADAPTIVE,9,6364136223846793005,LOCAL_HOTSPOT,11,21177,157830,1,6,157935,217071,WINDOW_COMPLETE,1024,SEARCH=0.255859375;INSERT=0.4501953125;DELETE=0.09375;UPDATE=0.1494140625;RANGE_SEARCH=0.05078125,SEARCH=0.10256410256410256;INSERT=0.7051282051282052;DELETE=0.038461538461538464;UPDATE=0.05128205128205128;RANGE_SEARCH=0.10256410256410256,300.0,4500.0,600.0,200.0,1700.0,4500.0,1.6853932584269662,0.03608247422680412,2,0,0.7977430555555556,0.515625,36,1838
PUBLICATION,LOCAL_HOTSPOT,LOCAL_COST_ADAPTIVE,9,6364136223846793005,LOCAL_HOTSPOT,10,21538,156743,1,5,156748,219787,WINDOW_COMPLETE,1024,SEARCH=0.2646484375;INSERT=0.4365234375;DELETE=0.103515625;UPDATE=0.1484375;RANGE_SEARCH=0.046875,SEARCH=0.08333333333333333;INSERT=0.7261904761904762;DELETE=0.047619047619047616;UPDATE=0.03571428571428571;RANGE_SEARCH=0.10714285714285714,200.0,3400.0,500.0,100.0,3000.0,3400.0,3.366336633663366,0.034759358288770054,3,0,0.7699652777777778,0.515625,36,1774
PUBLICATION,LOCAL_HOTSPOT,LOCAL_COST_ADAPTIVE,9,6364136223846793005,LOCAL_HOTSPOT,2,20996,115594,3,10,183159,221083,WINDOW_COMPLETE,1024,SEARCH=0.2509765625;INSERT=0.439453125;DELETE=0.1044921875;UPDATE=0.1572265625;RANGE_SEARCH=0.0478515625,SEARCH=0.07894736842105263;INSERT=0.7894736842105263;DELETE=0.02631578947368421;UPDATE=0.06578947368421052;RANGE_SEARCH=0.039473684210526314,100.0,4700.0,500.0,100.0,2933.0,4700.0,3.2713858147142756,0.034289092521430684,7,0,0.7679924242424242,0.515625,33,1622
PUBLICATION,LOCAL_HOTSPOT,LOCAL_COST_ADAPTIVE,9,6364136223846793005,LOCAL_HOTSPOT,8,20998,151827,2,10,185775,221850,WINDOW_COMPLETE,1024,SEARCH=0.2275390625;INSERT=0.455078125;DELETE=0.1142578125;UPDATE=0.162109375;RANGE_SEARCH=0.041015625,SEARCH=0.07142857142857142;INSERT=0.8;DELETE=0.014285714285714285;UPDATE=0.05714285714285714;RANGE_SEARCH=0.05714285714285714,200.0,800.0,200.0,200.0,4200.0,4200.0,1.1583533497655805,0.035317860746720484,5,0,0.81396484375,0.515625,32,1667
PUBLICATION,LOCAL_HOTSPOT,LOCAL_COST_ADAPTIVE,9,6364136223846793005,LOCAL_HOTSPOT,14,21565,172915,1,5,172949,226862,WINDOW_COMPLETE,1024,SEARCH=0.25;INSERT=0.4375;DELETE=0.119140625;UPDATE=0.1328125;RANGE_SEARCH=0.060546875,SEARCH=0.07142857142857142;INSERT=0.8;DELETE=0.014285714285714285;UPDATE=0.05714285714285714;RANGE_SEARCH=0.05714285714285714,200.0,900.0,700.0,200.0,1400.0,1400.0,1.1430917986357176,0.03574788334901223,5,0,0.76171875,0.5,40,1950
PUBLICATION,LOCAL_HOTSPOT,LOCAL_COST_ADAPTIVE,9,6364136223846793005,LOCAL_HOTSPOT,16,21173,202659,1,9,202670,264980,WINDOW_COMPLETE,1024,SEARCH=0.25;INSERT=0.4462890625;DELETE=0.103515625;UPDATE=0.1328125;RANGE_SEARCH=0.0673828125,SEARCH=0.10810810810810811;INSERT=0.6486486486486487;DELETE=0.05405405405405406;UPDATE=0.02702702702702703;RANGE_SEARCH=0.16216216216216217,400.0,1300.0,200.0,200.0,3800.0,3800.0,0.8649372420725666,0.03229505064016816,13,0,0.6954787234042553,0.5,47,2092
PUBLICATION,LOCAL_HOTSPOT,LOCAL_COST_ADAPTIVE,9,6364136223846793005,LOCAL_HOTSPOT,9,21540,153156,2,6,210094,267039,WINDOW_COMPLETE,1024,SEARCH=0.251953125;INSERT=0.4580078125;DELETE=0.1015625;UPDATE=0.1337890625;RANGE_SEARCH=0.0546875,SEARCH=0.07058823529411765;INSERT=0.6352941176470588;DELETE=0.03529411764705882;UPDATE=0.09411764705882353;RANGE_SEARCH=0.16470588235294117,200.0,3700.0,900.0,300.0,4600.0,4600.0,3.8541666666666665,0.034083460782171726,18,0,0.6553308823529411,0.5,51,2139
PUBLICATION,LOCAL_HOTSPOT,LOCAL_COST_ADAPTIVE,9,6364136223846793005,LOCAL_HOTSPOT,11,21177,157830,2,7,217116,275270,WINDOW_COMPLETE,1024,SEARCH=0.2392578125;INSERT=0.4453125;DELETE=0.09375;UPDATE=0.16015625;RANGE_SEARCH=0.0615234375,SEARCH=0.12790697674418605;INSERT=0.7209302325581395;DELETE=0.03488372093023256;UPDATE=0.046511627906976744;RANGE_SEARCH=0.06976744186046512,300.0,1700.0,700.0,200.0,4200.0,4200.0,0.9096046171588626,0.033378614399379,18,0,0.6559606481481481,0.5,54,2267
PUBLICATION,LOCAL_HOTSPOT,LOCAL_COST_ADAPTIVE,9,6364136223846793005,LOCAL_HOTSPOT,17,21625,215480,1,5,215727,282188,WINDOW_COMPLETE,1024,SEARCH=0.2587890625;INSERT=0.4521484375;DELETE=0.0849609375;UPDATE=0.1416015625;RANGE_SEARCH=0.0625,SEARCH=0.09411764705882353;INSERT=0.7529411764705882;DELETE=0.058823529411764705;UPDATE=0.03529411764705882;RANGE_SEARCH=0.058823529411764705,300.0,2200.0,800.0,200.0,1500.0,2200.0,1.76,0.033759298111768074,15,0,0.6690051020408163,0.5,49,2098
PUBLICATION,LOCAL_HOTSPOT,LOCAL_COST_ADAPTIVE,9,6364136223846793005,LOCAL_HOTSPOT,10,21538,156743,2,6,219811,282845,WINDOW_COMPLETE,1024,SEARCH=0.2490234375;INSERT=0.462890625;DELETE=0.10546875;UPDATE=0.125;RANGE_SEARCH=0.0576171875,SEARCH=0.1111111111111111;INSERT=0.7;DELETE=0.05555555555555555;UPDATE=0.03333333333333333;RANGE_SEARCH=0.1,200.0,5600.0,1000.0,200.0,1400.0,5600.0,5.544554455445544,0.03347774714454509,18,0,0.6388888888888888,0.5,54,2208
PUBLICATION,LOCAL_HOTSPOT,LOCAL_COST_ADAPTIVE,9,6364136223846793005,LOCAL_HOTSPOT,14,21565,172915,2,6,226929,284392,WINDOW_COMPLETE,1024,SEARCH=0.24609375;INSERT=0.4580078125;DELETE=0.0869140625;UPDATE=0.15234375;RANGE_SEARCH=0.056640625,SEARCH=0.125;INSERT=0.725;DELETE=0.0125;UPDATE=0.075;RANGE_SEARCH=0.0625,200.0,5000.0,200.0,200.0,4900.0,5000.0,5.617977528089888,0.033808553971486764,17,0,0.6543311403508771,0.5,57,2387
PUBLICATION,LOCAL_HOTSPOT,LOCAL_COST_ADAPTIVE,9,6364136223846793005,LOCAL_HOTSPOT,8,20998,151827,3,11,221940,284926,WINDOW_COMPLETE,1024,SEARCH=0.259765625;INSERT=0.4501953125;DELETE=0.0830078125;UPDATE=0.142578125;RANGE_SEARCH=0.064453125,SEARCH=0.10465116279069768;INSERT=0.7558139534883721;DELETE=0.023255813953488372;UPDATE=0.011627906976744186;RANGE_SEARCH=0.10465116279069768,300.0,4600.0,800.0,200.0,7900.0,7900.0,1.8012152361555507,0.03372508942258559,19,0,0.6433823529411765,0.515625,51,2100
PUBLICATION,LOCAL_HOTSPOT,LOCAL_COST_ADAPTIVE,9,6364136223846793005,LOCAL_HOTSPOT,2,20996,115594,4,11,221098,288130,WINDOW_COMPLETE,1024,SEARCH=0.2490234375;INSERT=0.462890625;DELETE=0.10546875;UPDATE=0.1416015625;RANGE_SEARCH=0.041015625,SEARCH=0.0975609756097561;INSERT=0.7195121951219512;DELETE=0.036585365853658534;UPDATE=0.036585365853658534;RANGE_SEARCH=0.10975609756097561,200.0,1300.0,500.0,200.0,5100.0,5100.0,1.7218265605751752,0.0342225815144166,18,0,0.6311274509803921,0.5,51,2060
PUBLICATION,LOCAL_HOTSPOT,LOCAL_COST_ADAPTIVE,9,6364136223846793005,LOCAL_HOTSPOT,14,21565,172915,3,7,284397,299942,RUN_END,289,SEARCH=0.28027681660899656;INSERT=0.4429065743944637;DELETE=0.09342560553633218;UPDATE=0.14186851211072665;RANGE_SEARCH=0.04152249134948097,SEARCH=0.03571428571428571;INSERT=0.8571428571428571;DELETE=0.0;UPDATE=0.03571428571428571;RANGE_SEARCH=0.07142857142857142,200.0,1000.0,NaN,100.0,1300.0,1300.0,1.1235955056179776,0.036243822075782535,0,0,0.6325604838709677,0.5,62,2510
PUBLICATION,LOCAL_HOTSPOT,LOCAL_COST_ADAPTIVE,9,6364136223846793005,LOCAL_HOTSPOT,17,21625,215480,2,6,282256,299970,RUN_END,271,SEARCH=0.23985239852398524;INSERT=0.42435424354243545;DELETE=0.11439114391143912;UPDATE=0.17712177121771217;RANGE_SEARCH=0.04428044280442804,SEARCH=0.1;INSERT=0.8;DELETE=0.0;UPDATE=0.0;RANGE_SEARCH=0.1,200.0,1000.0,NaN,NaN,1200.0,1200.0,0.6466584158415841,0.03621399176954732,0,0,0.6485849056603774,0.5,53,2200
PUBLICATION,LOCAL_HOTSPOT,LOCAL_COST_ADAPTIVE,9,6364136223846793005,LOCAL_HOTSPOT,19,21704,255010,1,5,255025,299971,RUN_END,687,SEARCH=0.2576419213973799;INSERT=0.43377001455604075;DELETE=0.09315866084425037;UPDATE=0.16448326055312956;RANGE_SEARCH=0.050946142649199416,SEARCH=0.09090909090909091;INSERT=0.7818181818181819;DELETE=0.01818181818181818;UPDATE=0.03636363636363636;RANGE_SEARCH=0.07272727272727272,200.0,2500.0,100.0,200.0,1400.0,2500.0,2.032520325203252,0.034350014806040864,0,0,0.6629050925925926,0.5,54,2291
PUBLICATION,LOCAL_HOTSPOT,LOCAL_COST_ADAPTIVE,9,6364136223846793005,LOCAL_HOTSPOT,11,21177,157830,3,8,275299,299881,RUN_END,414,SEARCH=0.2391304347826087;INSERT=0.5072463768115942;DELETE=0.0893719806763285;UPDATE=0.12318840579710146;RANGE_SEARCH=0.04106280193236715,SEARCH=0.13157894736842105;INSERT=0.7368421052631579;DELETE=0.0;UPDATE=0.10526315789473684;RANGE_SEARCH=0.02631578947368421,300.0,900.0,NaN,300.0,1200.0,1200.0,0.5772074761891047,0.03537170263788969,0,0,0.6319159836065574,0.5,61,2467
PUBLICATION,LOCAL_HOTSPOT,LOCAL_COST_ADAPTIVE,9,6364136223846793005,LOCAL_HOTSPOT,9,21540,153156,3,7,267067,299992,RUN_END,580,SEARCH=0.25862068965517243;INSERT=0.42758620689655175;DELETE=0.09137931034482759;UPDATE=0.16724137931034483;RANGE_SEARCH=0.05517241379310345,SEARCH=0.11538461538461539;INSERT=0.6923076923076923;DELETE=0.07692307692307693;UPDATE=0.0;RANGE_SEARCH=0.11538461538461539,200.0,800.0,400.0,NaN,1300.0,1300.0,0.9728978457261988,0.03499197431781702,0,0,0.6507675438596491,0.5,57,2374
PUBLICATION,LOCAL_HOTSPOT,LOCAL_COST_ADAPTIVE,9,6364136223846793005,LOCAL_HOTSPOT,8,20998,151827,4,12,284968,299948,RUN_END,220,SEARCH=0.2818181818181818;INSERT=0.43636363636363634;DELETE=0.08636363636363636;UPDATE=0.14545454545454545;RANGE_SEARCH=0.05,SEARCH=0.15789473684210525;INSERT=0.7368421052631579;DELETE=0.05263157894736842;UPDATE=0.05263157894736842;RANGE_SEARCH=0.0,100.0,1700.0,700.0,100.0,NaN,1700.0,0.951844935792013,0.038356164383561646,0,0,0.6221590909090909,0.5,55,2190
PUBLICATION,LOCAL_HOTSPOT,LOCAL_COST_ADAPTIVE,9,6364136223846793005,LOCAL_HOTSPOT,10,21538,156743,3,7,282886,299987,RUN_END,283,SEARCH=0.2756183745583039;INSERT=0.4275618374558304;DELETE=0.08480565371024736;UPDATE=0.13780918727915195;RANGE_SEARCH=0.07420494699646643,SEARCH=0.125;INSERT=0.5;DELETE=0.0;UPDATE=0.125;RANGE_SEARCH=0.25,200.0,800.0,NaN,100.0,1400.0,1400.0,0.9605927921859211,0.03680981595092025,0,0,0.6370614035087719,0.5,57,2324
PUBLICATION,LOCAL_HOTSPOT,LOCAL_COST_ADAPTIVE,9,6364136223846793005,LOCAL_HOTSPOT,18,21576,239144,1,6,239186,299996,RUN_END,981,SEARCH=0.23751274209989806;INSERT=0.43730886850152906;DELETE=0.1019367991845056;UPDATE=0.1671763506625892;RANGE_SEARCH=0.05606523955147808,SEARCH=0.043478260869565216;INSERT=0.7391304347826086;DELETE=0.08695652173913043;UPDATE=0.043478260869565216;RANGE_SEARCH=0.08695652173913043,200.0,1400.0,600.0,200.0,1600.0,1600.0,0.906912256185337,0.035328961286228054,0,0,0.6362390350877193,0.5,57,2321
PUBLICATION,LOCAL_HOTSPOT,LOCAL_COST_ADAPTIVE,9,6364136223846793005,LOCAL_HOTSPOT,2,20996,115594,5,12,288211,299939,RUN_END,190,SEARCH=0.2736842105263158;INSERT=0.39473684210526316;DELETE=0.1;UPDATE=0.14736842105263157;RANGE_SEARCH=0.08421052631578947,SEARCH=0.125;INSERT=0.5625;DELETE=0.0;UPDATE=0.0625;RANGE_SEARCH=0.25,100.0,2900.0,NaN,100.0,1200.0,2900.0,0.9540913944650553,0.03564727954971857,0,0,0.6400240384615384,0.5,52,2130
PUBLICATION,LOCAL_HOTSPOT,LOCAL_COST_ADAPTIVE,9,6364136223846793005,LOCAL_HOTSPOT,16,21173,202659,2,10,265058,299984,RUN_END,574,SEARCH=0.27526132404181186;INSERT=0.45121951219512196;DELETE=0.11149825783972125;UPDATE=0.1254355400696864;RANGE_SEARCH=0.036585365853658534,SEARCH=0.1320754716981132;INSERT=0.7169811320754716;DELETE=0.018867924528301886;UPDATE=0.05660377358490566;RANGE_SEARCH=0.07547169811320754,300.0,1900.0,200.0,200.0,1500.0,1900.0,1.2166618640540454,0.035860655737704916,0,0,0.6395285087719298,0.5,57,2333
PUBLICATION,SCAN_FRAGMENTATION_CONTROL,LARS_FULL,4,69069,GROUND_TRUTH,1,211,768,1,6,769,896,WINDOW_COMPLETE,128,SEARCH=0.0;INSERT=0.0;DELETE=0.0;UPDATE=0.0;RANGE_SEARCH=1.0,SEARCH=0.0;INSERT=0.0;DELETE=0.0;UPDATE=0.0;RANGE_SEARCH=1.0,NaN,NaN,NaN,NaN,3600.0,6600.0,1.1538461538461537,0.03125,0,0,0.75,0.5,53,2544
PUBLICATION,SCAN_FRAGMENTATION_CONTROL,LARS_FULL,4,69069,GROUND_TRUTH,1,211,768,2,7,897,1024,WINDOW_COMPLETE,128,SEARCH=0.0;INSERT=0.0;DELETE=0.0;UPDATE=0.0;RANGE_SEARCH=1.0,SEARCH=0.0;INSERT=0.0;DELETE=0.0;UPDATE=0.0;RANGE_SEARCH=1.0,NaN,NaN,NaN,NaN,3300.0,4900.0,1.0576923076923077,0.03125,0,0,0.75,0.5,53,2544
PUBLICATION,SCAN_FRAGMENTATION_CONTROL,LARS_FULL,4,69069,GROUND_TRUTH,1,211,768,3,8,1025,1152,WINDOW_COMPLETE,128,SEARCH=0.0;INSERT=0.0;DELETE=0.0;UPDATE=0.0;RANGE_SEARCH=1.0,SEARCH=0.0;INSERT=0.0;DELETE=0.0;UPDATE=0.0;RANGE_SEARCH=1.0,NaN,NaN,NaN,NaN,3000.0,3100.0,1.0,0.03125,0,0,0.75,0.5,53,2544
PUBLICATION,SCAN_FRAGMENTATION_CONTROL,LARS_FULL,4,69069,GROUND_TRUTH,1,211,768,4,9,1153,1280,WINDOW_COMPLETE,128,SEARCH=0.0;INSERT=0.0;DELETE=0.0;UPDATE=0.0;RANGE_SEARCH=1.0,SEARCH=0.0;INSERT=0.0;DELETE=0.0;UPDATE=0.0;RANGE_SEARCH=1.0,NaN,NaN,NaN,NaN,3000.0,3300.0,1.0,0.03125,0,0,0.75,0.5,53,2544
PUBLICATION,SCAN_FRAGMENTATION_CONTROL,LARS_FULL,4,69069,GROUND_TRUTH,1,211,768,5,10,1281,1408,WINDOW_COMPLETE,128,SEARCH=0.0;INSERT=0.0;DELETE=0.0;UPDATE=0.0;RANGE_SEARCH=1.0,SEARCH=0.0;INSERT=0.0;DELETE=0.0;UPDATE=0.0;RANGE_SEARCH=1.0,NaN,NaN,NaN,NaN,3100.0,5300.0,1.0,0.03125,0,0,0.75,0.5,53,2544
PUBLICATION,SCAN_FRAGMENTATION_CONTROL,LARS_FULL,4,69069,GROUND_TRUTH,1,211,768,6,11,1409,1536,WINDOW_COMPLETE,128,SEARCH=0.0;INSERT=0.0;DELETE=0.0;UPDATE=0.0;RANGE_SEARCH=1.0,SEARCH=0.0;INSERT=0.0;DELETE=0.0;UPDATE=0.0;RANGE_SEARCH=1.0,NaN,NaN,NaN,NaN,3400.0,3700.0,1.0897435897435896,0.03125,0,0,0.75,0.5,53,2544
PUBLICATION,SCAN_FRAGMENTATION_CONTROL,LARS_FULL,4,69069,GROUND_TRUTH,1,211,768,7,12,1537,1664,WINDOW_COMPLETE,128,SEARCH=0.0;INSERT=0.0;DELETE=0.0;UPDATE=0.0;RANGE_SEARCH=1.0,SEARCH=0.0;INSERT=0.0;DELETE=0.0;UPDATE=0.0;RANGE_SEARCH=1.0,NaN,NaN,NaN,NaN,3300.0,4400.0,1.0576923076923077,0.03125,0,0,0.75,0.5,53,2544
PUBLICATION,SCAN_FRAGMENTATION_CONTROL,LARS_FULL,4,69069,GROUND_TRUTH,1,211,768,8,13,1665,1792,WINDOW_COMPLETE,128,SEARCH=0.0;INSERT=0.0;DELETE=0.0;UPDATE=0.0;RANGE_SEARCH=1.0,SEARCH=0.0;INSERT=0.0;DELETE=0.0;UPDATE=0.0;RANGE_SEARCH=1.0,NaN,NaN,NaN,NaN,3000.0,4000.0,1.0,0.03125,0,0,0.75,0.5,53,2544
PUBLICATION,SCAN_FRAGMENTATION_CONTROL,LARS_FULL,4,69069,GROUND_TRUTH,1,211,768,9,14,1793,1920,WINDOW_COMPLETE,128,SEARCH=0.0;INSERT=0.0;DELETE=0.0;UPDATE=0.0;RANGE_SEARCH=1.0,SEARCH=0.0;INSERT=0.0;DELETE=0.0;UPDATE=0.0;RANGE_SEARCH=1.0,NaN,NaN,NaN,NaN,3400.0,4700.0,1.0897435897435896,0.03125,0,0,0.75,0.5,53,2544
PUBLICATION,SCAN_FRAGMENTATION_CONTROL,LARS_FULL,4,69069,GROUND_TRUTH,1,211,768,10,15,1921,2048,WINDOW_COMPLETE,128,SEARCH=0.0;INSERT=0.0;DELETE=0.0;UPDATE=0.0;RANGE_SEARCH=1.0,SEARCH=0.0;INSERT=0.0;DELETE=0.0;UPDATE=0.0;RANGE_SEARCH=1.0,NaN,NaN,NaN,NaN,3700.0,4300.0,1.185897435897436,0.03125,0,0,0.75,0.5,53,2544
PUBLICATION,SCAN_FRAGMENTATION_CONTROL,LARS_FULL,4,69069,GROUND_TRUTH,1,211,768,11,16,2049,2176,WINDOW_COMPLETE,128,SEARCH=0.0;INSERT=0.0;DELETE=0.0;UPDATE=0.0;RANGE_SEARCH=1.0,SEARCH=0.0;INSERT=0.0;DELETE=0.0;UPDATE=0.0;RANGE_SEARCH=1.0,NaN,NaN,NaN,NaN,3600.0,3800.0,1.1538461538461537,0.03125,0,0,0.75,0.5,53,2544
PUBLICATION,SCAN_FRAGMENTATION_CONTROL,LARS_FULL,4,69069,GROUND_TRUTH,1,211,768,12,17,2177,2304,WINDOW_COMPLETE,128,SEARCH=0.0;INSERT=0.0;DELETE=0.0;UPDATE=0.0;RANGE_SEARCH=1.0,SEARCH=0.0;INSERT=0.0;DELETE=0.0;UPDATE=0.0;RANGE_SEARCH=1.0,NaN,NaN,NaN,NaN,3500.0,3800.0,1.1217948717948718,0.03125,0,0,0.75,0.5,53,2544
PUBLICATION,SCAN_FRAGMENTATION_CONTROL,LARS_FULL,4,69069,GROUND_TRUTH,1,211,768,13,18,2305,2384,RUN_END,80,SEARCH=0.0;INSERT=0.0;DELETE=0.0;UPDATE=0.0;RANGE_SEARCH=1.0,SEARCH=0.0;INSERT=0.0;DELETE=0.0;UPDATE=0.0;RANGE_SEARCH=1.0,NaN,NaN,NaN,NaN,3500.0,7200.0,1.1217948717948718,0.03125,0,0,0.75,0.5,53,2544
PUBLICATION,SCAN_FRAGMENTATION_CONTROL,LARS_FULL,6,134775813,GROUND_TRUTH,1,211,768,1,6,769,896,WINDOW_COMPLETE,128,SEARCH=0.0;INSERT=0.0;DELETE=0.0;UPDATE=0.0;RANGE_SEARCH=1.0,SEARCH=0.0;INSERT=0.0;DELETE=0.0;UPDATE=0.0;RANGE_SEARCH=1.0,NaN,NaN,NaN,NaN,6300.0,8300.0,2.00381679389313,0.03125,0,0,0.75,0.5,53,2544
PUBLICATION,SCAN_FRAGMENTATION_CONTROL,LARS_FULL,6,134775813,GROUND_TRUTH,1,211,768,2,7,897,1024,WINDOW_COMPLETE,128,SEARCH=0.0;INSERT=0.0;DELETE=0.0;UPDATE=0.0;RANGE_SEARCH=1.0,SEARCH=0.0;INSERT=0.0;DELETE=0.0;UPDATE=0.0;RANGE_SEARCH=1.0,NaN,NaN,NaN,NaN,6300.0,7800.0,2.00381679389313,0.03125,0,0,0.75,0.5,53,2544
PUBLICATION,SCAN_FRAGMENTATION_CONTROL,LARS_FULL,6,134775813,GROUND_TRUTH,1,211,768,3,8,1025,1152,WINDOW_COMPLETE,128,SEARCH=0.0;INSERT=0.0;DELETE=0.0;UPDATE=0.0;RANGE_SEARCH=1.0,SEARCH=0.0;INSERT=0.0;DELETE=0.0;UPDATE=0.0;RANGE_SEARCH=1.0,NaN,NaN,NaN,NaN,5500.0,10600.0,1.7493638676844783,0.03125,0,0,0.75,0.5,53,2544
PUBLICATION,SCAN_FRAGMENTATION_CONTROL,LARS_FULL,6,134775813,GROUND_TRUTH,1,211,768,4,9,1153,1280,WINDOW_COMPLETE,128,SEARCH=0.0;INSERT=0.0;DELETE=0.0;UPDATE=0.0;RANGE_SEARCH=1.0,SEARCH=0.0;INSERT=0.0;DELETE=0.0;UPDATE=0.0;RANGE_SEARCH=1.0,NaN,NaN,NaN,NaN,4600.0,6500.0,1.4631043256997456,0.03125,0,0,0.75,0.5,53,2544
PUBLICATION,SCAN_FRAGMENTATION_CONTROL,LARS_FULL,6,134775813,GROUND_TRUTH,1,211,768,5,10,1281,1408,WINDOW_COMPLETE,128,SEARCH=0.0;INSERT=0.0;DELETE=0.0;UPDATE=0.0;RANGE_SEARCH=1.0,SEARCH=0.0;INSERT=0.0;DELETE=0.0;UPDATE=0.0;RANGE_SEARCH=1.0,NaN,NaN,NaN,NaN,5900.0,7700.0,1.876590330788804,0.03125,0,0,0.75,0.5,53,2544
PUBLICATION,SCAN_FRAGMENTATION_CONTROL,LARS_FULL,6,134775813,GROUND_TRUTH,1,211,768,6,11,1409,1536,WINDOW_COMPLETE,128,SEARCH=0.0;INSERT=0.0;DELETE=0.0;UPDATE=0.0;RANGE_SEARCH=1.0,SEARCH=0.0;INSERT=0.0;DELETE=0.0;UPDATE=0.0;RANGE_SEARCH=1.0,NaN,NaN,NaN,NaN,7700.0,9500.0,2.44910941475827,0.03125,0,0,0.75,0.5,53,2544
PUBLICATION,SCAN_FRAGMENTATION_CONTROL,LARS_FULL,6,134775813,GROUND_TRUTH,1,211,768,7,12,1537,1664,WINDOW_COMPLETE,128,SEARCH=0.0;INSERT=0.0;DELETE=0.0;UPDATE=0.0;RANGE_SEARCH=1.0,SEARCH=0.0;INSERT=0.0;DELETE=0.0;UPDATE=0.0;RANGE_SEARCH=1.0,NaN,NaN,NaN,NaN,7200.0,13800.0,2.2900763358778624,0.03125,0,0,0.75,0.5,53,2544
PUBLICATION,SCAN_FRAGMENTATION_CONTROL,LARS_FULL,6,134775813,GROUND_TRUTH,1,211,768,8,13,1665,1792,WINDOW_COMPLETE,128,SEARCH=0.0;INSERT=0.0;DELETE=0.0;UPDATE=0.0;RANGE_SEARCH=1.0,SEARCH=0.0;INSERT=0.0;DELETE=0.0;UPDATE=0.0;RANGE_SEARCH=1.0,NaN,NaN,NaN,NaN,8400.0,9500.0,2.6717557251908395,0.03125,0,0,0.75,0.5,53,2544
PUBLICATION,SCAN_FRAGMENTATION_CONTROL,LARS_FULL,6,134775813,GROUND_TRUTH,1,211,768,9,14,1793,1920,WINDOW_COMPLETE,128,SEARCH=0.0;INSERT=0.0;DELETE=0.0;UPDATE=0.0;RANGE_SEARCH=1.0,SEARCH=0.0;INSERT=0.0;DELETE=0.0;UPDATE=0.0;RANGE_SEARCH=1.0,NaN,NaN,NaN,NaN,8200.0,9800.0,2.608142493638677,0.03125,0,0,0.75,0.5,53,2544
PUBLICATION,SCAN_FRAGMENTATION_CONTROL,LARS_FULL,6,134775813,GROUND_TRUTH,1,211,768,10,15,1921,2048,WINDOW_COMPLETE,128,SEARCH=0.0;INSERT=0.0;DELETE=0.0;UPDATE=0.0;RANGE_SEARCH=1.0,SEARCH=0.0;INSERT=0.0;DELETE=0.0;UPDATE=0.0;RANGE_SEARCH=1.0,NaN,NaN,NaN,NaN,8400.0,9400.0,2.6717557251908395,0.03125,0,0,0.75,0.5,53,2544
PUBLICATION,SCAN_FRAGMENTATION_CONTROL,LARS_FULL,6,134775813,GROUND_TRUTH,1,211,768,11,16,2049,2176,WINDOW_COMPLETE,128,SEARCH=0.0;INSERT=0.0;DELETE=0.0;UPDATE=0.0;RANGE_SEARCH=1.0,SEARCH=0.0;INSERT=0.0;DELETE=0.0;UPDATE=0.0;RANGE_SEARCH=1.0,NaN,NaN,NaN,NaN,8800.0,10200.0,2.7989821882951653,0.03125,0,0,0.75,0.5,53,2544
PUBLICATION,SCAN_FRAGMENTATION_CONTROL,LARS_FULL,6,134775813,GROUND_TRUTH,1,211,768,12,17,2177,2304,WINDOW_COMPLETE,128,SEARCH=0.0;INSERT=0.0;DELETE=0.0;UPDATE=0.0;RANGE_SEARCH=1.0,SEARCH=0.0;INSERT=0.0;DELETE=0.0;UPDATE=0.0;RANGE_SEARCH=1.0,NaN,NaN,NaN,NaN,7700.0,9600.0,2.44910941475827,0.03125,0,0,0.75,0.5,53,2544
PUBLICATION,SCAN_FRAGMENTATION_CONTROL,LARS_FULL,6,134775813,GROUND_TRUTH,1,211,768,13,18,2305,2384,RUN_END,80,SEARCH=0.0;INSERT=0.0;DELETE=0.0;UPDATE=0.0;RANGE_SEARCH=1.0,SEARCH=0.0;INSERT=0.0;DELETE=0.0;UPDATE=0.0;RANGE_SEARCH=1.0,NaN,NaN,NaN,NaN,7300.0,8600.0,2.321882951653944,0.03125,0,0,0.75,0.5,53,2544
PUBLICATION,SCAN_FRAGMENTATION_CONTROL,LARS_FULL,8,2147483647,GROUND_TRUTH,1,211,768,1,6,769,896,WINDOW_COMPLETE,128,SEARCH=0.0;INSERT=0.0;DELETE=0.0;UPDATE=0.0;RANGE_SEARCH=1.0,SEARCH=0.0;INSERT=0.0;DELETE=0.0;UPDATE=0.0;RANGE_SEARCH=1.0,NaN,NaN,NaN,NaN,4400.0,6900.0,1.0,0.03125,0,0,0.75,0.5,53,2544
PUBLICATION,SCAN_FRAGMENTATION_CONTROL,LARS_FULL,8,2147483647,GROUND_TRUTH,1,211,768,2,7,897,1024,WINDOW_COMPLETE,128,SEARCH=0.0;INSERT=0.0;DELETE=0.0;UPDATE=0.0;RANGE_SEARCH=1.0,SEARCH=0.0;INSERT=0.0;DELETE=0.0;UPDATE=0.0;RANGE_SEARCH=1.0,NaN,NaN,NaN,NaN,4900.0,9200.0,1.0,0.03125,0,0,0.75,0.5,53,2544
PUBLICATION,SCAN_FRAGMENTATION_CONTROL,LARS_FULL,8,2147483647,GROUND_TRUTH,1,211,768,3,8,1025,1152,WINDOW_COMPLETE,128,SEARCH=0.0;INSERT=0.0;DELETE=0.0;UPDATE=0.0;RANGE_SEARCH=1.0,SEARCH=0.0;INSERT=0.0;DELETE=0.0;UPDATE=0.0;RANGE_SEARCH=1.0,NaN,NaN,NaN,NaN,4800.0,5000.0,1.0,0.03125,0,0,0.75,0.5,53,2544
PUBLICATION,SCAN_FRAGMENTATION_CONTROL,LARS_FULL,8,2147483647,GROUND_TRUTH,1,211,768,4,9,1153,1280,WINDOW_COMPLETE,128,SEARCH=0.0;INSERT=0.0;DELETE=0.0;UPDATE=0.0;RANGE_SEARCH=1.0,SEARCH=0.0;INSERT=0.0;DELETE=0.0;UPDATE=0.0;RANGE_SEARCH=1.0,NaN,NaN,NaN,NaN,4200.0,4700.0,1.0,0.03125,0,0,0.75,0.5,53,2544
PUBLICATION,SCAN_FRAGMENTATION_CONTROL,LARS_FULL,8,2147483647,GROUND_TRUTH,1,211,768,5,10,1281,1408,WINDOW_COMPLETE,128,SEARCH=0.0;INSERT=0.0;DELETE=0.0;UPDATE=0.0;RANGE_SEARCH=1.0,SEARCH=0.0;INSERT=0.0;DELETE=0.0;UPDATE=0.0;RANGE_SEARCH=1.0,NaN,NaN,NaN,NaN,4700.0,4900.0,1.0,0.03125,0,0,0.75,0.5,53,2544
PUBLICATION,SCAN_FRAGMENTATION_CONTROL,LARS_FULL,8,2147483647,GROUND_TRUTH,1,211,768,6,11,1409,1536,WINDOW_COMPLETE,128,SEARCH=0.0;INSERT=0.0;DELETE=0.0;UPDATE=0.0;RANGE_SEARCH=1.0,SEARCH=0.0;INSERT=0.0;DELETE=0.0;UPDATE=0.0;RANGE_SEARCH=1.0,NaN,NaN,NaN,NaN,5000.0,5100.0,1.0,0.03125,0,0,0.75,0.5,53,2544
PUBLICATION,SCAN_FRAGMENTATION_CONTROL,LARS_FULL,8,2147483647,GROUND_TRUTH,1,211,768,7,12,1537,1664,WINDOW_COMPLETE,128,SEARCH=0.0;INSERT=0.0;DELETE=0.0;UPDATE=0.0;RANGE_SEARCH=1.0,SEARCH=0.0;INSERT=0.0;DELETE=0.0;UPDATE=0.0;RANGE_SEARCH=1.0,NaN,NaN,NaN,NaN,5000.0,5500.0,1.0,0.03125,0,0,0.75,0.5,53,2544
PUBLICATION,SCAN_FRAGMENTATION_CONTROL,LARS_FULL,8,2147483647,GROUND_TRUTH,1,211,768,8,13,1665,1792,WINDOW_COMPLETE,128,SEARCH=0.0;INSERT=0.0;DELETE=0.0;UPDATE=0.0;RANGE_SEARCH=1.0,SEARCH=0.0;INSERT=0.0;DELETE=0.0;UPDATE=0.0;RANGE_SEARCH=1.0,NaN,NaN,NaN,NaN,6600.0,23000.0,1.3043478260869565,0.03125,0,0,0.75,0.5,53,2544
PUBLICATION,SCAN_FRAGMENTATION_CONTROL,LARS_FULL,8,2147483647,GROUND_TRUTH,1,211,768,9,14,1793,1920,WINDOW_COMPLETE,128,SEARCH=0.0;INSERT=0.0;DELETE=0.0;UPDATE=0.0;RANGE_SEARCH=1.0,SEARCH=0.0;INSERT=0.0;DELETE=0.0;UPDATE=0.0;RANGE_SEARCH=1.0,NaN,NaN,NaN,NaN,6200.0,11500.0,1.225296442687747,0.03125,0,0,0.75,0.5,53,2544
PUBLICATION,SCAN_FRAGMENTATION_CONTROL,LARS_FULL,8,2147483647,GROUND_TRUTH,1,211,768,10,15,1921,2048,WINDOW_COMPLETE,128,SEARCH=0.0;INSERT=0.0;DELETE=0.0;UPDATE=0.0;RANGE_SEARCH=1.0,SEARCH=0.0;INSERT=0.0;DELETE=0.0;UPDATE=0.0;RANGE_SEARCH=1.0,NaN,NaN,NaN,NaN,5800.0,14200.0,1.1462450592885376,0.03125,0,0,0.75,0.5,53,2544
PUBLICATION,SCAN_FRAGMENTATION_CONTROL,LARS_FULL,8,2147483647,GROUND_TRUTH,1,211,768,11,16,2049,2176,WINDOW_COMPLETE,128,SEARCH=0.0;INSERT=0.0;DELETE=0.0;UPDATE=0.0;RANGE_SEARCH=1.0,SEARCH=0.0;INSERT=0.0;DELETE=0.0;UPDATE=0.0;RANGE_SEARCH=1.0,NaN,NaN,NaN,NaN,5100.0,13700.0,1.007905138339921,0.03125,0,0,0.75,0.5,53,2544
PUBLICATION,SCAN_FRAGMENTATION_CONTROL,LARS_FULL,8,2147483647,GROUND_TRUTH,1,211,768,12,17,2177,2304,WINDOW_COMPLETE,128,SEARCH=0.0;INSERT=0.0;DELETE=0.0;UPDATE=0.0;RANGE_SEARCH=1.0,SEARCH=0.0;INSERT=0.0;DELETE=0.0;UPDATE=0.0;RANGE_SEARCH=1.0,NaN,NaN,NaN,NaN,8600.0,15500.0,1.699604743083004,0.03125,0,0,0.75,0.5,53,2544
PUBLICATION,SCAN_FRAGMENTATION_CONTROL,LARS_FULL,8,2147483647,GROUND_TRUTH,1,211,768,13,18,2305,2384,RUN_END,80,SEARCH=0.0;INSERT=0.0;DELETE=0.0;UPDATE=0.0;RANGE_SEARCH=1.0,SEARCH=0.0;INSERT=0.0;DELETE=0.0;UPDATE=0.0;RANGE_SEARCH=1.0,NaN,NaN,NaN,NaN,5200.0,17300.0,1.0276679841897234,0.03125,0,0,0.75,0.5,53,2544
PUBLICATION,SCAN_FRAGMENTATION_CONTROL,LARS_FULL,9,6364136223846793005,GROUND_TRUTH,1,211,768,1,6,769,896,WINDOW_COMPLETE,128,SEARCH=0.0;INSERT=0.0;DELETE=0.0;UPDATE=0.0;RANGE_SEARCH=1.0,SEARCH=0.0;INSERT=0.0;DELETE=0.0;UPDATE=0.0;RANGE_SEARCH=1.0,NaN,NaN,NaN,NaN,11200.0,14900.0,1.5521064301552105,0.03125,0,0,0.75,0.5,53,2544
PUBLICATION,SCAN_FRAGMENTATION_CONTROL,LARS_FULL,9,6364136223846793005,GROUND_TRUTH,1,211,768,2,7,897,1024,WINDOW_COMPLETE,128,SEARCH=0.0;INSERT=0.0;DELETE=0.0;UPDATE=0.0;RANGE_SEARCH=1.0,SEARCH=0.0;INSERT=0.0;DELETE=0.0;UPDATE=0.0;RANGE_SEARCH=1.0,NaN,NaN,NaN,NaN,8500.0,10700.0,1.1779379157427938,0.03125,0,0,0.75,0.5,53,2544
PUBLICATION,SCAN_FRAGMENTATION_CONTROL,LARS_FULL,9,6364136223846793005,GROUND_TRUTH,1,211,768,3,8,1025,1152,WINDOW_COMPLETE,128,SEARCH=0.0;INSERT=0.0;DELETE=0.0;UPDATE=0.0;RANGE_SEARCH=1.0,SEARCH=0.0;INSERT=0.0;DELETE=0.0;UPDATE=0.0;RANGE_SEARCH=1.0,NaN,NaN,NaN,NaN,9300.0,11400.0,1.2888026607538803,0.03125,0,0,0.75,0.5,53,2544
PUBLICATION,SCAN_FRAGMENTATION_CONTROL,LARS_FULL,9,6364136223846793005,GROUND_TRUTH,1,211,768,4,9,1153,1280,WINDOW_COMPLETE,128,SEARCH=0.0;INSERT=0.0;DELETE=0.0;UPDATE=0.0;RANGE_SEARCH=1.0,SEARCH=0.0;INSERT=0.0;DELETE=0.0;UPDATE=0.0;RANGE_SEARCH=1.0,NaN,NaN,NaN,NaN,9700.0,15800.0,1.3442350332594235,0.03125,0,0,0.75,0.5,53,2544
PUBLICATION,SCAN_FRAGMENTATION_CONTROL,LARS_FULL,9,6364136223846793005,GROUND_TRUTH,1,211,768,5,10,1281,1408,WINDOW_COMPLETE,128,SEARCH=0.0;INSERT=0.0;DELETE=0.0;UPDATE=0.0;RANGE_SEARCH=1.0,SEARCH=0.0;INSERT=0.0;DELETE=0.0;UPDATE=0.0;RANGE_SEARCH=1.0,NaN,NaN,NaN,NaN,8800.0,12800.0,1.2195121951219512,0.03125,0,0,0.75,0.5,53,2544
PUBLICATION,SCAN_FRAGMENTATION_CONTROL,LARS_FULL,9,6364136223846793005,GROUND_TRUTH,1,211,768,6,11,1409,1536,WINDOW_COMPLETE,128,SEARCH=0.0;INSERT=0.0;DELETE=0.0;UPDATE=0.0;RANGE_SEARCH=1.0,SEARCH=0.0;INSERT=0.0;DELETE=0.0;UPDATE=0.0;RANGE_SEARCH=1.0,NaN,NaN,NaN,NaN,12500.0,14900.0,1.732261640798226,0.03125,0,0,0.75,0.5,53,2544
PUBLICATION,SCAN_FRAGMENTATION_CONTROL,LARS_FULL,9,6364136223846793005,GROUND_TRUTH,1,211,768,7,12,1537,1664,WINDOW_COMPLETE,128,SEARCH=0.0;INSERT=0.0;DELETE=0.0;UPDATE=0.0;RANGE_SEARCH=1.0,SEARCH=0.0;INSERT=0.0;DELETE=0.0;UPDATE=0.0;RANGE_SEARCH=1.0,NaN,NaN,NaN,NaN,10400.0,19500.0,1.441241685144124,0.03125,0,0,0.75,0.5,53,2544
PUBLICATION,SCAN_FRAGMENTATION_CONTROL,LARS_FULL,9,6364136223846793005,GROUND_TRUTH,1,211,768,8,13,1665,1792,WINDOW_COMPLETE,128,SEARCH=0.0;INSERT=0.0;DELETE=0.0;UPDATE=0.0;RANGE_SEARCH=1.0,SEARCH=0.0;INSERT=0.0;DELETE=0.0;UPDATE=0.0;RANGE_SEARCH=1.0,NaN,NaN,NaN,NaN,7700.0,10200.0,1.0670731707317074,0.03125,0,0,0.75,0.5,53,2544
PUBLICATION,SCAN_FRAGMENTATION_CONTROL,LARS_FULL,9,6364136223846793005,GROUND_TRUTH,1,211,768,9,14,1793,1920,WINDOW_COMPLETE,128,SEARCH=0.0;INSERT=0.0;DELETE=0.0;UPDATE=0.0;RANGE_SEARCH=1.0,SEARCH=0.0;INSERT=0.0;DELETE=0.0;UPDATE=0.0;RANGE_SEARCH=1.0,NaN,NaN,NaN,NaN,7400.0,8200.0,1.0254988913525498,0.03125,0,0,0.75,0.5,53,2544
PUBLICATION,SCAN_FRAGMENTATION_CONTROL,LARS_FULL,9,6364136223846793005,GROUND_TRUTH,1,211,768,10,15,1921,2048,WINDOW_COMPLETE,128,SEARCH=0.0;INSERT=0.0;DELETE=0.0;UPDATE=0.0;RANGE_SEARCH=1.0,SEARCH=0.0;INSERT=0.0;DELETE=0.0;UPDATE=0.0;RANGE_SEARCH=1.0,NaN,NaN,NaN,NaN,6500.0,7000.0,1.0,0.03125,0,0,0.75,0.5,53,2544
PUBLICATION,SCAN_FRAGMENTATION_CONTROL,LARS_FULL,9,6364136223846793005,GROUND_TRUTH,1,211,768,11,16,2049,2176,WINDOW_COMPLETE,128,SEARCH=0.0;INSERT=0.0;DELETE=0.0;UPDATE=0.0;RANGE_SEARCH=1.0,SEARCH=0.0;INSERT=0.0;DELETE=0.0;UPDATE=0.0;RANGE_SEARCH=1.0,NaN,NaN,NaN,NaN,6500.0,7000.0,1.0,0.03125,0,0,0.75,0.5,53,2544
PUBLICATION,SCAN_FRAGMENTATION_CONTROL,LARS_FULL,9,6364136223846793005,GROUND_TRUTH,1,211,768,12,17,2177,2304,WINDOW_COMPLETE,128,SEARCH=0.0;INSERT=0.0;DELETE=0.0;UPDATE=0.0;RANGE_SEARCH=1.0,SEARCH=0.0;INSERT=0.0;DELETE=0.0;UPDATE=0.0;RANGE_SEARCH=1.0,NaN,NaN,NaN,NaN,6300.0,7000.0,1.0,0.03125,0,0,0.75,0.5,53,2544
PUBLICATION,SCAN_FRAGMENTATION_CONTROL,LARS_FULL,9,6364136223846793005,GROUND_TRUTH,1,211,768,13,18,2305,2384,RUN_END,80,SEARCH=0.0;INSERT=0.0;DELETE=0.0;UPDATE=0.0;RANGE_SEARCH=1.0,SEARCH=0.0;INSERT=0.0;DELETE=0.0;UPDATE=0.0;RANGE_SEARCH=1.0,NaN,NaN,NaN,NaN,6400.0,7900.0,1.0,0.03125,0,0,0.75,0.5,53,2544
PUBLICATION,STRESS,LARS_NO_DIAGNOSIS,2,1664525,STRESS_READ,2,20997,119851,1,6,119857,149967,PHASE_BOUNDARY,956,SEARCH=0.9089958158995816;INSERT=0.02092050209205021;DELETE=0.013598326359832637;UPDATE=0.01778242677824268;RANGE_SEARCH=0.038702928870292884,SEARCH=0.7027027027027027;INSERT=0.13513513513513514;DELETE=0.0;UPDATE=0.02702702702702703;RANGE_SEARCH=0.13513513513513514,300.0,1900.0,NaN,100.0,800.0,1900.0,0.796100424513749,0.04694255713403336,0,0,0.6206454918032787,0.5,61,2423
PUBLICATION,STRESS,LARS_NO_DIAGNOSIS,9,6364136223846793005,STRESS_READ,2,21001,120629,1,6,120657,149908,PHASE_BOUNDARY,912,SEARCH=0.9331140350877193;INSERT=0.013157894736842105;DELETE=0.0043859649122807015;UPDATE=0.021929824561403508;RANGE_SEARCH=0.027412280701754384,SEARCH=0.7241379310344828;INSERT=0.10344827586206896;DELETE=0.034482758620689655;UPDATE=0.0;RANGE_SEARCH=0.13793103448275862,200.0,2000.0,200.0,NaN,1400.0,2000.0,0.8643022403705451,0.049074074074074076,0,0,0.6421875,0.515625,60,2466
PUBLICATION,STRESS,LARS_NO_LOCALITY,0,1103515245,STRESS_READ,5,21176,128904,1,5,128968,149884,PHASE_BOUNDARY,656,SEARCH=0.9283536585365854;INSERT=0.018292682926829267;DELETE=0.012195121951219513;UPDATE=0.018292682926829267;RANGE_SEARCH=0.022865853658536585,SEARCH=0.8275862068965517;INSERT=0.10344827586206896;DELETE=0.0;UPDATE=0.0;RANGE_SEARCH=0.06896551724137931,200.0,1100.0,NaN,NaN,1000.0,1100.0,0.5037378227610613,0.04525547445255475,0,0,0.6519657258064516,0.5,62,2587
PUBLICATION,STRESS,LARS_NO_RUNTIME_VALIDATION,0,1103515245,STRESS_INSERT,1,21001,72453,1,5,72477,74991,PHASE_BOUNDARY,99,SEARCH=0.1111111111111111;INSERT=0.696969696969697;DELETE=0.030303030303030304;UPDATE=0.12121212121212122;RANGE_SEARCH=0.04040404040404041,SEARCH=0.1111111111111111;INSERT=0.7777777777777778;DELETE=0.0;UPDATE=0.1111111111111111;RANGE_SEARCH=0.0,300.0,1100.0,NaN,100.0,NaN,1100.0,0.7175428280458755,0.05785123966942149,0,0,0.6426411290322581,0.5,62,2550
PUBLICATION,STRESS,LARS_NO_RUNTIME_VALIDATION,0,1103515245,STRESS_MIXED,3,21003,294030,1,5,294124,299938,RUN_END,127,SEARCH=0.23622047244094488;INSERT=0.36220472440944884;DELETE=0.11811023622047244;UPDATE=0.14173228346456693;RANGE_SEARCH=0.14173228346456693,SEARCH=0.11764705882352941;INSERT=0.47058823529411764;DELETE=0.058823529411764705;UPDATE=0.0;RANGE_SEARCH=0.35294117647058826,100.0,1000.0,500.0,NaN,300.0,1000.0,1.3505869011458698,0.050590219224283306,0,0,0.7332589285714286,0.5,42,1971
PUBLICATION,STRESS,LARS_NO_RUNTIME_VALIDATION,1,214013,STRESS_INSERT,1,21000,70200,1,5,70224,74931,PHASE_BOUNDARY,160,SEARCH=0.06875;INSERT=0.76875;DELETE=0.08125;UPDATE=0.06875;RANGE_SEARCH=0.0125,SEARCH=0.0;INSERT=0.8333333333333334;DELETE=0.16666666666666666;UPDATE=0.0;RANGE_SEARCH=0.0,NaN,800.0,800.0,NaN,NaN,800.0,0.729990440601373,0.06153846153846154,0,0,0.6303790983606558,0.515625,61,2461
PUBLICATION,STRESS,LARS_NO_RUNTIME_VALIDATION,1,214013,STRESS_MIXED,6,21004,298056,1,5,298077,299967,RUN_END,51,SEARCH=0.45098039215686275;INSERT=0.27450980392156865;DELETE=0.0392156862745098;UPDATE=0.21568627450980393;RANGE_SEARCH=0.0196078431372549,SEARCH=0.5;INSERT=0.5;DELETE=0.0;UPDATE=0.0;RANGE_SEARCH=0.0,100.0,600.0,NaN,NaN,NaN,600.0,1.0,0.05405405405405406,0,0,0.8133445945945946,0.5,37,1926
PUBLICATION,STRESS,LARS_NO_RUNTIME_VALIDATION,3,22695477,STRESS_INSERT,1,21000,68658,1,5,68659,74972,PHASE_BOUNDARY,217,SEARCH=0.06451612903225806;INSERT=0.7880184331797235;DELETE=0.03686635944700461;UPDATE=0.0967741935483871;RANGE_SEARCH=0.013824884792626729,SEARCH=0.0;INSERT=0.9428571428571428;DELETE=0.02857142857142857;UPDATE=0.02857142857142857;RANGE_SEARCH=0.0,NaN,900.0,1000.0,300.0,NaN,1000.0,0.8185031960061475,0.05825242718446602,0,0,0.644332627118644,0.53125,59,2433
PUBLICATION,STRESS,LARS_NO_RUNTIME_VALIDATION,3,22695477,STRESS_MIXED,6,21620,249185,1,5,249221,299972,RUN_END,640,SEARCH=0.34375;INSERT=0.29375;DELETE=0.0921875;UPDATE=0.1578125;RANGE_SEARCH=0.1125,SEARCH=0.12195121951219512;INSERT=0.5365853658536586;DELETE=0.024390243902439025;UPDATE=0.07317073170731707;RANGE_SEARCH=0.24390243902439024,200.0,900.0,800.0,200.0,1800.0,1800.0,1.0975609756097562,0.03398208217485326,0,0,0.704405737704918,0.53125,61,2750
PUBLICATION,STRESS,LARS_NO_RUNTIME_VALIDATION,4,69069,STRESS_INSERT,1,20997,72438,1,5,72506,74997,PHASE_BOUNDARY,79,SEARCH=0.0759493670886076;INSERT=0.6962025316455697;DELETE=0.05063291139240506;UPDATE=0.12658227848101267;RANGE_SEARCH=0.05063291139240506,SEARCH=0.0;INSERT=0.8888888888888888;DELETE=0.0;UPDATE=0.0;RANGE_SEARCH=0.1111111111111111,NaN,700.0,NaN,NaN,600.0,700.0,0.7646490597060939,0.05982905982905983,0,0,0.6408854166666667,0.5,60,2461
PUBLICATION,STRESS,LARS_NO_RUNTIME_VALIDATION,4,69069,STRESS_INSERT,2,20999,72858,1,5,72861,74970,PHASE_BOUNDARY,77,SEARCH=0.1038961038961039;INSERT=0.7402597402597403;DELETE=0.025974025974025976;UPDATE=0.09090909090909091;RANGE_SEARCH=0.03896103896103896,SEARCH=0.0;INSERT=1.0;DELETE=0.0;UPDATE=0.0;RANGE_SEARCH=0.0,NaN,500.0,NaN,NaN,NaN,500.0,0.8129196153148249,0.056818181818181816,0,0,0.6202876984126984,0.53125,63,2501
PUBLICATION,STRESS,LARS_NO_RUNTIME_VALIDATION,4,69069,STRESS_MIXED,6,21003,295463,1,5,295534,299947,RUN_END,100,SEARCH=0.34;INSERT=0.31;DELETE=0.1;UPDATE=0.15;RANGE_SEARCH=0.1,SEARCH=0.1111111111111111;INSERT=0.5555555555555556;DELETE=0.0;UPDATE=0.1111111111111111;RANGE_SEARCH=0.2222222222222222,200.0,600.0,NaN,100.0,300.0,600.0,1.0,0.04777070063694268,0,0,0.723704268292683,0.5,41,1899
PUBLICATION,STRESS,LARS_NO_RUNTIME_VALIDATION,4,69069,STRESS_MIXED,7,21004,298865,1,5,298900,299986,RUN_END,31,SEARCH=0.22580645161290322;INSERT=0.3548387096774194;DELETE=0.0967741935483871;UPDATE=0.0967741935483871;RANGE_SEARCH=0.22580645161290322,SEARCH=0.0;INSERT=0.5;DELETE=0.0;UPDATE=0.0;RANGE_SEARCH=0.5,NaN,400.0,NaN,NaN,300.0,400.0,1.0,0.05217391304347826,0,0,0.7126524390243902,0.5,41,1870
PUBLICATION,STRESS,LARS_NO_RUNTIME_VALIDATION,5,48271,STRESS_INSERT,1,20998,72133,1,5,72150,74984,PHASE_BOUNDARY,106,SEARCH=0.08490566037735849;INSERT=0.7452830188679245;DELETE=0.03773584905660377;UPDATE=0.1320754716981132;RANGE_SEARCH=0.0,SEARCH=0.0;INSERT=0.8333333333333334;DELETE=0.0;UPDATE=0.16666666666666666;RANGE_SEARCH=0.0,NaN,900.0,NaN,200.0,NaN,900.0,0.744501835053497,NaN,0,0,0.6381048387096774,0.515625,62,2532
PUBLICATION,STRESS,LARS_NO_RUNTIME_VALIDATION,5,48271,STRESS_MIXED,5,20994,299618,1,5,299640,299957,RUN_END,8,SEARCH=0.625;INSERT=0.125;DELETE=0.0;UPDATE=0.0;RANGE_SEARCH=0.25,SEARCH=0.0;INSERT=1.0;DELETE=0.0;UPDATE=0.0;RANGE_SEARCH=0.0,NaN,700.0,NaN,NaN,NaN,700.0,NaN,0.03508771929824561,0,0,0.7375,0.5,40,1888
PUBLICATION,STRESS,LARS_NO_RUNTIME_VALIDATION,5,48271,STRESS_MIXED,4,20992,294786,1,5,294807,299993,RUN_END,135,SEARCH=0.2962962962962963;INSERT=0.3333333333333333;DELETE=0.11851851851851852;UPDATE=0.14814814814814814;RANGE_SEARCH=0.1037037037037037,SEARCH=0.15384615384615385;INSERT=0.6923076923076923;DELETE=0.0;UPDATE=0.07692307692307693;RANGE_SEARCH=0.07692307692307693,200.0,1200.0,NaN,100.0,200.0,1200.0,1.0,0.05442176870748299,0,0,0.7935855263157895,0.5,38,1930
PUBLICATION,STRESS,LARS_NO_RUNTIME_VALIDATION,6,134775813,STRESS_INSERT,1,20997,72032,1,5,72033,74975,PHASE_BOUNDARY,105,SEARCH=0.09523809523809523;INSERT=0.7619047619047619;DELETE=0.0380952380952381;UPDATE=0.0761904761904762;RANGE_SEARCH=0.02857142857142857,SEARCH=0.0;INSERT=1.0;DELETE=0.0;UPDATE=0.0;RANGE_SEARCH=0.0,NaN,800.0,NaN,NaN,NaN,800.0,0.7813155717877293,0.045454545454545456,0,0,0.6319159836065574,0.515625,61,2467
PUBLICATION,STRESS,LARS_NO_RUNTIME_VALIDATION,7,16807,STRESS_INSERT,1,20999,69905,1,5,69920,74981,PHASE_BOUNDARY,164,SEARCH=0.042682926829268296;INSERT=0.7073170731707317;DELETE=0.06707317073170732;UPDATE=0.1524390243902439;RANGE_SEARCH=0.03048780487804878,SEARCH=0.0;INSERT=0.9047619047619048;DELETE=0.0;UPDATE=0.047619047619047616;RANGE_SEARCH=0.047619047619047616,NaN,700.0,NaN,100.0,900.0,900.0,0.8572664674119453,0.05714285714285714,0,0,0.6302923387096774,0.515625,62,2501
PUBLICATION,STRESS,LARS_NO_RUNTIME_VALIDATION,7,16807,STRESS_READ,2,21001,94019,1,6,94023,124143,WINDOW_COMPLETE,1024,SEARCH=0.92578125;INSERT=0.0126953125;DELETE=0.0107421875;UPDATE=0.0224609375;RANGE_SEARCH=0.0283203125,SEARCH=0.9210526315789473;INSERT=0.05263157894736842;DELETE=0.0;UPDATE=0.02631578947368421;RANGE_SEARCH=0.0,200.0,1100.0,NaN,100.0,NaN,1100.0,0.7788623106526517,0.04584304584304584,0,0,0.634765625,0.5,64,2600
PUBLICATION,STRESS,LARS_NO_RUNTIME_VALIDATION,7,16807,STRESS_READ,2,21001,94019,2,7,124149,149898,PHASE_BOUNDARY,816,SEARCH=0.9227941176470589;INSERT=0.012254901960784314;DELETE=0.011029411764705883;UPDATE=0.0196078431372549;RANGE_SEARCH=0.03431372549019608,SEARCH=0.7647058823529411;INSERT=0.058823529411764705;DELETE=0.0;UPDATE=0.029411764705882353;RANGE_SEARCH=0.14705882352941177,200.0,1000.0,NaN,100.0,600.0,1000.0,0.7788623106526517,0.04688763136620857,0,0,0.635498046875,0.5,64,2603
PUBLICATION,STRESS,LARS_NO_RUNTIME_VALIDATION,7,16807,STRESS_MIXED,6,20991,299833,1,5,299977,299977,RUN_END,1,SEARCH=0.0;INSERT=0.0;DELETE=0.0;UPDATE=1.0;RANGE_SEARCH=0.0,SEARCH=0.0;INSERT=0.0;DELETE=0.0;UPDATE=0.0;RANGE_SEARCH=0.0,NaN,NaN,NaN,NaN,NaN,NaN,NaN,NaN,0,0,0.7816722972972973,0.5,37,1851
PUBLICATION,STRESS,LARS_NO_RUNTIME_VALIDATION,7,16807,STRESS_MIXED,5,20992,299566,1,5,299569,299922,RUN_END,13,SEARCH=0.23076923076923078;INSERT=0.3076923076923077;DELETE=0.0;UPDATE=0.23076923076923078;RANGE_SEARCH=0.23076923076923078,SEARCH=0.0;INSERT=0.0;DELETE=0.0;UPDATE=0.0;RANGE_SEARCH=1.0,NaN,NaN,NaN,NaN,400.0,400.0,NaN,0.05154639175257732,0,0,0.8091216216216216,0.5,37,1916
PUBLICATION,STRESS,LARS_NO_RUNTIME_VALIDATION,8,2147483647,STRESS_MIXED,5,21003,295628,1,5,295660,299910,RUN_END,103,SEARCH=0.3786407766990291;INSERT=0.2912621359223301;DELETE=0.07766990291262135;UPDATE=0.17475728155339806;RANGE_SEARCH=0.07766990291262135,SEARCH=0.25;INSERT=0.25;DELETE=0.0;UPDATE=0.25;RANGE_SEARCH=0.25,100.0,600.0,NaN,200.0,400.0,600.0,1.0,0.036290322580645164,0,0,0.8142361111111112,0.5,36,1876
PUBLICATION,STRESS,LARS_NO_RUNTIME_VALIDATION,9,6364136223846793005,STRESS_MIXED,4,21004,290017,1,5,290063,299951,RUN_END,243,SEARCH=0.3045267489711934;INSERT=0.32098765432098764;DELETE=0.102880658436214;UPDATE=0.1646090534979424;RANGE_SEARCH=0.10699588477366255,SEARCH=0.09090909090909091;INSERT=0.45454545454545453;DELETE=0.18181818181818182;UPDATE=0.045454545454545456;RANGE_SEARCH=0.22727272727272727,200.0,600.0,700.0,100.0,500.0,700.0,1.3251899053083427,0.05,0,0,0.8198784722222222,0.5,36,1889
PUBLICATION,STRESS,LARS_NO_RUNTIME_VALIDATION,9,6364136223846793005,STRESS_MIXED,7,21005,299598,1,5,299601,299993,RUN_END,9,SEARCH=0.4444444444444444;INSERT=0.3333333333333333;DELETE=0.2222222222222222;UPDATE=0.0;RANGE_SEARCH=0.0,SEARCH=1.0;INSERT=0.0;DELETE=0.0;UPDATE=0.0;RANGE_SEARCH=0.0,300.0,NaN,NaN,NaN,NaN,300.0,NaN,NaN,0,0,0.7944078947368421,0.5,38,1932
PUBLICATION,STRESS,LOCAL_COST_ADAPTIVE,0,1103515245,STRESS_MIXED,5,21003,294030,1,5,294124,299938,RUN_END,127,SEARCH=0.23622047244094488;INSERT=0.36220472440944884;DELETE=0.11811023622047244;UPDATE=0.14173228346456693;RANGE_SEARCH=0.14173228346456693,SEARCH=0.11764705882352941;INSERT=0.47058823529411764;DELETE=0.058823529411764705;UPDATE=0.0;RANGE_SEARCH=0.35294117647058826,200.0,1200.0,600.0,NaN,500.0,1200.0,1.3505869011458698,0.050590219224283306,0,0,0.7332589285714286,0.5,42,1971
PUBLICATION,STRESS,LOCAL_COST_ADAPTIVE,1,214013,STRESS_MIXED,9,21004,298056,1,5,298077,299967,RUN_END,51,SEARCH=0.45098039215686275;INSERT=0.27450980392156865;DELETE=0.0392156862745098;UPDATE=0.21568627450980393;RANGE_SEARCH=0.0196078431372549,SEARCH=0.5;INSERT=0.5;DELETE=0.0;UPDATE=0.0;RANGE_SEARCH=0.0,100.0,700.0,NaN,NaN,NaN,700.0,1.0,0.05405405405405406,0,0,0.8133445945945946,0.5,37,1926
PUBLICATION,STRESS,LOCAL_COST_ADAPTIVE,2,1664525,STRESS_INSERT,3,21001,68729,1,5,68732,74993,PHASE_BOUNDARY,200,SEARCH=0.1;INSERT=0.735;DELETE=0.035;UPDATE=0.105;RANGE_SEARCH=0.025,SEARCH=0.0;INSERT=0.9285714285714286;DELETE=0.0;UPDATE=0.0;RANGE_SEARCH=0.07142857142857142,NaN,1400.0,NaN,NaN,800.0,1400.0,0.9271523178807946,0.05785123966942149,0,0,0.620849609375,0.5,64,2543
PUBLICATION,STRESS,LOCAL_COST_ADAPTIVE,2,1664525,STRESS_MIXED,6,20991,293385,1,5,293393,299882,RUN_END,170,SEARCH=0.3176470588235294;INSERT=0.3941176470588235;DELETE=0.07647058823529412;UPDATE=0.1411764705882353;RANGE_SEARCH=0.07058823529411765,SEARCH=0.0;INSERT=0.5555555555555556;DELETE=0.0;UPDATE=0.2222222222222222;RANGE_SEARCH=0.2222222222222222,NaN,600.0,NaN,200.0,400.0,600.0,1.0,0.053763440860215055,0,0,0.7652243589743589,0.5,39,1910
PUBLICATION,STRESS,LOCAL_COST_ADAPTIVE,2,1664525,STRESS_MIXED,7,21005,296908,1,5,296956,299956,RUN_END,83,SEARCH=0.3855421686746988;INSERT=0.27710843373493976;DELETE=0.060240963855421686;UPDATE=0.10843373493975904;RANGE_SEARCH=0.1686746987951807,SEARCH=0.4;INSERT=0.2;DELETE=0.0;UPDATE=0.0;RANGE_SEARCH=0.4,100.0,400.0,NaN,NaN,200.0,400.0,1.0,0.06443914081145585,0,0,0.7120535714285714,0.5,42,1914
PUBLICATION,STRESS,LOCAL_COST_ADAPTIVE,3,22695477,STRESS_MIXED,3,21003,299679,1,5,299725,299987,RUN_END,7,SEARCH=0.2857142857142857;INSERT=0.2857142857142857;DELETE=0.0;UPDATE=0.42857142857142855;RANGE_SEARCH=0.0,SEARCH=0.0;INSERT=0.0;DELETE=0.0;UPDATE=0.0;RANGE_SEARCH=0.0,NaN,NaN,NaN,NaN,NaN,NaN,NaN,NaN,0,0,0.7820723684210527,0.5,38,1902
PUBLICATION,STRESS,LOCAL_COST_ADAPTIVE,4,69069,STRESS_INSERT,1,20997,72438,1,5,72506,74997,PHASE_BOUNDARY,79,SEARCH=0.0759493670886076;INSERT=0.6962025316455697;DELETE=0.05063291139240506;UPDATE=0.12658227848101267;RANGE_SEARCH=0.05063291139240506,SEARCH=0.0;INSERT=0.8888888888888888;DELETE=0.0;UPDATE=0.0;RANGE_SEARCH=0.1111111111111111,NaN,700.0,NaN,NaN,600.0,700.0,0.7646490597060939,0.05982905982905983,0,0,0.6408854166666667,0.5,60,2461
PUBLICATION,STRESS,LOCAL_COST_ADAPTIVE,4,69069,STRESS_MIXED,5,21003,295463,1,5,295534,299947,RUN_END,100,SEARCH=0.34;INSERT=0.31;DELETE=0.1;UPDATE=0.15;RANGE_SEARCH=0.1,SEARCH=0.1111111111111111;INSERT=0.5555555555555556;DELETE=0.0;UPDATE=0.1111111111111111;RANGE_SEARCH=0.2222222222222222,100.0,700.0,NaN,100.0,400.0,700.0,1.0,0.04777070063694268,0,0,0.723704268292683,0.5,41,1899
PUBLICATION,STRESS,LOCAL_COST_ADAPTIVE,4,69069,STRESS_MIXED,6,21004,298865,1,5,298900,299986,RUN_END,31,SEARCH=0.22580645161290322;INSERT=0.3548387096774194;DELETE=0.0967741935483871;UPDATE=0.0967741935483871;RANGE_SEARCH=0.22580645161290322,SEARCH=0.0;INSERT=0.5;DELETE=0.0;UPDATE=0.0;RANGE_SEARCH=0.5,NaN,500.0,NaN,NaN,400.0,500.0,1.0,0.05217391304347826,0,0,0.7126524390243902,0.5,41,1870
PUBLICATION,STRESS,LOCAL_COST_ADAPTIVE,5,48271,STRESS_INSERT,2,21001,72191,1,5,72248,74996,PHASE_BOUNDARY,103,SEARCH=0.08737864077669903;INSERT=0.7087378640776699;DELETE=0.06796116504854369;UPDATE=0.13592233009708737;RANGE_SEARCH=0.0,SEARCH=0.0;INSERT=0.7777777777777778;DELETE=0.0;UPDATE=0.2222222222222222;RANGE_SEARCH=0.0,NaN,700.0,NaN,100.0,NaN,700.0,0.7025915904604445,NaN,0,0,0.6341145833333334,0.515625,60,2435
PUBLICATION,STRESS,LOCAL_COST_ADAPTIVE,5,48271,STRESS_INSERT,1,20997,69361,1,5,69371,74968,PHASE_BOUNDARY,184,SEARCH=0.09782608695652174;INSERT=0.7336956521739131;DELETE=0.059782608695652176;UPDATE=0.09239130434782608;RANGE_SEARCH=0.016304347826086956,SEARCH=0.0;INSERT=1.0;DELETE=0.0;UPDATE=0.0;RANGE_SEARCH=0.0,NaN,800.0,NaN,NaN,NaN,800.0,0.8602150537634409,0.05102040816326531,0,0,0.6408811475409836,0.515625,61,2502
PUBLICATION,STRESS,LOCAL_COST_ADAPTIVE,5,48271,STRESS_READ,4,20999,101667,1,6,101679,134956,WINDOW_COMPLETE,1024,SEARCH=0.919921875;INSERT=0.0205078125;DELETE=0.005859375;UPDATE=0.0185546875;RANGE_SEARCH=0.03515625,SEARCH=0.7837837837837838;INSERT=0.02702702702702703;DELETE=0.02702702702702703;UPDATE=0.0;RANGE_SEARCH=0.16216216216216217,200.0,600.0,800.0,NaN,1600.0,1600.0,0.7839493701084941,0.049581455247907275,0,0,0.6216700819672131,0.5,61,2427
PUBLICATION,STRESS,LOCAL_COST_ADAPTIVE,5,48271,STRESS_READ,4,20999,101667,2,7,134959,149995,PHASE_BOUNDARY,482,SEARCH=0.8941908713692946;INSERT=0.03319502074688797;DELETE=0.014522821576763486;UPDATE=0.022821576763485476;RANGE_SEARCH=0.035269709543568464,SEARCH=0.8571428571428571;INSERT=0.09523809523809523;DELETE=0.0;UPDATE=0.0;RANGE_SEARCH=0.047619047619047616,200.0,700.0,NaN,NaN,3000.0,3000.0,0.7839493701084941,0.047619047619047616,0,0,0.6239754098360656,0.5,61,2436
PUBLICATION,STRESS,LOCAL_COST_ADAPTIVE,5,48271,STRESS_MIXED,6,20994,299618,1,5,299640,299957,RUN_END,8,SEARCH=0.625;INSERT=0.125;DELETE=0.0;UPDATE=0.0;RANGE_SEARCH=0.25,SEARCH=0.0;INSERT=1.0;DELETE=0.0;UPDATE=0.0;RANGE_SEARCH=0.0,NaN,700.0,NaN,NaN,NaN,700.0,NaN,0.03508771929824561,0,0,0.7375,0.5,40,1888
PUBLICATION,STRESS,LOCAL_COST_ADAPTIVE,5,48271,STRESS_MIXED,5,20992,294786,1,5,294807,299993,RUN_END,135,SEARCH=0.2962962962962963;INSERT=0.3333333333333333;DELETE=0.11851851851851852;UPDATE=0.14814814814814814;RANGE_SEARCH=0.1037037037037037,SEARCH=0.15384615384615385;INSERT=0.6923076923076923;DELETE=0.0;UPDATE=0.07692307692307693;RANGE_SEARCH=0.07692307692307693,200.0,1300.0,NaN,0.0,300.0,1300.0,1.0,0.05442176870748299,0,0,0.7935855263157895,0.5,38,1930
PUBLICATION,STRESS,LOCAL_COST_ADAPTIVE,6,134775813,STRESS_INSERT,1,20997,72032,1,5,72033,74975,PHASE_BOUNDARY,105,SEARCH=0.09523809523809523;INSERT=0.7619047619047619;DELETE=0.0380952380952381;UPDATE=0.0761904761904762;RANGE_SEARCH=0.02857142857142857,SEARCH=0.0;INSERT=1.0;DELETE=0.0;UPDATE=0.0;RANGE_SEARCH=0.0,NaN,800.0,NaN,NaN,NaN,800.0,0.7813155717877293,0.045454545454545456,0,0,0.6319159836065574,0.515625,61,2467
PUBLICATION,STRESS,LOCAL_COST_ADAPTIVE,7,16807,STRESS_INSERT,1,20999,69905,1,5,69920,74981,PHASE_BOUNDARY,164,SEARCH=0.042682926829268296;INSERT=0.7073170731707317;DELETE=0.06707317073170732;UPDATE=0.1524390243902439;RANGE_SEARCH=0.03048780487804878,SEARCH=0.0;INSERT=0.9047619047619048;DELETE=0.0;UPDATE=0.047619047619047616;RANGE_SEARCH=0.047619047619047616,NaN,2200.0,NaN,200.0,700.0,2200.0,1.6923076923076925,0.05714285714285714,0,0,0.6302923387096774,0.515625,62,2501
PUBLICATION,STRESS,LOCAL_COST_ADAPTIVE,7,16807,STRESS_READ,2,21185,89873,1,5,89908,122248,WINDOW_COMPLETE,1024,SEARCH=0.9296875;INSERT=0.01953125;DELETE=0.0126953125;UPDATE=0.0146484375;RANGE_SEARCH=0.0234375,SEARCH=0.7878787878787878;INSERT=0.12121212121212122;DELETE=0.0;UPDATE=0.0;RANGE_SEARCH=0.09090909090909091,200.0,1200.0,NaN,NaN,1200.0,1200.0,0.5044404973357016,0.04323827046918123,0,0,0.6456653225806451,0.53125,62,2562
PUBLICATION,STRESS,LOCAL_COST_ADAPTIVE,7,16807,STRESS_READ,3,21001,94019,1,6,94023,124143,WINDOW_COMPLETE,1024,SEARCH=0.92578125;INSERT=0.0126953125;DELETE=0.0107421875;UPDATE=0.0224609375;RANGE_SEARCH=0.0283203125,SEARCH=0.9210526315789473;INSERT=0.05263157894736842;DELETE=0.0;UPDATE=0.02631578947368421;RANGE_SEARCH=0.0,200.0,900.0,NaN,200.0,NaN,900.0,0.7788623106526517,0.04584304584304584,0,0,0.634765625,0.5,64,2600
PUBLICATION,STRESS,LOCAL_COST_ADAPTIVE,7,16807,STRESS_READ,3,21001,94019,2,7,124149,149898,PHASE_BOUNDARY,816,SEARCH=0.9227941176470589;INSERT=0.012254901960784314;DELETE=0.011029411764705883;UPDATE=0.0196078431372549;RANGE_SEARCH=0.03431372549019608,SEARCH=0.7647058823529411;INSERT=0.058823529411764705;DELETE=0.0;UPDATE=0.029411764705882353;RANGE_SEARCH=0.14705882352941177,300.0,1400.0,NaN,200.0,900.0,1400.0,0.7788623106526517,0.04688763136620857,0,0,0.635498046875,0.5,64,2603
PUBLICATION,STRESS,LOCAL_COST_ADAPTIVE,7,16807,STRESS_READ,2,21185,89873,2,6,122253,149922,PHASE_BOUNDARY,899,SEARCH=0.9265850945494994;INSERT=0.020022246941045607;DELETE=0.008898776418242492;UPDATE=0.020022246941045607;RANGE_SEARCH=0.024471635150166853,SEARCH=0.775;INSERT=0.175;DELETE=0.0;UPDATE=0.025;RANGE_SEARCH=0.025,200.0,1100.0,NaN,100.0,400.0,1100.0,0.5296209957903383,0.04855371900826446,0,0,0.6481854838709677,0.53125,62,2572
PUBLICATION,STRESS,LOCAL_COST_ADAPTIVE,7,16807,STRESS_MIXED,6,20991,299833,1,5,299977,299977,RUN_END,1,SEARCH=0.0;INSERT=0.0;DELETE=0.0;UPDATE=1.0;RANGE_SEARCH=0.0,SEARCH=0.0;INSERT=0.0;DELETE=0.0;UPDATE=0.0;RANGE_SEARCH=0.0,NaN,NaN,NaN,NaN,NaN,NaN,NaN,NaN,0,0,0.7816722972972973,0.5,37,1851
PUBLICATION,STRESS,LOCAL_COST_ADAPTIVE,7,16807,STRESS_MIXED,5,20992,299566,1,5,299569,299922,RUN_END,13,SEARCH=0.23076923076923078;INSERT=0.3076923076923077;DELETE=0.0;UPDATE=0.23076923076923078;RANGE_SEARCH=0.23076923076923078,SEARCH=0.0;INSERT=0.0;DELETE=0.0;UPDATE=0.0;RANGE_SEARCH=1.0,NaN,NaN,NaN,NaN,500.0,500.0,NaN,0.05154639175257732,0,0,0.8091216216216216,0.5,37,1916
PUBLICATION,STRESS,LOCAL_COST_ADAPTIVE,8,2147483647,STRESS_MIXED,7,20997,262937,1,8,262960,299977,RUN_END,458,SEARCH=0.3296943231441048;INSERT=0.3231441048034934;DELETE=0.08078602620087336;UPDATE=0.1572052401746725;RANGE_SEARCH=0.1091703056768559,SEARCH=0.09302325581395349;INSERT=0.627906976744186;DELETE=0.0;UPDATE=0.11627906976744186;RANGE_SEARCH=0.16279069767441862,200.0,1100.0,NaN,400.0,8200.0,8200.0,0.7234623698666547,0.034134291488883896,0,0,0.6924603174603174,0.5625,63,2792
PUBLICATION,STRESS,LOCAL_COST_ADAPTIVE,8,2147483647,STRESS_MIXED,6,21000,255082,1,8,255211,299951,RUN_END,537,SEARCH=0.3538175046554935;INSERT=0.26629422718808193;DELETE=0.1191806331471136;UPDATE=0.1378026070763501;RANGE_SEARCH=0.12290502793296089,SEARCH=0.23529411764705882;INSERT=0.47058823529411764;DELETE=0.08823529411764706;UPDATE=0.11764705882352941;RANGE_SEARCH=0.08823529411764706,300.0,6100.0,800.0,200.0,800.0,6100.0,4.922530664945126,0.0338564627049903,0,0,0.6944159836065574,0.5,61,2711
PUBLICATION,STRESS,LOCAL_COST_ADAPTIVE,8,2147483647,STRESS_MIXED,10,21003,295628,1,5,295660,299910,RUN_END,103,SEARCH=0.3786407766990291;INSERT=0.2912621359223301;DELETE=0.07766990291262135;UPDATE=0.17475728155339806;RANGE_SEARCH=0.07766990291262135,SEARCH=0.25;INSERT=0.25;DELETE=0.0;UPDATE=0.25;RANGE_SEARCH=0.25,200.0,600.0,NaN,200.0,500.0,600.0,1.0,0.04032258064516129,0,0,0.7713815789473685,0.5,38,1876
PUBLICATION,STRESS,LOCAL_COST_ADAPTIVE,8,2147483647,STRESS_MIXED,11,20992,299264,1,5,299317,299981,RUN_END,19,SEARCH=0.42105263157894735;INSERT=0.3684210526315789;DELETE=0.0;UPDATE=0.05263157894736842;RANGE_SEARCH=0.15789473684210525,SEARCH=0.25;INSERT=0.5;DELETE=0.0;UPDATE=0.0;RANGE_SEARCH=0.25,200.0,600.0,NaN,NaN,300.0,600.0,NaN,0.044444444444444446,0,0,0.7676282051282052,0.5,39,1916
PUBLICATION,STRESS,LOCAL_COST_ADAPTIVE,8,2147483647,STRESS_MIXED,9,21004,292389,1,5,292390,299960,RUN_END,185,SEARCH=0.3621621621621622;INSERT=0.34594594594594597;DELETE=0.08648648648648649;UPDATE=0.10810810810810811;RANGE_SEARCH=0.0972972972972973,SEARCH=0.25;INSERT=0.625;DELETE=0.0;UPDATE=0.125;RANGE_SEARCH=0.0,200.0,600.0,NaN,100.0,NaN,600.0,1.532825610665215,0.056838365896980464,0,0,0.7841282894736842,0.5,38,1907
PUBLICATION,STRESS,LOCAL_COST_ADAPTIVE,8,2147483647,STRESS_MIXED,8,20991,291679,1,5,291695,299980,RUN_END,203,SEARCH=0.31527093596059114;INSERT=0.33004926108374383;DELETE=0.07881773399014778;UPDATE=0.1724137931034483;RANGE_SEARCH=0.10344827586206896,SEARCH=0.1875;INSERT=0.6875;DELETE=0.0;UPDATE=0.0;RANGE_SEARCH=0.125,200.0,900.0,NaN,NaN,700.0,900.0,1.2675029948235286,0.047021943573667714,0,0,0.7795608108108109,0.5,37,1846
PUBLICATION,STRESS,LOCAL_COST_ADAPTIVE,9,6364136223846793005,STRESS_READ,3,21172,97221,1,5,97226,131428,WINDOW_COMPLETE,1024,SEARCH=0.916015625;INSERT=0.017578125;DELETE=0.0068359375;UPDATE=0.0224609375;RANGE_SEARCH=0.037109375,SEARCH=0.7631578947368421;INSERT=0.05263157894736842;DELETE=0.0;UPDATE=0.02631578947368421;RANGE_SEARCH=0.15789473684210525,200.0,800.0,NaN,200.0,1200.0,1200.0,0.5070384223053384,0.04721030042918455,0,0,0.6302083333333334,0.515625,63,2541
PUBLICATION,STRESS,LOCAL_COST_ADAPTIVE,9,6364136223846793005,STRESS_READ,3,21172,97221,2,6,131430,149956,PHASE_BOUNDARY,619,SEARCH=0.9111470113085622;INSERT=0.025848142164781908;DELETE=0.009693053311793215;UPDATE=0.022617124394184167;RANGE_SEARCH=0.030694668820678513,SEARCH=0.7368421052631579;INSERT=0.15789473684210525;DELETE=0.0;UPDATE=0.05263157894736842;RANGE_SEARCH=0.05263157894736842,300.0,1100.0,NaN,400.0,1000.0,1100.0,0.5070384223053384,0.04497041420118343,0,0,0.6329365079365079,0.515625,63,2552
PUBLICATION,STRESS,LOCAL_COST_ADAPTIVE,9,6364136223846793005,STRESS_MIXED,5,21003,299436,1,5,299455,299987,RUN_END,10,SEARCH=0.3;INSERT=0.5;DELETE=0.1;UPDATE=0.1;RANGE_SEARCH=0.0,SEARCH=0.0;INSERT=1.0;DELETE=0.0;UPDATE=0.0;RANGE_SEARCH=0.0,NaN,500.0,NaN,NaN,NaN,500.0,NaN,NaN,0,0,0.8674242424242424,0.5,33,1832
PUBLICATION,STRESS,LOCAL_COST_ADAPTIVE,9,6364136223846793005,STRESS_MIXED,7,21005,299598,1,5,299601,299993,RUN_END,9,SEARCH=0.4444444444444444;INSERT=0.3333333333333333;DELETE=0.2222222222222222;UPDATE=0.0;RANGE_SEARCH=0.0,SEARCH=1.0;INSERT=0.0;DELETE=0.0;UPDATE=0.0;RANGE_SEARCH=0.0,200.0,NaN,NaN,NaN,NaN,200.0,NaN,NaN,0,0,0.7944078947368421,0.5,38,1932
PUBLICATION,STRESS,LOCAL_COST_ADAPTIVE,9,6364136223846793005,STRESS_MIXED,4,21004,290017,1,5,290063,299951,RUN_END,243,SEARCH=0.3045267489711934;INSERT=0.32098765432098764;DELETE=0.102880658436214;UPDATE=0.1646090534979424;RANGE_SEARCH=0.10699588477366255,SEARCH=0.09090909090909091;INSERT=0.45454545454545453;DELETE=0.18181818181818182;UPDATE=0.045454545454545456;RANGE_SEARCH=0.22727272727272727,200.0,700.0,500.0,100.0,300.0,700.0,1.3251899053083427,0.05,0,0,0.8198784722222222,0.5,36,1889
PUBLICATION,WORKLOAD_SHIFT,LARS_FULL,2,1664525,SHIFT_WRITE_HOT,8,21198,198913,1,5,198915,199997,PHASE_BOUNDARY,49,SEARCH=0.14285714285714285;INSERT=0.6326530612244898;DELETE=0.04081632653061224;UPDATE=0.16326530612244897;RANGE_SEARCH=0.02040816326530612,SEARCH=0.0;INSERT=0.6666666666666666;DELETE=0.0;UPDATE=0.16666666666666666;RANGE_SEARCH=0.16666666666666666,NaN,700.0,NaN,200.0,400.0,700.0,0.477515961600294,0.04878048780487805,0,0,0.6252561475409836,0.5,61,2441
PUBLICATION,WORKLOAD_SHIFT,LARS_FULL,3,22695477,SHIFT_WRITE_HOT,1,20997,149535,1,5,149537,173386,WINDOW_COMPLETE,1024,SEARCH=0.197265625;INSERT=0.560546875;DELETE=0.0615234375;UPDATE=0.14453125;RANGE_SEARCH=0.0361328125,SEARCH=0.03296703296703297;INSERT=0.8351648351648352;DELETE=0.03296703296703297;UPDATE=0.03296703296703297;RANGE_SEARCH=0.06593406593406594,200.0,2600.0,700.0,100.0,1600.0,2600.0,1.7647883078802444,0.04964539007092199,19,0,0.654655612244898,0.5,49,2053
PUBLICATION,WORKLOAD_SHIFT,LARS_FULL,3,22695477,SHIFT_WRITE_HOT,1,20997,149535,2,6,173407,199978,PHASE_BOUNDARY,899,SEARCH=0.20689655172413793;INSERT=0.5528364849833148;DELETE=0.067853170189099;UPDATE=0.1446051167964405;RANGE_SEARCH=0.027808676307007785,SEARCH=0.10526315789473684;INSERT=0.7631578947368421;DELETE=0.039473684210526314;UPDATE=0.05263157894736842;RANGE_SEARCH=0.039473684210526314,300.0,1100.0,800.0,300.0,600.0,1100.0,0.9877781259793167,0.05,0,0,0.611572265625,0.5,64,2505
PUBLICATION,WORKLOAD_SHIFT,LARS_FULL,5,48271,SHIFT_WRITE_HOT,3,20998,177188,1,6,177193,199992,PHASE_BOUNDARY,737,SEARCH=0.2198100407055631;INSERT=0.5264586160108549;DELETE=0.06784260515603799;UPDATE=0.1451831750339213;RANGE_SEARCH=0.0407055630936228,SEARCH=0.09836065573770492;INSERT=0.819672131147541;DELETE=0.04918032786885246;UPDATE=0.01639344262295082;RANGE_SEARCH=0.01639344262295082,300.0,2600.0,1200.0,100.0,500.0,2600.0,1.187214611872146,0.05089285714285714,0,0,0.6145833333333334,0.5,60,2360
PUBLICATION,WORKLOAD_SHIFT,LARS_FULL,7,16807,SHIFT_WRITE_HOT,3,20998,187809,1,6,187817,199991,PHASE_BOUNDARY,394,SEARCH=0.20304568527918782;INSERT=0.565989847715736;DELETE=0.06852791878172589;UPDATE=0.1319796954314721;RANGE_SEARCH=0.030456852791878174,SEARCH=0.08823529411764706;INSERT=0.7941176470588235;DELETE=0.029411764705882353;UPDATE=0.058823529411764705;RANGE_SEARCH=0.029411764705882353,200.0,800.0,1700.0,200.0,600.0,1700.0,0.9320951828206616,0.04831932773109244,0,0,0.665340909090909,0.5,55,2342
PUBLICATION,WORKLOAD_SHIFT,LARS_FULL,8,2147483647,SHIFT_WRITE_HOT,1,20999,151456,1,5,151466,174898,WINDOW_COMPLETE,1024,SEARCH=0.185546875;INSERT=0.5830078125;DELETE=0.060546875;UPDATE=0.138671875;RANGE_SEARCH=0.0322265625,SEARCH=0.07216494845360824;INSERT=0.8041237113402062;DELETE=0.030927835051546393;UPDATE=0.07216494845360824;RANGE_SEARCH=0.020618556701030927,400.0,8300.0,600.0,300.0,900.0,8300.0,2.712418300653595,0.06038894575230297,14,0,0.6899857954545454,0.5,44,1943
PUBLICATION,WORKLOAD_SHIFT,LARS_FULL,8,2147483647,SHIFT_WRITE_HOT,1,20999,151456,2,6,174949,199978,PHASE_BOUNDARY,848,SEARCH=0.21108490566037735;INSERT=0.5330188679245284;DELETE=0.06367924528301887;UPDATE=0.1474056603773585;RANGE_SEARCH=0.04481132075471698,SEARCH=0.01639344262295082;INSERT=0.8524590163934426;DELETE=0.01639344262295082;UPDATE=0.08196721311475409;RANGE_SEARCH=0.03278688524590164,200.0,3300.0,500.0,200.0,2100.0,3300.0,1.0784313725490196,0.05102763997165131,0,0,0.6469298245614035,0.5,57,2360
PUBLICATION,WORKLOAD_SHIFT,LARS_NO_DIAGNOSIS,0,1103515245,SHIFT_WRITE_HOT,1,21000,152164,1,5,152172,183239,WINDOW_COMPLETE,1024,SEARCH=0.1865234375;INSERT=0.5478515625;DELETE=0.0810546875;UPDATE=0.1474609375;RANGE_SEARCH=0.037109375,SEARCH=0.14130434782608695;INSERT=0.75;DELETE=0.010869565217391304;UPDATE=0.03260869565217391;RANGE_SEARCH=0.06521739130434782,200.0,9400.0,200.0,200.0,900.0,9400.0,4.607843137254902,0.057578323454699404,23,0,0.6114386792452831,0.5,53,2074
PUBLICATION,WORKLOAD_SHIFT,LARS_NO_DIAGNOSIS,0,1103515245,SHIFT_WRITE_HOT,1,21000,152164,2,6,183275,199984,PHASE_BOUNDARY,529,SEARCH=0.19659735349716445;INSERT=0.5727788279773157;DELETE=0.07750472589792061;UPDATE=0.1285444234404537;RANGE_SEARCH=0.024574669187145556,SEARCH=0.037037037037037035;INSERT=0.8518518518518519;DELETE=0.018518518518518517;UPDATE=0.037037037037037035;RANGE_SEARCH=0.05555555555555555,200.0,2900.0,700.0,300.0,4900.0,4900.0,1.4215686274509804,0.04771371769383698,0,0,0.6317349137931034,0.5,58,2345
PUBLICATION,WORKLOAD_SHIFT,LARS_NO_DIAGNOSIS,1,214013,SHIFT_WRITE_HOT,2,20997,152194,1,5,152217,175573,WINDOW_COMPLETE,1024,SEARCH=0.2041015625;INSERT=0.546875;DELETE=0.0703125;UPDATE=0.140625;RANGE_SEARCH=0.0380859375,SEARCH=0.08421052631578947;INSERT=0.7684210526315789;DELETE=0.042105263157894736;UPDATE=0.042105263157894736;RANGE_SEARCH=0.06315789473684211,200.0,11400.0,800.0,200.0,1900.0,11400.0,4.028268551236749,0.05674978503869303,10,0,0.746484375,0.5,40,1911
PUBLICATION,WORKLOAD_SHIFT,LARS_NO_DIAGNOSIS,1,214013,SHIFT_WRITE_HOT,2,20997,152194,2,6,175604,199987,PHASE_BOUNDARY,793,SEARCH=0.21311475409836064;INSERT=0.5548549810844893;DELETE=0.05926860025220681;UPDATE=0.15132408575031525;RANGE_SEARCH=0.021437578814627996,SEARCH=0.04477611940298507;INSERT=0.7910447761194029;DELETE=0.029850746268656716;UPDATE=0.07462686567164178;RANGE_SEARCH=0.05970149253731343,200.0,3000.0,700.0,200.0,800.0,3000.0,1.0600706713780919,0.053929121725731895,0,0,0.6122881355932204,0.5,59,2312
PUBLICATION,WORKLOAD_SHIFT,LARS_NO_DIAGNOSIS,2,1664525,SHIFT_WRITE_HOT,3,21001,176332,1,6,176335,199932,PHASE_BOUNDARY,821,SEARCH=0.1997563946406821;INSERT=0.5542021924482339;DELETE=0.05968331303288672;UPDATE=0.15712545676004872;RANGE_SEARCH=0.029232643118148598,SEARCH=0.06666666666666667;INSERT=0.8166666666666667;DELETE=0.016666666666666666;UPDATE=0.03333333333333333;RANGE_SEARCH=0.06666666666666667,100.0,1300.0,600.0,100.0,800.0,1300.0,0.9682926829268294,0.045307443365695796,0,0,0.6307291666666667,0.5,60,2422
PUBLICATION,WORKLOAD_SHIFT,LARS_NO_DIAGNOSIS,3,22695477,SHIFT_WRITE_HOT,1,20999,153817,1,5,153829,186137,WINDOW_COMPLETE,1024,SEARCH=0.1787109375;INSERT=0.5595703125;DELETE=0.0654296875;UPDATE=0.162109375;RANGE_SEARCH=0.0341796875,SEARCH=0.0821917808219178;INSERT=0.821917808219178;DELETE=0.0;UPDATE=0.0273972602739726;RANGE_SEARCH=0.0684931506849315,200.0,8300.0,NaN,200.0,3900.0,8300.0,2.996389891696751,0.051573426573426576,21,0,0.6268382352941176,0.5,51,2046
PUBLICATION,WORKLOAD_SHIFT,LARS_NO_DIAGNOSIS,3,22695477,SHIFT_WRITE_HOT,1,20999,153817,2,6,186138,199975,PHASE_BOUNDARY,455,SEARCH=0.22637362637362637;INSERT=0.5098901098901099;DELETE=0.08351648351648351;UPDATE=0.15384615384615385;RANGE_SEARCH=0.026373626373626374,SEARCH=0.05128205128205128;INSERT=0.7692307692307693;DELETE=0.02564102564102564;UPDATE=0.1282051282051282;RANGE_SEARCH=0.02564102564102564,200.0,800.0,200.0,200.0,4900.0,4900.0,0.9452137266706803,0.04980842911877394,0,0,0.6383522727272727,0.5,55,2247
PUBLICATION,WORKLOAD_SHIFT,LARS_NO_DIAGNOSIS,4,69069,SHIFT_WRITE_HOT,1,20998,149394,1,5,149400,177400,WINDOW_COMPLETE,1024,SEARCH=0.19921875;INSERT=0.54296875;DELETE=0.0771484375;UPDATE=0.1435546875;RANGE_SEARCH=0.037109375,SEARCH=0.058823529411764705;INSERT=0.8117647058823529;DELETE=0.011764705882352941;UPDATE=0.047058823529411764;RANGE_SEARCH=0.07058823529411765,200.0,4700.0,500.0,200.0,1100.0,4700.0,2.0085470085470085,0.050983899821109124,14,0,0.6864583333333333,0.5,45,1977
PUBLICATION,WORKLOAD_SHIFT,LARS_NO_DIAGNOSIS,4,69069,SHIFT_WRITE_HOT,1,20998,149394,2,6,177424,199995,PHASE_BOUNDARY,666,SEARCH=0.1816816816816817;INSERT=0.5705705705705706;DELETE=0.06756756756756757;UPDATE=0.15315315315315314;RANGE_SEARCH=0.02702702702702703,SEARCH=0.05357142857142857;INSERT=0.8928571428571429;DELETE=0.017857142857142856;UPDATE=0.0;RANGE_SEARCH=0.03571428571428571,200.0,3400.0,500.0,NaN,900.0,3400.0,1.452991452991453,0.049132947976878616,0,0,0.6046875,0.5,60,2322
PUBLICATION,WORKLOAD_SHIFT,LARS_NO_DIAGNOSIS,4,69069,SHIFT_WRITE_HOT,2,21001,179768,1,6,179803,199970,PHASE_BOUNDARY,664,SEARCH=0.19578313253012047;INSERT=0.5466867469879518;DELETE=0.06927710843373494;UPDATE=0.15813253012048192;RANGE_SEARCH=0.030120481927710843,SEARCH=0.0847457627118644;INSERT=0.7796610169491526;DELETE=0.01694915254237288;UPDATE=0.06779661016949153;RANGE_SEARCH=0.05084745762711865,300.0,1300.0,800.0,200.0,900.0,1300.0,0.9601959583588489,0.05096418732782369,0,0,0.647510593220339,0.5,59,2445
PUBLICATION,WORKLOAD_SHIFT,LARS_NO_DIAGNOSIS,6,134775813,SHIFT_WRITE_HOT,1,21170,184589,1,5,184614,199978,PHASE_BOUNDARY,552,SEARCH=0.1956521739130435;INSERT=0.5543478260869565;DELETE=0.059782608695652176;UPDATE=0.16485507246376813;RANGE_SEARCH=0.025362318840579712,SEARCH=0.11764705882352941;INSERT=0.7843137254901961;DELETE=0.0392156862745098;UPDATE=0.0196078431372549;RANGE_SEARCH=0.0392156862745098,300.0,1100.0,700.0,200.0,600.0,1100.0,0.5270928575143903,0.05065666041275797,0,0,0.64296875,0.5,60,2469
PUBLICATION,WORKLOAD_SHIFT,LARS_NO_DIAGNOSIS,7,16807,SHIFT_WRITE_HOT,1,21001,158757,1,5,158763,188984,WINDOW_COMPLETE,1024,SEARCH=0.1884765625;INSERT=0.548828125;DELETE=0.078125;UPDATE=0.1591796875;RANGE_SEARCH=0.025390625,SEARCH=0.08333333333333333;INSERT=0.8020833333333334;DELETE=0.020833333333333332;UPDATE=0.0625;RANGE_SEARCH=0.03125,200.0,2400.0,700.0,200.0,700.0,2400.0,2.4242424242424243,0.05196304849884527,23,0,0.6127232142857143,0.5,56,2196
PUBLICATION,WORKLOAD_SHIFT,LARS_NO_DIAGNOSIS,7,16807,SHIFT_WRITE_HOT,1,21001,158757,2,6,188995,199998,PHASE_BOUNDARY,361,SEARCH=0.22714681440443213;INSERT=0.5124653739612188;DELETE=0.09141274238227147;UPDATE=0.12465373961218837;RANGE_SEARCH=0.0443213296398892,SEARCH=0.0625;INSERT=0.875;DELETE=0.0;UPDATE=0.0625;RANGE_SEARCH=0.0,200.0,2000.0,NaN,200.0,NaN,2000.0,2.0202020202020203,0.05391304347826087,0,0,0.6151041666666667,0.5,60,2362
PUBLICATION,WORKLOAD_SHIFT,LARS_NO_DIAGNOSIS,7,16807,SHIFT_WRITE_HOT,2,20999,179183,1,6,179245,199959,PHASE_BOUNDARY,715,SEARCH=0.1986013986013986;INSERT=0.5286713286713287;DELETE=0.08531468531468532;UPDATE=0.15244755244755245;RANGE_SEARCH=0.03496503496503497,SEARCH=0.07352941176470588;INSERT=0.7794117647058824;DELETE=0.029411764705882353;UPDATE=0.04411764705882353;RANGE_SEARCH=0.07352941176470588,200.0,900.0,3000.0,200.0,2000.0,3000.0,0.9468768242848803,0.052307692307692305,0,0,0.64375,0.515625,60,2472
PUBLICATION,WORKLOAD_SHIFT,LARS_NO_DIAGNOSIS,8,2147483647,SHIFT_WRITE_HOT,1,20999,151456,1,5,151466,174898,WINDOW_COMPLETE,1024,SEARCH=0.185546875;INSERT=0.5830078125;DELETE=0.060546875;UPDATE=0.138671875;RANGE_SEARCH=0.0322265625,SEARCH=0.07216494845360824;INSERT=0.8041237113402062;DELETE=0.030927835051546393;UPDATE=0.07216494845360824;RANGE_SEARCH=0.020618556701030927,200.0,7300.0,1500.0,200.0,1500.0,7300.0,4.078212290502793,0.06038894575230297,14,0,0.6899857954545454,0.5,44,1943
PUBLICATION,WORKLOAD_SHIFT,LARS_NO_DIAGNOSIS,8,2147483647,SHIFT_WRITE_HOT,1,20999,151456,2,6,174949,199978,PHASE_BOUNDARY,848,SEARCH=0.21108490566037735;INSERT=0.5330188679245284;DELETE=0.06367924528301887;UPDATE=0.1474056603773585;RANGE_SEARCH=0.04481132075471698,SEARCH=0.01639344262295082;INSERT=0.8524590163934426;DELETE=0.01639344262295082;UPDATE=0.08196721311475409;RANGE_SEARCH=0.03278688524590164,200.0,1800.0,500.0,200.0,1700.0,1800.0,1.005586592178771,0.05102763997165131,0,0,0.6469298245614035,0.5,57,2360
PUBLICATION,WORKLOAD_SHIFT,LARS_NO_LOCALITY,0,1103515245,SHIFT_WRITE_HOT,3,20996,179270,1,6,179279,199957,PHASE_BOUNDARY,666,SEARCH=0.1981981981981982;INSERT=0.515015015015015;DELETE=0.07807807807807808;UPDATE=0.17567567567567569;RANGE_SEARCH=0.03303303303303303,SEARCH=0.06666666666666667;INSERT=0.8;DELETE=0.044444444444444446;UPDATE=0.06666666666666667;RANGE_SEARCH=0.022222222222222223,100.0,1600.0,600.0,300.0,700.0,1600.0,0.9496574322311587,0.05256723716381418,0,0,0.635593220338983,0.5,59,2400
PUBLICATION,WORKLOAD_SHIFT,LARS_NO_LOCALITY,2,1664525,SHIFT_WRITE_HOT,3,20996,176293,1,6,176311,199965,PHASE_BOUNDARY,847,SEARCH=0.20306965761511217;INSERT=0.5702479338842975;DELETE=0.05548996458087367;UPDATE=0.1357733175914994;RANGE_SEARCH=0.03541912632821724,SEARCH=0.07228915662650602;INSERT=0.8192771084337349;DELETE=0.012048192771084338;UPDATE=0.04819277108433735;RANGE_SEARCH=0.04819277108433735,200.0,1200.0,600.0,200.0,1600.0,1600.0,1.4285714285714286,0.05368516833484986,0,0,0.6380635245901639,0.5,61,2491
PUBLICATION,WORKLOAD_SHIFT,LARS_NO_LOCALITY,8,2147483647,SHIFT_WRITE_HOT,1,20999,151456,1,5,151466,174898,WINDOW_COMPLETE,1024,SEARCH=0.185546875;INSERT=0.5830078125;DELETE=0.060546875;UPDATE=0.138671875;RANGE_SEARCH=0.0322265625,SEARCH=0.07216494845360824;INSERT=0.8041237113402062;DELETE=0.030927835051546393;UPDATE=0.07216494845360824;RANGE_SEARCH=0.020618556701030927,200.0,7100.0,700.0,300.0,1800.0,7100.0,3.9010989010989006,0.06038894575230297,14,0,0.6899857954545454,0.5,44,1943
PUBLICATION,WORKLOAD_SHIFT,LARS_NO_LOCALITY,8,2147483647,SHIFT_WRITE_HOT,1,20999,151456,2,6,174949,199978,PHASE_BOUNDARY,848,SEARCH=0.21108490566037735;INSERT=0.5330188679245284;DELETE=0.06367924528301887;UPDATE=0.1474056603773585;RANGE_SEARCH=0.04481132075471698,SEARCH=0.01639344262295082;INSERT=0.8524590163934426;DELETE=0.01639344262295082;UPDATE=0.08196721311475409;RANGE_SEARCH=0.03278688524590164,200.0,1600.0,700.0,200.0,4200.0,4200.0,0.9838308457711442,0.05102763997165131,0,0,0.6469298245614035,0.5,57,2360
PUBLICATION,WORKLOAD_SHIFT,LARS_NO_ROLLBACK,7,16807,SHIFT_WRITE_HOT,4,20997,180191,1,6,180251,199953,PHASE_BOUNDARY,639,SEARCH=0.16118935837245696;INSERT=0.594679186228482;DELETE=0.07668231611893583;UPDATE=0.12832550860719874;RANGE_SEARCH=0.03912363067292645,SEARCH=0.061224489795918366;INSERT=0.7755102040816326;DELETE=0.02040816326530612;UPDATE=0.10204081632653061;RANGE_SEARCH=0.04081632653061224,200.0,1900.0,200.0,300.0,1000.0,1900.0,1.623931623931624,0.05284974093264249,0,0,0.6333512931034483,0.5,58,2351
PUBLICATION,WORKLOAD_SHIFT,LARS_NO_RUNTIME_VALIDATION,0,1103515245,SHIFT_WRITE_HOT,3,20998,162959,1,6,162984,193701,WINDOW_COMPLETE,1024,SEARCH=0.19921875;INSERT=0.548828125;DELETE=0.0751953125;UPDATE=0.1416015625;RANGE_SEARCH=0.03515625,SEARCH=0.05063291139240506;INSERT=0.8354430379746836;DELETE=0.0;UPDATE=0.06329113924050633;RANGE_SEARCH=0.05063291139240506,200.0,1900.0,NaN,400.0,4500.0,4500.0,1.8255320789636027,0.04897314375987362,21,0,0.6233836206896551,0.5,58,2314
PUBLICATION,WORKLOAD_SHIFT,LARS_NO_RUNTIME_VALIDATION,0,1103515245,SHIFT_WRITE_HOT,4,21001,168752,1,6,168777,199572,WINDOW_COMPLETE,1024,SEARCH=0.1875;INSERT=0.560546875;DELETE=0.0673828125;UPDATE=0.15234375;RANGE_SEARCH=0.0322265625,SEARCH=0.038461538461538464;INSERT=0.8205128205128205;DELETE=0.02564102564102564;UPDATE=0.05128205128205128;RANGE_SEARCH=0.0641025641025641,300.0,2000.0,700.0,200.0,1500.0,2000.0,2.0408163265306123,0.052722558340535866,16,0,0.6361979166666667,0.515625,60,2443
PUBLICATION,WORKLOAD_SHIFT,LARS_NO_RUNTIME_VALIDATION,0,1103515245,SHIFT_WRITE_HOT,4,21001,168752,2,7,199589,199985,PHASE_BOUNDARY,15,SEARCH=0.3333333333333333;INSERT=0.4666666666666667;DELETE=0.0;UPDATE=0.2;RANGE_SEARCH=0.0,SEARCH=0.0;INSERT=1.0;DELETE=0.0;UPDATE=0.0;RANGE_SEARCH=0.0,NaN,1000.0,NaN,NaN,NaN,1000.0,NaN,NaN,0,0,0.6380208333333334,0.515625,60,2450
PUBLICATION,WORKLOAD_SHIFT,LARS_NO_RUNTIME_VALIDATION,0,1103515245,SHIFT_WRITE_HOT,3,20998,162959,2,7,193704,199998,PHASE_BOUNDARY,215,SEARCH=0.20930232558139536;INSERT=0.5395348837209303;DELETE=0.08837209302325581;UPDATE=0.14418604651162792;RANGE_SEARCH=0.018604651162790697,SEARCH=0.0;INSERT=0.8333333333333334;DELETE=0.041666666666666664;UPDATE=0.041666666666666664;RANGE_SEARCH=0.08333333333333333,NaN,1600.0,200.0,200.0,1500.0,1600.0,1.019108280254777,0.04093567251461988,0,0,0.6193647540983607,0.5,61,2418
PUBLICATION,WORKLOAD_SHIFT,LARS_NO_RUNTIME_VALIDATION,0,1103515245,SHIFT_WRITE_HOT,8,20999,197283,1,7,197294,199970,PHASE_BOUNDARY,96,SEARCH=0.17708333333333334;INSERT=0.5;DELETE=0.09375;UPDATE=0.15625;RANGE_SEARCH=0.07291666666666667,SEARCH=0.0;INSERT=0.6666666666666666;DELETE=0.16666666666666666;UPDATE=0.0;RANGE_SEARCH=0.16666666666666666,NaN,2000.0,600.0,NaN,900.0,2000.0,0.9395973154362416,0.05054151624548736,0,0,0.6229838709677419,0.5,62,2472
PUBLICATION,WORKLOAD_SHIFT,LARS_NO_RUNTIME_VALIDATION,0,1103515245,SHIFT_WRITE_HOT,7,21000,197271,1,7,197344,199984,PHASE_BOUNDARY,101,SEARCH=0.2079207920792079;INSERT=0.5643564356435643;DELETE=0.0594059405940594;UPDATE=0.12871287128712872;RANGE_SEARCH=0.039603960396039604,SEARCH=0.0;INSERT=0.8;DELETE=0.0;UPDATE=0.0;RANGE_SEARCH=0.2,NaN,800.0,NaN,NaN,800.0,800.0,0.9645561950923962,0.041666666666666664,0,0,0.6210275423728814,0.5,59,2345
PUBLICATION,WORKLOAD_SHIFT,LARS_NO_RUNTIME_VALIDATION,0,1103515245,SHIFT_SCAN,9,20997,213503,1,7,214595,299897,RUN_END,278,SEARCH=0.5071942446043165;INSERT=0.07913669064748201;DELETE=0.025179856115107913;UPDATE=0.050359712230215826;RANGE_SEARCH=0.3381294964028777,SEARCH=0.3157894736842105;INSERT=0.05263157894736842;DELETE=0.0;UPDATE=0.0;RANGE_SEARCH=0.631578947368421,500.0,1100.0,NaN,NaN,2600.0,2600.0,0.9536294625163867,0.030815109343936383,0,0,0.6348286290322581,0.515625,62,2519
PUBLICATION,WORKLOAD_SHIFT,LARS_NO_RUNTIME_VALIDATION,1,214013,SHIFT_WRITE_HOT,3,20996,164052,1,6,164093,196510,WINDOW_COMPLETE,1024,SEARCH=0.193359375;INSERT=0.5693359375;DELETE=0.064453125;UPDATE=0.1455078125;RANGE_SEARCH=0.02734375,SEARCH=0.03614457831325301;INSERT=0.891566265060241;DELETE=0.012048192771084338;UPDATE=0.03614457831325301;RANGE_SEARCH=0.024096385542168676,200.0,4800.0,600.0,100.0,700.0,4800.0,2.5,0.05179704016913319,18,0,0.6415094339622641,0.5,53,2176
PUBLICATION,WORKLOAD_SHIFT,LARS_NO_RUNTIME_VALIDATION,1,214013,SHIFT_WRITE_HOT,5,21001,190376,1,7,190436,199995,PHASE_BOUNDARY,315,SEARCH=0.18095238095238095;INSERT=0.5777777777777777;DELETE=0.07936507936507936;UPDATE=0.13968253968253969;RANGE_SEARCH=0.022222222222222223,SEARCH=0.08333333333333333;INSERT=0.8333333333333334;DELETE=0.041666666666666664;UPDATE=0.041666666666666664;RANGE_SEARCH=0.0,200.0,1000.0,200.0,100.0,NaN,1000.0,0.9592914663338666,0.056140350877192984,0,0,0.6395285087719298,0.5,57,2333
PUBLICATION,WORKLOAD_SHIFT,LARS_NO_RUNTIME_VALIDATION,1,214013,SHIFT_WRITE_HOT,3,20996,164052,2,7,196521,199906,PHASE_BOUNDARY,121,SEARCH=0.2396694214876033;INSERT=0.5206611570247934;DELETE=0.0743801652892562;UPDATE=0.14049586776859505;RANGE_SEARCH=0.024793388429752067,SEARCH=0.09090909090909091;INSERT=0.8181818181818182;DELETE=0.0;UPDATE=0.09090909090909091;RANGE_SEARCH=0.0,100.0,600.0,NaN,100.0,NaN,600.0,0.9637209302325581,0.05555555555555555,0,0,0.6580188679245284,0.5,53,2232
PUBLICATION,WORKLOAD_SHIFT,LARS_NO_RUNTIME_VALIDATION,2,1664525,SHIFT_WRITE_HOT,1,20996,190735,1,7,190756,199965,PHASE_BOUNDARY,335,SEARCH=0.21791044776119403;INSERT=0.5791044776119403;DELETE=0.05970149253731343;UPDATE=0.11940298507462686;RANGE_SEARCH=0.023880597014925373,SEARCH=0.12121212121212122;INSERT=0.8484848484848485;DELETE=0.030303030303030304;UPDATE=0.0;RANGE_SEARCH=0.0,100.0,1900.0,600.0,NaN,NaN,1900.0,1.5899581589958158,0.05660377358490566,0,0,0.6277721774193549,0.5,62,2491
PUBLICATION,WORKLOAD_SHIFT,LARS_NO_RUNTIME_VALIDATION,2,1664525,SHIFT_WRITE_HOT,2,21001,191324,1,7,191509,199932,PHASE_BOUNDARY,309,SEARCH=0.20388349514563106;INSERT=0.5339805825242718;DELETE=0.061488673139158574;UPDATE=0.17475728155339806;RANGE_SEARCH=0.025889967637540454,SEARCH=0.05263157894736842;INSERT=0.7894736842105263;DELETE=0.05263157894736842;UPDATE=0.05263157894736842;RANGE_SEARCH=0.05263157894736842,100.0,900.0,800.0,100.0,600.0,900.0,0.9713726449718619,0.0471976401179941,0,0,0.6203893442622951,0.5,61,2422
PUBLICATION,WORKLOAD_SHIFT,LARS_NO_RUNTIME_VALIDATION,3,22695477,SHIFT_WRITE_HOT,8,20997,188200,1,7,188206,199978,PHASE_BOUNDARY,387,SEARCH=0.21188630490956073;INSERT=0.5943152454780362;DELETE=0.056847545219638244;UPDATE=0.11627906976744186;RANGE_SEARCH=0.020671834625323,SEARCH=0.07142857142857142;INSERT=0.8571428571428571;DELETE=0.023809523809523808;UPDATE=0.023809523809523808;RANGE_SEARCH=0.023809523809523808,300.0,1700.0,700.0,100.0,600.0,1700.0,1.0005885815185402,0.045180722891566265,0,0,0.611572265625,0.5,64,2505
PUBLICATION,WORKLOAD_SHIFT,LARS_NO_RUNTIME_VALIDATION,3,22695477,SHIFT_WRITE_HOT,10,20998,192527,1,7,192534,199906,PHASE_BOUNDARY,254,SEARCH=0.1732283464566929;INSERT=0.5590551181102362;DELETE=0.10236220472440945;UPDATE=0.14960629921259844;RANGE_SEARCH=0.015748031496062992,SEARCH=0.13636363636363635;INSERT=0.7727272727272727;DELETE=0.045454545454545456;UPDATE=0.045454545454545456;RANGE_SEARCH=0.0,200.0,700.0,500.0,200.0,NaN,700.0,0.9494163424124513,0.05813953488372093,0,0,0.6151041666666667,0.515625,60,2362
PUBLICATION,WORKLOAD_SHIFT,LARS_NO_RUNTIME_VALIDATION,3,22695477,SHIFT_WRITE_HOT,9,21000,191754,1,7,191762,199896,PHASE_BOUNDARY,266,SEARCH=0.23684210526315788;INSERT=0.5526315789473685;DELETE=0.07518796992481203;UPDATE=0.12030075187969924;RANGE_SEARCH=0.015037593984962405,SEARCH=0.125;INSERT=0.8333333333333334;DELETE=0.0;UPDATE=0.0;RANGE_SEARCH=0.041666666666666664,100.0,1900.0,NaN,NaN,500.0,1900.0,2.087912087912088,0.045454545454545456,0,0,0.6206454918032787,0.5,61,2423
PUBLICATION,WORKLOAD_SHIFT,LARS_NO_RUNTIME_VALIDATION,3,22695477,SHIFT_SCAN,12,21001,223177,1,7,224102,299041,RUN_END,221,SEARCH=0.4298642533936652;INSERT=0.08597285067873303;DELETE=0.03167420814479638;UPDATE=0.027149321266968326;RANGE_SEARCH=0.4253393665158371,SEARCH=0.14285714285714285;INSERT=0.0;DELETE=0.0;UPDATE=0.0;RANGE_SEARCH=0.8571428571428571,200.0,NaN,NaN,NaN,3900.0,3900.0,0.957356335803669,0.03210874357090375,0,0,0.6132172131147541,0.5,61,2394
PUBLICATION,WORKLOAD_SHIFT,LARS_NO_RUNTIME_VALIDATION,4,69069,SHIFT_WRITE_HOT,8,21001,195320,1,7,195352,199970,PHASE_BOUNDARY,152,SEARCH=0.23684210526315788;INSERT=0.5526315789473685;DELETE=0.03289473684210526;UPDATE=0.1513157894736842;RANGE_SEARCH=0.02631578947368421,SEARCH=0.15384615384615385;INSERT=0.7692307692307693;DELETE=0.0;UPDATE=0.07692307692307693;RANGE_SEARCH=0.0,200.0,2000.0,NaN,200.0,NaN,2000.0,0.9601959583588489,0.042105263157894736,0,0,0.626280737704918,0.5,61,2445
PUBLICATION,WORKLOAD_SHIFT,LARS_NO_RUNTIME_VALIDATION,4,69069,SHIFT_WRITE_HOT,5,20999,192417,1,7,192458,199996,PHASE_BOUNDARY,239,SEARCH=0.20920502092050208;INSERT=0.5271966527196653;DELETE=0.07112970711297072;UPDATE=0.14644351464435146;RANGE_SEARCH=0.04602510460251046,SEARCH=0.03571428571428571;INSERT=0.8214285714285714;DELETE=0.0;UPDATE=0.07142857142857142;RANGE_SEARCH=0.07142857142857142,100.0,2200.0,NaN,200.0,1800.0,2200.0,1.0967098703888336,0.05012531328320802,0,0,0.5947916666666667,0.5,60,2284
PUBLICATION,WORKLOAD_SHIFT,LARS_NO_RUNTIME_VALIDATION,5,48271,SHIFT_SCAN,7,20996,209720,1,7,209747,299664,RUN_END,296,SEARCH=0.47635135135135137;INSERT=0.07432432432432433;DELETE=0.02702702702702703;UPDATE=0.06418918918918919;RANGE_SEARCH=0.3581081081081081,SEARCH=0.3157894736842105;INSERT=0.05263157894736842;DELETE=0.0;UPDATE=0.0;RANGE_SEARCH=0.631578947368421,400.0,1100.0,NaN,NaN,5200.0,5200.0,0.9456066945606695,0.03313802083333333,0,0,0.6053427419354839,0.5,62,2402
PUBLICATION,WORKLOAD_SHIFT,LARS_NO_RUNTIME_VALIDATION,6,134775813,SHIFT_WRITE_HOT,10,21001,196476,1,7,196545,199988,PHASE_BOUNDARY,114,SEARCH=0.17543859649122806;INSERT=0.5789473684210527;DELETE=0.09649122807017543;UPDATE=0.14035087719298245;RANGE_SEARCH=0.008771929824561403,SEARCH=0.0;INSERT=1.0;DELETE=0.0;UPDATE=0.0;RANGE_SEARCH=0.0,NaN,700.0,NaN,NaN,NaN,700.0,0.9350954478707781,0.05405405405405406,0,0,0.6141633064516129,0.515625,62,2437
PUBLICATION,WORKLOAD_SHIFT,LARS_NO_RUNTIME_VALIDATION,6,134775813,SHIFT_WRITE_HOT,8,20997,188918,1,7,188932,199986,PHASE_BOUNDARY,361,SEARCH=0.22437673130193905;INSERT=0.6038781163434903;DELETE=0.05263157894736842;UPDATE=0.11080332409972299;RANGE_SEARCH=0.008310249307479225,SEARCH=0.0;INSERT=1.0;DELETE=0.0;UPDATE=0.0;RANGE_SEARCH=0.0,NaN,1000.0,NaN,NaN,NaN,1000.0,1.1627906976744187,0.046511627906976744,0,0,0.6419491525423728,0.5,59,2424
PUBLICATION,WORKLOAD_SHIFT,LARS_NO_RUNTIME_VALIDATION,7,16807,SHIFT_WRITE_HOT,5,21000,165127,1,6,165146,193814,WINDOW_COMPLETE,1024,SEARCH=0.1943359375;INSERT=0.5546875;DELETE=0.0634765625;UPDATE=0.15234375;RANGE_SEARCH=0.03515625,SEARCH=0.05747126436781609;INSERT=0.7931034482758621;DELETE=0.011494252873563218;UPDATE=0.05747126436781609;RANGE_SEARCH=0.08045977011494253,200.0,1600.0,200.0,200.0,3650.0,3650.0,1.8532894209884048,0.04965089216446858,23,0,0.609375,0.5,61,2379
PUBLICATION,WORKLOAD_SHIFT,LARS_NO_RUNTIME_VALIDATION,7,16807,SHIFT_WRITE_HOT,4,20999,164181,1,6,164197,194537,WINDOW_COMPLETE,1024,SEARCH=0.20703125;INSERT=0.541015625;DELETE=0.0712890625;UPDATE=0.1494140625;RANGE_SEARCH=0.03125,SEARCH=0.08139534883720931;INSERT=0.7558139534883721;DELETE=0.03488372093023256;UPDATE=0.06976744186046512;RANGE_SEARCH=0.05813953488372093,300.0,1800.0,1300.0,200.0,1500.0,1800.0,1.6570344424985406,0.05086206896551724,18,0,0.6203125,0.5,60,2382
PUBLICATION,WORKLOAD_SHIFT,LARS_NO_RUNTIME_VALIDATION,7,16807,SHIFT_WRITE_HOT,6,21001,174300,1,6,174305,199998,PHASE_BOUNDARY,873,SEARCH=0.2004581901489118;INSERT=0.5360824742268041;DELETE=0.08132875143184422;UPDATE=0.145475372279496;RANGE_SEARCH=0.03665521191294387,SEARCH=0.08641975308641975;INSERT=0.8024691358024691;DELETE=0.012345679012345678;UPDATE=0.06172839506172839;RANGE_SEARCH=0.037037037037037035,200.0,1700.0,200.0,200.0,1000.0,1700.0,1.8478260869565217,0.05225863596102746,0,0,0.6151041666666667,0.5,60,2362
PUBLICATION,WORKLOAD_SHIFT,LARS_NO_RUNTIME_VALIDATION,7,16807,SHIFT_WRITE_HOT,5,21000,165127,2,7,193839,199984,PHASE_BOUNDARY,196,SEARCH=0.17346938775510204;INSERT=0.5867346938775511;DELETE=0.04591836734693878;UPDATE=0.14795918367346939;RANGE_SEARCH=0.04591836734693878,SEARCH=0.05263157894736842;INSERT=0.8421052631578947;DELETE=0.05263157894736842;UPDATE=0.05263157894736842;RANGE_SEARCH=0.0,100.0,800.0,800.0,100.0,NaN,800.0,0.9516728624535316,0.042821158690176324,0,0,0.6265120967741935,0.5,62,2486
PUBLICATION,WORKLOAD_SHIFT,LARS_NO_RUNTIME_VALIDATION,7,16807,SHIFT_WRITE_HOT,4,20999,164181,2,7,194545,199959,PHASE_BOUNDARY,203,SEARCH=0.20689655172413793;INSERT=0.5024630541871922;DELETE=0.09359605911330049;UPDATE=0.1625615763546798;RANGE_SEARCH=0.034482758620689655,SEARCH=0.13043478260869565;INSERT=0.8260869565217391;DELETE=0.0;UPDATE=0.0;RANGE_SEARCH=0.043478260869565216,200.0,700.0,NaN,NaN,900.0,900.0,0.9468768242848803,0.0547945205479452,0,0,0.64375,0.515625,60,2472
PUBLICATION,WORKLOAD_SHIFT,LARS_NO_RUNTIME_VALIDATION,7,16807,SHIFT_WRITE_HOT,7,20997,196207,1,7,196276,199953,PHASE_BOUNDARY,127,SEARCH=0.16535433070866143;INSERT=0.6220472440944882;DELETE=0.06299212598425197;UPDATE=0.11023622047244094;RANGE_SEARCH=0.03937007874015748,SEARCH=0.0;INSERT=0.6666666666666666;DELETE=0.0;UPDATE=0.16666666666666666;RANGE_SEARCH=0.16666666666666666,NaN,500.0,NaN,100.0,600.0,600.0,0.9566309351207029,0.04186046511627907,0,0,0.6333512931034483,0.5,58,2351
PUBLICATION,WORKLOAD_SHIFT,LARS_NO_RUNTIME_VALIDATION,8,2147483647,SHIFT_WRITE_HOT,3,20996,158967,1,6,158989,189549,WINDOW_COMPLETE,1024,SEARCH=0.208984375;INSERT=0.537109375;DELETE=0.0771484375;UPDATE=0.138671875;RANGE_SEARCH=0.0380859375,SEARCH=0.05660377358490566;INSERT=0.7358490566037735;DELETE=0.0660377358490566;UPDATE=0.08490566037735849;RANGE_SEARCH=0.05660377358490566,200.0,1500.0,3600.0,300.0,800.0,1500.0,1.8199560490139797,0.05203136136849608,20,0,0.6238425925925926,0.5,54,2156
PUBLICATION,WORKLOAD_SHIFT,LARS_NO_RUNTIME_VALIDATION,8,2147483647,SHIFT_WRITE_HOT,3,20996,158967,2,7,189558,199999,PHASE_BOUNDARY,353,SEARCH=0.1954674220963173;INSERT=0.5127478753541076;DELETE=0.0906515580736544;UPDATE=0.16997167138810199;RANGE_SEARCH=0.031161473087818695,SEARCH=0.0;INSERT=0.8;DELETE=0.03333333333333333;UPDATE=0.06666666666666667;RANGE_SEARCH=0.1,NaN,2100.0,600.0,200.0,800.0,2100.0,1.0144927536231885,0.04794520547945205,0,0,0.6337719298245614,0.5,57,2312
PUBLICATION,WORKLOAD_SHIFT,LARS_NO_RUNTIME_VALIDATION,9,6364136223846793005,SHIFT_WRITE_HOT,5,20999,195975,1,7,195985,199971,PHASE_BOUNDARY,129,SEARCH=0.18604651162790697;INSERT=0.5581395348837209;DELETE=0.06201550387596899;UPDATE=0.17054263565891473;RANGE_SEARCH=0.023255813953488372,SEARCH=0.0;INSERT=0.9090909090909091;DELETE=0.0;UPDATE=0.09090909090909091;RANGE_SEARCH=0.0,NaN,600.0,NaN,100.0,NaN,600.0,0.9409949865021212,0.05223880597014925,0,0,0.6384698275862069,0.5,58,2370
PUBLICATION,WORKLOAD_SHIFT,LARS_NO_RUNTIME_VALIDATION,9,6364136223846793005,SHIFT_WRITE_HOT,3,21001,190006,1,7,190008,199921,PHASE_BOUNDARY,349,SEARCH=0.18051575931232092;INSERT=0.5759312320916905;DELETE=0.0659025787965616;UPDATE=0.15472779369627507;RANGE_SEARCH=0.022922636103151862,SEARCH=0.1;INSERT=0.85;DELETE=0.025;UPDATE=0.025;RANGE_SEARCH=0.0,200.0,2200.0,200.0,200.0,NaN,2200.0,1.291837933059307,0.05862068965517241,0,0,0.6150102459016393,0.53125,61,2401
PUBLICATION,WORKLOAD_SHIFT,LOCAL_COST_ADAPTIVE,0,1103515245,SHIFT_WRITE_HOT,1,21000,144445,1,5,144453,166596,WINDOW_COMPLETE,1024,SEARCH=0.1884765625;INSERT=0.55078125;DELETE=0.07421875;UPDATE=0.1533203125;RANGE_SEARCH=0.033203125,SEARCH=0.12631578947368421;INSERT=0.7684210526315789;DELETE=0.0;UPDATE=0.05263157894736842;RANGE_SEARCH=0.05263157894736842,200.0,7900.0,NaN,200.0,800.0,7900.0,3.134920634920635,0.05656350053361793,6,0,0.7877604166666666,0.5,36,1815
PUBLICATION,WORKLOAD_SHIFT,LOCAL_COST_ADAPTIVE,0,1103515245,SHIFT_WRITE_HOT,1,21000,144445,2,6,166605,199536,WINDOW_COMPLETE,1024,SEARCH=0.189453125;INSERT=0.568359375;DELETE=0.080078125;UPDATE=0.130859375;RANGE_SEARCH=0.03125,SEARCH=0.07368421052631578;INSERT=0.8210526315789474;DELETE=0.021052631578947368;UPDATE=0.042105263157894736;RANGE_SEARCH=0.042105263157894736,200.0,1400.0,600.0,200.0,700.0,1400.0,1.8216149910079968,0.05183199285075961,22,0,0.6295797413793104,0.5,58,2337
PUBLICATION,WORKLOAD_SHIFT,LOCAL_COST_ADAPTIVE,0,1103515245,SHIFT_WRITE_HOT,7,21001,199572,1,7,199589,199985,PHASE_BOUNDARY,15,SEARCH=0.3333333333333333;INSERT=0.4666666666666667;DELETE=0.0;UPDATE=0.2;RANGE_SEARCH=0.0,SEARCH=0.0;INSERT=1.0;DELETE=0.0;UPDATE=0.0;RANGE_SEARCH=0.0,NaN,800.0,NaN,NaN,NaN,800.0,NaN,NaN,0,0,0.6174395161290323,0.515625,62,2450
PUBLICATION,WORKLOAD_SHIFT,LOCAL_COST_ADAPTIVE,0,1103515245,SHIFT_WRITE_HOT,1,21000,144445,3,7,199539,199984,PHASE_BOUNDARY,17,SEARCH=0.29411764705882354;INSERT=0.5294117647058824;DELETE=0.058823529411764705;UPDATE=0.058823529411764705;RANGE_SEARCH=0.058823529411764705,SEARCH=0.0;INSERT=0.5;DELETE=0.0;UPDATE=0.0;RANGE_SEARCH=0.5,NaN,900.0,NaN,NaN,1000.0,1000.0,NaN,0.041666666666666664,0,0,0.6317349137931034,0.5,58,2345
PUBLICATION,WORKLOAD_SHIFT,LOCAL_COST_ADAPTIVE,0,1103515245,SHIFT_WRITE_HOT,4,20998,193701,1,7,193704,199998,PHASE_BOUNDARY,215,SEARCH=0.20930232558139536;INSERT=0.5395348837209303;DELETE=0.08837209302325581;UPDATE=0.14418604651162792;RANGE_SEARCH=0.018604651162790697,SEARCH=0.0;INSERT=0.8333333333333334;DELETE=0.041666666666666664;UPDATE=0.041666666666666664;RANGE_SEARCH=0.08333333333333333,NaN,1800.0,200.0,200.0,1100.0,1800.0,0.9782944777688454,0.04093567251461988,0,0,0.6193647540983607,0.5,61,2418
PUBLICATION,WORKLOAD_SHIFT,LOCAL_COST_ADAPTIVE,1,214013,SHIFT_WRITE_HOT,1,20996,144859,1,5,144874,164052,WINDOW_COMPLETE,1024,SEARCH=0.1865234375;INSERT=0.5712890625;DELETE=0.068359375;UPDATE=0.1435546875;RANGE_SEARCH=0.0302734375,SEARCH=0.07777777777777778;INSERT=0.8777777777777778;DELETE=0.011111111111111112;UPDATE=0.011111111111111112;RANGE_SEARCH=0.022222222222222223,300.0,1000.0,1400.0,100.0,400.0,1400.0,1.119935046105666,0.05773955773955774,4,0,0.7545955882352942,0.5,34,1642
PUBLICATION,WORKLOAD_SHIFT,LOCAL_COST_ADAPTIVE,1,214013,SHIFT_WRITE_HOT,1,20996,144859,2,6,164093,196510,WINDOW_COMPLETE,1024,SEARCH=0.193359375;INSERT=0.5693359375;DELETE=0.064453125;UPDATE=0.1455078125;RANGE_SEARCH=0.02734375,SEARCH=0.03614457831325301;INSERT=0.891566265060241;DELETE=0.012048192771084338;UPDATE=0.03614457831325301;RANGE_SEARCH=0.024096385542168676,100.0,900.0,500.0,200.0,700.0,900.0,1.7094573643410853,0.05179704016913319,19,0,0.6415094339622641,0.5,53,2176
PUBLICATION,WORKLOAD_SHIFT,LOCAL_COST_ADAPTIVE,1,214013,SHIFT_WRITE_HOT,1,20996,144859,3,7,196521,199906,PHASE_BOUNDARY,121,SEARCH=0.2396694214876033;INSERT=0.5206611570247934;DELETE=0.0743801652892562;UPDATE=0.14049586776859505;RANGE_SEARCH=0.024793388429752067,SEARCH=0.09090909090909091;INSERT=0.8181818181818182;DELETE=0.0;UPDATE=0.09090909090909091;RANGE_SEARCH=0.0,100.0,700.0,NaN,100.0,NaN,700.0,0.9637209302325581,0.05555555555555555,0,0,0.6580188679245284,0.5,53,2232
PUBLICATION,WORKLOAD_SHIFT,LOCAL_COST_ADAPTIVE,1,214013,SHIFT_WRITE_HOT,2,21001,190376,1,7,190436,199995,PHASE_BOUNDARY,315,SEARCH=0.18095238095238095;INSERT=0.5777777777777777;DELETE=0.07936507936507936;UPDATE=0.13968253968253969;RANGE_SEARCH=0.022222222222222223,SEARCH=0.08333333333333333;INSERT=0.8333333333333334;DELETE=0.041666666666666664;UPDATE=0.041666666666666664;RANGE_SEARCH=0.0,100.0,1100.0,200.0,100.0,NaN,1100.0,0.9592914663338666,0.056140350877192984,0,0,0.6395285087719298,0.5,57,2333
PUBLICATION,WORKLOAD_SHIFT,LOCAL_COST_ADAPTIVE,2,1664525,SHIFT_WRITE_HOT,1,20996,190735,1,7,190756,199965,PHASE_BOUNDARY,335,SEARCH=0.21791044776119403;INSERT=0.5791044776119403;DELETE=0.05970149253731343;UPDATE=0.11940298507462686;RANGE_SEARCH=0.023880597014925373,SEARCH=0.12121212121212122;INSERT=0.8484848484848485;DELETE=0.030303030303030304;UPDATE=0.0;RANGE_SEARCH=0.0,300.0,1400.0,600.0,NaN,NaN,1400.0,0.9817785391683539,0.05660377358490566,0,0,0.6277721774193549,0.5,62,2491
PUBLICATION,WORKLOAD_SHIFT,LOCAL_COST_ADAPTIVE,2,1664525,SHIFT_WRITE_HOT,3,20998,194586,1,7,194600,199999,PHASE_BOUNDARY,200,SEARCH=0.195;INSERT=0.555;DELETE=0.075;UPDATE=0.155;RANGE_SEARCH=0.02,SEARCH=0.1;INSERT=0.85;DELETE=0.0;UPDATE=0.05;RANGE_SEARCH=0.0,200.0,1000.0,NaN,200.0,NaN,1000.0,0.9391083097206963,0.05555555555555555,0,0,0.6247395833333333,0.515625,60,2399
PUBLICATION,WORKLOAD_SHIFT,LOCAL_COST_ADAPTIVE,3,22695477,SHIFT_SCAN,5,21001,223177,1,7,224102,299041,RUN_END,221,SEARCH=0.4298642533936652;INSERT=0.08597285067873303;DELETE=0.03167420814479638;UPDATE=0.027149321266968326;RANGE_SEARCH=0.4253393665158371,SEARCH=0.14285714285714285;INSERT=0.0;DELETE=0.0;UPDATE=0.0;RANGE_SEARCH=0.8571428571428571,300.0,NaN,NaN,NaN,2500.0,2500.0,0.957356335803669,0.03210874357090375,0,0,0.6132172131147541,0.5,61,2394
PUBLICATION,WORKLOAD_SHIFT,LOCAL_COST_ADAPTIVE,4,69069,SHIFT_WRITE_HOT,1,20999,192417,1,7,192458,199996,PHASE_BOUNDARY,239,SEARCH=0.20920502092050208;INSERT=0.5271966527196653;DELETE=0.07112970711297072;UPDATE=0.14644351464435146;RANGE_SEARCH=0.04602510460251046,SEARCH=0.03571428571428571;INSERT=0.8214285714285714;DELETE=0.0;UPDATE=0.07142857142857142;RANGE_SEARCH=0.07142857142857142,200.0,1900.0,NaN,200.0,2200.0,2200.0,0.9601617540201561,0.05012531328320802,0,0,0.5947916666666667,0.5,60,2284
PUBLICATION,WORKLOAD_SHIFT,LOCAL_COST_ADAPTIVE,5,48271,SHIFT_WRITE_HOT,1,21001,145768,1,5,145773,166696,WINDOW_COMPLETE,1024,SEARCH=0.205078125;INSERT=0.5390625;DELETE=0.0751953125;UPDATE=0.1572265625;RANGE_SEARCH=0.0234375,SEARCH=0.11864406779661017;INSERT=0.7966101694915254;DELETE=0.05084745762711865;UPDATE=0.03389830508474576;RANGE_SEARCH=0.0,200.0,900.0,700.0,100.0,NaN,900.0,1.1135206011397447,0.051775147928994084,4,0,0.7977941176470589,0.515625,34,1736
PUBLICATION,WORKLOAD_SHIFT,LOCAL_COST_ADAPTIVE,5,48271,SHIFT_WRITE_HOT,1,21001,145768,2,6,166717,195478,WINDOW_COMPLETE,1024,SEARCH=0.2041015625;INSERT=0.513671875;DELETE=0.0751953125;UPDATE=0.1796875;RANGE_SEARCH=0.02734375,SEARCH=0.029411764705882353;INSERT=0.7647058823529411;DELETE=0.058823529411764705;UPDATE=0.08823529411764706;RANGE_SEARCH=0.058823529411764705,400.0,3100.0,1600.0,200.0,1000.0,1800.0,1.7853870414150257,0.049163179916317995,21,0,0.6264204545454546,0.5,55,2205
PUBLICATION,WORKLOAD_SHIFT,LOCAL_COST_ADAPTIVE,5,48271,SHIFT_WRITE_HOT,1,21001,145768,3,7,195486,199987,PHASE_BOUNDARY,129,SEARCH=0.21705426356589147;INSERT=0.5658914728682171;DELETE=0.06201550387596899;UPDATE=0.12403100775193798;RANGE_SEARCH=0.031007751937984496,SEARCH=0.0;INSERT=0.8125;DELETE=0.0625;UPDATE=0.0625;RANGE_SEARCH=0.0625,NaN,900.0,1700.0,100.0,600.0,1700.0,0.9561752988047808,0.04819277108433735,0,0,0.6344866071428571,0.5,56,2274
PUBLICATION,WORKLOAD_SHIFT,LOCAL_COST_ADAPTIVE,5,48271,SHIFT_WRITE_HOT,3,20997,190772,1,7,190883,199972,PHASE_BOUNDARY,333,SEARCH=0.1921921921921922;INSERT=0.5405405405405406;DELETE=0.07207207207207207;UPDATE=0.16216216216216217;RANGE_SEARCH=0.03303303303303303,SEARCH=0.06451612903225806;INSERT=0.7419354838709677;DELETE=0.06451612903225806;UPDATE=0.06451612903225806;RANGE_SEARCH=0.06451612903225806,100.0,700.0,500.0,100.0,900.0,900.0,0.9601861836041594,0.04310344827586207,0,0,0.6357581967213115,0.5,61,2482
PUBLICATION,WORKLOAD_SHIFT,LOCAL_COST_ADAPTIVE,5,48271,SHIFT_SCAN,4,20996,209720,1,7,209747,299664,RUN_END,296,SEARCH=0.47635135135135137;INSERT=0.07432432432432433;DELETE=0.02702702702702703;UPDATE=0.06418918918918919;RANGE_SEARCH=0.3581081081081081,SEARCH=0.3157894736842105;INSERT=0.05263157894736842;DELETE=0.0;UPDATE=0.0;RANGE_SEARCH=0.631578947368421,300.0,1300.0,NaN,NaN,5500.0,5500.0,0.9471336210045949,0.03313802083333333,0,0,0.6053427419354839,0.5,62,2402
PUBLICATION,WORKLOAD_SHIFT,LOCAL_COST_ADAPTIVE,6,134775813,SHIFT_WRITE_HOT,2,20997,158992,1,6,158994,188918,WINDOW_COMPLETE,1024,SEARCH=0.19921875;INSERT=0.5712890625;DELETE=0.064453125;UPDATE=0.1337890625;RANGE_SEARCH=0.03125,SEARCH=0.07894736842105263;INSERT=0.8157894736842105;DELETE=0.013157894736842105;UPDATE=0.06578947368421052;RANGE_SEARCH=0.02631578947368421,300.0,2800.0,1000.0,200.0,1100.0,2800.0,2.88659793814433,0.05907626208378088,21,0,0.6429398148148148,0.515625,54,2222
PUBLICATION,WORKLOAD_SHIFT,LOCAL_COST_ADAPTIVE,6,134775813,SHIFT_WRITE_HOT,2,20997,158992,2,7,188932,199986,PHASE_BOUNDARY,361,SEARCH=0.22437673130193905;INSERT=0.6038781163434903;DELETE=0.05263157894736842;UPDATE=0.11080332409972299;RANGE_SEARCH=0.008310249307479225,SEARCH=0.0;INSERT=1.0;DELETE=0.0;UPDATE=0.0;RANGE_SEARCH=0.0,NaN,800.0,NaN,NaN,NaN,800.0,0.9718004338394793,0.046511627906976744,0,0,0.6419491525423728,0.5,59,2424
PUBLICATION,WORKLOAD_SHIFT,LOCAL_COST_ADAPTIVE,7,16807,SHIFT_WRITE_HOT,4,20996,146122,1,5,146126,162812,WINDOW_COMPLETE,1024,SEARCH=0.2080078125;INSERT=0.5322265625;DELETE=0.0712890625;UPDATE=0.1474609375;RANGE_SEARCH=0.041015625,SEARCH=0.05128205128205128;INSERT=0.8205128205128205;DELETE=0.02564102564102564;UPDATE=0.05128205128205128;RANGE_SEARCH=0.05128205128205128,300.0,2900.0,700.0,200.0,900.0,2900.0,1.0561089315938328,0.0547945205479452,3,0,0.828125,0.5,33,1749
PUBLICATION,WORKLOAD_SHIFT,LOCAL_COST_ADAPTIVE,7,16807,SHIFT_WRITE_HOT,3,20997,144415,1,5,144419,164090,WINDOW_COMPLETE,1024,SEARCH=0.185546875;INSERT=0.5537109375;DELETE=0.0791015625;UPDATE=0.15234375;RANGE_SEARCH=0.029296875,SEARCH=0.09782608695652174;INSERT=0.7608695652173914;DELETE=0.05434782608695652;UPDATE=0.043478260869565216;RANGE_SEARCH=0.043478260869565216,300.0,58000.0,900.0,200.0,1700.0,58000.0,27.61904761904762,0.05819477434679335,6,0,0.7608506944444444,0.5,36,1753
PUBLICATION,WORKLOAD_SHIFT,LOCAL_COST_ADAPTIVE,7,16807,SHIFT_WRITE_HOT,2,20999,143914,1,5,143933,165427,WINDOW_COMPLETE,1024,SEARCH=0.2255859375;INSERT=0.541015625;DELETE=0.05859375;UPDATE=0.1435546875;RANGE_SEARCH=0.03125,SEARCH=0.08333333333333333;INSERT=0.8020833333333334;DELETE=0.03125;UPDATE=0.041666666666666664;RANGE_SEARCH=0.041666666666666664,400.0,2700.0,900.0,300.0,1500.0,2700.0,1.2703827038040245,0.05810055865921788,8,0,0.7528782894736842,0.5,38,1831
PUBLICATION,WORKLOAD_SHIFT,LOCAL_COST_ADAPTIVE,7,16807,SHIFT_WRITE_HOT,1,21001,143123,1,5,143130,174300,WINDOW_COMPLETE,1024,SEARCH=0.2099609375;INSERT=0.5439453125;DELETE=0.0712890625;UPDATE=0.1572265625;RANGE_SEARCH=0.017578125,SEARCH=0.08235294117647059;INSERT=0.8235294117647058;DELETE=0.023529411764705882;UPDATE=0.058823529411764705;RANGE_SEARCH=0.011764705882352941,300.0,6700.0,3600.0,500.0,800.0,6700.0,6.4423076923076925,0.05675146771037182,6,0,0.7768429487179487,0.515625,39,1939
PUBLICATION,WORKLOAD_SHIFT,LOCAL_COST_ADAPTIVE,7,16807,SHIFT_WRITE_HOT,4,20996,146122,2,6,162843,193486,WINDOW_COMPLETE,1024,SEARCH=0.20703125;INSERT=0.5419921875;DELETE=0.0615234375;UPDATE=0.1630859375;RANGE_SEARCH=0.0263671875,SEARCH=0.0963855421686747;INSERT=0.7108433734939759;DELETE=0.03614457831325301;UPDATE=0.10843373493975904;RANGE_SEARCH=0.04819277108433735,200.0,3000.0,900.0,400.0,1200.0,3000.0,1.9073820810891795,0.050865800865800864,25,0,0.607489224137931,0.5,58,2255
PUBLICATION,WORKLOAD_SHIFT,LOCAL_COST_ADAPTIVE,7,16807,SHIFT_WRITE_HOT,3,20997,144415,2,6,164100,196207,WINDOW_COMPLETE,1024,SEARCH=0.1953125;INSERT=0.568359375;DELETE=0.07421875;UPDATE=0.1298828125;RANGE_SEARCH=0.0322265625,SEARCH=0.06382978723404255;INSERT=0.7978723404255319;DELETE=0.02127659574468085;UPDATE=0.09574468085106383;RANGE_SEARCH=0.02127659574468085,300.0,16100.0,700.0,300.0,20500.0,20500.0,7.666666666666667,0.052545155993431854,20,0,0.6353236607142857,0.5,56,2277
PUBLICATION,WORKLOAD_SHIFT,LOCAL_COST_ADAPTIVE,7,16807,SHIFT_WRITE_HOT,2,20999,143914,2,6,165457,196640,WINDOW_COMPLETE,1024,SEARCH=0.1982421875;INSERT=0.529296875;DELETE=0.078125;UPDATE=0.1630859375;RANGE_SEARCH=0.03125,SEARCH=0.07865168539325842;INSERT=0.7528089887640449;DELETE=0.033707865168539325;UPDATE=0.06741573033707865;RANGE_SEARCH=0.06741573033707865,300.0,113400.0,4000.0,300.0,1800.0,113400.0,50.625,0.0494458653026428,21,0,0.613082627118644,0.5,59,2315
PUBLICATION,WORKLOAD_SHIFT,LOCAL_COST_ADAPTIVE,7,16807,SHIFT_WRITE_HOT,4,20996,146122,3,7,193493,199975,PHASE_BOUNDARY,230,SEARCH=0.1956521739130435;INSERT=0.5173913043478261;DELETE=0.07391304347826087;UPDATE=0.19130434782608696;RANGE_SEARCH=0.021739130434782608,SEARCH=0.10526315789473684;INSERT=0.631578947368421;DELETE=0.05263157894736842;UPDATE=0.05263157894736842;RANGE_SEARCH=0.15789473684210525,300.0,2000.0,600.0,100.0,1200.0,2000.0,0.9372738238841978,0.05142857142857143,0,0,0.6247351694915254,0.5,59,2359
PUBLICATION,WORKLOAD_SHIFT,LOCAL_COST_ADAPTIVE,7,16807,SHIFT_WRITE_HOT,3,20997,144415,3,7,196276,199953,PHASE_BOUNDARY,127,SEARCH=0.16535433070866143;INSERT=0.6220472440944882;DELETE=0.06299212598425197;UPDATE=0.11023622047244094;RANGE_SEARCH=0.03937007874015748,SEARCH=0.0;INSERT=0.6666666666666666;DELETE=0.0;UPDATE=0.16666666666666666;RANGE_SEARCH=0.16666666666666666,NaN,700.0,NaN,300.0,2500.0,2500.0,0.9561215096655415,0.046511627906976744,0,0,0.6226165254237288,0.5,59,2351
PUBLICATION,WORKLOAD_SHIFT,LOCAL_COST_ADAPTIVE,7,16807,SHIFT_WRITE_HOT,6,20998,172714,1,6,172733,199991,PHASE_BOUNDARY,906,SEARCH=0.20750551876379691;INSERT=0.5728476821192053;DELETE=0.05849889624724062;UPDATE=0.1368653421633554;RANGE_SEARCH=0.024282560706401765,SEARCH=0.08139534883720931;INSERT=0.8372093023255814;DELETE=0.023255813953488372;UPDATE=0.046511627906976744;RANGE_SEARCH=0.011627906976744186,300.0,4100.0,300.0,300.0,1000.0,4100.0,1.1549295774647887,0.04945717732207479,0,0,0.665340909090909,0.5,55,2342
PUBLICATION,WORKLOAD_SHIFT,LOCAL_COST_ADAPTIVE,7,16807,SHIFT_WRITE_HOT,2,20999,143914,3,7,196691,199959,PHASE_BOUNDARY,115,SEARCH=0.20869565217391303;INSERT=0.5739130434782609;DELETE=0.06956521739130435;UPDATE=0.12173913043478261;RANGE_SEARCH=0.02608695652173913,SEARCH=0.06666666666666667;INSERT=0.9333333333333333;DELETE=0.0;UPDATE=0.0;RANGE_SEARCH=0.0,200.0,2500.0,NaN,NaN,NaN,2500.0,0.9468768242848803,0.056910569105691054,0,0,0.6295021186440678,0.5,59,2377
PUBLICATION,WORKLOAD_SHIFT,LOCAL_COST_ADAPTIVE,7,16807,SHIFT_WRITE_HOT,7,21000,193814,1,7,193839,199984,PHASE_BOUNDARY,196,SEARCH=0.17346938775510204;INSERT=0.5867346938775511;DELETE=0.04591836734693878;UPDATE=0.14795918367346939;RANGE_SEARCH=0.04591836734693878,SEARCH=0.05263157894736842;INSERT=0.8421052631578947;DELETE=0.05263157894736842;UPDATE=0.05263157894736842;RANGE_SEARCH=0.0,100.0,2200.0,1300.0,300.0,NaN,2200.0,1.0869565217391304,0.04534005037783375,0,0,0.6165674603174603,0.5,63,2486
PUBLICATION,WORKLOAD_SHIFT,LOCAL_COST_ADAPTIVE,7,16807,SHIFT_WRITE_HOT,1,21001,143123,2,6,174305,199998,PHASE_BOUNDARY,873,SEARCH=0.2004581901489118;INSERT=0.5360824742268041;DELETE=0.08132875143184422;UPDATE=0.145475372279496;RANGE_SEARCH=0.03665521191294387,SEARCH=0.08641975308641975;INSERT=0.8024691358024691;DELETE=0.012345679012345678;UPDATE=0.06172839506172839;RANGE_SEARCH=0.037037037037037035,700.0,2800.0,200.0,1200.0,1000.0,2800.0,2.6923076923076925,0.05225863596102746,0,0,0.6151041666666667,0.5,60,2362
PUBLICATION,WORKLOAD_SHIFT,LOCAL_COST_ADAPTIVE,8,2147483647,SHIFT_WRITE_HOT,1,20999,144191,1,5,144223,159537,WINDOW_COMPLETE,1024,SEARCH=0.1923828125;INSERT=0.560546875;DELETE=0.068359375;UPDATE=0.1513671875;RANGE_SEARCH=0.02734375,SEARCH=0.06593406593406594;INSERT=0.7472527472527473;DELETE=0.03296703296703297;UPDATE=0.08791208791208792;RANGE_SEARCH=0.06593406593406594,300.0,10600.0,1200.0,300.0,2000.0,10600.0,4.0926640926640925,0.06258322237017311,3,0,0.7935606060606061,0.5,33,1676
PUBLICATION,WORKLOAD_SHIFT,LOCAL_COST_ADAPTIVE,8,2147483647,SHIFT_WRITE_HOT,2,21001,144745,1,5,144796,167043,WINDOW_COMPLETE,1024,SEARCH=0.16796875;INSERT=0.5595703125;DELETE=0.08203125;UPDATE=0.162109375;RANGE_SEARCH=0.0283203125,SEARCH=0.03571428571428571;INSERT=0.8571428571428571;DELETE=0.023809523809523808;UPDATE=0.047619047619047616;RANGE_SEARCH=0.03571428571428571,200.0,14600.0,1700.0,300.0,400.0,14600.0,4.694533762057878,0.05052878965922444,9,0,0.765625,0.5,39,1911
PUBLICATION,WORKLOAD_SHIFT,LOCAL_COST_ADAPTIVE,8,2147483647,SHIFT_WRITE_HOT,1,20999,144191,2,6,159539,189919,WINDOW_COMPLETE,1024,SEARCH=0.2099609375;INSERT=0.5517578125;DELETE=0.06640625;UPDATE=0.1357421875;RANGE_SEARCH=0.0361328125,SEARCH=0.060240963855421686;INSERT=0.8313253012048193;DELETE=0.024096385542168676;UPDATE=0.060240963855421686;RANGE_SEARCH=0.024096385542168676,200.0,2400.0,700.0,400.0,700.0,2400.0,1.812185832495553,0.05259026687598116,20,0,0.6468160377358491,0.5,53,2194
PUBLICATION,WORKLOAD_SHIFT,LOCAL_COST_ADAPTIVE,8,2147483647,SHIFT_WRITE_HOT,2,21001,144745,2,6,167090,195738,WINDOW_COMPLETE,1024,SEARCH=0.2060546875;INSERT=0.56640625;DELETE=0.0556640625;UPDATE=0.138671875;RANGE_SEARCH=0.033203125,SEARCH=0.05063291139240506;INSERT=0.7721518987341772;DELETE=0.012658227848101266;UPDATE=0.11392405063291139;RANGE_SEARCH=0.05063291139240506,200.0,1700.0,700.0,400.0,800.0,1700.0,1.8752368542739228,0.053840063341250986,23,0,0.6179435483870968,0.5,62,2452
PUBLICATION,WORKLOAD_SHIFT,LOCAL_COST_ADAPTIVE,8,2147483647,SHIFT_WRITE_HOT,2,21001,144745,3,7,195744,199991,PHASE_BOUNDARY,159,SEARCH=0.2389937106918239;INSERT=0.5283018867924528;DELETE=0.06289308176100629;UPDATE=0.1320754716981132;RANGE_SEARCH=0.03773584905660377,SEARCH=0.07142857142857142;INSERT=0.9285714285714286;DELETE=0.0;UPDATE=0.0;RANGE_SEARCH=0.0,200.0,1300.0,NaN,NaN,NaN,1300.0,0.9569665964489918,0.045454545454545456,0,0,0.6274801587301587,0.5,63,2530
PUBLICATION,WORKLOAD_SHIFT,LOCAL_COST_ADAPTIVE,8,2147483647,SHIFT_WRITE_HOT,3,20996,189549,1,7,189558,199999,PHASE_BOUNDARY,353,SEARCH=0.1954674220963173;INSERT=0.5127478753541076;DELETE=0.0906515580736544;UPDATE=0.16997167138810199;RANGE_SEARCH=0.031161473087818695,SEARCH=0.0;INSERT=0.8;DELETE=0.03333333333333333;UPDATE=0.06666666666666667;RANGE_SEARCH=0.1,NaN,2000.0,700.0,200.0,900.0,2000.0,1.07469102632993,0.04794520547945205,0,0,0.6228448275862069,0.515625,58,2312
PUBLICATION,WORKLOAD_SHIFT,LOCAL_COST_ADAPTIVE,8,2147483647,SHIFT_WRITE_HOT,1,20999,144191,3,7,189957,199978,PHASE_BOUNDARY,336,SEARCH=0.19345238095238096;INSERT=0.5386904761904762;DELETE=0.06547619047619048;UPDATE=0.1488095238095238;RANGE_SEARCH=0.05357142857142857,SEARCH=0.0;INSERT=0.8571428571428571;DELETE=0.0;UPDATE=0.09523809523809523;RANGE_SEARCH=0.047619047619047616,NaN,1100.0,NaN,200.0,6000.0,6000.0,0.9838308457711442,0.05185185185185185,0,0,0.6469298245614035,0.5,57,2360
PUBLICATION,WORKLOAD_SHIFT,LOCAL_COST_ADAPTIVE,9,6364136223846793005,SHIFT_WRITE_HOT,1,21001,141967,1,5,141976,158740,WINDOW_COMPLETE,1024,SEARCH=0.1669921875;INSERT=0.58203125;DELETE=0.0625;UPDATE=0.16015625;RANGE_SEARCH=0.0283203125,SEARCH=0.06818181818181818;INSERT=0.7954545454545454;DELETE=0.045454545454545456;UPDATE=0.045454545454545456;RANGE_SEARCH=0.045454545454545456,200.0,1100.0,600.0,200.0,700.0,1100.0,1.1048597643405462,0.0625,3,0,0.8101325757575758,0.515625,33,1711
PUBLICATION,WORKLOAD_SHIFT,LOCAL_COST_ADAPTIVE,9,6364136223846793005,SHIFT_WRITE_HOT,1,21001,141967,2,6,158791,190006,WINDOW_COMPLETE,1024,SEARCH=0.2080078125;INSERT=0.5458984375;DELETE=0.068359375;UPDATE=0.1416015625;RANGE_SEARCH=0.0361328125,SEARCH=0.09473684210526316;INSERT=0.7894736842105263;DELETE=0.042105263157894736;UPDATE=0.031578947368421054;RANGE_SEARCH=0.042105263157894736,200.0,2100.0,700.0,200.0,1900.0,2100.0,1.98357709217363,0.050239234449760764,24,0,0.6085526315789473,0.5,57,2220
PUBLICATION,WORKLOAD_SHIFT,LOCAL_COST_ADAPTIVE,9,6364136223846793005,SHIFT_WRITE_HOT,1,21001,141967,3,7,190008,199921,PHASE_BOUNDARY,349,SEARCH=0.18051575931232092;INSERT=0.5759312320916905;DELETE=0.0659025787965616;UPDATE=0.15472779369627507;RANGE_SEARCH=0.022922636103151862,SEARCH=0.1;INSERT=0.85;DELETE=0.025;UPDATE=0.025;RANGE_SEARCH=0.0,100.0,1900.0,100.0,200.0,NaN,1900.0,0.9879592466810744,0.05517241379310345,0,0,0.6252604166666667,0.53125,60,2401
