profile,workload,variant,repetition,seed,initial_records,operations,elapsed_nanos,throughput_ops_s,mean_latency_ns,p50_latency_ns,p95_latency_ns,p99_latency_ns,max_latency_ns,search_p95_ns,insert_p95_ns,delete_p95_ns,update_p95_ns,range_p95_ns,final_records,leaf_count,avg_occupancy,peak_heap_bytes,process_cpu_nanos,current_thread_cpu_nanos,current_thread_allocated_bytes,gc_collections,gc_time_millis,jit_compilation_millis,controller_nanos,controller_time_share_pct,maintenance_count,maintenance_nanos,records_moved,leaves_touched,full_rebuilds,commit_count,rollback_count,abstain_count,no_trial_commits,failed_trials_kept,structural_attempts,expected_diagnosis_matches,expected_diagnosis_mismatches,observation_windows,reference_ready_windows,degraded_windows,persistent_triggers,diagnosis_attempts,confident_diagnoses,candidate_selections,trial_starts
PUBLICATION,INSERT_PRESSURE_CONTROL,LARS_FULL,0,1103515245,10000,2384,17335100,137524.44462391332,6939.387583892618,300.0,1300.0,11100.0,10913200,NaN,NaN,NaN,NaN,NaN,12384,272,0.7113970588235294,14680064,93750000,31250000,1037624,0,0,25,14844700,85.6337719424751,1,533000,55,3,0,0,1,0,0,0,1,1,0,17,2,2,1,1,1,1,1
PUBLICATION,INSERT_PRESSURE_CONTROL,LARS_FULL,1,214013,10000,2384,2405500,991062.149241322,665.2684563758389,300.0,1200.0,6400.0,175700,NaN,NaN,NaN,NaN,NaN,12384,272,0.7113970588235294,16777216,31250000,0,460512,0,0,4,415600,17.27707337351902,1,27200,55,3,0,0,1,0,0,0,1,1,0,17,2,2,1,1,1,1,1
PUBLICATION,INSERT_PRESSURE_CONTROL,LARS_FULL,2,1664525,10000,2384,14803000,161048.43612781193,5915.10067114094,300.0,1200.0,7600.0,9437900,NaN,NaN,NaN,NaN,NaN,12384,272,0.7113970588235294,14680064,46875000,15625000,1033256,0,0,46,12627700,85.3050057420793,1,376400,55,3,0,0,1,0,0,0,1,1,0,17,2,2,1,1,1,1,1
PUBLICATION,INSERT_PRESSURE_CONTROL,LARS_FULL,3,22695477,10000,2384,2389400,997740.0184146648,668.1208053691275,300.0,1100.0,6100.0,156300,NaN,NaN,NaN,NaN,NaN,12384,272,0.7113970588235294,14680064,0,0,460512,0,0,3,408200,17.08378672470076,1,20900,55,3,0,0,1,0,0,0,1,1,0,17,2,2,1,1,1,1,1
PUBLICATION,INSERT_PRESSURE_CONTROL,LARS_FULL,4,69069,10000,2384,2402300,992382.3002955501,673.238255033557,300.0,1200.0,6600.0,170000,NaN,NaN,NaN,NaN,NaN,12384,272,0.7113970588235294,14680064,0,0,460776,0,0,2,427400,17.79128335345294,1,22000,55,3,0,0,1,0,0,0,1,1,0,17,2,2,1,1,1,1,1
PUBLICATION,INSERT_PRESSURE_CONTROL,LARS_FULL,5,48271,10000,2384,16823300,141708.22609119496,6759.689597315436,200.0,1100.0,6900.0,11326000,NaN,NaN,NaN,NaN,NaN,12384,272,0.7113970588235294,15728640,93750000,15625000,1028912,0,0,35,14666300,87.1784964899871,1,346100,55,3,0,0,1,0,0,0,1,1,0,17,2,2,1,1,1,1,1
PUBLICATION,INSERT_PRESSURE_CONTROL,LARS_FULL,6,134775813,10000,2384,16222500,146956.38773308677,6463.296979865771,300.0,1200.0,8800.0,10304100,NaN,NaN,NaN,NaN,NaN,12384,272,0.7113970588235294,14680064,31250000,15625000,1035536,0,0,60,13802200,85.08059793496686,1,381700,55,3,0,0,1,0,0,0,1,1,0,17,2,2,1,1,1,1,1
PUBLICATION,INSERT_PRESSURE_CONTROL,LARS_FULL,7,16807,10000,2384,16131400,147786.30497043033,6464.890939597315,200.0,1000.0,6400.0,10488100,NaN,NaN,NaN,NaN,NaN,12384,272,0.7113970588235294,14680064,93750000,31250000,1030488,0,0,62,14149300,87.71278376334354,1,411000,55,3,0,0,1,0,0,0,1,1,0,17,2,2,1,1,1,1,1
PUBLICATION,INSERT_PRESSURE_CONTROL,LARS_FULL,8,2147483647,10000,2384,2164000,1101663.5859519409,561.4093959731543,200.0,1000.0,6400.0,138700,NaN,NaN,NaN,NaN,NaN,12384,272,0.7113970588235294,14680064,0,0,415400,0,0,1,392500,18.137707948243992,1,20000,55,3,0,0,1,0,0,0,1,1,0,17,2,2,1,1,1,1,1
PUBLICATION,INSERT_PRESSURE_CONTROL,LARS_FULL,9,6364136223846793005,10000,2384,3067200,777256.1293688054,849.8322147651006,300.0,1600.0,8200.0,249400,NaN,NaN,NaN,NaN,NaN,12384,272,0.7113970588235294,14680064,0,0,461480,0,0,27,557300,18.169666145018258,1,39000,55,3,0,0,1,0,0,0,1,1,0,17,2,2,1,1,1,1,1
PUBLICATION,LOCAL_HOTSPOT,LARS_FULL,0,1103515245,1000000,300000,270961700,1107167.5443429828,670.03,500.0,1600.0,2700.0,3716200,400.0,1700.0,1700.0,500.0,3500.0,1116659,23343,0.747453064087735,248512512,1000000000,281250000,98187008,0,0,744,31417400,11.594775202547076,3,808600,177,9,0,2,1,12,0,0,3,0,0,218,127,62,23,15,9,3,3
PUBLICATION,LOCAL_HOTSPOT,LARS_FULL,1,214013,1000000,300000,262456600,1143046.126483388,666.6406666666667,500.0,1600.0,2700.0,10622700,400.0,1700.0,1700.0,400.0,3700.0,1115764,23359,0.7463424161993236,246415360,765625000,250000000,95604456,0,0,756,20980400,7.993854984024026,4,119000,245,12,0,1,3,8,0,0,4,0,0,220,126,57,18,12,5,4,4
PUBLICATION,LOCAL_HOTSPOT,LARS_FULL,2,1664525,1000000,300000,295265100,1016036.0977304801,788.978,600.0,1700.0,2700.0,18159700,500.0,1900.0,1800.0,500.0,3800.0,1116289,23362,0.7465977067459978,251658240,1000000000,296875000,101144272,0,0,995,38254700,12.956052035950066,4,839500,259,13,0,2,2,15,0,0,4,0,0,222,129,76,38,19,9,4,4
PUBLICATION,LOCAL_HOTSPOT,LARS_FULL,3,22695477,1000000,300000,285607600,1050392.2164536237,714.3576666666667,500.0,1600.0,2800.0,9001600,500.0,1800.0,1800.0,500.0,3600.0,1116254,23371,0.7462867977407899,251658240,859375000,250000000,100343752,0,0,879,38327100,13.419495839746562,6,1120900,319,18,0,5,1,13,0,0,6,0,0,214,125,65,27,19,8,6,6
PUBLICATION,LOCAL_HOTSPOT,LARS_FULL,4,69069,1000000,300000,236338700,1269364.6872052695,606.625,500.0,1500.0,2400.0,1490800,400.0,1600.0,1700.0,400.0,3400.0,1116551,23387,0.7459746600675589,252786832,562500000,234375000,100832536,0,0,503,13708300,5.800277313871998,5,294900,330,16,0,3,2,8,0,0,5,0,0,219,126,65,30,13,5,5,5
PUBLICATION,LOCAL_HOTSPOT,LARS_FULL,5,48271,1000000,300000,270905500,1107397.2289230009,715.5666666666667,500.0,1500.0,2900.0,16365600,400.0,1800.0,1700.0,500.0,3600.0,1116139,23363,0.7464654314514403,249561088,875000000,281250000,99673984,0,0,657,37234400,13.74442379353686,7,972200,414,22,0,4,3,7,0,0,7,0,0,218,116,70,33,14,8,7,7
PUBLICATION,LOCAL_HOTSPOT,LARS_FULL,6,134775813,1000000,300000,308124000,973633.9915099116,826.11,600.0,1900.0,4000.0,4400300,500.0,2200.0,2200.0,600.0,4200.0,1116029,23360,0.7464877193921233,249641104,1046875000,296875000,99782272,0,0,939,19977900,6.483720839661954,5,727300,290,15,0,5,0,17,0,0,5,0,0,221,121,72,33,22,11,5,5
PUBLICATION,LOCAL_HOTSPOT,LARS_FULL,7,16807,1000000,300000,328624800,912895.1923287591,862.4803333333333,500.0,1900.0,4400.0,15937100,500.0,2200.0,2100.0,500.0,4400.0,1116229,23369,0.7463339520304677,249561088,984375000,312500000,98197376,0,0,791,43105200,13.116843281456543,4,808800,223,12,0,1,3,10,0,0,4,0,0,218,126,63,23,14,8,4,4
PUBLICATION,LOCAL_HOTSPOT,LARS_FULL,8,2147483647,1000000,300000,279155100,1074671.3923550027,706.9683333333334,500.0,1700.0,3300.0,6937700,500.0,1900.0,1800.0,500.0,3700.0,1115520,23357,0.7462430962880507,249561088,859375000,281250000,99371696,0,0,783,33414200,11.96976161280951,4,1089900,235,12,0,3,1,3,0,0,4,0,0,219,128,61,23,7,4,4,4
PUBLICATION,LOCAL_HOTSPOT,LARS_FULL,9,6364136223846793005,1000000,300000,284482200,1054547.5252933223,760.429,600.0,1600.0,2700.0,13703300,400.0,1800.0,1800.0,500.0,3500.0,1116488,23362,0.7467308021573495,248512512,984375000,281250000,98312840,0,0,807,35479700,12.47167661104983,7,892400,418,22,0,4,3,6,0,0,7,0,0,222,124,72,29,13,7,7,7
PUBLICATION,LOCAL_HOTSPOT,LARS_MONITOR_ONLY,0,1103515245,1000000,300000,218567600,1372573.0620640938,568.445,500.0,1400.0,2400.0,343900,400.0,1600.0,1500.0,400.0,3500.0,1116659,23345,0.7473890286999357,242352144,515625000,218750000,91099976,0,0,480,2573200,1.1773016677677752,0,0,0,0,0,0,0,0,0,0,0,0,0,219,130,66,32,0,0,0,0
PUBLICATION,LOCAL_HOTSPOT,LARS_MONITOR_ONLY,1,214013,1000000,300000,243761000,1230713.690869335,652.1716666666666,500.0,1700.0,3700.0,286000,400.0,1900.0,1800.0,400.0,4100.0,1115764,23360,0.746310466609589,243269632,625000000,250000000,92547184,0,0,613,2134100,0.8754886958947493,0,0,0,0,0,0,0,0,0,0,0,0,0,222,133,68,27,0,0,0,0
PUBLICATION,LOCAL_HOTSPOT,LARS_MONITOR_ONLY,2,1664525,1000000,300000,202076900,1484583.3442615164,530.2496666666667,500.0,1300.0,2000.0,205600,300.0,1500.0,1500.0,300.0,3300.0,1116289,23363,0.7465657503317211,244398224,531250000,218750000,92705200,0,0,436,1751100,0.8665512980454471,0,0,0,0,0,0,0,0,0,0,0,0,0,225,135,81,39,0,0,0,0
PUBLICATION,LOCAL_HOTSPOT,LARS_MONITOR_ONLY,3,22695477,1000000,300000,222721200,1346975.501209584,573.925,500.0,1500.0,2400.0,503500,400.0,1700.0,1700.0,400.0,3100.0,1116254,23373,0.746222938861079,241252496,718750000,234375000,91485024,0,0,652,1851600,0.8313532793465552,0,0,0,0,0,0,0,0,0,0,0,0,0,216,132,64,26,0,0,0,0
PUBLICATION,LOCAL_HOTSPOT,LARS_MONITOR_ONLY,4,69069,1000000,300000,217384900,1380040.6559977257,567.7856666666667,500.0,1400.0,2300.0,362700,400.0,1600.0,1500.0,400.0,3400.0,1116551,23388,0.7459427644518557,243269632,625000000,218750000,91775552,0,0,433,1943600,0.8940823396657266,0,0,0,0,0,0,0,0,0,0,0,0,0,221,134,74,35,0,0,0,0
PUBLICATION,LOCAL_HOTSPOT,LARS_MONITOR_ONLY,5,48271,1000000,300000,221057200,1357114.8101034483,580.959,500.0,1500.0,2600.0,329500,400.0,1700.0,1600.0,400.0,3500.0,1116139,23366,0.7463695915004708,242221056,500000000,218750000,91554960,0,0,469,1855000,0.8391493242472989,0,0,0,0,0,0,0,0,0,0,0,0,0,221,128,75,36,0,0,0,0
PUBLICATION,LOCAL_HOTSPOT,LARS_MONITOR_ONLY,6,134775813,1000000,300000,204301100,1468420.8748753679,541.1406666666667,500.0,1400.0,2300.0,443200,400.0,1500.0,1500.0,400.0,3300.0,1116029,23364,0.7463599180362952,242221056,687500000,218750000,92480712,0,0,493,2034400,0.9957851426154828,0,0,0,0,0,0,0,0,0,0,0,0,0,222,130,66,30,0,0,0,0
PUBLICATION,LOCAL_HOTSPOT,LARS_MONITOR_ONLY,7,16807,1000000,300000,212988300,1408528.0740773084,568.2386666666666,500.0,1500.0,2500.0,308300,400.0,1700.0,1600.0,400.0,3400.0,1116229,23370,0.7463020164741121,241172480,484375000,218750000,91205272,0,0,376,1741000,0.8174157923228647,0,0,0,0,0,0,0,0,0,0,0,0,0,220,131,77,31,0,0,0,0
PUBLICATION,LOCAL_HOTSPOT,LARS_MONITOR_ONLY,8,2147483647,1000000,300000,206977300,1449434.3099460665,537.4233333333333,500.0,1400.0,2100.0,231000,400.0,1500.0,1500.0,400.0,3300.0,1115520,23359,0.7461792028768355,242221056,437500000,203125000,91359488,0,0,386,1794300,0.8669066607787425,0,0,0,0,0,0,0,0,0,0,0,0,0,221,133,71,26,0,0,0,0
PUBLICATION,LOCAL_HOTSPOT,LARS_MONITOR_ONLY,9,6364136223846793005,1000000,300000,238251000,1259176.2468992786,622.514,500.0,1600.0,2400.0,246000,400.0,1700.0,1700.0,400.0,3600.0,1116488,23364,0.746666880671118,243269632,578125000,250000000,92219288,0,0,399,2517100,1.056490843690058,0,0,0,0,0,0,0,0,0,0,0,0,0,223,133,69,32,0,0,0,0
PUBLICATION,LOCAL_HOTSPOT,LARS_NO_DIAGNOSIS,0,1103515245,1000000,300000,337978500,887630.4261957491,887.4756666666667,600.0,1900.0,3800.0,16186100,500.0,2200.0,2100.0,600.0,4200.0,1116659,23344,0.7474210450222756,249561088,1203125000,328125000,98486656,0,0,1213,44160200,13.065979048963174,5,1317400,331,16,0,3,2,9,0,0,5,0,0,218,124,56,20,0,0,5,5
PUBLICATION,LOCAL_HOTSPOT,LARS_NO_DIAGNOSIS,1,214013,1000000,300000,305551200,981832.1773895832,798.1836666666667,600.0,1700.0,2800.0,19214000,400.0,1900.0,1800.0,500.0,4100.0,1115764,23355,0.7464702419182188,252706816,1046875000,265625000,100869864,0,0,1059,42358200,13.86288124543448,6,1031300,358,19,0,4,2,5,0,0,6,0,0,219,124,67,29,0,0,6,6
PUBLICATION,LOCAL_HOTSPOT,LARS_NO_DIAGNOSIS,2,1664525,1000000,300000,292510000,1025605.9621893269,729.116,500.0,1800.0,3500.0,949600,500.0,2000.0,2000.0,500.0,3900.0,1116289,23363,0.7465657503317211,249561088,796875000,296875000,97785512,0,0,789,30752600,10.513349970941164,5,171000,310,16,0,4,1,10,0,0,5,0,0,223,127,71,33,0,0,5,5
PUBLICATION,LOCAL_HOTSPOT,LARS_NO_DIAGNOSIS,3,22695477,1000000,300000,374903400,800206.1330998866,990.3316666666667,600.0,2100.0,4500.0,22091600,500.0,2400.0,2400.0,600.0,4400.0,1116254,23371,0.7462867977407899,247463936,1265625000,375000000,96072768,0,0,1250,50550700,13.483660057497477,5,1660400,306,17,0,3,2,6,0,0,5,0,0,213,124,59,26,0,0,5,5
PUBLICATION,LOCAL_HOTSPOT,LARS_NO_DIAGNOSIS,4,69069,1000000,300000,303353800,988944.2624420726,797.8313333333333,500.0,1700.0,3200.0,14531500,500.0,1900.0,1900.0,500.0,3600.0,1116551,23385,0.7460384594825743,253755392,984375000,281250000,101139296,0,0,891,42309400,13.947212792455542,5,958300,339,16,0,3,2,13,0,0,5,0,0,219,125,65,27,0,0,5,5
PUBLICATION,LOCAL_HOTSPOT,LARS_NO_DIAGNOSIS,5,48271,1000000,300000,315156300,951908.6243873278,828.6233333333333,500.0,1700.0,3200.0,14915800,500.0,1900.0,1800.0,500.0,3900.0,1116139,23361,0.7465293384272933,252706816,906250000,281250000,100512120,0,0,908,47465200,15.060844412756463,8,1228400,489,25,0,6,2,2,0,0,8,0,0,218,113,64,24,0,0,8,8
PUBLICATION,LOCAL_HOTSPOT,LARS_NO_DIAGNOSIS,6,134775813,1000000,300000,274369000,1093417.9881837962,721.9593333333333,600.0,1600.0,2400.0,15856700,400.0,1800.0,1700.0,400.0,3800.0,1116029,23363,0.7463918642725678,248643600,921875000,281250000,97588896,0,0,642,31515600,11.486574649468416,5,159200,275,15,0,3,2,7,0,0,5,0,0,220,122,57,22,0,0,5,5
PUBLICATION,LOCAL_HOTSPOT,LARS_NO_DIAGNOSIS,7,16807,1000000,300000,250524100,1197489.5828385374,638.8333333333334,500.0,1500.0,2700.0,1053600,400.0,1700.0,1600.0,400.0,3700.0,1116229,23369,0.7463339520304677,250609664,812500000,265625000,98373200,0,0,599,16135700,6.440777553935929,4,118400,227,12,0,2,2,7,0,0,4,0,0,219,127,55,17,0,0,4,4
PUBLICATION,LOCAL_HOTSPOT,LARS_NO_DIAGNOSIS,8,2147483647,1000000,300000,254190800,1180215.8063942518,658.801,500.0,1500.0,2600.0,13023700,400.0,1600.0,1700.0,500.0,3500.0,1115520,23355,0.7463070006422607,251658240,687500000,250000000,100123656,0,0,481,29631900,11.657345584497945,7,198000,398,21,0,4,3,1,0,0,7,0,0,219,124,68,26,0,0,7,7
PUBLICATION,LOCAL_HOTSPOT,LARS_NO_DIAGNOSIS,9,6364136223846793005,1000000,300000,242964100,1234750.3190800615,631.104,500.0,1500.0,2400.0,1284400,400.0,1700.0,1700.0,500.0,3600.0,1116488,23361,0.7467627670048371,248643600,500000000,250000000,97176544,0,0,421,17063500,7.023054023207544,7,209000,377,21,0,4,3,3,0,0,7,0,0,220,121,66,26,0,0,7,7
PUBLICATION,LOCAL_HOTSPOT,LARS_NO_LOCALITY,0,1103515245,1000000,300000,270623900,1108549.5405246913,717.244,500.0,1600.0,2600.0,14914800,400.0,1700.0,1700.0,500.0,3700.0,1116659,23344,0.7474210450222756,250609664,781250000,265625000,98794496,0,0,701,36124500,13.34859929222807,5,797800,327,16,0,2,3,6,0,0,5,0,0,217,123,66,28,11,5,5,5
PUBLICATION,LOCAL_HOTSPOT,LARS_NO_LOCALITY,1,214013,1000000,300000,272878800,1099389.179371941,734.87,500.0,1600.0,2800.0,18465800,400.0,1800.0,1700.0,500.0,3600.0,1115764,23356,0.7464382813837986,249561088,734375000,250000000,99383416,0,0,791,37357800,13.690253695047032,4,879700,267,13,0,3,1,18,0,0,4,0,0,221,127,67,33,22,9,4,4
PUBLICATION,LOCAL_HOTSPOT,LARS_NO_LOCALITY,2,1664525,1000000,300000,285157800,1052049.0759852966,753.672,500.0,1700.0,3000.0,11909500,500.0,1900.0,1800.0,500.0,3800.0,1116289,23360,0.7466616277825342,251658240,968750000,296875000,101119760,0,0,819,33712200,11.822296286477172,6,886700,372,19,0,4,2,13,0,0,6,0,0,222,126,73,36,19,11,6,6
PUBLICATION,LOCAL_HOTSPOT,LARS_NO_LOCALITY,3,22695477,1000000,300000,286969700,1045406.5359513565,762.731,600.0,1600.0,2900.0,13173900,400.0,1900.0,1900.0,500.0,3900.0,1116254,23372,0.7462548669347938,245366784,906250000,281250000,94426456,0,0,821,27406000,9.550137174760959,2,844600,115,6,0,1,1,13,0,0,2,0,0,215,130,60,20,15,8,2,2
PUBLICATION,LOCAL_HOTSPOT,LARS_NO_LOCALITY,4,69069,1000000,300000,316964700,946477.6361531741,833.0143333333333,500.0,1800.0,3900.0,20233400,500.0,2100.0,2100.0,600.0,3900.0,1116551,23386,0.7460065584110152,250609664,984375000,312500000,100405840,0,0,959,43028500,13.575170989072285,5,952300,238,15,0,3,2,11,0,0,5,0,0,219,125,65,21,16,6,5,5
PUBLICATION,LOCAL_HOTSPOT,LARS_NO_LOCALITY,5,48271,1000000,300000,297265400,1009199.186989135,761.4206666666666,600.0,1600.0,2600.0,10811100,500.0,1800.0,1800.0,500.0,3900.0,1116139,23362,0.746497383571612,248592528,1062500000,296875000,98983608,0,0,760,35128600,11.817251520022175,5,936400,325,16,0,3,2,13,0,0,5,0,0,220,122,66,27,18,9,5,5
PUBLICATION,LOCAL_HOTSPOT,LARS_NO_LOCALITY,6,134775813,1000000,300000,266494600,1125726.3749434322,640.1426666666666,600.0,1500.0,2300.0,652900,400.0,1700.0,1700.0,400.0,3700.0,1116029,23365,0.7463279745345602,248512512,843750000,265625000,97162776,0,0,756,23747200,8.910949790352225,3,89900,176,9,0,2,1,13,0,0,3,0,0,221,127,55,24,16,9,3,3
PUBLICATION,LOCAL_HOTSPOT,LARS_NO_LOCALITY,7,16807,1000000,300000,283242800,1059161.9628107052,736.3076666666667,500.0,1600.0,2800.0,13243300,400.0,1700.0,1700.0,500.0,3600.0,1116229,23368,0.7463658903200958,250609664,968750000,281250000,99221560,0,0,854,37397400,13.203301196005688,4,963200,231,12,0,2,2,13,0,0,4,0,0,219,126,57,22,17,9,4,4
PUBLICATION,LOCAL_HOTSPOT,LARS_NO_LOCALITY,8,2147483647,1000000,300000,332255700,902919.0469870042,847.488,600.0,1800.0,3100.0,16029800,500.0,2100.0,2000.0,600.0,4200.0,1115520,23360,0.7461472602739726,248512512,1125000000,312500000,97457328,0,0,760,41987700,12.637164689725413,4,1096300,226,12,0,2,2,11,0,0,4,0,0,219,128,67,24,15,8,4,4
PUBLICATION,LOCAL_HOTSPOT,LARS_NO_LOCALITY,9,6364136223846793005,1000000,300000,241610800,1241666.349351933,627.6246666666667,500.0,1400.0,2300.0,13501300,400.0,1600.0,1500.0,400.0,3400.0,1116488,23362,0.7467308021573495,251658240,625000000,234375000,101063176,0,0,527,26490200,10.963996642534191,7,199500,393,21,0,5,2,8,0,0,7,0,0,219,120,64,30,15,9,7,7
PUBLICATION,LOCAL_HOTSPOT,LARS_NO_ROLLBACK,0,1103515245,1000000,300000,288559900,1039645.4947482308,759.618,500.0,1700.0,3100.0,15744500,500.0,1900.0,1900.0,500.0,3800.0,1116659,23345,0.7473890286999357,250609664,1015625000,296875000,98940640,0,0,956,39114800,13.555175199326033,3,1056700,155,9,0,1,0,11,0,2,3,0,0,219,126,60,24,14,7,3,3
PUBLICATION,LOCAL_HOTSPOT,LARS_NO_ROLLBACK,1,214013,1000000,300000,276831100,1083693.2700119314,736.6,500.0,1600.0,2900.0,16979800,400.0,1800.0,1800.0,500.0,3700.0,1115764,23356,0.7464382813837986,250609664,781250000,265625000,99943880,0,0,826,37743200,13.63401727623811,6,1148300,344,18,0,3,0,13,0,3,6,0,0,220,126,66,32,19,8,6,6
PUBLICATION,LOCAL_HOTSPOT,LARS_NO_ROLLBACK,2,1664525,1000000,300000,300025000,999916.6736105324,741.6706666666666,500.0,1700.0,3300.0,4573900,500.0,2000.0,1900.0,500.0,3700.0,1116289,23362,0.7465977067459978,249561088,953125000,296875000,99296840,0,0,970,36122900,12.039963336388634,4,929700,249,13,0,3,0,16,0,1,4,0,0,223,131,77,36,20,9,4,4
PUBLICATION,LOCAL_HOTSPOT,LARS_NO_ROLLBACK,3,22695477,1000000,300000,283125200,1059601.9005019688,746.273,600.0,1700.0,2800.0,6278300,500.0,1900.0,1900.0,500.0,4000.0,1116254,23371,0.7462867977407899,250609664,1078125000,296875000,98901280,0,0,931,18536900,6.547244823138315,4,961000,199,12,0,4,0,13,0,0,4,0,0,214,122,57,24,17,6,4,4
PUBLICATION,LOCAL_HOTSPOT,LARS_NO_ROLLBACK,4,69069,1000000,300000,277301900,1081853.3879501007,732.1703333333334,600.0,1700.0,3100.0,4649100,400.0,1900.0,1900.0,500.0,3800.0,1116551,23383,0.7461022698114015,250609664,984375000,281250000,99753776,0,0,860,17529300,6.321377531131232,6,928000,359,19,0,6,0,7,0,0,6,0,0,218,124,62,22,13,8,6,6
PUBLICATION,LOCAL_HOTSPOT,LARS_NO_ROLLBACK,5,48271,1000000,300000,268074600,1119091.4767754946,708.0166666666667,500.0,1600.0,2900.0,12309600,400.0,1700.0,1800.0,500.0,3700.0,1116139,23364,0.746433482066427,247463936,828125000,265625000,97233472,0,0,713,29313700,10.93490394091794,3,764100,181,9,0,1,0,13,0,2,3,0,0,221,127,67,26,16,9,3,3
PUBLICATION,LOCAL_HOTSPOT,LARS_NO_ROLLBACK,6,134775813,1000000,300000,248950500,1205058.8369977165,605.936,500.0,1500.0,2400.0,1896800,400.0,1600.0,1700.0,400.0,3500.0,1116029,23363,0.7463918642725678,250689680,734375000,265625000,99227264,0,0,462,23397700,9.39853505014049,4,121200,222,12,0,3,0,12,0,1,4,0,0,221,125,64,25,16,8,4,4
PUBLICATION,LOCAL_HOTSPOT,LARS_NO_ROLLBACK,7,16807,1000000,300000,249441400,1202687.2844684161,650.217,500.0,1500.0,2500.0,9970600,400.0,1700.0,1600.0,400.0,3500.0,1116229,23367,0.7463978313433475,250609664,593750000,250000000,99821584,0,0,580,24440000,9.797892410802698,6,168400,352,18,0,4,0,9,0,2,6,0,0,217,121,70,32,15,7,6,6
PUBLICATION,LOCAL_HOTSPOT,LARS_NO_ROLLBACK,8,2147483647,1000000,300000,279936000,1071673.525377229,691.0173333333333,500.0,1600.0,2800.0,4496500,400.0,1800.0,1700.0,500.0,3800.0,1115520,23360,0.7461472602739726,247463936,906250000,281250000,97493424,0,0,876,29766900,10.63346622085048,3,961800,181,9,0,2,0,12,0,1,3,0,0,219,130,62,24,15,7,3,3
PUBLICATION,LOCAL_HOTSPOT,LARS_NO_ROLLBACK,9,6364136223846793005,1000000,300000,244394900,1227521.523566981,635.4856666666667,500.0,1400.0,2200.0,10768700,400.0,1600.0,1500.0,400.0,3400.0,1116488,23360,0.7467947345890411,251658240,609375000,234375000,100848104,0,0,530,26748000,10.944581904123204,8,246200,439,24,0,5,0,5,0,3,8,0,0,221,120,71,32,13,8,8,8
PUBLICATION,LOCAL_HOTSPOT,LARS_NO_RUNTIME_VALIDATION,0,1103515245,1000000,300000,249922200,1200373.5562507052,650.3863333333334,500.0,1500.0,2500.0,4401300,400.0,1700.0,1700.0,400.0,3500.0,1116659,23342,0.747485085896667,247463936,781250000,250000000,96505712,0,0,670,19646300,7.860966332722743,7,1045900,393,21,0,7,0,18,7,0,7,0,0,219,121,62,25,25,13,7,7
PUBLICATION,LOCAL_HOTSPOT,LARS_NO_RUNTIME_VALIDATION,1,214013,1000000,300000,247223400,1213477.3650067106,642.6643333333334,500.0,1500.0,2700.0,890200,400.0,1700.0,1700.0,400.0,3700.0,1115764,23356,0.7464382813837986,249561088,734375000,250000000,97772704,0,0,763,12074600,4.884084597170009,9,266000,530,27,0,9,0,17,9,0,9,0,0,222,120,60,26,26,14,9,9
PUBLICATION,LOCAL_HOTSPOT,LARS_NO_RUNTIME_VALIDATION,2,1664525,1000000,300000,259063500,1158017.2428767465,658.8083333333333,500.0,1600.0,2700.0,6031300,400.0,1800.0,1700.0,400.0,3600.0,1116289,23361,0.7466296658961517,247463936,843750000,250000000,96433592,0,0,628,15945700,6.1551318499132455,9,928800,522,28,0,9,0,16,9,0,9,0,0,226,125,67,25,25,13,9,9
PUBLICATION,LOCAL_HOTSPOT,LARS_NO_RUNTIME_VALIDATION,3,22695477,1000000,300000,243012200,1234505.9219249075,633.0786666666667,500.0,1500.0,2700.0,941300,400.0,1700.0,1700.0,400.0,3600.0,1116254,23367,0.7464145482946035,247463936,750000000,250000000,96395984,0,0,650,11137400,4.583062084948821,8,215100,454,24,0,8,0,27,8,0,8,0,0,216,124,73,35,35,14,8,8
PUBLICATION,LOCAL_HOTSPOT,LARS_NO_RUNTIME_VALIDATION,4,69069,1000000,300000,222554600,1347983.8205995292,586.344,500.0,1400.0,2100.0,6099400,400.0,1500.0,1500.0,400.0,3300.0,1116551,23384,0.7460703632825864,247463936,468750000,234375000,96713976,0,0,428,14671700,6.592404740230038,8,1019100,478,25,0,8,0,16,8,0,8,0,0,221,123,66,24,24,10,8,8
PUBLICATION,LOCAL_HOTSPOT,LARS_NO_RUNTIME_VALIDATION,5,48271,1000000,300000,323597500,927077.6195736988,845.9256666666666,600.0,2000.0,4300.0,3097600,500.0,2400.0,2400.0,500.0,4000.0,1116139,23361,0.7465293384272933,247463936,921875000,296875000,96573936,0,0,1026,19511300,6.029496519596103,5,210500,324,16,0,5,0,21,5,0,5,0,0,222,125,64,26,26,17,5,5
PUBLICATION,LOCAL_HOTSPOT,LARS_NO_RUNTIME_VALIDATION,6,134775813,1000000,300000,250866400,1195855.6426847118,647.747,500.0,1600.0,2400.0,1728000,400.0,1700.0,1700.0,400.0,3300.0,1116029,23359,0.7465196765700587,248512512,781250000,265625000,96861792,0,0,594,11624700,4.63382102983899,8,210800,439,24,0,8,0,12,8,0,8,0,0,222,121,59,20,20,12,8,8
PUBLICATION,LOCAL_HOTSPOT,LARS_NO_RUNTIME_VALIDATION,7,16807,1000000,300000,239087600,1254770.2181125244,630.1156666666667,500.0,1400.0,2400.0,6428800,400.0,1600.0,1600.0,400.0,3400.0,1116229,23370,0.7463020164741121,247463936,640625000,234375000,96634776,0,0,549,16586500,6.937415407574462,5,1114500,284,15,0,5,0,15,5,0,5,0,0,221,125,66,20,20,9,5,5
PUBLICATION,LOCAL_HOTSPOT,LARS_NO_RUNTIME_VALIDATION,8,2147483647,1000000,300000,261576300,1146892.8951132041,673.6786666666667,500.0,1600.0,2500.0,4209200,400.0,1700.0,1700.0,400.0,3600.0,1115520,23356,0.7462750470971057,247463936,765625000,234375000,95778456,0,0,693,16376600,6.2607353953702995,5,1096400,289,15,0,5,0,17,5,0,5,0,0,221,128,61,22,22,11,5,5
PUBLICATION,LOCAL_HOTSPOT,LARS_NO_RUNTIME_VALIDATION,9,6364136223846793005,1000000,300000,265649600,1129307.177575272,680.9826666666667,500.0,1600.0,2700.0,6653400,400.0,1800.0,1800.0,400.0,3800.0,1116488,23357,0.7468906537654665,250609664,687500000,265625000,100700680,0,0,560,19846000,7.470743415386283,13,1254900,743,40,0,13,0,19,13,0,13,0,0,222,111,64,32,32,16,13,13
PUBLICATION,LOCAL_HOTSPOT,LOCAL_COST_ADAPTIVE,0,1103515245,1000000,300000,258981500,1158383.9000083017,675.0036666666666,500.0,1500.0,2700.0,4547700,400.0,1700.0,1700.0,400.0,3800.0,1116659,23341,0.7475171104494238,244318208,890625000,250000000,94050240,0,0,744,21031700,8.120927556601533,8,920300,457,24,0,8,0,8,8,0,8,0,0,219,116,49,16,0,0,8,8
PUBLICATION,LOCAL_HOTSPOT,LOCAL_COST_ADAPTIVE,1,214013,1000000,300000,270044800,1110926.7795565773,712.3396666666666,500.0,1600.0,3000.0,4768600,400.0,1800.0,1700.0,400.0,3800.0,1115764,23359,0.7463424161993236,245366784,921875000,281250000,95119776,0,0,804,29817200,11.041575323798126,14,1230800,753,42,0,14,0,10,14,0,14,0,0,222,112,58,24,0,0,14,14
PUBLICATION,LOCAL_HOTSPOT,LOCAL_COST_ADAPTIVE,2,1664525,1000000,300000,287794100,1042411.9187988912,771.5686666666667,500.0,1700.0,3500.0,5089700,400.0,2000.0,1900.0,400.0,3800.0,1116289,23352,0.7469174214200068,251658240,984375000,296875000,99809664,0,0,813,31366200,10.898833575809928,19,1413400,1155,60,0,19,0,9,19,0,19,0,0,225,112,68,28,0,0,19,19
PUBLICATION,LOCAL_HOTSPOT,LOCAL_COST_ADAPTIVE,3,22695477,1000000,300000,264733400,1133215.5292834225,687.7523333333334,500.0,1500.0,2700.0,5839800,400.0,1700.0,1700.0,400.0,3700.0,1116254,23370,0.7463187312794181,247463936,875000000,281250000,96912072,0,0,819,21778600,8.226615908683982,7,1432200,410,21,0,7,0,15,7,0,7,0,0,216,127,62,22,0,0,7,7
PUBLICATION,LOCAL_HOTSPOT,LOCAL_COST_ADAPTIVE,4,69069,1000000,300000,234970000,1276758.7351576798,617.1886666666667,500.0,1400.0,2200.0,1677500,400.0,1600.0,1500.0,400.0,3300.0,1116551,23379,0.7462299232216947,248592528,656250000,218750000,97723280,0,0,546,17245500,7.339447589053922,12,338900,748,37,0,12,0,11,12,0,12,0,0,222,121,62,23,0,0,12,12
PUBLICATION,LOCAL_HOTSPOT,LOCAL_COST_ADAPTIVE,5,48271,1000000,300000,335020000,895468.9272282252,876.3746666666667,700.0,1900.0,3500.0,4537300,500.0,2200.0,2200.0,500.0,4100.0,1116139,23359,0.7465932563465901,248512512,828125000,343750000,97180872,0,0,627,25678300,7.664706584681512,9,1076800,550,28,0,9,0,16,9,0,9,0,0,221,121,57,25,0,0,9,9
PUBLICATION,LOCAL_HOTSPOT,LOCAL_COST_ADAPTIVE,6,134775813,1000000,300000,254235500,1180008.2993917058,658.788,500.0,1500.0,2200.0,1664400,400.0,1600.0,1600.0,400.0,3600.0,1116029,23363,0.7463918642725678,252739600,671875000,250000000,100571128,0,0,614,20894300,8.218482469993372,13,366200,729,39,0,13,0,12,13,0,13,0,0,223,120,63,25,0,0,13,13
PUBLICATION,LOCAL_HOTSPOT,LOCAL_COST_ADAPTIVE,7,16807,1000000,300000,246526000,1216910.1839156924,651.886,500.0,1500.0,2200.0,1247200,400.0,1700.0,1600.0,400.0,3500.0,1116229,23369,0.7463339520304677,249561088,656250000,250000000,96868120,0,0,550,17249400,6.996990175478449,9,279400,530,28,0,9,0,9,9,0,9,0,0,221,116,63,18,0,0,9,9
PUBLICATION,LOCAL_HOTSPOT,LOCAL_COST_ADAPTIVE,8,2147483647,1000000,300000,240297100,1248454.5173454029,611.576,500.0,1400.0,2200.0,1104000,400.0,1600.0,1500.0,400.0,3400.0,1115520,23354,0.7463389569238674,246415360,796875000,250000000,95089792,0,0,469,17629800,7.336667816631994,13,377300,712,39,0,13,0,9,13,0,13,0,0,221,115,56,22,0,0,13,13
PUBLICATION,LOCAL_HOTSPOT,LOCAL_COST_ADAPTIVE,9,6364136223846793005,1000000,300000,260099300,1153405.641614568,654.2793333333333,500.0,1500.0,2500.0,3540100,400.0,1700.0,1600.0,400.0,3700.0,1116488,23357,0.7468906537654665,247463936,843750000,281250000,96911968,0,0,682,18741300,7.205440383730368,10,952400,540,30,0,10,0,11,10,0,10,0,0,223,119,61,21,0,0,10,10
PUBLICATION,LOCAL_HOTSPOT,PERIODIC_GLOBAL_REBUILD,0,1103515245,1000000,300000,577430000,519543.49444954365,1778.804,400.0,1200.0,1800.0,99213000,300.0,1400.0,1400.0,300.0,800.0,1116659,23264,0.7499912686984181,566311056,2328125000,515625000,534151680,2,76,871,0,0.0,6,221363800,6399621,266022,6,0,0,0,0,0,6,0,0,0,0,0,0,0,0,0,0
PUBLICATION,LOCAL_HOTSPOT,PERIODIC_GLOBAL_REBUILD,1,214013,1000000,300000,621907900,482386.53987190063,1741.6303333333333,500.0,1600.0,2700.0,82854200,400.0,1800.0,1900.0,400.0,1400.0,1115764,23246,0.7499704250193582,567279616,2687500000,546875000,533595272,2,86,1134,0,0.0,6,228874700,6396995,265919,6,0,0,0,0,0,6,0,0,0,0,0,0,0,0,0,0
PUBLICATION,LOCAL_HOTSPOT,PERIODIC_GLOBAL_REBUILD,2,1664525,1000000,300000,712319500,421159.3252746836,2207.3606666666665,500.0,1300.0,1800.0,111416000,300.0,1500.0,1500.0,300.0,900.0,1116289,23257,0.7499684234854023,506518440,2781250000,609375000,534123128,3,105,988,0,0.0,6,320772200,6398320,265972,6,0,0,0,0,0,6,0,0,0,0,0,0,0,0,0,0
PUBLICATION,LOCAL_HOTSPOT,PERIODIC_GLOBAL_REBUILD,3,22695477,1000000,300000,673778500,445250.1823670539,1970.7666666666667,500.0,1200.0,1900.0,106704400,300.0,1500.0,1500.0,300.0,800.0,1116254,23256,0.7499771564327485,567490440,2515625000,609375000,533132360,2,69,1053,0,0.0,6,303908100,6397309,265915,6,0,0,0,0,0,6,0,0,0,0,0,0,0,0,0,0
PUBLICATION,LOCAL_HOTSPOT,PERIODIC_GLOBAL_REBUILD,4,69069,1000000,300000,619917700,483935.20623786026,1768.5893333333333,500.0,1200.0,1700.0,110229500,300.0,1400.0,1400.0,300.0,800.0,1116551,23262,0.7499832075917806,569376768,2421875000,531250000,533759088,2,80,999,0,0.0,6,281206500,6399073,265997,6,0,0,0,0,0,6,0,0,0,0,0,0,0,0,0,0
PUBLICATION,LOCAL_HOTSPOT,PERIODIC_GLOBAL_REBUILD,5,48271,1000000,300000,641540300,467624.5592053999,1823.946,500.0,1300.0,2200.0,138684700,300.0,1500.0,1500.0,400.0,1100.0,1116139,23253,0.7499966402184665,571473920,2671875000,546875000,532613720,2,82,1035,0,0.0,6,290174200,6397101,265947,6,0,0,0,0,0,6,0,0,0,0,0,0,0,0,0,0
PUBLICATION,LOCAL_HOTSPOT,PERIODIC_GLOBAL_REBUILD,6,134775813,1000000,300000,679745000,441341.973828421,1957.142,400.0,1300.0,2000.0,101553400,300.0,1500.0,1500.0,300.0,1100.0,1116029,23251,0.7499872317319685,566578112,2562500000,593750000,533183912,2,81,1284,0,0.0,6,331983900,6397736,265932,6,0,0,0,0,0,6,0,0,0,0,0,0,0,0,0,0
PUBLICATION,LOCAL_HOTSPOT,PERIODIC_GLOBAL_REBUILD,7,16807,1000000,300000,552912700,542581.1344177842,1562.4733333333334,500.0,1200.0,1800.0,80114700,300.0,1400.0,1400.0,300.0,1000.0,1116229,23255,0.749992609116319,566231040,2234375000,484375000,532930344,2,73,947,0,0.0,6,217495300,6398841,265979,6,0,0,0,0,0,6,0,0,0,0,0,0,0,0,0,0
PUBLICATION,LOCAL_HOTSPOT,PERIODIC_GLOBAL_REBUILD,8,2147483647,1000000,300000,529457100,566618.1452661604,1458.2896666666666,400.0,1200.0,1800.0,75798100,300.0,1400.0,1400.0,300.0,1000.0,1115520,23240,0.75,568328192,2375000000,468750000,532789168,2,77,1103,0,0.0,6,166603600,6395741,265845,6,0,0,0,0,0,6,0,0,0,0,0,0,0,0,0,0
PUBLICATION,LOCAL_HOTSPOT,PERIODIC_GLOBAL_REBUILD,9,6364136223846793005,1000000,300000,596463000,502964.97854854364,1698.2716666666668,400.0,1100.0,1800.0,106998100,300.0,1400.0,1400.0,300.0,800.0,1116488,23261,0.7499731309917889,567279616,2312500000,531250000,534166360,2,81,964,0,0.0,6,271988600,6398328,265956,6,0,0,0,0,0,6,0,0,0,0,0,0,0,0,0,0
PUBLICATION,LOCAL_HOTSPOT,STATIC_BPLUS,0,1103515245,1000000,300000,205795200,1457759.9477538834,525.0883333333334,500.0,1400.0,2100.0,205900,400.0,1500.0,1500.0,300.0,2500.0,1116659,23345,0.7473890286999357,242352144,531250000,203125000,90694816,0,0,459,0,0.0,0,0,0,0,0,0,0,0,0,0,0,0,0,0,0,0,0,0,0,0,0
PUBLICATION,LOCAL_HOTSPOT,STATIC_BPLUS,1,214013,1000000,300000,214813000,1396563.5226918296,554.383,400.0,1400.0,2800.0,1865900,400.0,1700.0,1700.0,400.0,3400.0,1115764,23360,0.746310466609589,242221056,593750000,234375000,90809728,0,0,512,0,0.0,0,0,0,0,0,0,0,0,0,0,0,0,0,0,0,0,0,0,0,0,0
PUBLICATION,LOCAL_HOTSPOT,STATIC_BPLUS,2,1664525,1000000,300000,189335000,1584493.094250931,468.92966666666666,400.0,1200.0,1900.0,167000,300.0,1400.0,1400.0,300.0,2900.0,1116289,23363,0.7465657503317211,242221056,421875000,203125000,91633496,0,0,327,0,0.0,0,0,0,0,0,0,0,0,0,0,0,0,0,0,0,0,0,0,0,0,0
PUBLICATION,LOCAL_HOTSPOT,STATIC_BPLUS,3,22695477,1000000,300000,197181500,1521440.9059673448,497.81666666666666,500.0,1300.0,1900.0,114300,300.0,1400.0,1400.0,300.0,2800.0,1116254,23373,0.746222938861079,238026752,437500000,203125000,87830352,0,0,345,0,0.0,0,0,0,0,0,0,0,0,0,0,0,0,0,0,0,0,0,0,0,0,0
PUBLICATION,LOCAL_HOTSPOT,STATIC_BPLUS,4,69069,1000000,300000,230172200,1303371.9971395328,597.8966666666666,500.0,1600.0,2500.0,377400,400.0,1800.0,1700.0,400.0,3800.0,1116551,23388,0.7459427644518557,242221056,640625000,234375000,90568864,0,0,507,0,0.0,0,0,0,0,0,0,0,0,0,0,0,0,0,0,0,0,0,0,0,0,0
PUBLICATION,LOCAL_HOTSPOT,STATIC_BPLUS,5,48271,1000000,300000,172942400,1734681.6049736792,442.8566666666667,400.0,1200.0,1700.0,82200,300.0,1300.0,1300.0,300.0,2500.0,1116139,23366,0.7463695915004708,239075328,390625000,187500000,87848552,0,0,295,0,0.0,0,0,0,0,0,0,0,0,0,0,0,0,0,0,0,0,0,0,0,0,0
PUBLICATION,LOCAL_HOTSPOT,STATIC_BPLUS,6,134775813,1000000,300000,182285400,1645770.86261434,466.9073333333333,400.0,1200.0,1900.0,166800,300.0,1400.0,1300.0,300.0,3000.0,1116029,23364,0.7463599180362952,243269632,593750000,203125000,90561224,0,0,452,0,0.0,0,0,0,0,0,0,0,0,0,0,0,0,0,0,0,0,0,0,0,0,0
PUBLICATION,LOCAL_HOTSPOT,STATIC_BPLUS,7,16807,1000000,300000,186848700,1605577.1327282449,479.644,400.0,1300.0,2000.0,338100,300.0,1400.0,1400.0,300.0,3000.0,1116229,23370,0.7463020164741121,242221056,468750000,187500000,89953448,0,0,445,0,0.0,0,0,0,0,0,0,0,0,0,0,0,0,0,0,0,0,0,0,0,0,0
PUBLICATION,LOCAL_HOTSPOT,STATIC_BPLUS,8,2147483647,1000000,300000,193515600,1550262.614486894,498.3976666666667,400.0,1300.0,2200.0,303500,300.0,1500.0,1500.0,300.0,3400.0,1115520,23359,0.7461792028768355,242221056,484375000,171875000,89929200,0,0,414,0,0.0,0,0,0,0,0,0,0,0,0,0,0,0,0,0,0,0,0,0,0,0,0
PUBLICATION,LOCAL_HOTSPOT,STATIC_BPLUS,9,6364136223846793005,1000000,300000,173051800,1733584.9728231663,439.1123333333333,400.0,1100.0,1700.0,76600,300.0,1300.0,1300.0,300.0,2400.0,1116488,23364,0.746666880671118,240123904,406250000,171875000,88890888,0,0,347,0,0.0,0,0,0,0,0,0,0,0,0,0,0,0,0,0,0,0,0,0,0,0,0
PUBLICATION,LOCAL_HOTSPOT,THRESHOLD_GLOBAL_REBUILD,0,1103515245,1000000,300000,615785900,487182.31450249185,1912.1866666666667,400.0,1100.0,1700.0,103570200,300.0,1300.0,1300.0,300.0,700.0,1116659,23264,0.7499912686984181,701577360,2656250000,515625000,671826264,3,113,996,0,0.0,8,276351600,8416482,349461,8,0,0,0,0,0,8,0,0,0,0,0,0,0,0,0,0
PUBLICATION,LOCAL_HOTSPOT,THRESHOLD_GLOBAL_REBUILD,1,214013,1000000,300000,675239900,444286.541716507,2121.624333333333,400.0,1100.0,1700.0,138386300,300.0,1300.0,1300.0,300.0,800.0,1115764,22991,0.7582885694402157,605028352,2515625000,593750000,597757240,3,109,1072,0,0.0,7,357429500,7341295,305070,7,0,0,0,0,0,7,0,0,0,0,0,0,0,0,0,0
PUBLICATION,LOCAL_HOTSPOT,THRESHOLD_GLOBAL_REBUILD,2,1664525,1000000,300000,753850100,397957.1004898719,2360.163666666667,400.0,1200.0,1900.0,148099700,300.0,1400.0,1500.0,300.0,900.0,1116289,23257,0.7499684234854023,703594496,2781250000,656250000,672320248,3,109,948,0,0.0,8,400603300,8415293,349435,8,0,0,0,0,0,8,0,0,0,0,0,0,0,0,0,0
PUBLICATION,LOCAL_HOTSPOT,THRESHOLD_GLOBAL_REBUILD,3,22695477,1000000,300000,698744800,429341.2988547464,2035.5326666666667,500.0,1100.0,1700.0,110956800,300.0,1300.0,1400.0,300.0,800.0,1116254,22914,0.7611708453347299,590348288,3031250000,578125000,595735616,3,115,1078,0,0.0,7,305474700,7324938,304412,7,0,0,0,0,0,7,0,0,0,0,0,0,0,0,0,0
PUBLICATION,LOCAL_HOTSPOT,THRESHOLD_GLOBAL_REBUILD,4,69069,1000000,300000,720270100,416510.4174114683,2133.2746666666667,400.0,1100.0,1700.0,133524300,300.0,1300.0,1300.0,300.0,800.0,1116551,23004,0.7583945998521996,584056832,2765625000,625000000,597559360,3,103,875,0,0.0,7,351597700,7342631,305141,7,0,0,0,0,0,7,0,0,0,0,0,0,0,0,0,0
PUBLICATION,LOCAL_HOTSPOT,THRESHOLD_GLOBAL_REBUILD,5,48271,1000000,300000,731267900,410246.36798634264,2303.297666666667,500.0,1100.0,1600.0,138351400,300.0,1300.0,1300.0,300.0,800.0,1116139,23167,0.752780760348772,703594496,2562500000,640625000,667946152,3,105,884,0,0.0,8,384354900,8401038,348771,8,0,0,0,0,0,8,0,0,0,0,0,0,0,0,0,0
PUBLICATION,LOCAL_HOTSPOT,THRESHOLD_GLOBAL_REBUILD,6,134775813,1000000,300000,678183000,442358.47846377746,2128.903,400.0,1100.0,1600.0,133980100,300.0,1300.0,1300.0,300.0,800.0,1116029,23166,0.752739062634896,702545920,2765625000,578125000,668337992,3,111,899,0,0.0,8,347711000,8402374,348822,8,0,0,0,0,0,8,0,0,0,0,0,0,0,0,0,0
PUBLICATION,LOCAL_HOTSPOT,THRESHOLD_GLOBAL_REBUILD,7,16807,1000000,300000,730035700,410938.807513112,2299.3236666666667,400.0,1100.0,1700.0,144745900,300.0,1300.0,1300.0,300.0,800.0,1116229,22917,0.7610541573940742,616693776,2750000000,593750000,595460056,3,114,964,0,0.0,7,405599400,7326889,304510,7,0,0,0,0,0,7,0,0,0,0,0,0,0,0,0,0
PUBLICATION,LOCAL_HOTSPOT,THRESHOLD_GLOBAL_REBUILD,8,2147483647,1000000,300000,762008200,393696.55077202583,2390.6963333333333,500.0,1300.0,2000.0,119684100,300.0,1500.0,1600.0,300.0,1000.0,1115520,22987,0.7582546656806021,584056832,2781250000,671875000,595498976,3,101,1014,0,0.0,7,356323400,7340004,305115,7,0,0,0,0,0,7,0,0,0,0,0,0,0,0,0,0
PUBLICATION,LOCAL_HOTSPOT,THRESHOLD_GLOBAL_REBUILD,9,6364136223846793005,1000000,300000,551999700,543478.5562383458,1698.0226666666667,400.0,1100.0,1800.0,97062600,300.0,1300.0,1400.0,300.0,900.0,1116488,23001,0.7584507195339333,603979776,2515625000,453125000,597654576,3,109,1019,0,0.0,7,224301700,7341624,305145,7,0,0,0,0,0,7,0,0,0,0,0,0,0,0,0,0
PUBLICATION,MIXED,LARS_FULL,0,1103515245,1000000,300000,264760200,1133100.8210448548,676.793,400.0,1600.0,2900.0,154500,500.0,2100.0,2300.0,500.0,1900.0,1030614,20834,0.7729357660554862,239075328,812500000,265625000,87152512,0,0,669,5600,0.0021151215326170626,0,0,0,0,0,0,0,0,0,0,0,0,0,0,0,0,0,0,0,0,0
PUBLICATION,MIXED,LARS_FULL,1,214013,1000000,300000,225234100,1331947.5159400818,577.396,400.0,1300.0,1800.0,209600,500.0,1600.0,1600.0,500.0,1500.0,1030303,20834,0.7727025235192474,238026752,515625000,234375000,87476504,0,0,531,5400,0.002397505528692147,0,0,0,0,0,0,0,0,0,0,0,0,0,0,0,0,0,0,0,0,0
PUBLICATION,MIXED,LARS_FULL,2,1664525,1000000,300000,208393600,1439583.5572685534,533.496,300.0,1200.0,1900.0,126800,400.0,1400.0,1400.0,400.0,1400.0,1030792,20834,0.7730692617836229,236978176,625000000,218750000,87885736,0,0,459,5000,0.0023993059287809224,0,0,0,0,0,0,0,0,0,0,0,0,0,0,0,0,0,0,0,0,0
PUBLICATION,MIXED,LARS_FULL,3,22695477,1000000,300000,239756500,1251269.5171976567,614.047,400.0,1500.0,2300.0,193200,500.0,1800.0,1800.0,500.0,1600.0,1029808,20834,0.7723312853988672,236009616,609375000,250000000,87001104,0,0,651,5100,0.0021271581792360167,0,0,0,0,0,0,0,0,0,0,0,0,0,0,0,0,0,0,0,0,0
PUBLICATION,MIXED,LARS_FULL,4,69069,1000000,300000,209241900,1433747.2561661885,526.0026666666666,300.0,1200.0,1900.0,220700,400.0,1500.0,1500.0,400.0,1300.0,1030672,20834,0.7729792646635307,236978176,578125000,218750000,86983832,0,0,495,4500,0.002150620884249283,0,0,0,0,0,0,0,0,0,0,0,0,0,0,0,0,0,0,0,0,0
PUBLICATION,MIXED,LARS_FULL,5,48271,1000000,300000,211600900,1417763.3459971107,537.7053333333333,300.0,1200.0,1800.0,125200,400.0,1500.0,1500.0,400.0,1400.0,1030415,20834,0.7727865208313334,236978176,703125000,234375000,87364512,0,0,497,5700,0.0026937503573945102,0,0,0,0,0,0,0,0,0,0,0,0,0,0,0,0,0,0,0,0,0
PUBLICATION,MIXED,LARS_FULL,6,134775813,1000000,300000,276104300,1086545.9176115692,709.3783333333333,400.0,1700.0,3500.0,686400,500.0,2200.0,2300.0,600.0,1900.0,1030801,20834,0.7730760115676298,238092304,906250000,296875000,87573664,0,0,1041,5400,0.0019557826517008245,0,0,0,0,0,0,0,0,0,0,0,0,0,0,0,0,0,0,0,0,0
PUBLICATION,MIXED,LARS_FULL,7,16807,1000000,300000,236680000,1267534.2234240326,595.9283333333333,400.0,1500.0,2800.0,224500,500.0,2100.0,2000.0,500.0,1700.0,1030754,20834,0.7730407626955937,236978176,734375000,250000000,86841800,0,0,861,5600,0.0023660638837248605,0,0,0,0,0,0,0,0,0,0,0,0,0,0,0,0,0,0,0,0,0
PUBLICATION,MIXED,LARS_FULL,8,2147483647,1000000,300000,313785500,956067.1222857652,823.3966666666666,500.0,2100.0,4100.0,434900,600.0,2800.0,2800.0,700.0,2100.0,1030293,20834,0.7726950237592397,239075328,890625000,296875000,86203704,0,0,933,8600,0.002740725750552527,0,0,0,0,0,0,0,0,0,0,0,0,0,0,0,0,0,0,0,0,0
PUBLICATION,MIXED,LARS_FULL,9,6364136223846793005,1000000,300000,237913800,1260960.9026462527,613.1433333333333,400.0,1400.0,2000.0,256200,500.0,1600.0,1700.0,500.0,1700.0,1030538,20834,0.7728787678794279,239155344,671875000,250000000,87278656,0,0,592,6600,0.0027741139858217558,0,0,0,0,0,0,0,0,0,0,0,0,0,0,0,0,0,0,0,0,0
PUBLICATION,MIXED,LARS_MONITOR_ONLY,0,1103515245,1000000,300000,217716600,1377938.1085319172,558.2703333333334,400.0,1300.0,1700.0,108900,400.0,1400.0,1500.0,400.0,1500.0,1030614,20834,0.7729357660554862,236978176,546875000,218750000,87030192,0,0,421,5400,0.002480288595357451,0,0,0,0,0,0,0,0,0,0,0,0,0,0,0,0,0,0,0,0,0
PUBLICATION,MIXED,LARS_MONITOR_ONLY,1,214013,1000000,300000,239712900,1251497.103409954,604.1383333333333,400.0,1400.0,1800.0,255400,500.0,1600.0,1600.0,500.0,1500.0,1030303,20834,0.7727025235192474,238026752,671875000,234375000,87329488,0,0,536,5800,0.002419561066592578,0,0,0,0,0,0,0,0,0,0,0,0,0,0,0,0,0,0,0,0,0
PUBLICATION,MIXED,LARS_MONITOR_ONLY,2,1664525,1000000,300000,220225500,1362240.0675671073,564.677,300.0,1300.0,2100.0,226700,400.0,1600.0,1600.0,500.0,1500.0,1030792,20834,0.7730692617836229,238026752,609375000,234375000,87914880,0,0,574,6000,0.0027244801351342146,0,0,0,0,0,0,0,0,0,0,0,0,0,0,0,0,0,0,0,0,0
PUBLICATION,MIXED,LARS_MONITOR_ONLY,3,22695477,1000000,300000,245942600,1219796.8143786397,629.144,400.0,1500.0,2800.0,182500,500.0,2100.0,2000.0,500.0,1700.0,1029808,20834,0.7723312853988672,236978176,734375000,218750000,86822632,0,0,615,6600,0.002683552991633007,0,0,0,0,0,0,0,0,0,0,0,0,0,0,0,0,0,0,0,0,0
PUBLICATION,MIXED,LARS_MONITOR_ONLY,4,69069,1000000,300000,229679100,1306170.217490403,584.0256666666667,400.0,1400.0,2000.0,548900,500.0,1600.0,1700.0,500.0,1500.0,1030672,20834,0.7729792646635307,235929600,703125000,234375000,87056488,0,0,687,6000,0.002612340434980806,0,0,0,0,0,0,0,0,0,0,0,0,0,0,0,0,0,0,0,0,0
PUBLICATION,MIXED,LARS_MONITOR_ONLY,5,48271,1000000,300000,227505800,1318647.7004102753,582.9406666666666,400.0,1300.0,1900.0,208600,400.0,1600.0,1700.0,500.0,1500.0,1030415,20834,0.7727865208313334,238092304,625000000,250000000,87292336,0,0,486,5400,0.0023735658607384955,0,0,0,0,0,0,0,0,0,0,0,0,0,0,0,0,0,0,0,0,0
PUBLICATION,MIXED,LARS_MONITOR_ONLY,6,134775813,1000000,300000,250350400,1198320.434079594,651.6546666666667,400.0,1600.0,2800.0,178300,500.0,2100.0,2100.0,500.0,1700.0,1030801,20834,0.7730760115676298,239075328,828125000,265625000,87661440,0,0,621,5600,0.0022368648102819087,0,0,0,0,0,0,0,0,0,0,0,0,0,0,0,0,0,0,0,0,0
PUBLICATION,MIXED,LARS_MONITOR_ONLY,7,16807,1000000,300000,212667800,1410650.7896352904,545.1336666666666,300.0,1200.0,1800.0,143500,400.0,1500.0,1500.0,400.0,1500.0,1030754,20834,0.7730407626955937,236978176,578125000,203125000,86974832,0,0,495,4900,0.0023040629564043077,0,0,0,0,0,0,0,0,0,0,0,0,0,0,0,0,0,0,0,0,0
PUBLICATION,MIXED,LARS_MONITOR_ONLY,8,2147483647,1000000,300000,221095500,1356879.719397274,560.107,300.0,1300.0,1900.0,275700,400.0,1500.0,1600.0,400.0,1400.0,1030293,20834,0.7726950237592397,236009616,671875000,234375000,87009864,0,0,729,5500,0.0024876128188950023,0,0,0,0,0,0,0,0,0,0,0,0,0,0,0,0,0,0,0,0,0
PUBLICATION,MIXED,LARS_MONITOR_ONLY,9,6364136223846793005,1000000,300000,233517800,1284698.6396754337,597.82,400.0,1400.0,2000.0,279800,500.0,1600.0,1600.0,500.0,1700.0,1030538,20834,0.7728787678794279,238026752,718750000,234375000,87259144,0,0,561,5800,0.002483750703372505,0,0,0,0,0,0,0,0,0,0,0,0,0,0,0,0,0,0,0,0,0
PUBLICATION,MIXED,LARS_NO_DIAGNOSIS,0,1103515245,1000000,300000,223461700,1342511.9382874111,576.1683333333333,400.0,1400.0,2100.0,126400,500.0,1600.0,1700.0,500.0,1500.0,1030614,20834,0.7729357660554862,238026752,640625000,234375000,87177000,0,0,556,5700,0.0025507726827460812,0,0,0,0,0,0,0,0,0,0,0,0,0,0,0,0,0,0,0,0,0
PUBLICATION,MIXED,LARS_NO_DIAGNOSIS,1,214013,1000000,300000,226597500,1323933.4061496707,584.783,400.0,1300.0,2200.0,130000,500.0,1600.0,1600.0,500.0,1500.0,1030303,20834,0.7727025235192474,238157840,656250000,218750000,87403952,0,0,578,5300,0.002338949017531085,0,0,0,0,0,0,0,0,0,0,0,0,0,0,0,0,0,0,0,0,0
PUBLICATION,MIXED,LARS_NO_DIAGNOSIS,2,1664525,1000000,300000,210600900,1424495.3369145147,536.758,300.0,1200.0,1800.0,128300,400.0,1500.0,1500.0,400.0,1400.0,1030792,20834,0.7730692617836229,239155344,593750000,234375000,89121168,0,0,492,4900,0.0023266757169603737,0,0,0,0,0,0,0,0,0,0,0,0,0,0,0,0,0,0,0,0,0
PUBLICATION,MIXED,LARS_NO_DIAGNOSIS,3,22695477,1000000,300000,234232800,1280777.0730657706,589.192,400.0,1400.0,2200.0,184600,500.0,1700.0,1700.0,500.0,1600.0,1029808,20834,0.7723312853988672,238157840,734375000,250000000,87454504,0,0,800,5200,0.002220013593314002,0,0,0,0,0,0,0,0,0,0,0,0,0,0,0,0,0,0,0,0,0
PUBLICATION,MIXED,LARS_NO_DIAGNOSIS,4,69069,1000000,300000,202017000,1485023.5376230713,513.1093333333333,300.0,1200.0,1600.0,182500,400.0,1400.0,1400.0,400.0,1300.0,1030672,20834,0.7729792646635307,235929600,625000000,218750000,86943960,0,0,487,5700,0.0028215447214838354,0,0,0,0,0,0,0,0,0,0,0,0,0,0,0,0,0,0,0,0,0
PUBLICATION,MIXED,LARS_NO_DIAGNOSIS,5,48271,1000000,300000,236651000,1267689.551280155,601.8193333333334,400.0,1500.0,2800.0,172300,500.0,2100.0,2100.0,500.0,1500.0,1030415,20834,0.7727865208313334,238026752,718750000,250000000,87247576,0,0,564,6000,0.0025353791025603104,0,0,0,0,0,0,0,0,0,0,0,0,0,0,0,0,0,0,0,0,0
PUBLICATION,MIXED,LARS_NO_DIAGNOSIS,6,134775813,1000000,300000,229472300,1307347.335604341,570.529,400.0,1400.0,2200.0,328300,400.0,1700.0,1700.0,500.0,1500.0,1030801,20834,0.7730760115676298,236978176,687500000,250000000,87185832,0,0,898,4600,0.002004599247926656,0,0,0,0,0,0,0,0,0,0,0,0,0,0,0,0,0,0,0,0,0
PUBLICATION,MIXED,LARS_NO_DIAGNOSIS,7,16807,1000000,300000,234436800,1279662.5785712823,601.7813333333334,400.0,1400.0,2300.0,264700,500.0,1800.0,1700.0,500.0,1600.0,1030754,20834,0.7730407626955937,236978176,750000000,234375000,87172520,0,0,631,6100,0.002601980576428274,0,0,0,0,0,0,0,0,0,0,0,0,0,0,0,0,0,0,0,0,0
PUBLICATION,MIXED,LARS_NO_DIAGNOSIS,8,2147483647,1000000,300000,215217400,1393939.3376186127,546.717,300.0,1300.0,1900.0,161900,400.0,1500.0,1600.0,400.0,1400.0,1030293,20834,0.7726950237592397,238026752,484375000,218750000,86700536,0,0,496,5700,0.002648484741475364,0,0,0,0,0,0,0,0,0,0,0,0,0,0,0,0,0,0,0,0,0
PUBLICATION,MIXED,LARS_NO_DIAGNOSIS,9,6364136223846793005,1000000,300000,296217800,1012768.3076439026,779.5443333333334,400.0,2100.0,4000.0,3767500,600.0,3000.0,3100.0,600.0,2100.0,1030538,20834,0.7728787678794279,238106768,796875000,250000000,87193584,0,0,768,6100,0.002059295558875935,0,0,0,0,0,0,0,0,0,0,0,0,0,0,0,0,0,0,0,0,0
PUBLICATION,MIXED,LARS_NO_LOCALITY,0,1103515245,1000000,300000,211836900,1416183.8659836885,540.9183333333333,300.0,1200.0,1900.0,162600,400.0,1500.0,1500.0,400.0,1600.0,1030614,20834,0.7729357660554862,238026752,593750000,218750000,87259488,0,0,598,5300,0.002501924829904516,0,0,0,0,0,0,0,0,0,0,0,0,0,0,0,0,0,0,0,0,0
PUBLICATION,MIXED,LARS_NO_LOCALITY,1,214013,1000000,300000,238973600,1255368.7938751394,611.906,400.0,1500.0,2400.0,165600,500.0,1800.0,1800.0,500.0,1600.0,1030303,20834,0.7727025235192474,236978176,546875000,250000000,87341920,0,0,546,6300,0.0026362744671377925,0,0,0,0,0,0,0,0,0,0,0,0,0,0,0,0,0,0,0,0,0
PUBLICATION,MIXED,LARS_NO_LOCALITY,2,1664525,1000000,300000,201759300,1486920.3055323844,512.0763333333333,300.0,1200.0,1700.0,111800,400.0,1400.0,1400.0,400.0,1300.0,1030792,20834,0.7730692617836229,239075328,500000000,203125000,87894216,0,0,446,5900,0.002924276600880356,0,0,0,0,0,0,0,0,0,0,0,0,0,0,0,0,0,0,0,0,0
PUBLICATION,MIXED,LARS_NO_LOCALITY,3,22695477,1000000,300000,232441800,1290645.6583970697,591.746,400.0,1300.0,2100.0,251100,500.0,1600.0,1600.0,500.0,1600.0,1029808,20834,0.7723312853988672,238026752,687500000,250000000,86984104,0,0,731,5700,0.0024522267509544324,0,0,0,0,0,0,0,0,0,0,0,0,0,0,0,0,0,0,0,0,0
PUBLICATION,MIXED,LARS_NO_LOCALITY,4,69069,1000000,300000,222551500,1348002.5971516706,557.721,400.0,1300.0,2300.0,183200,500.0,1800.0,1800.0,500.0,1500.0,1030672,20834,0.7729792646635307,236978176,718750000,234375000,86891968,0,0,593,5400,0.002426404674873007,0,0,0,0,0,0,0,0,0,0,0,0,0,0,0,0,0,0,0,0,0
PUBLICATION,MIXED,LARS_NO_LOCALITY,5,48271,1000000,300000,239563600,1252277.0571155217,614.122,400.0,1500.0,2300.0,162700,500.0,1800.0,1900.0,500.0,1500.0,1030415,20834,0.7727865208313334,236978176,671875000,234375000,87324952,0,0,623,5700,0.0023793264085194914,0,0,0,0,0,0,0,0,0,0,0,0,0,0,0,0,0,0,0,0,0
PUBLICATION,MIXED,LARS_NO_LOCALITY,6,134775813,1000000,300000,240055800,1249709.4425546061,604.018,400.0,1400.0,2100.0,267500,500.0,1700.0,1600.0,500.0,1500.0,1030801,20834,0.7730760115676298,238092304,796875000,265625000,87245504,0,0,826,5000,0.0020828490709243436,0,0,0,0,0,0,0,0,0,0,0,0,0,0,0,0,0,0,0,0,0
PUBLICATION,MIXED,LARS_NO_LOCALITY,7,16807,1000000,300000,235311700,1274904.7327438458,605.9616666666667,400.0,1400.0,2700.0,158800,500.0,1800.0,1800.0,500.0,1700.0,1030754,20834,0.7730407626955937,238026752,671875000,250000000,86939296,0,0,529,4900,0.002082344396814948,0,0,0,0,0,0,0,0,0,0,0,0,0,0,0,0,0,0,0,0,0
PUBLICATION,MIXED,LARS_NO_LOCALITY,8,2147483647,1000000,300000,248849700,1205546.962684705,632.6483333333333,400.0,1400.0,2100.0,341900,500.0,1700.0,1800.0,500.0,1600.0,1030293,20834,0.7726950237592397,238092304,687500000,265625000,87442424,0,0,734,7400,0.002973682507955605,0,0,0,0,0,0,0,0,0,0,0,0,0,0,0,0,0,0,0,0,0
PUBLICATION,MIXED,LARS_NO_LOCALITY,9,6364136223846793005,1000000,300000,213575300,1404656.8119066204,540.758,300.0,1300.0,2000.0,332800,400.0,1600.0,1600.0,400.0,1500.0,1030538,20834,0.7728787678794279,238026752,640625000,234375000,88488536,0,0,516,5600,0.002622026048892358,0,0,0,0,0,0,0,0,0,0,0,0,0,0,0,0,0,0,0,0,0
PUBLICATION,MIXED,LARS_NO_ROLLBACK,0,1103515245,1000000,300000,227517200,1318581.62811427,582.6406666666667,400.0,1400.0,2300.0,118900,500.0,1700.0,1700.0,500.0,1700.0,1030614,20834,0.7729357660554862,238026752,796875000,234375000,87139856,0,0,611,5600,0.002461352372479971,0,0,0,0,0,0,0,0,0,0,0,0,0,0,0,0,0,0,0,0,0
PUBLICATION,MIXED,LARS_NO_ROLLBACK,1,214013,1000000,300000,207687300,1444479.27244468,521.374,300.0,1200.0,1900.0,156200,400.0,1500.0,1500.0,400.0,1400.0,1030303,20834,0.7727025235192474,236978176,593750000,218750000,86712856,0,0,618,5600,0.0026963613085634027,0,0,0,0,0,0,0,0,0,0,0,0,0,0,0,0,0,0,0,0,0
PUBLICATION,MIXED,LARS_NO_ROLLBACK,2,1664525,1000000,300000,200294500,1497794.4976022807,509.30533333333335,300.0,1200.0,1700.0,155500,400.0,1400.0,1400.0,400.0,1300.0,1030792,20834,0.7730692617836229,239155344,531250000,218750000,89130128,0,0,392,5500,0.0027459565789375146,0,0,0,0,0,0,0,0,0,0,0,0,0,0,0,0,0,0,0,0,0
PUBLICATION,MIXED,LARS_NO_ROLLBACK,3,22695477,1000000,300000,211789600,1416500.1492046823,534.7563333333334,300.0,1300.0,2000.0,250200,400.0,1600.0,1600.0,400.0,1500.0,1029808,20834,0.7723312853988672,236978176,562500000,218750000,86993400,0,0,518,6200,0.0029274336416896768,0,0,0,0,0,0,0,0,0,0,0,0,0,0,0,0,0,0,0,0,0
PUBLICATION,MIXED,LARS_NO_ROLLBACK,4,69069,1000000,300000,227071600,1321169.1818791959,569.1503333333334,400.0,1300.0,2000.0,648500,400.0,1600.0,1600.0,500.0,1500.0,1030672,20834,0.7729792646635307,236978176,671875000,234375000,86933520,0,0,934,4800,0.002113870691006713,0,0,0,0,0,0,0,0,0,0,0,0,0,0,0,0,0,0,0,0,0
PUBLICATION,MIXED,LARS_NO_ROLLBACK,5,48271,1000000,300000,219592700,1366165.633010569,559.482,300.0,1300.0,1900.0,191900,400.0,1500.0,1500.0,400.0,1500.0,1030415,20834,0.7727865208313334,238026752,531250000,203125000,87118264,0,0,570,6200,0.0028234089748885097,0,0,0,0,0,0,0,0,0,0,0,0,0,0,0,0,0,0,0,0,0
PUBLICATION,MIXED,LARS_NO_ROLLBACK,6,134775813,1000000,300000,303219900,989380.9740059937,781.4516666666667,500.0,1900.0,4300.0,255300,700.0,2600.0,2700.0,700.0,2300.0,1030801,20834,0.7730760115676298,238026752,1000000000,328125000,87256976,0,0,923,5800,0.0019128032164115877,0,0,0,0,0,0,0,0,0,0,0,0,0,0,0,0,0,0,0,0,0
PUBLICATION,MIXED,LARS_NO_ROLLBACK,7,16807,1000000,300000,210618400,1424376.9775100371,534.8936666666667,300.0,1300.0,1900.0,152200,400.0,1600.0,1500.0,400.0,1500.0,1030754,20834,0.7730407626955937,239075328,562500000,218750000,86926608,0,0,454,5500,0.002611357792101735,0,0,0,0,0,0,0,0,0,0,0,0,0,0,0,0,0,0,0,0,0
PUBLICATION,MIXED,LARS_NO_ROLLBACK,8,2147483647,1000000,300000,233023900,1287421.5906608722,596.5146666666667,400.0,1400.0,2400.0,758200,500.0,1800.0,1800.0,500.0,1600.0,1030293,20834,0.7726950237592397,236978176,703125000,250000000,87344888,0,0,766,4800,0.0020598745450573952,0,0,0,0,0,0,0,0,0,0,0,0,0,0,0,0,0,0,0,0,0
PUBLICATION,MIXED,LARS_NO_ROLLBACK,9,6364136223846793005,1000000,300000,224754200,1334791.5189126611,575.9803333333333,400.0,1400.0,2300.0,308800,400.0,1700.0,1800.0,500.0,1500.0,1030538,20834,0.7728787678794279,238026752,812500000,234375000,87572720,0,0,666,4900,0.00218015948089068,0,0,0,0,0,0,0,0,0,0,0,0,0,0,0,0,0,0,0,0,0
PUBLICATION,MIXED,LARS_NO_RUNTIME_VALIDATION,0,1103515245,1000000,300000,211353600,1419422.238372093,538.573,300.0,1200.0,1800.0,263400,400.0,1500.0,1500.0,400.0,1400.0,1030614,20834,0.7729357660554862,236978176,562500000,218750000,86966360,0,0,530,10200,0.004826035610465116,0,0,0,0,0,0,0,0,0,0,0,0,0,0,0,0,0,0,0,0,0
PUBLICATION,MIXED,LARS_NO_RUNTIME_VALIDATION,1,214013,1000000,300000,287080500,1045003.0566339407,742.1996666666666,400.0,1900.0,3800.0,233500,600.0,2700.0,2800.0,600.0,2000.0,1030303,20834,0.7727025235192474,238026752,859375000,296875000,87332728,0,0,689,5300,0.001846172066719962,0,0,0,0,0,0,0,0,0,0,0,0,0,0,0,0,0,0,0,0,0
PUBLICATION,MIXED,LARS_NO_RUNTIME_VALIDATION,2,1664525,1000000,300000,218577500,1372510.8943052236,558.4236666666667,300.0,1300.0,2100.0,289500,400.0,1600.0,1600.0,400.0,1400.0,1030792,20834,0.7730692617836229,236978176,750000000,234375000,87825416,0,0,576,5500,0.0025162699728929097,0,0,0,0,0,0,0,0,0,0,0,0,0,0,0,0,0,0,0,0,0
PUBLICATION,MIXED,LARS_NO_RUNTIME_VALIDATION,3,22695477,1000000,300000,214034600,1401642.5381690625,539.505,300.0,1300.0,1900.0,289400,400.0,1500.0,1600.0,400.0,1400.0,1029808,20834,0.7723312853988672,238026752,640625000,203125000,87283096,0,0,727,4600,0.002149185225192562,0,0,0,0,0,0,0,0,0,0,0,0,0,0,0,0,0,0,0,0,0
PUBLICATION,MIXED,LARS_NO_RUNTIME_VALIDATION,4,69069,1000000,300000,220887000,1358160.5074087656,564.1943333333334,300.0,1300.0,2100.0,200000,400.0,1500.0,1600.0,400.0,1400.0,1030672,20834,0.7729792646635307,236978176,703125000,234375000,87299312,0,0,611,6200,0.002806865048644782,0,0,0,0,0,0,0,0,0,0,0,0,0,0,0,0,0,0,0,0,0
PUBLICATION,MIXED,LARS_NO_RUNTIME_VALIDATION,5,48271,1000000,300000,291803600,1028088.7555876623,783.1576666666666,400.0,1900.0,3900.0,141500,600.0,2600.0,2600.0,600.0,1900.0,1030415,20834,0.7727865208313334,236978176,765625000,281250000,87130568,0,0,590,5300,0.0018162901348715368,0,0,0,0,0,0,0,0,0,0,0,0,0,0,0,0,0,0,0,0,0
PUBLICATION,MIXED,LARS_NO_RUNTIME_VALIDATION,6,134775813,1000000,300000,264444700,1134452.6851927831,671.9096666666667,400.0,1500.0,2200.0,382800,500.0,1800.0,1800.0,500.0,1700.0,1030801,20834,0.7730760115676298,237058192,734375000,281250000,87324608,0,0,807,6000,0.0022689053703855663,0,0,0,0,0,0,0,0,0,0,0,0,0,0,0,0,0,0,0,0,0
PUBLICATION,MIXED,LARS_NO_RUNTIME_VALIDATION,7,16807,1000000,300000,221686900,1353259.935521675,566.952,400.0,1300.0,1900.0,180400,400.0,1600.0,1500.0,500.0,1500.0,1030754,20834,0.7730407626955937,239075328,578125000,234375000,87238824,0,0,481,5600,0.002526085212973793,0,0,0,0,0,0,0,0,0,0,0,0,0,0,0,0,0,0,0,0,0
PUBLICATION,MIXED,LARS_NO_RUNTIME_VALIDATION,8,2147483647,1000000,300000,208923900,1435929.5418092425,532.168,300.0,1200.0,1700.0,162900,400.0,1400.0,1500.0,400.0,1400.0,1030293,20834,0.7726950237592397,238026752,609375000,218750000,87232112,0,0,531,5000,0.002393215903015404,0,0,0,0,0,0,0,0,0,0,0,0,0,0,0,0,0,0,0,0,0
PUBLICATION,MIXED,LARS_NO_RUNTIME_VALIDATION,9,6364136223846793005,1000000,300000,255933200,1172180.8659447075,663.6413333333334,400.0,1600.0,3100.0,320900,500.0,2100.0,2100.0,500.0,1800.0,1030538,20834,0.7728787678794279,238026752,750000000,265625000,87242824,0,0,649,8200,0.0032039610335822004,0,0,0,0,0,0,0,0,0,0,0,0,0,0,0,0,0,0,0,0,0
PUBLICATION,MIXED,LOCAL_COST_ADAPTIVE,0,1103515245,1000000,300000,213773900,1403351.8591371537,543.1196666666667,300.0,1300.0,1900.0,163900,400.0,1500.0,1600.0,400.0,1400.0,1030614,20834,0.7729357660554862,236978176,703125000,218750000,87244680,0,0,688,5700,0.0026663685323605924,0,0,0,0,0,0,0,0,0,0,0,0,0,0,0,0,0,0,0,0,0
PUBLICATION,MIXED,LOCAL_COST_ADAPTIVE,1,214013,1000000,300000,264800600,1132927.9465378856,690.6473333333333,400.0,1700.0,3400.0,159300,500.0,2200.0,2200.0,600.0,1700.0,1030303,20834,0.7727025235192474,238026752,671875000,265625000,86475488,0,0,792,5200,0.0019637417739990014,0,0,0,0,0,0,0,0,0,0,0,0,0,0,0,0,0,0,0,0,0
PUBLICATION,MIXED,LOCAL_COST_ADAPTIVE,2,1664525,1000000,300000,230894500,1299294.6995272732,580.8246666666666,400.0,1300.0,1800.0,155700,500.0,1600.0,1600.0,500.0,1500.0,1030792,20834,0.7730692617836229,238106768,609375000,250000000,89116736,0,0,534,5200,0.0022521108125139406,0,0,0,0,0,0,0,0,0,0,0,0,0,0,0,0,0,0,0,0,0
PUBLICATION,MIXED,LOCAL_COST_ADAPTIVE,3,22695477,1000000,300000,232194100,1292022.4932502592,595.0286666666667,400.0,1400.0,2500.0,158300,500.0,1800.0,1800.0,500.0,1600.0,1029808,20834,0.7723312853988672,238026752,718750000,234375000,87129488,0,0,670,5200,0.002239505654967116,0,0,0,0,0,0,0,0,0,0,0,0,0,0,0,0,0,0,0,0,0
PUBLICATION,MIXED,LOCAL_COST_ADAPTIVE,4,69069,1000000,300000,209796400,1429957.80671165,528.8843333333333,300.0,1200.0,1800.0,159900,400.0,1500.0,1500.0,400.0,1400.0,1030672,20834,0.7729792646635307,235929600,562500000,218750000,86929216,0,0,565,5700,0.002716919832752135,0,0,0,0,0,0,0,0,0,0,0,0,0,0,0,0,0,0,0,0,0
PUBLICATION,MIXED,LOCAL_COST_ADAPTIVE,5,48271,1000000,300000,263772200,1137345.0272621603,682.1673333333333,400.0,1700.0,3500.0,109400,600.0,2200.0,2300.0,600.0,1800.0,1030415,20834,0.7727865208313334,235929600,750000000,265625000,87048696,0,0,588,11400,0.004321911103596209,0,0,0,0,0,0,0,0,0,0,0,0,0,0,0,0,0,0,0,0,0
PUBLICATION,MIXED,LOCAL_COST_ADAPTIVE,6,134775813,1000000,300000,231309800,1296961.909957987,587.7586666666666,400.0,1400.0,2200.0,662800,500.0,1700.0,1700.0,500.0,1500.0,1030801,20834,0.7730760115676298,238026752,734375000,218750000,87617952,0,0,923,5100,0.002204835246928578,0,0,0,0,0,0,0,0,0,0,0,0,0,0,0,0,0,0,0,0,0
PUBLICATION,MIXED,LOCAL_COST_ADAPTIVE,7,16807,1000000,300000,216360400,1386575.3622197038,550.0613333333333,300.0,1300.0,1900.0,144800,400.0,1600.0,1600.0,400.0,1500.0,1030754,20834,0.7730407626955937,238026752,703125000,234375000,87232544,0,0,557,5900,0.0027269315456987507,0,0,0,0,0,0,0,0,0,0,0,0,0,0,0,0,0,0,0,0,0
PUBLICATION,MIXED,LOCAL_COST_ADAPTIVE,8,2147483647,1000000,300000,250238600,1198855.8120130147,629.3686666666666,400.0,1500.0,2600.0,694700,500.0,2000.0,2000.0,500.0,1600.0,1030293,20834,0.7726950237592397,236978176,890625000,265625000,87133048,0,0,1049,5900,0.0023577497636255956,0,0,0,0,0,0,0,0,0,0,0,0,0,0,0,0,0,0,0,0,0
PUBLICATION,MIXED,LOCAL_COST_ADAPTIVE,9,6364136223846793005,1000000,300000,236922300,1266237.91850746,611.3813333333334,400.0,1400.0,2900.0,230800,500.0,1900.0,1900.0,500.0,1700.0,1030538,20834,0.7728787678794279,236978176,687500000,250000000,87195920,0,0,576,5300,0.002237020322696513,0,0,0,0,0,0,0,0,0,0,0,0,0,0,0,0,0,0,0,0,0
PUBLICATION,MIXED,PERIODIC_GLOBAL_REBUILD,0,1103515245,1000000,300000,733321200,409097.6777979417,2256.666333333333,300.0,1400.0,2700.0,113503000,500.0,2200.0,2200.0,500.0,1000.0,1030614,21472,0.7499694369411326,514850816,2515625000,625000000,509365416,2,83,1003,0,0.0,6,339606900,6106267,253796,6,0,0,0,0,0,6,0,0,0,0,0,0,0,0,0,0
PUBLICATION,MIXED,PERIODIC_GLOBAL_REBUILD,1,214013,1000000,300000,581447200,515953.9851597875,1776.1263333333334,300.0,1300.0,2100.0,75050400,400.0,1700.0,1700.0,400.0,900.0,1030303,21465,0.7499876252038201,516276792,2500000000,500000000,510187656,2,80,1122,0,0.0,6,207706200,6106298,253803,6,0,0,0,0,0,6,0,0,0,0,0,0,0,0,0,0
PUBLICATION,MIXED,PERIODIC_GLOBAL_REBUILD,2,1664525,1000000,300000,467912100,641146.0614076875,1406.7406666666666,300.0,1200.0,1800.0,61946200,400.0,1500.0,1500.0,400.0,800.0,1030792,21475,0.7499941792782305,518203048,2140625000,390625000,510752976,2,80,813,0,0.0,6,128474000,6106899,253817,6,0,0,0,0,0,6,0,0,0,0,0,0,0,0,0,0
PUBLICATION,MIXED,PERIODIC_GLOBAL_REBUILD,3,22695477,1000000,300000,710128500,422458.7521835837,2053.943333333333,300.0,1300.0,1900.0,108916000,400.0,1600.0,1600.0,400.0,1100.0,1029808,21455,0.7499766954089956,515899392,2671875000,625000000,509569288,2,83,1199,0,0.0,6,346936200,6104127,253725,6,0,0,0,0,0,6,0,0,0,0,0,0,0,0,0,0
PUBLICATION,MIXED,PERIODIC_GLOBAL_REBUILD,4,69069,1000000,300000,542809700,552679.8802600617,1649.0403333333334,300.0,1200.0,1800.0,72227900,400.0,1600.0,1600.0,400.0,900.0,1030672,21473,0.7499767149443487,514850816,2234375000,468750000,509121320,2,79,933,0,0.0,6,195966100,6107515,253845,6,0,0,0,0,0,6,0,0,0,0,0,0,0,0,0,0
PUBLICATION,MIXED,PERIODIC_GLOBAL_REBUILD,5,48271,1000000,300000,547938400,547506.8000344564,1535.8693333333333,300.0,1200.0,1800.0,86128200,400.0,1500.0,1600.0,400.0,800.0,1030415,21467,0.7499992721386314,517996544,2203125000,484375000,510112120,2,73,918,0,0.0,6,214398900,6105543,253769,6,0,0,0,0,0,6,0,0,0,0,0,0,0,0,0,0
PUBLICATION,MIXED,PERIODIC_GLOBAL_REBUILD,6,134775813,1000000,300000,722166400,415416.7239018597,2062.3836666666666,300.0,1300.0,2000.0,110094100,400.0,1700.0,1700.0,400.0,1000.0,1030801,21476,0.7499658048519278,515979408,2640625000,656250000,510421472,2,80,1066,0,0.0,6,346285400,6107423,253840,6,0,0,0,0,0,6,0,0,0,0,0,0,0,0,0,0
PUBLICATION,MIXED,PERIODIC_GLOBAL_REBUILD,7,16807,1000000,300000,640783300,468176.995249408,1968.8043333333333,300.0,1200.0,1600.0,97288400,400.0,1400.0,1400.0,400.0,1000.0,1030754,21475,0.7499665308498253,516436896,2359375000,578125000,509435456,2,81,956,0,0.0,6,299510800,6107824,253859,6,0,0,0,0,0,6,0,0,0,0,0,0,0,0,0,0
PUBLICATION,MIXED,PERIODIC_GLOBAL_REBUILD,8,2147483647,1000000,300000,750552000,399705.816519042,2164.5533333333333,300.0,1500.0,3000.0,123278700,500.0,2300.0,2200.0,500.0,1100.0,1030293,21465,0.7499803459119497,515057320,2531250000,687500000,510036072,2,85,1097,0,0.0,6,354781800,6106505,253815,6,0,0,0,0,0,6,0,0,0,0,0,0,0,0,0,0
PUBLICATION,MIXED,PERIODIC_GLOBAL_REBUILD,9,6364136223846793005,1000000,300000,561169000,534598.3117385316,1719.0506666666668,300.0,1200.0,1700.0,74768700,400.0,1500.0,1500.0,400.0,900.0,1030538,21470,0.7499839892873778,516356880,2031250000,468750000,510088008,2,73,1026,0,0.0,6,212052700,6105868,253780,6,0,0,0,0,0,6,0,0,0,0,0,0,0,0,0,0
PUBLICATION,MIXED,STATIC_BPLUS,0,1103515245,1000000,300000,200642900,1495193.6998518263,517.8616666666667,300.0,1200.0,1900.0,221500,400.0,1400.0,1500.0,400.0,1500.0,1030614,20834,0.7729357660554862,237058192,562500000,203125000,86296128,0,0,434,0,0.0,0,0,0,0,0,0,0,0,0,0,0,0,0,0,0,0,0,0,0,0,0
PUBLICATION,MIXED,STATIC_BPLUS,1,214013,1000000,300000,180027400,1666413.0015764267,464.09,300.0,1100.0,1700.0,287100,400.0,1400.0,1400.0,400.0,1200.0,1030303,20834,0.7727025235192474,236978176,421875000,187500000,86683056,0,0,377,0,0.0,0,0,0,0,0,0,0,0,0,0,0,0,0,0,0,0,0,0,0,0,0
PUBLICATION,MIXED,STATIC_BPLUS,2,1664525,1000000,300000,199989900,1500075.7538255681,516.0393333333334,300.0,1300.0,2200.0,315800,400.0,1600.0,1600.0,400.0,1300.0,1030792,20834,0.7730692617836229,238157840,515625000,203125000,86733696,0,0,444,0,0.0,0,0,0,0,0,0,0,0,0,0,0,0,0,0,0,0,0,0,0,0,0
PUBLICATION,MIXED,STATIC_BPLUS,3,22695477,1000000,300000,192065800,1561964.7016803615,493.321,300.0,1200.0,1900.0,122100,400.0,1500.0,1600.0,400.0,1300.0,1029808,20834,0.7723312853988672,236978176,546875000,203125000,85946632,0,0,461,0,0.0,0,0,0,0,0,0,0,0,0,0,0,0,0,0,0,0,0,0,0,0,0
PUBLICATION,MIXED,STATIC_BPLUS,4,69069,1000000,300000,221396000,1355038.031400748,573.7986666666667,300.0,1400.0,3100.0,85800,400.0,2000.0,2100.0,500.0,1600.0,1030672,20834,0.7729792646635307,233832448,421875000,218750000,82454336,0,0,296,0,0.0,0,0,0,0,0,0,0,0,0,0,0,0,0,0,0,0,0,0,0,0,0
PUBLICATION,MIXED,STATIC_BPLUS,5,48271,1000000,300000,178107400,1684376.954579091,452.1066666666667,300.0,1100.0,1500.0,171800,300.0,1300.0,1300.0,300.0,1200.0,1030415,20834,0.7727865208313334,233963536,390625000,187500000,83661088,0,0,346,0,0.0,0,0,0,0,0,0,0,0,0,0,0,0,0,0,0,0,0,0,0,0,0
PUBLICATION,MIXED,STATIC_BPLUS,6,134775813,1000000,300000,185007400,1621556.7593512475,475.4316666666667,300.0,1200.0,1800.0,67700,400.0,1400.0,1400.0,400.0,1200.0,1030801,20834,0.7730760115676298,238026752,531250000,187500000,87093904,0,0,464,0,0.0,0,0,0,0,0,0,0,0,0,0,0,0,0,0,0,0,0,0,0,0,0
PUBLICATION,MIXED,STATIC_BPLUS,7,16807,1000000,300000,213513400,1405064.0381353113,551.6373333333333,300.0,1300.0,1900.0,129900,400.0,1600.0,1600.0,400.0,1600.0,1030754,20834,0.7730407626955937,236978176,609375000,203125000,86269264,0,0,565,0,0.0,0,0,0,0,0,0,0,0,0,0,0,0,0,0,0,0,0,0,0,0,0
PUBLICATION,MIXED,STATIC_BPLUS,8,2147483647,1000000,300000,195743800,1532615.5924223398,504.43033333333335,300.0,1200.0,1700.0,103700,400.0,1500.0,1500.0,400.0,1400.0,1030293,20834,0.7726950237592397,236060688,421875000,203125000,83709256,0,0,362,0,0.0,0,0,0,0,0,0,0,0,0,0,0,0,0,0,0,0,0,0,0,0,0
PUBLICATION,MIXED,STATIC_BPLUS,9,6364136223846793005,1000000,300000,189870500,1580024.2797064316,498.2703333333333,300.0,1200.0,1900.0,170500,400.0,1400.0,1500.0,400.0,1400.0,1030538,20834,0.7728787678794279,234881024,531250000,203125000,83663600,0,0,407,0,0.0,0,0,0,0,0,0,0,0,0,0,0,0,0,0,0,0,0,0,0,0,0
PUBLICATION,MIXED,THRESHOLD_GLOBAL_REBUILD,0,1103515245,1000000,300000,199180200,1506173.806432567,520.8056666666666,300.0,1200.0,1900.0,666600,400.0,1500.0,1500.0,400.0,1300.0,1030614,20834,0.7729357660554862,236978176,578125000,203125000,86150024,0,0,459,0,0.0,0,0,0,0,0,0,0,0,0,0,0,0,0,0,0,0,0,0,0,0,0
PUBLICATION,MIXED,THRESHOLD_GLOBAL_REBUILD,1,214013,1000000,300000,181883400,1649408.3572222644,462.4393333333333,300.0,1000.0,1600.0,355100,300.0,1300.0,1300.0,300.0,1200.0,1030303,20834,0.7727025235192474,236978176,562500000,203125000,86408672,0,0,372,0,0.0,0,0,0,0,0,0,0,0,0,0,0,0,0,0,0,0,0,0,0,0,0
PUBLICATION,MIXED,THRESHOLD_GLOBAL_REBUILD,2,1664525,1000000,300000,189329500,1584539.1235914107,490.2246666666667,300.0,1100.0,1800.0,305800,400.0,1400.0,1400.0,400.0,1300.0,1030792,20834,0.7730692617836229,236978176,546875000,203125000,87253096,0,0,407,0,0.0,0,0,0,0,0,0,0,0,0,0,0,0,0,0,0,0,0,0,0,0,0
PUBLICATION,MIXED,THRESHOLD_GLOBAL_REBUILD,3,22695477,1000000,300000,206751100,1451020.0913078575,522.466,300.0,1200.0,1700.0,321900,400.0,1500.0,1500.0,400.0,1400.0,1029808,20834,0.7723312853988672,233832448,546875000,218750000,83171888,0,0,444,0,0.0,0,0,0,0,0,0,0,0,0,0,0,0,0,0,0,0,0,0,0,0,0
PUBLICATION,MIXED,THRESHOLD_GLOBAL_REBUILD,4,69069,1000000,300000,192926600,1554995.5267962012,505.229,300.0,1100.0,1700.0,274300,400.0,1300.0,1300.0,400.0,1400.0,1030672,20834,0.7729792646635307,234881024,453125000,187500000,85098536,0,0,324,0,0.0,0,0,0,0,0,0,0,0,0,0,0,0,0,0,0,0,0,0,0,0,0
PUBLICATION,MIXED,THRESHOLD_GLOBAL_REBUILD,5,48271,1000000,300000,187755300,1597824.4022938367,482.69166666666666,300.0,1000.0,1400.0,340800,300.0,1200.0,1200.0,300.0,1300.0,1030415,20834,0.7727865208313334,233832448,390625000,171875000,84076712,0,0,349,0,0.0,0,0,0,0,0,0,0,0,0,0,0,0,0,0,0,0,0,0,0,0,0
PUBLICATION,MIXED,THRESHOLD_GLOBAL_REBUILD,6,134775813,1000000,300000,191210500,1568951.4958645054,489.9,300.0,1100.0,1600.0,440900,300.0,1300.0,1300.0,300.0,1300.0,1030801,20834,0.7730760115676298,235929600,625000000,203125000,86355568,0,0,477,0,0.0,0,0,0,0,0,0,0,0,0,0,0,0,0,0,0,0,0,0,0,0,0
PUBLICATION,MIXED,THRESHOLD_GLOBAL_REBUILD,7,16807,1000000,300000,175323100,1711126.4858994621,453.835,300.0,1000.0,1400.0,228200,300.0,1200.0,1200.0,300.0,1200.0,1030754,20834,0.7730407626955937,233898000,359375000,187500000,83415544,0,0,244,0,0.0,0,0,0,0,0,0,0,0,0,0,0,0,0,0,0,0,0,0,0,0,0
PUBLICATION,MIXED,THRESHOLD_GLOBAL_REBUILD,8,2147483647,1000000,300000,184677400,1624454.3187201032,473.499,300.0,1000.0,1400.0,326900,300.0,1200.0,1200.0,300.0,1300.0,1030293,20834,0.7726950237592397,233832448,406250000,187500000,83450712,0,0,339,0,0.0,0,0,0,0,0,0,0,0,0,0,0,0,0,0,0,0,0,0,0,0,0
PUBLICATION,MIXED,THRESHOLD_GLOBAL_REBUILD,9,6364136223846793005,1000000,300000,200614300,1495406.8578361562,530.3283333333334,300.0,1200.0,1900.0,363600,400.0,1500.0,1500.0,400.0,1400.0,1030538,20834,0.7728787678794279,238026752,500000000,203125000,86061072,0,0,431,0,0.0,0,0,0,0,0,0,0,0,0,0,0,0,0,0,0,0,0,0,0,0,0
PUBLICATION,READ_HEAVY,LARS_FULL,0,1103515245,1000000,300000,176609800,1698659.9837608105,407.35833333333335,300.0,1200.0,2000.0,157800,500.0,2300.0,2400.0,500.0,1300.0,1009037,20834,0.7567535338869156,203503760,578125000,187500000,57422552,0,0,583,5100,0.002887721972393378,0,0,0,0,0,0,0,0,0,0,0,0,0,0,0,0,0,0,0,0,0
PUBLICATION,READ_HEAVY,LARS_FULL,1,214013,1000000,300000,210945600,1422167.6109859603,488.24733333333336,400.0,1500.0,2500.0,707900,600.0,3000.0,3000.0,600.0,1600.0,1009132,20834,0.7568247816069886,203423744,859375000,203125000,57391920,0,0,823,6600,0.0031287687441691127,0,0,0,0,0,0,0,0,0,0,0,0,0,0,0,0,0,0,0,0,0
PUBLICATION,READ_HEAVY,LARS_FULL,2,1664525,1000000,300000,180476100,1662269.9626155486,415.66133333333335,300.0,1200.0,2000.0,163000,500.0,2400.0,2500.0,600.0,1500.0,1009148,20834,0.7568367812230009,203423744,750000000,203125000,57389664,0,0,770,4600,0.0025488139426771746,0,0,0,0,0,0,0,0,0,0,0,0,0,0,0,0,0,0,0,0,0
PUBLICATION,READ_HEAVY,LARS_FULL,3,22695477,1000000,300000,222120000,1350621.2857914641,523.3763333333334,400.0,1600.0,2900.0,181200,600.0,3500.0,3400.0,700.0,1800.0,1008916,20834,0.7566627867908227,204472320,765625000,234375000,57475504,0,0,786,5800,0.002611201152530164,0,0,0,0,0,0,0,0,0,0,0,0,0,0,0,0,0,0,0,0,0
PUBLICATION,READ_HEAVY,LARS_FULL,4,69069,1000000,300000,187058300,1603778.0734669352,438.23266666666666,300.0,1300.0,2200.0,148700,500.0,2700.0,2700.0,600.0,1400.0,1009000,20834,0.7567257847748872,204472320,687500000,171875000,57180368,0,0,620,6200,0.0033144746851649994,0,0,0,0,0,0,0,0,0,0,0,0,0,0,0,0,0,0,0,0,0
PUBLICATION,READ_HEAVY,LARS_FULL,5,48271,1000000,300000,187644700,1598766.1788475774,426.21433333333334,300.0,1200.0,2100.0,120200,500.0,2600.0,2700.0,600.0,1400.0,1008814,20834,0.7565862892387444,204472320,718750000,203125000,57112832,0,0,687,5400,0.0028777791219256393,0,0,0,0,0,0,0,0,0,0,0,0,0,0,0,0,0,0,0,0,0
PUBLICATION,READ_HEAVY,LARS_FULL,6,134775813,1000000,300000,182226000,1646307.3326528596,417.77166666666665,300.0,1300.0,1900.0,148300,500.0,2100.0,2100.0,500.0,1500.0,1008921,20834,0.7566665366708265,203423744,687500000,187500000,57088968,0,0,700,6300,0.003457245398571005,0,0,0,0,0,0,0,0,0,0,0,0,0,0,0,0,0,0,0,0,0
PUBLICATION,READ_HEAVY,LARS_FULL,7,16807,1000000,300000,189988700,1579041.2798234841,435.32433333333336,300.0,1300.0,2000.0,203200,500.0,2300.0,2300.0,600.0,1500.0,1008909,20834,0.7566575369588173,203423744,437500000,203125000,57498904,0,0,745,5800,0.0030528131409920697,0,0,0,0,0,0,0,0,0,0,0,0,0,0,0,0,0,0,0,0,0
PUBLICATION,READ_HEAVY,LARS_FULL,8,2147483647,1000000,300000,181813000,1650047.0263402506,417.2493333333333,300.0,1200.0,1900.0,115900,500.0,2200.0,2300.0,500.0,1500.0,1009029,20834,0.7567475340789095,204603408,703125000,187500000,56805840,0,0,656,5100,0.0028050799447784263,0,0,0,0,0,0,0,0,0,0,0,0,0,0,0,0,0,0,0,0,0
PUBLICATION,READ_HEAVY,LARS_FULL,9,6364136223846793005,1000000,300000,196049500,1530225.7848145494,445.353,300.0,1300.0,2100.0,145300,500.0,2500.0,2600.0,600.0,1600.0,1008976,20834,0.7567077853508688,202848448,562500000,171875000,56923000,0,0,752,4800,0.002448361255703279,0,0,0,0,0,0,0,0,0,0,0,0,0,0,0,0,0,0,0,0,0
PUBLICATION,READ_HEAVY,LARS_MONITOR_ONLY,0,1103515245,1000000,300000,172496800,1739162.6975109105,399.878,300.0,1200.0,1800.0,129900,500.0,2000.0,2000.0,500.0,1400.0,1009037,20834,0.7567535338869156,204472320,546875000,187500000,57459160,0,0,597,6100,0.003536297484938851,0,0,0,0,0,0,0,0,0,0,0,0,0,0,0,0,0,0,0,0,0
PUBLICATION,READ_HEAVY,LARS_MONITOR_ONLY,1,214013,1000000,300000,185016700,1621475.2506125122,421.279,300.0,1200.0,2000.0,162400,500.0,2400.0,2500.0,600.0,1500.0,1009132,20834,0.7568247816069886,204472320,546875000,187500000,57176888,0,0,596,5300,0.002864606276082105,0,0,0,0,0,0,0,0,0,0,0,0,0,0,0,0,0,0,0,0,0
PUBLICATION,READ_HEAVY,LARS_MONITOR_ONLY,2,1664525,1000000,300000,176039000,1704167.8264475486,406.09866666666665,300.0,1200.0,1900.0,121000,500.0,2100.0,2100.0,500.0,1400.0,1009148,20834,0.7568367812230009,204472320,593750000,187500000,57566216,0,0,750,5200,0.002953890899175751,0,0,0,0,0,0,0,0,0,0,0,0,0,0,0,0,0,0,0,0,0
PUBLICATION,READ_HEAVY,LARS_MONITOR_ONLY,3,22695477,1000000,300000,170586000,1758643.7339523758,393.12533333333334,300.0,1100.0,1900.0,742700,500.0,2100.0,2100.0,500.0,1300.0,1008916,20834,0.7566627867908227,204603408,593750000,171875000,57416872,0,0,611,5000,0.0029310728899206266,0,0,0,0,0,0,0,0,0,0,0,0,0,0,0,0,0,0,0,0,0
PUBLICATION,READ_HEAVY,LARS_MONITOR_ONLY,4,69069,1000000,300000,242403000,1237608.4454400316,578.5413333333333,400.0,1700.0,3500.0,154300,700.0,4200.0,4300.0,900.0,2000.0,1009000,20834,0.7567257847748872,203503760,906250000,250000000,57516192,0,0,961,6700,0.0027639921948160707,0,0,0,0,0,0,0,0,0,0,0,0,0,0,0,0,0,0,0,0,0
PUBLICATION,READ_HEAVY,LARS_MONITOR_ONLY,5,48271,1000000,300000,181538400,1652542.933065401,413.15,300.0,1200.0,1900.0,149800,500.0,2200.0,2200.0,500.0,1500.0,1008814,20834,0.7565862892387444,204472320,656250000,171875000,57200832,0,0,648,4900,0.002699153457340155,0,0,0,0,0,0,0,0,0,0,0,0,0,0,0,0,0,0,0,0,0
PUBLICATION,READ_HEAVY,LARS_MONITOR_ONLY,6,134775813,1000000,300000,177570800,1689466.9619104043,394.8333333333333,300.0,1200.0,1800.0,201600,500.0,2100.0,2200.0,500.0,1400.0,1008921,20834,0.7566665366708265,204472320,687500000,171875000,56951192,0,0,639,4200,0.002365253746674566,0,0,0,0,0,0,0,0,0,0,0,0,0,0,0,0,0,0,0,0,0
PUBLICATION,READ_HEAVY,LARS_MONITOR_ONLY,7,16807,1000000,300000,225582900,1329888.036726188,520.659,400.0,1600.0,2800.0,168300,600.0,3300.0,3500.0,700.0,1700.0,1008909,20834,0.7566575369588173,204537872,828125000,234375000,57052360,0,0,789,7200,0.0031917312881428513,0,0,0,0,0,0,0,0,0,0,0,0,0,0,0,0,0,0,0,0,0
PUBLICATION,READ_HEAVY,LARS_MONITOR_ONLY,8,2147483647,1000000,300000,199535200,1503494.1203356602,474.48966666666666,300.0,1400.0,2500.0,127300,600.0,2900.0,2900.0,600.0,1600.0,1009029,20834,0.7567475340789095,204472320,750000000,187500000,57064728,0,0,690,6100,0.0030571047113491755,0,0,0,0,0,0,0,0,0,0,0,0,0,0,0,0,0,0,0,0,0
PUBLICATION,READ_HEAVY,LARS_MONITOR_ONLY,9,6364136223846793005,1000000,300000,186291900,1610375.9744787617,431.993,300.0,1300.0,2100.0,281500,500.0,2600.0,2600.0,600.0,1400.0,1008976,20834,0.7567077853508688,202455184,703125000,203125000,56563192,0,0,566,7100,0.0038112231395997357,0,0,0,0,0,0,0,0,0,0,0,0,0,0,0,0,0,0,0,0,0
PUBLICATION,READ_HEAVY,LARS_NO_DIAGNOSIS,0,1103515245,1000000,300000,227531400,1318499.3367948337,528.7606666666667,400.0,1500.0,3100.0,193400,600.0,3700.0,3800.0,800.0,1800.0,1009037,20834,0.7567535338869156,204734496,796875000,250000000,57624656,0,0,1048,5100,0.002241448872551217,0,0,0,0,0,0,0,0,0,0,0,0,0,0,0,0,0,0,0,0,0
PUBLICATION,READ_HEAVY,LARS_NO_DIAGNOSIS,1,214013,1000000,300000,171172800,1752614.901432938,393.47366666666665,300.0,1200.0,1800.0,141100,500.0,2100.0,2100.0,500.0,1400.0,1009132,20834,0.7568247816069886,203503760,593750000,171875000,57501352,0,0,596,4500,0.002628922352149407,0,0,0,0,0,0,0,0,0,0,0,0,0,0,0,0,0,0,0,0,0
PUBLICATION,READ_HEAVY,LARS_NO_DIAGNOSIS,2,1664525,1000000,300000,185777600,1614834.081180939,427.965,300.0,1300.0,1900.0,688200,500.0,2100.0,2200.0,600.0,1500.0,1009148,20834,0.7568367812230009,204472320,656250000,187500000,57491712,0,0,760,5400,0.00290670134612569,0,0,0,0,0,0,0,0,0,0,0,0,0,0,0,0,0,0,0,0,0
PUBLICATION,READ_HEAVY,LARS_NO_DIAGNOSIS,3,22695477,1000000,300000,194451500,1542801.1612150073,448.1186666666667,300.0,1300.0,2100.0,733100,500.0,2600.0,2600.0,600.0,1500.0,1008916,20834,0.7566627867908227,205600912,734375000,203125000,57383304,0,0,643,7200,0.0037027227869160175,0,0,0,0,0,0,0,0,0,0,0,0,0,0,0,0,0,0,0,0,0
PUBLICATION,READ_HEAVY,LARS_NO_DIAGNOSIS,4,69069,1000000,300000,197610000,1518141.794443601,462.28633333333335,300.0,1400.0,2200.0,142400,500.0,2600.0,2600.0,600.0,1600.0,1009000,20834,0.7567257847748872,206569472,640625000,203125000,57257720,0,0,639,6600,0.003339911947775922,0,0,0,0,0,0,0,0,0,0,0,0,0,0,0,0,0,0,0,0,0
PUBLICATION,READ_HEAVY,LARS_NO_DIAGNOSIS,5,48271,1000000,300000,169628400,1768571.7721796585,385.1143333333333,300.0,1100.0,1800.0,116900,500.0,2100.0,2100.0,500.0,1300.0,1008814,20834,0.7565862892387444,204603408,593750000,187500000,56945112,0,0,562,5000,0.002947619620299431,0,0,0,0,0,0,0,0,0,0,0,0,0,0,0,0,0,0,0,0,0
PUBLICATION,READ_HEAVY,LARS_NO_DIAGNOSIS,6,134775813,1000000,300000,169983300,1764879.2557857155,390.7386666666667,300.0,1100.0,1900.0,165600,500.0,2200.0,2200.0,500.0,1300.0,1008921,20834,0.7566665366708265,203503760,593750000,171875000,57238864,0,0,699,4500,0.002647318883678573,0,0,0,0,0,0,0,0,0,0,0,0,0,0,0,0,0,0,0,0,0
PUBLICATION,READ_HEAVY,LARS_NO_DIAGNOSIS,7,16807,1000000,300000,188476100,1591713.7504436902,435.57433333333336,300.0,1300.0,2100.0,123900,500.0,2500.0,2600.0,600.0,1400.0,1008909,20834,0.7566575369588173,204537872,546875000,187500000,56910856,0,0,581,6200,0.0032895417509169597,0,0,0,0,0,0,0,0,0,0,0,0,0,0,0,0,0,0,0,0,0
PUBLICATION,READ_HEAVY,LARS_NO_DIAGNOSIS,8,2147483647,1000000,300000,189610300,1582192.5285704415,426.086,300.0,1200.0,2300.0,748600,500.0,2700.0,2800.0,600.0,1500.0,1009029,20834,0.7567475340789095,203423744,640625000,187500000,56918112,0,0,679,5800,0.003058905555236187,0,0,0,0,0,0,0,0,0,0,0,0,0,0,0,0,0,0,0,0,0
PUBLICATION,READ_HEAVY,LARS_NO_DIAGNOSIS,9,6364136223846793005,1000000,300000,173150500,1732596.7871880243,400.842,300.0,1200.0,1900.0,188900,500.0,2300.0,2400.0,500.0,1400.0,1008976,20834,0.7567077853508688,204603408,640625000,187500000,56595256,0,0,539,5500,0.0031764274431780445,0,0,0,0,0,0,0,0,0,0,0,0,0,0,0,0,0,0,0,0,0
PUBLICATION,READ_HEAVY,LARS_NO_LOCALITY,0,1103515245,1000000,300000,170087800,1763794.9341457766,390.177,300.0,1100.0,1800.0,723000,500.0,2100.0,2100.0,500.0,1300.0,1009037,20834,0.7567535338869156,203503760,625000000,156250000,57588440,0,0,670,5600,0.0032924172104054493,0,0,0,0,0,0,0,0,0,0,0,0,0,0,0,0,0,0,0,0,0
PUBLICATION,READ_HEAVY,LARS_NO_LOCALITY,1,214013,1000000,300000,171945300,1744740.914697872,392.8213333333333,300.0,1100.0,1900.0,228300,500.0,2200.0,2200.0,500.0,1300.0,1009132,20834,0.7568247816069886,205520896,671875000,171875000,57378448,0,0,624,5700,0.0033150077379259565,0,0,0,0,0,0,0,0,0,0,0,0,0,0,0,0,0,0,0,0,0
PUBLICATION,READ_HEAVY,LARS_NO_LOCALITY,2,1664525,1000000,300000,167653600,1789403.8660666994,381.71366666666665,300.0,1100.0,1700.0,128300,500.0,1900.0,1900.0,500.0,1400.0,1009148,20834,0.7568367812230009,203423744,640625000,156250000,57161520,0,0,574,5000,0.0029823397767778322,0,0,0,0,0,0,0,0,0,0,0,0,0,0,0,0,0,0,0,0,0
PUBLICATION,READ_HEAVY,LARS_NO_LOCALITY,3,22695477,1000000,300000,187161400,1602894.6139535182,431.15233333333333,300.0,1300.0,2100.0,127500,500.0,2500.0,2500.0,600.0,1500.0,1008916,20834,0.7566627867908227,204537872,843750000,203125000,57173864,0,0,669,5500,0.00293864012558145,0,0,0,0,0,0,0,0,0,0,0,0,0,0,0,0,0,0,0,0,0
PUBLICATION,READ_HEAVY,LARS_NO_LOCALITY,4,69069,1000000,300000,176342100,1701238.6718769937,402.57533333333333,300.0,1100.0,2000.0,164900,500.0,2300.0,2400.0,600.0,1400.0,1009000,20834,0.7567257847748872,204472320,609375000,187500000,57194968,0,0,626,5300,0.0030055216536493553,0,0,0,0,0,0,0,0,0,0,0,0,0,0,0,0,0,0,0,0,0
PUBLICATION,READ_HEAVY,LARS_NO_LOCALITY,5,48271,1000000,300000,172846200,1735647.0665828928,396.2416666666667,300.0,1200.0,1800.0,125100,500.0,2000.0,2000.0,500.0,1300.0,1008814,20834,0.7565862892387444,203423744,562500000,187500000,57328920,0,0,663,5500,0.0031820196220686365,0,0,0,0,0,0,0,0,0,0,0,0,0,0,0,0,0,0,0,0,0
PUBLICATION,READ_HEAVY,LARS_NO_LOCALITY,6,134775813,1000000,300000,185036700,1621299.9907585902,426.571,300.0,1300.0,1900.0,141400,500.0,2300.0,2200.0,600.0,1500.0,1008921,20834,0.7566665366708265,203503760,671875000,203125000,57252880,0,0,668,5800,0.0031345133154666075,0,0,0,0,0,0,0,0,0,0,0,0,0,0,0,0,0,0,0,0,0
PUBLICATION,READ_HEAVY,LARS_NO_LOCALITY,7,16807,1000000,300000,176271700,1701918.1184500973,413.39666666666665,300.0,1200.0,2000.0,116600,500.0,2300.0,2400.0,500.0,1400.0,1008909,20834,0.7566575369588173,203423744,609375000,187500000,57285096,0,0,630,5400,0.003063452613210175,0,0,0,0,0,0,0,0,0,0,0,0,0,0,0,0,0,0,0,0,0
PUBLICATION,READ_HEAVY,LARS_NO_LOCALITY,8,2147483647,1000000,300000,183982000,1630594.297268211,419.44233333333335,300.0,1200.0,1900.0,185300,500.0,2300.0,2400.0,500.0,1500.0,1009029,20834,0.7567475340789095,204472320,625000000,187500000,57209352,0,0,637,6000,0.003261188594536422,0,0,0,0,0,0,0,0,0,0,0,0,0,0,0,0,0,0,0,0,0
PUBLICATION,READ_HEAVY,LARS_NO_LOCALITY,9,6364136223846793005,1000000,300000,173251100,1731590.7373748277,398.42066666666665,300.0,1100.0,2000.0,373200,500.0,2400.0,2500.0,500.0,1300.0,1008976,20834,0.7567077853508688,203423744,609375000,187500000,57016904,0,0,601,5200,0.0030014239447830344,0,0,0,0,0,0,0,0,0,0,0,0,0,0,0,0,0,0,0,0,0
PUBLICATION,READ_HEAVY,LARS_NO_ROLLBACK,0,1103515245,1000000,300000,191189400,1569124.6481237977,436.27233333333334,300.0,1300.0,2100.0,170500,500.0,2500.0,2600.0,600.0,1500.0,1009037,20834,0.7567535338869156,203423744,625000000,203125000,57115904,0,0,621,5300,0.0027721202116853757,0,0,0,0,0,0,0,0,0,0,0,0,0,0,0,0,0,0,0,0,0
PUBLICATION,READ_HEAVY,LARS_NO_ROLLBACK,1,214013,1000000,300000,176943200,1695459.3338427246,409.291,300.0,1200.0,1900.0,428000,500.0,2200.0,2300.0,500.0,1400.0,1009132,20834,0.7568247816069886,204472320,718750000,187500000,57226176,0,0,595,4900,0.00276925024527645,0,0,0,0,0,0,0,0,0,0,0,0,0,0,0,0,0,0,0,0,0
PUBLICATION,READ_HEAVY,LARS_NO_ROLLBACK,2,1664525,1000000,300000,181990200,1648440.4105275997,423.493,300.0,1200.0,2200.0,484500,500.0,2500.0,2600.0,600.0,1400.0,1009148,20834,0.7568367812230009,204603424,671875000,171875000,57166528,0,0,628,5900,0.0032419328073709465,0,0,0,0,0,0,0,0,0,0,0,0,0,0,0,0,0,0,0,0,0
PUBLICATION,READ_HEAVY,LARS_NO_ROLLBACK,3,22695477,1000000,300000,166365200,1803261.7398350136,380.41633333333334,300.0,1100.0,1800.0,143400,500.0,2100.0,2100.0,500.0,1300.0,1008916,20834,0.7566627867908227,205520896,484375000,171875000,57527512,0,0,536,5000,0.003005436233058356,0,0,0,0,0,0,0,0,0,0,0,0,0,0,0,0,0,0,0,0,0
PUBLICATION,READ_HEAVY,LARS_NO_ROLLBACK,4,69069,1000000,300000,167079100,1795556.7153521895,383.5303333333333,300.0,1100.0,1800.0,146100,500.0,2100.0,2100.0,500.0,1300.0,1009000,20834,0.7567257847748872,204472320,593750000,171875000,57506208,0,0,575,5100,0.003052446416098722,0,0,0,0,0,0,0,0,0,0,0,0,0,0,0,0,0,0,0,0,0
PUBLICATION,READ_HEAVY,LARS_NO_ROLLBACK,5,48271,1000000,300000,198819900,1508903.2838262166,453.5203333333333,300.0,1300.0,2300.0,135400,500.0,2800.0,2800.0,600.0,1600.0,1008814,20834,0.7565862892387444,204472320,750000000,218750000,57101280,0,0,828,24200,0.012171819822864813,0,0,0,0,0,0,0,0,0,0,0,0,0,0,0,0,0,0,0,0,0
PUBLICATION,READ_HEAVY,LARS_NO_ROLLBACK,6,134775813,1000000,300000,185667900,1615788.1895578073,429.304,300.0,1300.0,2100.0,387600,500.0,2400.0,2500.0,600.0,1400.0,1008921,20834,0.7566665366708265,203423744,734375000,187500000,57016520,0,0,673,10300,0.0055475394508151385,0,0,0,0,0,0,0,0,0,0,0,0,0,0,0,0,0,0,0,0,0
PUBLICATION,READ_HEAVY,LARS_NO_ROLLBACK,7,16807,1000000,300000,188224100,1593844.783956996,429.8183333333333,300.0,1300.0,2000.0,188100,500.0,2400.0,2500.0,600.0,1500.0,1008909,20834,0.7566575369588173,204537872,593750000,187500000,57135080,0,0,632,5200,0.002762664292192126,0,0,0,0,0,0,0,0,0,0,0,0,0,0,0,0,0,0,0,0,0
PUBLICATION,READ_HEAVY,LARS_NO_ROLLBACK,8,2147483647,1000000,300000,188378500,1592538.426625119,435.7223333333333,300.0,1300.0,2000.0,124900,500.0,2300.0,2400.0,600.0,1500.0,1009029,20834,0.7567475340789095,202848448,750000000,203125000,56942008,0,0,658,5700,0.0030258230105877264,0,0,0,0,0,0,0,0,0,0,0,0,0,0,0,0,0,0,0,0,0
PUBLICATION,READ_HEAVY,LARS_NO_ROLLBACK,9,6364136223846793005,1000000,300000,174458100,1719610.6113731607,396.3976666666667,300.0,1100.0,1900.0,123300,500.0,2200.0,2300.0,500.0,1500.0,1008976,20834,0.7567077853508688,204537872,515625000,187500000,57219064,0,0,663,4600,0.0026367362707721796,0,0,0,0,0,0,0,0,0,0,0,0,0,0,0,0,0,0,0,0,0
PUBLICATION,READ_HEAVY,LARS_NO_RUNTIME_VALIDATION,0,1103515245,1000000,300000,178864700,1677245.426291493,414.3263333333333,300.0,1200.0,2000.0,233900,500.0,2300.0,2300.0,500.0,1400.0,1009037,20834,0.7567535338869156,204472320,640625000,187500000,57407144,0,0,605,5300,0.002963133586448304,0,0,0,0,0,0,0,0,0,0,0,0,0,0,0,0,0,0,0,0,0
PUBLICATION,READ_HEAVY,LARS_NO_RUNTIME_VALIDATION,1,214013,1000000,300000,207485500,1445884.1702191238,491.8913333333333,300.0,1400.0,2700.0,127000,600.0,3300.0,3500.0,700.0,1700.0,1009132,20834,0.7568247816069886,203423744,812500000,218750000,57333584,0,0,783,5700,0.002747179923416335,0,0,0,0,0,0,0,0,0,0,0,0,0,0,0,0,0,0,0,0,0
PUBLICATION,READ_HEAVY,LARS_NO_RUNTIME_VALIDATION,2,1664525,1000000,300000,176274000,1701895.9120460192,404.104,300.0,1200.0,1800.0,218000,500.0,2100.0,2100.0,500.0,1400.0,1009148,20834,0.7568367812230009,203423744,578125000,187500000,57468672,0,0,710,6200,0.003517251551561773,0,0,0,0,0,0,0,0,0,0,0,0,0,0,0,0,0,0,0,0,0
PUBLICATION,READ_HEAVY,LARS_NO_RUNTIME_VALIDATION,3,22695477,1000000,300000,178424500,1681383.4422963215,415.413,300.0,1200.0,2000.0,120700,500.0,2300.0,2300.0,500.0,1400.0,1008916,20834,0.7566627867908227,205520896,687500000,187500000,57790192,0,0,610,6500,0.0036429974583086964,0,0,0,0,0,0,0,0,0,0,0,0,0,0,0,0,0,0,0,0,0
PUBLICATION,READ_HEAVY,LARS_NO_RUNTIME_VALIDATION,4,69069,1000000,300000,176363100,1701036.1010891735,410.42966666666666,300.0,1200.0,1900.0,221700,500.0,2100.0,2200.0,500.0,1400.0,1009000,20834,0.7567257847748872,204472320,609375000,187500000,56723704,0,0,556,6000,0.003402072202178347,0,0,0,0,0,0,0,0,0,0,0,0,0,0,0,0,0,0,0,0,0
PUBLICATION,READ_HEAVY,LARS_NO_RUNTIME_VALIDATION,5,48271,1000000,300000,178191700,1683580.099409793,411.861,300.0,1200.0,2000.0,180400,500.0,2300.0,2300.0,500.0,1400.0,1008814,20834,0.7565862892387444,204472320,531250000,187500000,56765232,0,0,574,6300,0.0035355182087605653,0,0,0,0,0,0,0,0,0,0,0,0,0,0,0,0,0,0,0,0,0
PUBLICATION,READ_HEAVY,LARS_NO_RUNTIME_VALIDATION,6,134775813,1000000,300000,174968800,1714591.4014384279,401.96233333333333,300.0,1200.0,1900.0,124200,500.0,2200.0,2200.0,500.0,1400.0,1008921,20834,0.7566665366708265,204632352,593750000,187500000,57475256,0,0,668,5300,0.003029111475874556,0,0,0,0,0,0,0,0,0,0,0,0,0,0,0,0,0,0,0,0,0
PUBLICATION,READ_HEAVY,LARS_NO_RUNTIME_VALIDATION,7,16807,1000000,300000,247837000,1210473.0125041862,585.1023333333334,400.0,1700.0,3600.0,147400,700.0,4500.0,4300.0,800.0,2100.0,1008909,20834,0.7566575369588173,203423744,921875000,250000000,56986256,0,0,833,6400,0.0025823424266755973,0,0,0,0,0,0,0,0,0,0,0,0,0,0,0,0,0,0,0,0,0
PUBLICATION,READ_HEAVY,LARS_NO_RUNTIME_VALIDATION,8,2147483647,1000000,300000,166621100,1800492.2545824028,382.5253333333333,300.0,1100.0,1800.0,112100,500.0,2100.0,2100.0,500.0,1300.0,1009029,20834,0.7567475340789095,203423744,625000000,171875000,57221048,0,0,578,5000,0.0030008204243040047,0,0,0,0,0,0,0,0,0,0,0,0,0,0,0,0,0,0,0,0,0
PUBLICATION,READ_HEAVY,LARS_NO_RUNTIME_VALIDATION,9,6364136223846793005,1000000,300000,204126500,1469676.891535396,478.80033333333336,300.0,1400.0,2600.0,119300,600.0,3400.0,3400.0,700.0,1700.0,1008976,20834,0.7567077853508688,203423744,703125000,203125000,57052064,0,0,878,4600,0.0022535045670209405,0,0,0,0,0,0,0,0,0,0,0,0,0,0,0,0,0,0,0,0,0
PUBLICATION,READ_HEAVY,LOCAL_COST_ADAPTIVE,0,1103515245,1000000,300000,175494500,1709455.282074367,398.65066666666667,300.0,1200.0,1800.0,109700,500.0,2000.0,2100.0,500.0,1400.0,1009037,20834,0.7567535338869156,203634848,578125000,187500000,57441944,0,0,599,5500,0.003134001350469673,0,0,0,0,0,0,0,0,0,0,0,0,0,0,0,0,0,0,0,0,0
PUBLICATION,READ_HEAVY,LOCAL_COST_ADAPTIVE,1,214013,1000000,300000,234049200,1281781.779215652,553.6373333333333,400.0,1700.0,3100.0,374700,600.0,3700.0,3800.0,700.0,1900.0,1009132,20834,0.7568247816069886,204472320,812500000,234375000,56956424,0,0,827,7000,0.002990824151503188,0,0,0,0,0,0,0,0,0,0,0,0,0,0,0,0,0,0,0,0,0
PUBLICATION,READ_HEAVY,LOCAL_COST_ADAPTIVE,2,1664525,1000000,300000,201997300,1485168.3661118243,471.128,300.0,1400.0,2400.0,117700,600.0,2700.0,2900.0,600.0,1600.0,1009148,20834,0.7568367812230009,204472320,828125000,218750000,57042544,0,0,710,4600,0.002277258161371464,0,0,0,0,0,0,0,0,0,0,0,0,0,0,0,0,0,0,0,0,0
PUBLICATION,READ_HEAVY,LOCAL_COST_ADAPTIVE,3,22695477,1000000,300000,175218100,1712151.883852182,400.8473333333333,300.0,1100.0,1900.0,362600,500.0,2200.0,2200.0,500.0,1300.0,1008916,20834,0.7566627867908227,202848448,515625000,171875000,56858856,0,0,523,5300,0.003024801661472188,0,0,0,0,0,0,0,0,0,0,0,0,0,0,0,0,0,0,0,0,0
PUBLICATION,READ_HEAVY,LOCAL_COST_ADAPTIVE,4,69069,1000000,300000,218949700,1370177.7166171044,515.9883333333333,300.0,1500.0,3000.0,758000,600.0,3500.0,3400.0,700.0,1700.0,1009000,20834,0.7567257847748872,203423744,781250000,234375000,57151168,0,0,734,5000,0.0022836295276951737,0,0,0,0,0,0,0,0,0,0,0,0,0,0,0,0,0,0,0,0,0
PUBLICATION,READ_HEAVY,LOCAL_COST_ADAPTIVE,5,48271,1000000,300000,219670800,1365679.9174036786,511.8996666666667,400.0,1500.0,2700.0,205300,600.0,3300.0,3300.0,700.0,1700.0,1008814,20834,0.7565862892387444,204472320,750000000,234375000,56984256,0,0,858,6400,0.002913450490461181,0,0,0,0,0,0,0,0,0,0,0,0,0,0,0,0,0,0,0,0,0
PUBLICATION,READ_HEAVY,LOCAL_COST_ADAPTIVE,6,134775813,1000000,300000,201347200,1489963.6051556715,474.461,300.0,1500.0,2200.0,302100,500.0,2600.0,2600.0,600.0,1600.0,1008921,20834,0.7566665366708265,205520896,687500000,218750000,57213376,0,0,690,5700,0.0028309308497957756,0,0,0,0,0,0,0,0,0,0,0,0,0,0,0,0,0,0,0,0,0
PUBLICATION,READ_HEAVY,LOCAL_COST_ADAPTIVE,7,16807,1000000,300000,178953900,1676409.39929222,411.137,300.0,1200.0,2000.0,136900,500.0,2300.0,2400.0,600.0,1400.0,1008909,20834,0.7566575369588173,203423744,546875000,187500000,57424832,0,0,723,4600,0.0025704944122480707,0,0,0,0,0,0,0,0,0,0,0,0,0,0,0,0,0,0,0,0,0
PUBLICATION,READ_HEAVY,LOCAL_COST_ADAPTIVE,8,2147483647,1000000,300000,165968200,1807575.1860898654,377.4116666666667,300.0,1100.0,1800.0,226900,400.0,2000.0,2000.0,500.0,1300.0,1009029,20834,0.7567475340789095,203634848,578125000,171875000,56580480,0,0,482,4600,0.0027716152853377936,0,0,0,0,0,0,0,0,0,0,0,0,0,0,0,0,0,0,0,0,0
PUBLICATION,READ_HEAVY,LOCAL_COST_ADAPTIVE,9,6364136223846793005,1000000,300000,164230000,1826706.4482737624,378.8016666666667,300.0,1100.0,1800.0,159800,500.0,2000.0,2000.0,500.0,1300.0,1008976,20834,0.7567077853508688,204734496,593750000,156250000,56489296,0,0,479,5800,0.0035316324666626073,0,0,0,0,0,0,0,0,0,0,0,0,0,0,0,0,0,0,0,0,0
PUBLICATION,READ_HEAVY,PERIODIC_GLOBAL_REBUILD,0,1103515245,1000000,300000,597005100,502508.27002985403,1734.8993333333333,200.0,1100.0,1600.0,100167800,400.0,1800.0,1800.0,400.0,700.0,1009037,21022,0.7499858778898297,470951192,2140625000,531250000,474345072,2,71,811,0,0.0,6,277875700,6031951,251148,6,0,0,0,0,0,6,0,0,0,0,0,0,0,0,0,0
PUBLICATION,READ_HEAVY,PERIODIC_GLOBAL_REBUILD,1,214013,1000000,300000,553470200,542034.6027663278,1601.58,200.0,1000.0,1600.0,94802400,400.0,1900.0,1800.0,400.0,700.0,1009132,21024,0.7499851360350076,469842064,2031250000,500000000,474198272,2,69,779,0,0.0,6,250177800,6032029,251150,6,0,0,0,0,0,6,0,0,0,0,0,0,0,0,0,0
PUBLICATION,READ_HEAVY,PERIODIC_GLOBAL_REBUILD,2,1664525,1000000,300000,466224900,643466.2756107621,1322.4433333333334,200.0,1000.0,1500.0,76516200,300.0,1700.0,1700.0,400.0,700.0,1009148,21024,0.7499970272070016,470299552,1843750000,375000000,474143616,2,64,649,0,0.0,6,175937900,6032102,251152,6,0,0,0,0,0,6,0,0,0,0,0,0,0,0,0,0
PUBLICATION,READ_HEAVY,PERIODIC_GLOBAL_REBUILD,3,22695477,1000000,300000,542667500,552824.703893268,1673.5873333333334,200.0,1000.0,1700.0,91083800,400.0,2000.0,2000.0,400.0,700.0,1008916,21020,0.749967293054234,469762048,2156250000,484375000,474335096,2,65,767,0,0.0,6,242081900,6031215,251120,6,0,0,0,0,0,6,0,0,0,0,0,0,0,0,0,0
PUBLICATION,READ_HEAVY,PERIODIC_GLOBAL_REBUILD,4,69069,1000000,300000,428882000,699493.1006663837,1193.386,200.0,1000.0,1600.0,102070000,400.0,2000.0,2100.0,400.0,700.0,1009000,21021,0.7499940535654821,470890640,1750000000,375000000,474157120,2,67,695,0,0.0,6,125756100,6031210,251119,6,0,0,0,0,0,6,0,0,0,0,0,0,0,0,0,0
PUBLICATION,READ_HEAVY,PERIODIC_GLOBAL_REBUILD,5,48271,1000000,300000,453266400,661862.4279231816,1383.21,200.0,1000.0,1600.0,81837300,400.0,1800.0,1800.0,400.0,700.0,1008814,21017,0.749998513108436,466616320,1750000000,406250000,473820072,2,69,661,0,0.0,6,151530400,6031136,251117,6,0,0,0,0,0,6,0,0,0,0,0,0,0,0,0,0
PUBLICATION,READ_HEAVY,PERIODIC_GLOBAL_REBUILD,6,134775813,1000000,300000,558077800,537559.4585557784,1624.7143333333333,200.0,1000.0,1600.0,90073700,400.0,1800.0,1800.0,400.0,700.0,1008921,21020,0.7499710097526165,466616320,2125000000,484375000,473909416,2,68,781,0,0.0,6,255564300,6030943,251110,6,0,0,0,0,0,6,0,0,0,0,0,0,0,0,0,0
PUBLICATION,READ_HEAVY,PERIODIC_GLOBAL_REBUILD,7,16807,1000000,300000,467312000,641969.3908994419,1320.5996666666667,200.0,1000.0,1500.0,81320700,400.0,1700.0,1700.0,400.0,700.0,1008909,21019,0.7499977698748751,470810624,1812500000,421875000,474118224,2,64,641,0,0.0,6,176494400,6030966,251111,6,0,0,0,0,0,6,0,0,0,0,0,0,0,0,0,0
PUBLICATION,READ_HEAVY,PERIODIC_GLOBAL_REBUILD,8,2147483647,1000000,300000,404282500,742055.369698169,1094.4633333333334,200.0,1100.0,1800.0,64697200,400.0,2100.0,2200.0,400.0,800.0,1009029,21022,0.749979931738179,473956352,1812500000,343750000,473861672,2,69,747,0,0.0,6,93935400,6030931,251108,6,0,0,0,0,0,6,0,0,0,0,0,0,0,0,0,0
PUBLICATION,READ_HEAVY,PERIODIC_GLOBAL_REBUILD,9,6364136223846793005,1000000,300000,563581600,532309.7844216347,1743.5693333333334,200.0,1200.0,1900.0,107850100,400.0,2300.0,2300.0,400.0,800.0,1008976,21021,0.7499762142619285,470219536,2062500000,500000000,473790552,2,71,724,0,0.0,6,235932300,6031572,251135,6,0,0,0,0,0,6,0,0,0,0,0,0,0,0,0,0
PUBLICATION,READ_HEAVY,STATIC_BPLUS,0,1103515245,1000000,300000,167239200,1793837.8083607194,386.06533333333334,300.0,1200.0,2000.0,543300,400.0,2300.0,2500.0,500.0,1300.0,1009037,20834,0.7567535338869156,204537872,453125000,171875000,58267928,0,0,234,0,0.0,0,0,0,0,0,0,0,0,0,0,0,0,0,0,0,0,0,0,0,0,0
PUBLICATION,READ_HEAVY,STATIC_BPLUS,1,214013,1000000,300000,145642200,2059842.5456358115,330.091,200.0,1000.0,1500.0,138300,400.0,1800.0,1800.0,400.0,1200.0,1009132,20834,0.7568247816069886,204472320,390625000,140625000,58107072,0,0,225,0,0.0,0,0,0,0,0,0,0,0,0,0,0,0,0,0,0,0,0,0,0,0,0
PUBLICATION,READ_HEAVY,STATIC_BPLUS,2,1664525,1000000,300000,154879300,1936992.2255588707,366.023,300.0,1100.0,2000.0,324900,400.0,2400.0,2400.0,500.0,1300.0,1009148,20834,0.7568367812230009,206569472,406250000,156250000,57386304,0,0,314,0,0.0,0,0,0,0,0,0,0,0,0,0,0,0,0,0,0,0,0,0,0,0,0
PUBLICATION,READ_HEAVY,STATIC_BPLUS,3,22695477,1000000,300000,177492500,1690212.2624899643,402.1363333333333,300.0,1300.0,2000.0,69600,500.0,2200.0,2300.0,500.0,1400.0,1008916,20834,0.7566627867908227,205520896,484375000,187500000,58312944,0,0,245,0,0.0,0,0,0,0,0,0,0,0,0,0,0,0,0,0,0,0,0,0,0,0,0
PUBLICATION,READ_HEAVY,STATIC_BPLUS,4,69069,1000000,300000,157667900,1902733.5304142442,357.451,300.0,1100.0,1800.0,151900,400.0,2100.0,2100.0,500.0,1300.0,1009000,20834,0.7567257847748872,203423744,421875000,171875000,56311224,0,0,328,0,0.0,0,0,0,0,0,0,0,0,0,0,0,0,0,0,0,0,0,0,0,0,0
PUBLICATION,READ_HEAVY,STATIC_BPLUS,5,48271,1000000,300000,148164800,2024772.4155804887,330.3183333333333,200.0,1000.0,1600.0,66900,400.0,1900.0,1900.0,400.0,1200.0,1008814,20834,0.7565862892387444,202797376,484375000,171875000,56251760,0,0,357,0,0.0,0,0,0,0,0,0,0,0,0,0,0,0,0,0,0,0,0,0,0,0,0
PUBLICATION,READ_HEAVY,STATIC_BPLUS,6,134775813,1000000,300000,138781900,2161665.1739167715,309.921,200.0,1000.0,1500.0,150600,400.0,1700.0,1700.0,400.0,1100.0,1008921,20834,0.7566665366708265,202375168,453125000,156250000,56355360,0,0,301,0,0.0,0,0,0,0,0,0,0,0,0,0,0,0,0,0,0,0,0,0,0,0,0
PUBLICATION,READ_HEAVY,STATIC_BPLUS,7,16807,1000000,300000,138939800,2159208.5205247165,310.55533333333335,200.0,1000.0,1400.0,77100,400.0,1600.0,1700.0,400.0,1200.0,1008909,20834,0.7566575369588173,204472320,453125000,156250000,58101536,0,0,225,0,0.0,0,0,0,0,0,0,0,0,0,0,0,0,0,0,0,0,0,0,0,0,0
PUBLICATION,READ_HEAVY,STATIC_BPLUS,8,2147483647,1000000,300000,170841000,1756018.7542802957,395.2026666666667,300.0,1300.0,2100.0,153300,500.0,2500.0,2600.0,500.0,1400.0,1009029,20834,0.7567475340789095,202375168,531250000,187500000,56036000,0,0,337,0,0.0,0,0,0,0,0,0,0,0,0,0,0,0,0,0,0,0,0,0,0,0,0
PUBLICATION,READ_HEAVY,STATIC_BPLUS,9,6364136223846793005,1000000,300000,134620800,2228481.7799329674,304.381,200.0,900.0,1500.0,104100,400.0,1700.0,1700.0,400.0,1200.0,1008976,20834,0.7567077853508688,203423744,390625000,140625000,56183832,0,0,285,0,0.0,0,0,0,0,0,0,0,0,0,0,0,0,0,0,0,0,0,0,0,0,0
PUBLICATION,READ_HEAVY,THRESHOLD_GLOBAL_REBUILD,0,1103515245,1000000,300000,159048500,1886217.097300509,371.3573333333333,200.0,1000.0,1700.0,750300,400.0,1900.0,2000.0,400.0,1300.0,1009037,20834,0.7567535338869156,202375168,421875000,171875000,56722608,0,0,299,0,0.0,0,0,0,0,0,0,0,0,0,0,0,0,0,0,0,0,0,0,0,0,0
PUBLICATION,READ_HEAVY,THRESHOLD_GLOBAL_REBUILD,1,214013,1000000,300000,152541700,1966675.3418901192,348.3926666666667,200.0,1000.0,1500.0,468600,400.0,1700.0,1700.0,400.0,1300.0,1009132,20834,0.7568247816069886,203634848,375000000,140625000,56831680,0,0,306,0,0.0,0,0,0,0,0,0,0,0,0,0,0,0,0,0,0,0,0,0,0,0,0
PUBLICATION,READ_HEAVY,THRESHOLD_GLOBAL_REBUILD,2,1664525,1000000,300000,194460400,1542730.550795946,457.61633333333333,300.0,1300.0,2200.0,712700,500.0,2500.0,2600.0,500.0,1500.0,1009148,20834,0.7568367812230009,204472320,515625000,187500000,58046456,0,0,234,0,0.0,0,0,0,0,0,0,0,0,0,0,0,0,0,0,0,0,0,0,0,0,0
PUBLICATION,READ_HEAVY,THRESHOLD_GLOBAL_REBUILD,3,22695477,1000000,300000,154198900,1945539.1705128895,354.882,200.0,1000.0,1500.0,689200,400.0,1700.0,1700.0,400.0,1200.0,1008916,20834,0.7566627867908227,204537872,453125000,156250000,58314968,0,0,256,0,0.0,0,0,0,0,0,0,0,0,0,0,0,0,0,0,0,0,0,0,0,0,0
PUBLICATION,READ_HEAVY,THRESHOLD_GLOBAL_REBUILD,4,69069,1000000,300000,146706600,2044897.7755601997,337.02866666666665,200.0,1000.0,1400.0,603900,400.0,1700.0,1800.0,400.0,1200.0,1009000,20834,0.7567257847748872,202375168,406250000,156250000,56846912,0,0,294,0,0.0,0,0,0,0,0,0,0,0,0,0,0,0,0,0,0,0,0,0,0,0,0
PUBLICATION,READ_HEAVY,THRESHOLD_GLOBAL_REBUILD,5,48271,1000000,300000,152260500,1970307.4664801443,349.89633333333336,200.0,1000.0,1500.0,587400,400.0,1800.0,1800.0,400.0,1300.0,1008814,20834,0.7565862892387444,202586272,390625000,140625000,56253048,0,0,331,0,0.0,0,0,0,0,0,0,0,0,0,0,0,0,0,0,0,0,0,0,0,0,0
PUBLICATION,READ_HEAVY,THRESHOLD_GLOBAL_REBUILD,6,134775813,1000000,300000,152998200,1960807.382047632,350.236,200.0,1000.0,1500.0,636000,400.0,1800.0,1900.0,400.0,1200.0,1008921,20834,0.7566665366708265,205520896,453125000,156250000,57901152,0,0,275,0,0.0,0,0,0,0,0,0,0,0,0,0,0,0,0,0,0,0,0,0,0,0,0
PUBLICATION,READ_HEAVY,THRESHOLD_GLOBAL_REBUILD,7,16807,1000000,300000,145618700,2060174.963792425,329.64566666666667,200.0,1000.0,1500.0,256800,400.0,1800.0,1800.0,400.0,1100.0,1008909,20834,0.7566575369588173,205520896,515625000,156250000,58103456,0,0,244,0,0.0,0,0,0,0,0,0,0,0,0,0,0,0,0,0,0,0,0,0,0,0,0
PUBLICATION,READ_HEAVY,THRESHOLD_GLOBAL_REBUILD,8,2147483647,1000000,300000,154724700,1938927.656670202,357.573,200.0,900.0,2100.0,488100,500.0,2700.0,2700.0,500.0,1300.0,1009029,20834,0.7567475340789095,205520896,406250000,156250000,57308744,0,0,333,0,0.0,0,0,0,0,0,0,0,0,0,0,0,0,0,0,0,0,0,0,0,0,0
PUBLICATION,READ_HEAVY,THRESHOLD_GLOBAL_REBUILD,9,6364136223846793005,1000000,300000,157780000,1901381.6706806947,360.7903333333333,200.0,1000.0,1600.0,528500,400.0,1800.0,1800.0,400.0,1300.0,1008976,20834,0.7567077853508688,202455184,515625000,171875000,56721944,0,0,356,0,0.0,0,0,0,0,0,0,0,0,0,0,0,0,0,0,0,0,0,0,0,0,0
PUBLICATION,SCAN_FRAGMENTATION_CONTROL,LARS_FULL,0,1103515245,10000,2384,17267400,138063.63436301934,6635.906040268456,1000.0,3500.0,8300.0,8907500,NaN,NaN,NaN,NaN,NaN,10000,210,0.7440476190476191,1872773280,15625000,15625000,13769400,0,0,27,12507000,72.43128670210918,1,37900,32,2,0,0,1,9,0,0,1,1,0,17,12,12,10,10,10,1,1
PUBLICATION,SCAN_FRAGMENTATION_CONTROL,LARS_FULL,1,214013,10000,2384,17508900,136159.3246863024,6638.213087248322,1000.0,3400.0,7900.0,9429700,NaN,NaN,NaN,NaN,NaN,10000,210,0.7440476190476191,1872696064,15625000,15625000,13766816,0,0,29,12712400,72.60536070227141,1,31000,32,2,0,0,1,9,0,0,1,1,0,17,12,12,10,10,10,1,1
PUBLICATION,SCAN_FRAGMENTATION_CONTROL,LARS_FULL,2,1664525,10000,2384,19235100,123940.08869202656,7295.0503355704695,1000.0,3800.0,8900.0,10139400,NaN,NaN,NaN,NaN,NaN,10000,210,0.7440476190476191,1872687520,31250000,15625000,13766816,0,0,32,13964600,72.59957057670613,1,30900,32,2,0,0,1,9,0,0,1,1,0,17,12,12,10,10,10,1,1
PUBLICATION,SCAN_FRAGMENTATION_CONTROL,LARS_FULL,3,22695477,10000,2384,17566300,135714.4077011095,6685.402684563758,1000.0,3600.0,7300.0,9021600,NaN,NaN,NaN,NaN,NaN,10000,210,0.7440476190476191,1872748864,15625000,15625000,13767584,0,0,30,12639900,71.95539185827408,1,29700,32,2,0,0,1,9,0,0,1,1,0,17,12,12,10,10,10,1,1
PUBLICATION,SCAN_FRAGMENTATION_CONTROL,LARS_FULL,4,69069,10000,2384,8844400,269549.09321152366,3009.228187919463,1000.0,3700.0,8800.0,2218000,NaN,NaN,NaN,NaN,NaN,10000,209,0.7476076555023924,1870593136,0,0,13072976,0,0,5,3874900,43.81190357740491,1,27600,32,2,0,1,0,2,0,0,1,1,0,17,12,5,3,3,1,1,1
PUBLICATION,SCAN_FRAGMENTATION_CONTROL,LARS_FULL,5,48271,10000,2384,18598000,128185.82643294978,7083.221476510067,1000.0,5700.0,11200.0,9718300,NaN,NaN,NaN,NaN,NaN,10000,210,0.7440476190476191,1871691280,62500000,15625000,13767584,0,0,30,13215200,71.05710291429186,1,38500,32,2,0,0,1,9,0,0,1,1,0,17,12,12,10,10,10,1,1
PUBLICATION,SCAN_FRAGMENTATION_CONTROL,LARS_FULL,6,134775813,10000,2384,11210700,212653.9823561419,3797.3154362416108,1100.0,7600.0,15800.0,2480300,NaN,NaN,NaN,NaN,NaN,10000,209,0.7476076555023924,1871678536,15625000,15625000,13077968,0,0,8,4591600,40.957299722586455,1,35800,32,2,0,1,0,9,0,0,1,1,0,17,12,12,10,10,1,1,1
PUBLICATION,SCAN_FRAGMENTATION_CONTROL,LARS_FULL,7,16807,10000,2384,19133000,124601.4738932734,7325.251677852349,1000.0,5500.0,14900.0,10044900,NaN,NaN,NaN,NaN,NaN,10000,210,0.7440476190476191,1872736800,46875000,31250000,13767584,0,0,32,13716900,71.69236397846652,1,30300,32,2,0,0,1,9,0,0,1,1,0,17,12,12,10,10,10,1,1
PUBLICATION,SCAN_FRAGMENTATION_CONTROL,LARS_FULL,8,2147483647,10000,2384,10178500,234219.1875030702,3576.5520134228186,1100.0,5700.0,15700.0,2358300,NaN,NaN,NaN,NaN,NaN,10000,209,0.7476076555023924,1870570160,46875000,15625000,13072832,0,0,8,4261700,41.86962715527828,1,33500,32,2,0,1,0,2,0,0,1,1,0,17,12,6,3,3,1,1,1
PUBLICATION,SCAN_FRAGMENTATION_CONTROL,LARS_FULL,9,6364136223846793005,10000,2384,12211800,195221.01573887552,4325.545302013423,1100.0,9100.0,17100.0,3302000,NaN,NaN,NaN,NaN,NaN,10000,209,0.7476076555023924,1871696528,15625000,0,13074848,0,0,8,5583000,45.718075959318035,1,34500,32,2,0,1,0,4,0,0,1,1,0,17,12,7,5,5,1,1,1
PUBLICATION,SKEW_80_20,LARS_FULL,0,1103515245,1000000,300000,221856600,1352224.815488924,556.7703333333334,300.0,1400.0,2800.0,296000,500.0,2000.0,2000.0,500.0,1600.0,1031828,20878,0.7722153702461921,239075328,703125000,234375000,88655024,0,0,647,1409800,0.6354555149587616,0,0,0,0,0,0,0,0,0,0,0,0,0,194,63,19,0,0,0,0,0
PUBLICATION,SKEW_80_20,LARS_FULL,1,214013,1000000,300000,235536500,1273687.9422085325,569.3963333333334,300.0,1500.0,2800.0,506800,500.0,2000.0,2100.0,500.0,1600.0,1031840,20877,0.7722613402308761,239075328,890625000,234375000,88613336,0,0,1061,1222400,0.5189853801852367,0,0,0,0,0,0,0,0,0,0,0,0,0,195,64,10,0,0,0,0,0
PUBLICATION,SKEW_80_20,LARS_FULL,2,1664525,1000000,300000,214937200,1395756.5279532813,530.4496666666666,300.0,1400.0,2600.0,342200,400.0,1900.0,1900.0,500.0,1500.0,1031705,20881,0.7720123856616062,239075328,718750000,218750000,88987200,0,0,615,1433700,0.6670320447088731,0,0,0,0,0,0,0,0,0,0,0,0,0,194,63,7,0,0,0,0,0
PUBLICATION,SKEW_80_20,LARS_FULL,3,22695477,1000000,300000,216401600,1386311.376625681,539.4936666666666,300.0,1300.0,2300.0,318400,400.0,1900.0,1900.0,400.0,1500.0,1031570,20879,0.7719853082044159,238026752,781250000,218750000,89168656,0,0,711,1116600,0.5159850943800786,0,0,0,0,0,0,0,0,0,0,0,0,0,194,63,3,0,0,0,0,0
PUBLICATION,SKEW_80_20,LARS_FULL,4,69069,1000000,300000,255440100,1174443.6366882098,645.102,400.0,1700.0,3200.0,694000,500.0,2300.0,2300.0,500.0,2000.0,1031969,20881,0.772209933671759,240123904,875000000,250000000,89461168,0,0,1080,1522500,0.5960301456192665,0,0,0,0,0,0,0,0,0,0,0,0,0,196,65,14,0,0,0,0,0
PUBLICATION,SKEW_80_20,LARS_FULL,5,48271,1000000,300000,195227200,1536671.1195980888,480.9886666666667,300.0,1200.0,2200.0,180700,400.0,1700.0,1700.0,400.0,1300.0,1031461,20889,0.7715342105893054,239075328,593750000,203125000,89054896,0,0,561,1130600,0.5791201226058664,0,0,0,0,0,0,0,0,0,0,0,0,0,195,64,5,0,0,0,0,0
PUBLICATION,SKEW_80_20,LARS_FULL,6,134775813,1000000,300000,223889000,1339949.707220989,555.31,300.0,1400.0,2500.0,429900,500.0,1900.0,1900.0,500.0,1600.0,1031421,20872,0.7721326717612111,240123904,625000000,218750000,88747720,0,0,955,1627800,0.7270567111381087,0,0,0,0,0,0,0,0,0,0,0,0,0,195,64,16,0,0,0,0,0
PUBLICATION,SKEW_80_20,LARS_FULL,7,16807,1000000,300000,259559800,1155803.0172623033,646.7153333333333,400.0,1600.0,2900.0,201800,500.0,2200.0,2400.0,500.0,1800.0,1031644,20882,0.7719297720524854,238026752,843750000,250000000,89075080,0,0,829,1809300,0.6970647997108952,0,0,0,0,0,0,0,0,0,0,0,0,0,196,65,18,0,0,0,0,0
PUBLICATION,SKEW_80_20,LARS_FULL,8,2147483647,1000000,300000,209655000,1430922.2293768334,510.112,300.0,1200.0,2300.0,241000,400.0,1800.0,1700.0,400.0,1500.0,1031594,20885,0.7717814819248264,238026752,718750000,234375000,88698800,0,0,791,1900800,0.9066323245331617,0,0,0,0,0,0,0,0,0,0,0,0,0,196,65,3,0,0,0,0,0
PUBLICATION,SKEW_80_20,LARS_FULL,9,6364136223846793005,1000000,300000,234976800,1276721.787001951,576.0646666666667,300.0,1400.0,2600.0,602800,400.0,2000.0,2000.0,500.0,1600.0,1031628,20872,0.7722876341510158,241172480,1000000000,250000000,89340896,0,0,1183,1613600,0.6867060918354493,0,0,0,0,0,0,0,0,0,0,0,0,0,194,63,12,0,0,0,0,0
PUBLICATION,SKEW_80_20,LARS_MONITOR_ONLY,0,1103515245,1000000,300000,212721100,1410297.3329867136,527.477,300.0,1300.0,2400.0,227800,400.0,1900.0,1900.0,400.0,1500.0,1031828,20878,0.7722153702461921,238026752,625000000,234375000,88910952,0,0,534,1616000,0.759680163368843,0,0,0,0,0,0,0,0,0,0,0,0,0,194,63,16,0,0,0,0,0
PUBLICATION,SKEW_80_20,LARS_MONITOR_ONLY,1,214013,1000000,300000,213791400,1403236.9870818004,525.801,300.0,1300.0,2400.0,366300,400.0,1900.0,1800.0,500.0,1500.0,1031840,20877,0.7722613402308761,238026752,750000000,218750000,88810104,0,0,629,1369800,0.64071800830155,0,0,0,0,0,0,0,0,0,0,0,0,0,195,64,9,0,0,0,0,0
PUBLICATION,SKEW_80_20,LARS_MONITOR_ONLY,2,1664525,1000000,300000,216678800,1384537.8504957568,531.4443333333334,300.0,1300.0,2400.0,336000,400.0,1800.0,1800.0,500.0,1600.0,1031705,20881,0.7720123856616062,239075328,687500000,218750000,88709976,0,0,816,1725300,0.7962477178201097,0,0,0,0,0,0,0,0,0,0,0,0,0,194,63,15,0,0,0,0,0
PUBLICATION,SKEW_80_20,LARS_MONITOR_ONLY,3,22695477,1000000,300000,201623000,1487925.4846917267,493.6483333333333,300.0,1200.0,2200.0,197000,400.0,1700.0,1700.0,400.0,1400.0,1031570,20879,0.7719853082044159,239075328,546875000,187500000,89090296,0,0,612,1240400,0.6152075904038726,0,0,0,0,0,0,0,0,0,0,0,0,0,194,63,13,0,0,0,0,0
PUBLICATION,SKEW_80_20,LARS_MONITOR_ONLY,4,69069,1000000,300000,225000400,1333330.962967177,544.3756666666667,300.0,1300.0,2400.0,497100,400.0,1900.0,1900.0,500.0,1500.0,1031969,20881,0.772209933671759,238026752,812500000,218750000,88837064,0,0,946,1202900,0.5346212717844058,0,0,0,0,0,0,0,0,0,0,0,0,0,196,65,8,0,0,0,0,0
PUBLICATION,SKEW_80_20,LARS_MONITOR_ONLY,5,48271,1000000,300000,196220300,1528893.79946927,484.6053333333333,300.0,1200.0,2200.0,288500,400.0,1700.0,1700.0,400.0,1400.0,1031461,20889,0.7715342105893054,239075328,703125000,218750000,88710816,0,0,471,1554900,0.7924256562649227,0,0,0,0,0,0,0,0,0,0,0,0,0,195,64,10,0,0,0,0,0
PUBLICATION,SKEW_80_20,LARS_MONITOR_ONLY,6,134775813,1000000,300000,214346700,1399601.6733637606,535.6383333333333,300.0,1300.0,2400.0,276600,400.0,1800.0,1900.0,400.0,1600.0,1031421,20872,0.7721326717612111,241172480,843750000,234375000,89328504,0,0,761,1814200,0.8463857852721782,0,0,0,0,0,0,0,0,0,0,0,0,0,195,64,12,0,0,0,0,0
PUBLICATION,SKEW_80_20,LARS_MONITOR_ONLY,7,16807,1000000,300000,199486500,1503861.1635373821,492.5656666666667,300.0,1200.0,2200.0,305900,400.0,1700.0,1700.0,400.0,1300.0,1031644,20882,0.7719297720524854,240203920,656250000,187500000,89066304,0,0,565,1465200,0.7344857922716574,0,0,0,0,0,0,0,0,0,0,0,0,0,196,65,9,0,0,0,0,0
PUBLICATION,SKEW_80_20,LARS_MONITOR_ONLY,8,2147483647,1000000,300000,216138800,1387996.9723159377,536.2666666666667,300.0,1300.0,2300.0,339100,400.0,1900.0,1900.0,400.0,1500.0,1031594,20885,0.7717814819248264,238026752,734375000,234375000,89052120,0,0,621,1371600,0.6345922157428467,0,0,0,0,0,0,0,0,0,0,0,0,0,196,65,3,0,0,0,0,0
PUBLICATION,SKEW_80_20,LARS_MONITOR_ONLY,9,6364136223846793005,1000000,300000,226832600,1322561.219154566,566.4736666666666,300.0,1400.0,2600.0,223700,400.0,2000.0,2000.0,500.0,1500.0,1031628,20872,0.7722876341510158,239075328,687500000,234375000,89177904,0,0,613,1574200,0.6939919570643726,0,0,0,0,0,0,0,0,0,0,0,0,0,194,63,17,0,0,0,0,0
PUBLICATION,SKEW_80_20,LARS_NO_DIAGNOSIS,0,1103515245,1000000,300000,212262400,1413344.991859133,519.8503333333333,300.0,1200.0,2200.0,243100,400.0,1800.0,1800.0,400.0,1500.0,1031828,20878,0.7722153702461921,238106768,703125000,234375000,89273496,0,0,584,1251300,0.5895061961044443,0,0,0,0,0,0,0,0,0,0,0,0,0,194,63,6,0,0,0,0,0
PUBLICATION,SKEW_80_20,LARS_NO_DIAGNOSIS,1,214013,1000000,300000,241344100,1243038.466654043,605.8976666666666,400.0,1600.0,3600.0,179700,600.0,2400.0,2300.0,600.0,1900.0,1031840,20877,0.7722613402308761,238157840,812500000,250000000,88829184,0,0,734,1198200,0.49646956358162475,0,0,0,0,0,0,0,0,0,0,0,0,0,195,64,7,0,0,0,0,0
PUBLICATION,SKEW_80_20,LARS_NO_DIAGNOSIS,2,1664525,1000000,300000,226371300,1325256.337707121,566.4066666666666,300.0,1400.0,2800.0,151300,500.0,2000.0,2000.0,500.0,1600.0,1031705,20881,0.7720123856616062,239075328,750000000,234375000,89013864,0,0,623,1459800,0.6448697339282851,0,0,0,0,0,0,0,0,0,0,0,0,0,194,63,11,0,0,0,0,0
PUBLICATION,SKEW_80_20,LARS_NO_DIAGNOSIS,3,22695477,1000000,300000,206161100,1455172.6780658427,506.1566666666667,300.0,1200.0,2100.0,261900,400.0,1700.0,1700.0,400.0,1500.0,1031570,20879,0.7719853082044159,239075328,593750000,218750000,89042104,0,0,545,1160900,0.5631033206555456,0,0,0,0,0,0,0,0,0,0,0,0,0,194,63,5,0,0,0,0,0
PUBLICATION,SKEW_80_20,LARS_NO_DIAGNOSIS,4,69069,1000000,300000,210565200,1424736.8511036013,524.007,300.0,1200.0,2300.0,397000,400.0,1800.0,1800.0,400.0,1500.0,1031969,20881,0.772209933671759,241172480,750000000,218750000,89124840,0,0,652,1731500,0.8223106192286285,0,0,0,0,0,0,0,0,0,0,0,0,0,196,65,11,0,0,0,0,0
PUBLICATION,SKEW_80_20,LARS_NO_DIAGNOSIS,5,48271,1000000,300000,209334100,1433115.7704358727,529.4926666666667,300.0,1300.0,2400.0,727500,400.0,1900.0,1800.0,400.0,1500.0,1031461,20889,0.7715342105893054,238026752,609375000,218750000,88691584,0,0,427,1212000,0.5789787712560925,0,0,0,0,0,0,0,0,0,0,0,0,0,195,64,10,0,0,0,0,0
PUBLICATION,SKEW_80_20,LARS_NO_DIAGNOSIS,6,134775813,1000000,300000,232799200,1288664.222213822,576.7663333333334,300.0,1400.0,2400.0,245300,400.0,1900.0,1900.0,500.0,1700.0,1031421,20872,0.7721326717612111,241172480,937500000,218750000,89513056,0,0,933,1392300,0.5980690655294348,0,0,0,0,0,0,0,0,0,0,0,0,0,195,64,7,0,0,0,0,0
PUBLICATION,SKEW_80_20,LARS_NO_DIAGNOSIS,7,16807,1000000,300000,221138800,1356614.0360714628,549.82,300.0,1300.0,2600.0,852300,400.0,1900.0,2000.0,500.0,1500.0,1031644,20882,0.7719297720524854,240123904,750000000,203125000,89266768,0,0,788,1502600,0.6794827502003267,0,0,0,0,0,0,0,0,0,0,0,0,0,196,65,6,0,0,0,0,0
PUBLICATION,SKEW_80_20,LARS_NO_DIAGNOSIS,8,2147483647,1000000,300000,203683300,1472874.8012232715,504.25233333333335,300.0,1200.0,2200.0,296500,400.0,1700.0,1700.0,400.0,1500.0,1031594,20885,0.7717814819248264,240189456,671875000,218750000,89321048,0,0,650,1688300,0.8288848423017499,0,0,0,0,0,0,0,0,0,0,0,0,0,196,65,8,0,0,0,0,0
PUBLICATION,SKEW_80_20,LARS_NO_DIAGNOSIS,9,6364136223846793005,1000000,300000,226572500,1324079.4889053174,563.9696666666666,300.0,1400.0,2400.0,253500,500.0,2000.0,2000.0,500.0,1500.0,1031628,20872,0.7722876341510158,239075328,750000000,234375000,89337192,0,0,601,1153400,0.509064427501131,0,0,0,0,0,0,0,0,0,0,0,0,0,194,63,13,0,0,0,0,0
PUBLICATION,SKEW_80_20,LARS_NO_LOCALITY,0,1103515245,1000000,300000,239604800,1252061.7283126214,608.3136666666667,400.0,1600.0,3100.0,274300,500.0,2200.0,2300.0,500.0,1700.0,1031828,20878,0.7722153702461921,238106768,781250000,250000000,89237152,0,0,745,1360400,0.56776825839883,0,0,0,0,0,0,0,0,0,0,0,0,0,194,63,9,0,0,0,0,0
PUBLICATION,SKEW_80_20,LARS_NO_LOCALITY,1,214013,1000000,300000,219799900,1364877.782019009,545.724,300.0,1300.0,2300.0,234200,400.0,1900.0,1900.0,500.0,1500.0,1031840,20877,0.7722613402308761,238026752,578125000,203125000,88988080,0,0,610,1030100,0.46865353441926044,0,0,0,0,0,0,0,0,0,0,0,0,0,195,64,11,0,0,0,0,0
PUBLICATION,SKEW_80_20,LARS_NO_LOCALITY,2,1664525,1000000,300000,216036000,1388657.4459812255,535.559,300.0,1300.0,2200.0,294900,400.0,1800.0,1800.0,400.0,1500.0,1031705,20881,0.7720123856616062,239075328,593750000,203125000,89023184,0,0,628,1579500,0.7311281453091152,0,0,0,0,0,0,0,0,0,0,0,0,0,194,63,6,0,0,0,0,0
PUBLICATION,SKEW_80_20,LARS_NO_LOCALITY,3,22695477,1000000,300000,209983500,1428683.6822893228,520.997,300.0,1300.0,2500.0,712200,400.0,1800.0,1800.0,400.0,1600.0,1031570,20879,0.7719853082044159,240123904,656250000,187500000,88689288,0,0,542,1224200,0.582998187952863,0,0,0,0,0,0,0,0,0,0,0,0,0,194,63,11,0,0,0,0,0
PUBLICATION,SKEW_80_20,LARS_NO_LOCALITY,4,69069,1000000,300000,227334100,1319643.643430528,573.3593333333333,300.0,1400.0,2700.0,385100,500.0,2000.0,2000.0,500.0,1700.0,1031969,20881,0.772209933671759,240123904,750000000,234375000,88969400,0,0,780,1808500,0.79552517638137,0,0,0,0,0,0,0,0,0,0,0,0,0,196,65,8,0,0,0,0,0
PUBLICATION,SKEW_80_20,LARS_NO_LOCALITY,5,48271,1000000,300000,236588300,1268025.5109825803,598.1896666666667,400.0,1500.0,3200.0,368800,500.0,2200.0,2100.0,500.0,1700.0,1031461,20889,0.7715342105893054,238157840,750000000,250000000,88810736,0,0,669,1467700,0.620360347489711,0,0,0,0,0,0,0,0,0,0,0,0,0,195,64,15,0,0,0,0,0
PUBLICATION,SKEW_80_20,LARS_NO_LOCALITY,6,134775813,1000000,300000,227188000,1320492.2795218057,555.8493333333333,300.0,1400.0,2500.0,252500,500.0,1900.0,2000.0,500.0,1500.0,1031421,20872,0.7721326717612111,239075328,734375000,218750000,89130288,0,0,956,1887200,0.8306776766378506,0,0,0,0,0,0,0,0,0,0,0,0,0,195,64,4,0,0,0,0,0
PUBLICATION,SKEW_80_20,LARS_NO_LOCALITY,7,16807,1000000,300000,205810400,1457652.2857931377,510.2823333333333,300.0,1200.0,2100.0,378300,400.0,1700.0,1800.0,400.0,1400.0,1031644,20882,0.7719297720524854,238026752,718750000,218750000,88963704,0,0,543,1494000,0.7259108383249826,0,0,0,0,0,0,0,0,0,0,0,0,0,196,65,7,0,0,0,0,0
PUBLICATION,SKEW_80_20,LARS_NO_LOCALITY,8,2147483647,1000000,300000,224376800,1337036.6276727363,558.4203333333334,300.0,1300.0,2500.0,236100,400.0,1900.0,1900.0,500.0,1600.0,1031594,20885,0.7717814819248264,241172480,734375000,203125000,89261680,0,0,792,1395300,0.6218557355305896,0,0,0,0,0,0,0,0,0,0,0,0,0,196,65,4,0,0,0,0,0
PUBLICATION,SKEW_80_20,LARS_NO_LOCALITY,9,6364136223846793005,1000000,300000,210297400,1426551.1604042656,522.6596666666667,300.0,1300.0,2400.0,490600,400.0,1800.0,1800.0,400.0,1400.0,1031628,20872,0.7722876341510158,238026752,687500000,218750000,89084928,0,0,551,2014000,0.9576913456847302,0,0,0,0,0,0,0,0,0,0,0,0,0,194,63,8,0,0,0,0,0
PUBLICATION,SKEW_80_20,LARS_NO_ROLLBACK,0,1103515245,1000000,300000,202824500,1479111.2513527705,504.17,300.0,1200.0,2300.0,170700,400.0,1800.0,1800.0,400.0,1400.0,1031828,20878,0.7722153702461921,238106768,765625000,218750000,89177912,0,0,616,1121400,0.5528917857556657,0,0,0,0,0,0,0,0,0,0,0,0,0,194,63,5,0,0,0,0,0
PUBLICATION,SKEW_80_20,LARS_NO_ROLLBACK,1,214013,1000000,300000,214243900,1400273.2399848958,530.3186666666667,300.0,1300.0,2600.0,233900,400.0,1900.0,1900.0,500.0,1400.0,1031840,20877,0.7722613402308761,239075328,687500000,218750000,89103848,0,0,707,1456200,0.6796926306886684,0,0,0,0,0,0,0,0,0,0,0,0,0,195,64,6,0,0,0,0,0
PUBLICATION,SKEW_80_20,LARS_NO_ROLLBACK,2,1664525,1000000,300000,206005300,1456273.212388225,514.474,300.0,1300.0,2400.0,223900,400.0,1800.0,1800.0,400.0,1400.0,1031705,20881,0.7720123856616062,239075328,687500000,218750000,89015608,0,0,570,1183700,0.5745968671679806,0,0,0,0,0,0,0,0,0,0,0,0,0,194,63,9,0,0,0,0,0
PUBLICATION,SKEW_80_20,LARS_NO_ROLLBACK,3,22695477,1000000,300000,189756600,1580972.6776301851,465.3036666666667,300.0,1200.0,2100.0,206700,400.0,1600.0,1600.0,400.0,1400.0,1031570,20879,0.7719853082044159,239075328,640625000,203125000,88991640,0,0,489,889800,0.46891649618511294,0,0,0,0,0,0,0,0,0,0,0,0,0,194,63,8,0,0,0,0,0
PUBLICATION,SKEW_80_20,LARS_NO_ROLLBACK,4,69069,1000000,300000,208859200,1436374.3612922006,514.2456666666667,300.0,1200.0,2300.0,349800,400.0,1700.0,1800.0,400.0,1600.0,1031969,20881,0.772209933671759,239075328,765625000,218750000,89183368,0,0,736,1491800,0.714261090725235,0,0,0,0,0,0,0,0,0,0,0,0,0,196,65,5,0,0,0,0,0
PUBLICATION,SKEW_80_20,LARS_NO_ROLLBACK,5,48271,1000000,300000,215634300,1391244.342852691,536.619,300.0,1300.0,2500.0,343600,400.0,1900.0,1900.0,400.0,1500.0,1031461,20889,0.7715342105893054,238026752,687500000,234375000,88506560,0,0,559,1315700,0.6101533939637618,0,0,0,0,0,0,0,0,0,0,0,0,0,195,64,11,0,0,0,0,0
PUBLICATION,SKEW_80_20,LARS_NO_ROLLBACK,6,134775813,1000000,300000,228367100,1313674.342757779,563.407,300.0,1400.0,2600.0,520900,400.0,1900.0,2000.0,500.0,1600.0,1031421,20872,0.7721326717612111,238026752,921875000,250000000,88955432,0,0,1160,1853600,0.8116755872452731,0,0,0,0,0,0,0,0,0,0,0,0,0,195,64,6,0,0,0,0,0
PUBLICATION,SKEW_80_20,LARS_NO_ROLLBACK,7,16807,1000000,300000,225719900,1329080.8652670854,562.444,300.0,1400.0,2700.0,274500,500.0,2000.0,2100.0,500.0,1500.0,1031644,20882,0.7719297720524854,238026752,812500000,250000000,89029328,0,0,771,1462300,0.6478383164266863,0,0,0,0,0,0,0,0,0,0,0,0,0,196,65,7,0,0,0,0,0
PUBLICATION,SKEW_80_20,LARS_NO_ROLLBACK,8,2147483647,1000000,300000,228433200,1313294.2146763254,562.4703333333333,300.0,1400.0,2800.0,727400,500.0,2100.0,2100.0,500.0,1600.0,1031594,20885,0.7717814819248264,239075328,765625000,250000000,88286352,0,0,768,1224000,0.5358240395879408,0,0,0,0,0,0,0,0,0,0,0,0,0,196,65,5,0,0,0,0,0
PUBLICATION,SKEW_80_20,LARS_NO_ROLLBACK,9,6364136223846793005,1000000,300000,212995200,1408482.4446748095,531.2433333333333,300.0,1300.0,2500.0,457600,400.0,1800.0,1900.0,500.0,1400.0,1031628,20872,0.7722876341510158,239075328,718750000,203125000,89538808,0,0,730,1462800,0.6867760400234372,0,0,0,0,0,0,0,0,0,0,0,0,0,194,63,11,0,0,0,0,0
PUBLICATION,SKEW_80_20,LARS_NO_RUNTIME_VALIDATION,0,1103515245,1000000,300000,207622300,1444931.4933896794,513.934,300.0,1300.0,2400.0,736400,400.0,1800.0,1800.0,500.0,1400.0,1031828,20878,0.7722153702461921,238026752,625000000,187500000,89125064,0,0,531,1231400,0.5930962136533503,0,0,0,0,0,0,0,0,0,0,0,0,0,194,63,6,0,0,0,0,0
PUBLICATION,SKEW_80_20,LARS_NO_RUNTIME_VALIDATION,1,214013,1000000,300000,206773400,1450863.6023782557,511.479,300.0,1300.0,2400.0,426100,400.0,1800.0,1800.0,400.0,1400.0,1031840,20877,0.7722613402308761,240123904,609375000,203125000,89045168,0,0,613,1645200,0.7956535995442354,0,0,0,0,0,0,0,0,0,0,0,0,0,195,64,10,0,0,0,0,0
PUBLICATION,SKEW_80_20,LARS_NO_RUNTIME_VALIDATION,2,1664525,1000000,300000,226987700,1321657.5171253772,570.4493333333334,300.0,1400.0,2700.0,3255800,500.0,2000.0,2100.0,500.0,1600.0,1031705,20881,0.7720123856616062,238026752,687500000,203125000,88855288,0,0,702,1003600,0.44213849472900957,0,0,0,0,0,0,0,0,0,0,0,0,0,194,63,7,0,0,0,0,0
PUBLICATION,SKEW_80_20,LARS_NO_RUNTIME_VALIDATION,3,22695477,1000000,300000,215172000,1394233.450448943,530.763,300.0,1300.0,2400.0,206200,400.0,1900.0,1800.0,500.0,1600.0,1031570,20879,0.7719853082044159,240203920,671875000,218750000,89369560,0,0,641,1570200,0.7297417879649769,0,0,0,0,0,0,0,0,0,0,0,0,0,194,63,12,0,0,0,0,0
PUBLICATION,SKEW_80_20,LARS_NO_RUNTIME_VALIDATION,4,69069,1000000,300000,223935300,1339672.664381185,555.049,300.0,1400.0,2600.0,264200,400.0,1900.0,2000.0,500.0,1600.0,1031969,20881,0.772209933671759,239155344,843750000,234375000,89102192,0,0,756,1253800,0.5598938622003766,0,0,0,0,0,0,0,0,0,0,0,0,0,196,65,9,0,0,0,0,0
PUBLICATION,SKEW_80_20,LARS_NO_RUNTIME_VALIDATION,5,48271,1000000,300000,234758800,1277907.3670507772,582.0786666666667,400.0,1500.0,2600.0,229500,500.0,2000.0,2100.0,500.0,1600.0,1031461,20889,0.7715342105893054,238092304,765625000,250000000,88558176,0,0,590,1691900,0.7206971581044034,0,0,0,0,0,0,0,0,0,0,0,0,0,195,64,11,0,0,0,0,0
PUBLICATION,SKEW_80_20,LARS_NO_RUNTIME_VALIDATION,6,134775813,1000000,300000,204837900,1464572.7182323192,504.117,300.0,1200.0,2300.0,307200,400.0,1700.0,1700.0,400.0,1500.0,1031421,20872,0.7721326717612111,240123904,812500000,218750000,89380584,0,0,738,1504900,0.7346784945559391,0,0,0,0,0,0,0,0,0,0,0,0,0,195,64,4,0,0,0,0,0
PUBLICATION,SKEW_80_20,LARS_NO_RUNTIME_VALIDATION,7,16807,1000000,300000,213809800,1403116.2276004187,533.2803333333334,300.0,1300.0,2500.0,293100,400.0,1900.0,1900.0,400.0,1400.0,1031644,20882,0.7719297720524854,238026752,640625000,203125000,88879344,0,0,588,1176500,0.5502554139239642,0,0,0,0,0,0,0,0,0,0,0,0,0,196,65,6,0,0,0,0,0
PUBLICATION,SKEW_80_20,LARS_NO_RUNTIME_VALIDATION,8,2147483647,1000000,300000,261180900,1148629.1685188313,656.0606666666666,400.0,1700.0,3300.0,317200,500.0,2400.0,2300.0,600.0,1900.0,1031594,20885,0.7717814819248264,238026752,984375000,265625000,88758576,0,0,1112,2249600,0.8613187258333209,0,0,0,0,0,0,0,0,0,0,0,0,0,196,65,16,0,0,0,0,0
PUBLICATION,SKEW_80_20,LARS_NO_RUNTIME_VALIDATION,9,6364136223846793005,1000000,300000,215909700,1389469.7644431908,537.899,300.0,1300.0,2600.0,471800,400.0,1900.0,1800.0,400.0,1500.0,1031628,20872,0.7722876341510158,240123904,703125000,234375000,89382424,0,0,521,1471400,0.6814886038005703,0,0,0,0,0,0,0,0,0,0,0,0,0,194,63,31,0,0,0,0,0
PUBLICATION,SKEW_80_20,LOCAL_COST_ADAPTIVE,0,1103515245,1000000,300000,200439200,1496713.2177737688,497.89933333333335,300.0,1200.0,2300.0,231000,400.0,1800.0,1700.0,400.0,1400.0,1031828,20878,0.7722153702461921,239075328,609375000,203125000,88924128,0,0,524,1501500,0.7491049654957713,0,0,0,0,0,0,0,0,0,0,0,0,0,194,63,5,0,0,0,0,0
PUBLICATION,SKEW_80_20,LOCAL_COST_ADAPTIVE,1,214013,1000000,300000,206927400,1449783.837229869,504.4053333333333,300.0,1200.0,2200.0,441600,400.0,1700.0,1700.0,400.0,1400.0,1031840,20877,0.7722613402308761,239075328,656250000,203125000,89164616,0,0,670,1618600,0.782206706313422,0,0,0,0,0,0,0,0,0,0,0,0,0,195,64,8,0,0,0,0,0
PUBLICATION,SKEW_80_20,LOCAL_COST_ADAPTIVE,2,1664525,1000000,300000,217837800,1377171.455091816,543.3176666666667,300.0,1300.0,2600.0,410300,400.0,1900.0,2000.0,500.0,1500.0,1031705,20881,0.7720123856616062,239075328,828125000,203125000,89114648,0,0,657,1125300,0.5165770128049402,0,0,0,0,0,0,0,0,0,0,0,0,0,194,63,9,0,0,0,0,0
PUBLICATION,SKEW_80_20,LOCAL_COST_ADAPTIVE,3,22695477,1000000,300000,192737300,1556522.7903472758,476.54066666666665,300.0,1100.0,2100.0,141900,400.0,1600.0,1600.0,400.0,1400.0,1031570,20879,0.7719853082044159,238026752,656250000,203125000,89220840,0,0,602,1294800,0.6717952363138843,0,0,0,0,0,0,0,0,0,0,0,0,0,194,63,9,0,0,0,0,0
PUBLICATION,SKEW_80_20,LOCAL_COST_ADAPTIVE,4,69069,1000000,300000,205306800,1461227.7820315743,508.69233333333335,300.0,1200.0,2300.0,262800,400.0,1700.0,1800.0,400.0,1500.0,1031969,20881,0.772209933671759,238026752,578125000,218750000,88699504,0,0,727,964200,0.4696386091449479,0,0,0,0,0,0,0,0,0,0,0,0,0,196,65,6,0,0,0,0,0
PUBLICATION,SKEW_80_20,LOCAL_COST_ADAPTIVE,5,48271,1000000,300000,203318800,1475515.2991262982,509.667,300.0,1200.0,2300.0,280400,400.0,1800.0,1800.0,400.0,1400.0,1031461,20889,0.7715342105893054,238026752,578125000,203125000,88990640,0,0,623,1536000,0.7554638331526646,0,0,0,0,0,0,0,0,0,0,0,0,0,195,64,11,0,0,0,0,0
PUBLICATION,SKEW_80_20,LOCAL_COST_ADAPTIVE,6,134775813,1000000,300000,295292700,1015941.1323070296,735.2963333333333,400.0,1800.0,3900.0,237100,600.0,2500.0,2700.0,600.0,2300.0,1031421,20872,0.7721326717612111,239075328,953125000,312500000,88579136,0,0,878,1905000,0.6451226190149638,0,0,0,0,0,0,0,0,0,0,0,0,0,195,64,17,0,0,0,0,0
PUBLICATION,SKEW_80_20,LOCAL_COST_ADAPTIVE,7,16807,1000000,300000,209086400,1434813.5507617902,518.1656666666667,300.0,1300.0,2400.0,742800,400.0,1800.0,1900.0,400.0,1400.0,1031644,20882,0.7719297720524854,238026752,640625000,203125000,88891920,0,0,551,1365500,0.6530793011884083,0,0,0,0,0,0,0,0,0,0,0,0,0,196,65,11,0,0,0,0,0
PUBLICATION,SKEW_80_20,LOCAL_COST_ADAPTIVE,8,2147483647,1000000,300000,232978500,1287672.4676311333,573.8926666666666,300.0,1400.0,2400.0,502500,400.0,1900.0,1900.0,500.0,1600.0,1031594,20885,0.7717814819248264,239075328,781250000,234375000,88859016,0,0,958,1716600,0.7368061859785345,0,0,0,0,0,0,0,0,0,0,0,0,0,196,65,9,0,0,0,0,0
PUBLICATION,SKEW_80_20,LOCAL_COST_ADAPTIVE,9,6364136223846793005,1000000,300000,240524500,1247274.1862055634,601.391,300.0,1500.0,3100.0,439900,500.0,2100.0,2200.0,500.0,1700.0,1031628,20872,0.7722876341510158,240254992,687500000,218750000,89577288,0,0,816,2128200,0.8848163076942266,0,0,0,0,0,0,0,0,0,0,0,0,0,194,63,15,0,0,0,0,0
PUBLICATION,SKEW_80_20,PERIODIC_GLOBAL_REBUILD,0,1103515245,1000000,300000,633108800,473852.2036022876,1961.1276666666668,300.0,1000.0,1800.0,102533700,300.0,1600.0,1600.0,400.0,800.0,1031828,21497,0.7499796483230218,517996544,2328125000,562500000,512134816,2,76,983,0,0.0,6,325533600,6109851,253921,6,0,0,0,0,0,6,0,0,0,0,0,0,0,0,0,0
PUBLICATION,SKEW_80_20,PERIODIC_GLOBAL_REBUILD,1,214013,1000000,300000,632932000,473984.56706249644,1786.6883333333333,300.0,1200.0,1900.0,113338600,400.0,1700.0,1700.0,400.0,900.0,1031840,21497,0.7499883704702982,517405456,2359375000,546875000,511332848,2,80,1042,0,0.0,6,288513400,6110472,253949,6,0,0,0,0,0,6,0,0,0,0,0,0,0,0,0,0
PUBLICATION,SKEW_80_20,PERIODIC_GLOBAL_REBUILD,2,1664525,1000000,300000,659691600,454757.9505332492,2038.336,300.0,1100.0,1800.0,107774900,300.0,1600.0,1600.0,400.0,800.0,1031705,21494,0.749994911370615,519502608,2328125000,578125000,510729640,2,73,956,0,0.0,6,337704200,6108895,253882,6,0,0,0,0,0,6,0,0,0,0,0,0,0,0,0,0
PUBLICATION,SKEW_80_20,PERIODIC_GLOBAL_REBUILD,3,22695477,1000000,300000,657096100,456554.2239559784,2009.261,300.0,1200.0,2100.0,95920700,400.0,1800.0,1800.0,400.0,1100.0,1031570,21492,0.7499665573236554,514850816,2437500000,593750000,510865728,2,84,1122,0,0.0,6,308390700,6109262,253902,6,0,0,0,0,0,6,0,0,0,0,0,0,0,0,0,0
PUBLICATION,SKEW_80_20,PERIODIC_GLOBAL_REBUILD,4,69069,1000000,300000,550701700,544759.5313397434,1646.001,300.0,1500.0,2800.0,75870600,500.0,2100.0,2200.0,500.0,1400.0,1031969,21500,0.7499774709302326,519045120,2593750000,421875000,511462840,2,88,1243,0,0.0,6,177086700,6110800,253956,6,0,0,0,0,0,6,0,0,0,0,0,0,0,0,0,0
PUBLICATION,SKEW_80_20,PERIODIC_GLOBAL_REBUILD,5,48271,1000000,300000,581220800,516154.9621073437,1654.3696666666667,300.0,1000.0,1700.0,102225800,300.0,1500.0,1500.0,400.0,700.0,1031461,21489,0.7499920017218111,519045120,2109375000,500000000,510528008,2,71,825,0,0.0,6,265859200,6108520,253871,6,0,0,0,0,0,6,0,0,0,0,0,0,0,0,0,0
PUBLICATION,SKEW_80_20,PERIODIC_GLOBAL_REBUILD,6,134775813,1000000,300000,622243900,482126.060215295,1795.352,200.0,1100.0,1900.0,99245700,300.0,1600.0,1600.0,300.0,800.0,1031421,21488,0.7499978185498883,517696296,2156250000,578125000,510868760,2,70,926,0,0.0,6,319085700,6108295,253864,6,0,0,0,0,0,6,0,0,0,0,0,0,0,0,0,0
PUBLICATION,SKEW_80_20,PERIODIC_GLOBAL_REBUILD,7,16807,1000000,300000,566658500,529419.3945736276,1588.6696666666667,300.0,1000.0,1700.0,101910000,300.0,1500.0,1500.0,300.0,700.0,1031644,21493,0.7499854603824501,518744872,2234375000,484375000,511039544,2,79,778,0,0.0,6,259526400,6109252,253897,6,0,0,0,0,0,6,0,0,0,0,0,0,0,0,0,0
PUBLICATION,SKEW_80_20,PERIODIC_GLOBAL_REBUILD,8,2147483647,1000000,300000,687237200,436530.502132306,1988.402,300.0,1200.0,1900.0,116216100,400.0,1700.0,1700.0,400.0,900.0,1031594,21492,0.7499840056765308,516025880,2406250000,609375000,510857520,2,78,904,0,0.0,6,354123000,6110213,253938,6,0,0,0,0,0,6,0,0,0,0,0,0,0,0,0,0
PUBLICATION,SKEW_80_20,PERIODIC_GLOBAL_REBUILD,9,6364136223846793005,1000000,300000,596438400,502985.7232532312,1818.499,300.0,1300.0,2200.0,107776400,400.0,1800.0,1800.0,400.0,900.0,1031628,21493,0.7499738286884102,519045120,2203125000,500000000,511160488,2,78,869,0,0.0,6,256252600,6109056,253893,6,0,0,0,0,0,6,0,0,0,0,0,0,0,0,0,0
PUBLICATION,SKEW_80_20,STATIC_BPLUS,0,1103515245,1000000,300000,165456200,1813168.681499998,414.12533333333334,200.0,1100.0,2000.0,95200,300.0,1600.0,1600.0,300.0,1200.0,1031828,20878,0.7722153702461921,239075328,484375000,171875000,88161720,0,0,375,0,0.0,0,0,0,0,0,0,0,0,0,0,0,0,0,0,0,0,0,0,0,0,0
PUBLICATION,SKEW_80_20,STATIC_BPLUS,1,214013,1000000,300000,169310900,1771888.2836249764,418.48533333333336,200.0,1100.0,1900.0,274700,300.0,1500.0,1600.0,300.0,1200.0,1031840,20877,0.7722613402308761,240123904,578125000,171875000,88684792,0,0,399,0,0.0,0,0,0,0,0,0,0,0,0,0,0,0,0,0,0,0,0,0,0,0,0
PUBLICATION,SKEW_80_20,STATIC_BPLUS,2,1664525,1000000,300000,172763800,1736474.8865213662,419.286,200.0,1100.0,1900.0,119000,300.0,1500.0,1500.0,400.0,1200.0,1031705,20881,0.7720123856616062,238026752,453125000,187500000,88095040,0,0,303,0,0.0,0,0,0,0,0,0,0,0,0,0,0,0,0,0,0,0,0,0,0,0,0
PUBLICATION,SKEW_80_20,STATIC_BPLUS,3,22695477,1000000,300000,161478600,1857831.316347801,394.79633333333334,200.0,1000.0,1700.0,105800,300.0,1400.0,1400.0,300.0,1200.0,1031570,20879,0.7719853082044159,238026752,406250000,171875000,87209832,0,0,369,0,0.0,0,0,0,0,0,0,0,0,0,0,0,0,0,0,0,0,0,0,0,0,0
PUBLICATION,SKEW_80_20,STATIC_BPLUS,4,69069,1000000,300000,169750100,1767303.8189668225,418.94966666666664,200.0,1100.0,2100.0,131400,400.0,1600.0,1600.0,300.0,1200.0,1031969,20881,0.772209933671759,240189456,531250000,171875000,88716960,0,0,461,0,0.0,0,0,0,0,0,0,0,0,0,0,0,0,0,0,0,0,0,0,0,0,0
PUBLICATION,SKEW_80_20,STATIC_BPLUS,5,48271,1000000,300000,163177200,1838492.1422845838,398.77166666666665,200.0,1000.0,1800.0,494200,300.0,1500.0,1500.0,300.0,1200.0,1031461,20889,0.7715342105893054,236978176,421875000,156250000,87190848,0,0,331,0,0.0,0,0,0,0,0,0,0,0,0,0,0,0,0,0,0,0,0,0,0,0,0
PUBLICATION,SKEW_80_20,STATIC_BPLUS,6,134775813,1000000,300000,172453300,1739601.3877380136,423.62666666666667,200.0,1100.0,2000.0,267700,300.0,1600.0,1600.0,300.0,1300.0,1031421,20872,0.7721326717612111,238106768,484375000,156250000,88398480,0,0,469,0,0.0,0,0,0,0,0,0,0,0,0,0,0,0,0,0,0,0,0,0,0,0,0
PUBLICATION,SKEW_80_20,STATIC_BPLUS,7,16807,1000000,300000,170366900,1760905.4340954728,414.0966666666667,200.0,1000.0,1800.0,237900,300.0,1500.0,1500.0,300.0,1200.0,1031644,20882,0.7719297720524854,238026752,406250000,171875000,86714672,0,0,331,0,0.0,0,0,0,0,0,0,0,0,0,0,0,0,0,0,0,0,0,0,0,0,0
PUBLICATION,SKEW_80_20,STATIC_BPLUS,8,2147483647,1000000,300000,166463900,1802192.5474532316,410.55566666666664,200.0,1100.0,2000.0,179800,300.0,1600.0,1600.0,300.0,1200.0,1031594,20885,0.7717814819248264,238026752,593750000,187500000,88329648,0,0,551,0,0.0,0,0,0,0,0,0,0,0,0,0,0,0,0,0,0,0,0,0,0,0,0
PUBLICATION,SKEW_80_20,STATIC_BPLUS,9,6364136223846793005,1000000,300000,161872100,1853315.055528408,392.197,200.0,1000.0,1700.0,168400,300.0,1400.0,1400.0,300.0,1200.0,1031628,20872,0.7722876341510158,239075328,484375000,171875000,87985424,0,0,355,0,0.0,0,0,0,0,0,0,0,0,0,0,0,0,0,0,0,0,0,0,0,0,0
PUBLICATION,SKEW_80_20,THRESHOLD_GLOBAL_REBUILD,0,1103515245,1000000,300000,178092300,1684519.7686817453,450.76433333333335,200.0,1100.0,2500.0,725200,400.0,1700.0,1700.0,400.0,1200.0,1031828,20878,0.7722153702461921,238157840,484375000,187500000,87844480,0,0,381,0,0.0,0,0,0,0,0,0,0,0,0,0,0,0,0,0,0,0,0,0,0,0,0
PUBLICATION,SKEW_80_20,THRESHOLD_GLOBAL_REBUILD,1,214013,1000000,300000,188619000,1590507.8491562356,467.263,300.0,1100.0,2000.0,796400,400.0,1600.0,1600.0,400.0,1300.0,1031840,20877,0.7722613402308761,239075328,640625000,203125000,88536272,0,0,486,0,0.0,0,0,0,0,0,0,0,0,0,0,0,0,0,0,0,0,0,0,0,0,0
PUBLICATION,SKEW_80_20,THRESHOLD_GLOBAL_REBUILD,2,1664525,1000000,300000,173308000,1731022.226325386,432.08733333333333,200.0,1000.0,1900.0,531600,300.0,1500.0,1500.0,300.0,1200.0,1031705,20881,0.7720123856616062,239075328,500000000,171875000,89196320,0,0,485,0,0.0,0,0,0,0,0,0,0,0,0,0,0,0,0,0,0,0,0,0,0,0,0
PUBLICATION,SKEW_80_20,THRESHOLD_GLOBAL_REBUILD,3,22695477,1000000,300000,168770000,1777567.1031581443,413.84366666666665,200.0,1000.0,1800.0,472200,300.0,1400.0,1400.0,300.0,1200.0,1031570,20879,0.7719853082044159,238026752,531250000,187500000,86726328,0,0,321,0,0.0,0,0,0,0,0,0,0,0,0,0,0,0,0,0,0,0,0,0,0,0,0
PUBLICATION,SKEW_80_20,THRESHOLD_GLOBAL_REBUILD,4,69069,1000000,300000,178656800,1679197.209398131,444.991,200.0,1100.0,1900.0,349400,300.0,1600.0,1600.0,300.0,1400.0,1031969,20881,0.772209933671759,236978176,531250000,203125000,86282328,0,0,389,0,0.0,0,0,0,0,0,0,0,0,0,0,0,0,0,0,0,0,0,0,0,0,0
PUBLICATION,SKEW_80_20,THRESHOLD_GLOBAL_REBUILD,5,48271,1000000,300000,162843600,1842258.4614931135,406.593,200.0,1000.0,1800.0,648600,300.0,1400.0,1400.0,300.0,1200.0,1031461,20889,0.7715342105893054,238026752,453125000,171875000,87598272,0,0,378,0,0.0,0,0,0,0,0,0,0,0,0,0,0,0,0,0,0,0,0,0,0,0,0
PUBLICATION,SKEW_80_20,THRESHOLD_GLOBAL_REBUILD,6,134775813,1000000,300000,183709600,1633012.1017083484,463.4123333333333,300.0,1100.0,2000.0,435900,300.0,1600.0,1600.0,300.0,1400.0,1031421,20872,0.7721326717612111,235929600,453125000,171875000,86325760,0,0,394,0,0.0,0,0,0,0,0,0,0,0,0,0,0,0,0,0,0,0,0,0,0,0,0
PUBLICATION,SKEW_80_20,THRESHOLD_GLOBAL_REBUILD,7,16807,1000000,300000,189252700,1585182.1400698642,477.2153333333333,300.0,1200.0,2000.0,797600,400.0,1600.0,1700.0,400.0,1400.0,1031644,20882,0.7719297720524854,238026752,515625000,203125000,88327352,0,0,417,0,0.0,0,0,0,0,0,0,0,0,0,0,0,0,0,0,0,0,0,0,0,0,0
PUBLICATION,SKEW_80_20,THRESHOLD_GLOBAL_REBUILD,8,2147483647,1000000,300000,177198800,1693013.7224405583,440.75266666666664,200.0,1100.0,2000.0,779600,300.0,1500.0,1600.0,300.0,1300.0,1031594,20885,0.7717814819248264,240123904,531250000,187500000,87950600,0,0,482,0,0.0,0,0,0,0,0,0,0,0,0,0,0,0,0,0,0,0,0,0,0,0,0
PUBLICATION,SKEW_80_20,THRESHOLD_GLOBAL_REBUILD,9,6364136223846793005,1000000,300000,162246700,1849036.0666811713,406.88,200.0,1000.0,1800.0,710000,300.0,1400.0,1400.0,300.0,1200.0,1031628,20872,0.7722876341510158,239075328,468750000,171875000,88161232,0,0,366,0,0.0,0,0,0,0,0,0,0,0,0,0,0,0,0,0,0,0,0,0,0,0,0
PUBLICATION,STABLE_CONTROL,LARS_FULL,0,1103515245,1000000,300000,189752800,1581004.3382759043,400.34,300.0,700.0,1300.0,279800,600.0,NaN,NaN,NaN,1500.0,1000000,20834,0.7499760007679754,220200960,640625000,203125000,68013672,0,0,537,546200,0.287848189855433,0,0,0,0,0,0,0,0,0,0,0,0,0,131,0,0,0,0,0,0,0
PUBLICATION,STABLE_CONTROL,LARS_FULL,1,214013,1000000,300000,168350400,1781997.547971374,351.993,300.0,600.0,1100.0,179600,500.0,NaN,NaN,NaN,1200.0,1000000,20834,0.7499760007679754,220200960,468750000,171875000,68692568,0,0,404,550600,0.32705594997101284,0,0,0,0,0,0,0,0,0,0,0,0,0,131,0,0,0,0,0,0,0
PUBLICATION,STABLE_CONTROL,LARS_FULL,2,1664525,1000000,300000,179339800,1672802.1331572803,379.6793333333333,300.0,600.0,1100.0,130100,500.0,NaN,NaN,NaN,1300.0,1000000,20834,0.7499760007679754,220200960,500000000,187500000,68764192,0,0,400,511200,0.28504548349000053,0,0,0,0,0,0,0,0,0,0,0,0,0,131,0,0,0,0,0,0,0
PUBLICATION,STABLE_CONTROL,LARS_FULL,3,22695477,1000000,300000,218014900,1376052.737679856,467.6376666666667,400.0,800.0,1600.0,271500,700.0,NaN,NaN,NaN,1700.0,1000000,20834,0.7499760007679754,219152384,687500000,234375000,68300440,0,0,588,707000,0.32428976184655267,0,0,0,0,0,0,0,0,0,0,0,0,0,131,0,0,0,0,0,0,0
PUBLICATION,STABLE_CONTROL,LARS_FULL,4,69069,1000000,300000,172819800,1735912.204504345,365.0853333333333,300.0,600.0,1100.0,134700,500.0,NaN,NaN,NaN,1300.0,1000000,20834,0.7499760007679754,220200960,562500000,187500000,68166904,0,0,449,806900,0.46690251927151866,0,0,0,0,0,0,0,0,0,0,0,0,0,131,0,0,0,0,0,0,0
PUBLICATION,STABLE_CONTROL,LARS_FULL,5,48271,1000000,300000,174882900,1715433.584415629,371.86466666666666,300.0,600.0,1100.0,427900,500.0,NaN,NaN,NaN,1200.0,1000000,20834,0.7499760007679754,220200960,484375000,187500000,68934320,0,0,407,805900,0.46082264189351846,0,0,0,0,0,0,0,0,0,0,0,0,0,131,0,0,0,0,0,0,0
PUBLICATION,STABLE_CONTROL,LARS_FULL,6,134775813,1000000,300000,180312700,1663776.3174751417,377.8383333333333,300.0,600.0,1100.0,370800,500.0,NaN,NaN,NaN,1300.0,1000000,20834,0.7499760007679754,220200960,484375000,171875000,67925264,0,0,492,728600,0.4040758083041294,0,0,0,0,0,0,0,0,0,0,0,0,0,131,0,0,0,0,0,0,0
PUBLICATION,STABLE_CONTROL,LARS_FULL,7,16807,1000000,300000,173709400,1727022.2567114963,361.00933333333336,300.0,600.0,1000.0,228500,500.0,NaN,NaN,NaN,1300.0,1000000,20834,0.7499760007679754,220200960,484375000,187500000,68645840,0,0,438,542300,0.31218805660488147,0,0,0,0,0,0,0,0,0,0,0,0,0,131,0,0,0,0,0,0,0
PUBLICATION,STABLE_CONTROL,LARS_FULL,8,2147483647,1000000,300000,171472000,1749556.778949333,361.34633333333335,300.0,600.0,1100.0,138200,500.0,NaN,NaN,NaN,1300.0,1000000,20834,0.7499760007679754,219152384,531250000,187500000,68400016,0,0,426,587600,0.342679854436876,0,0,0,0,0,0,0,0,0,0,0,0,0,131,0,0,0,0,0,0,0
PUBLICATION,STABLE_CONTROL,LARS_FULL,9,6364136223846793005,1000000,300000,195185200,1537001.78087273,405.62833333333333,300.0,700.0,1300.0,171600,600.0,NaN,NaN,NaN,1600.0,1000000,20834,0.7499760007679754,220200960,546875000,203125000,68207472,0,0,488,600200,0.3075028229599375,0,0,0,0,0,0,0,0,0,0,0,0,0,131,0,0,0,0,0,0,0
PUBLICATION,STRESS,LARS_FULL,0,1103515245,1000000,300000,313087100,958199.8108513573,797.5906666666667,500.0,1800.0,3500.0,23511800,400.0,2400.0,2600.0,500.0,2300.0,1069901,22250,0.7513349719101123,281409056,1203125000,296875000,270667752,1,23,784,30523800,9.74929979548822,1,834400,62,3,0,0,1,3,0,0,1,0,0,220,86,30,4,4,2,1,1
PUBLICATION,STRESS,LARS_FULL,1,214013,1000000,300000,293930300,1020650.1337221784,721.141,500.0,1600.0,3000.0,27628700,500.0,1900.0,2200.0,500.0,2000.0,1069699,22224,0.7520719436195105,277610496,984375000,265625000,267292480,1,27,658,21756000,7.4017547697532375,2,53200,108,6,0,0,2,3,0,0,2,0,0,222,86,26,5,5,4,2,2
PUBLICATION,STRESS,LARS_FULL,2,1664525,1000000,300000,264936100,1132348.517246234,700.675,500.0,1500.0,3000.0,26479700,400.0,1800.0,2200.0,400.0,2500.0,1070032,22233,0.7520015292583098,272629760,1046875000,234375000,264856144,1,26,487,3694600,1.3945249439393121,0,0,0,0,0,0,0,2,0,0,0,0,0,221,88,27,2,2,1,0,0
PUBLICATION,STRESS,LARS_FULL,3,22695477,1000000,300000,225004800,1333304.8894956908,606.231,400.0,1400.0,2700.0,26302900,300.0,1800.0,1900.0,400.0,1800.0,1069696,22216,0.7523406553835074,276824064,1093750000,203125000,265934544,1,26,563,2317200,1.0298446966464716,0,0,0,0,0,0,0,1,0,0,0,0,0,222,77,21,1,1,1,0,0
PUBLICATION,STRESS,LARS_FULL,4,69069,1000000,300000,336303400,892051.6414642255,854.301,500.0,2000.0,4200.0,29182800,600.0,2200.0,2900.0,600.0,3100.0,1070010,22218,0.752493755063462,283246592,1156250000,281250000,272326848,1,28,718,28085500,8.3512387921145,2,825300,106,6,0,0,2,8,0,0,2,0,0,223,91,42,10,10,4,2,2
PUBLICATION,STRESS,LARS_FULL,5,48271,1000000,300000,271053300,1106793.3871308705,710.738,400.0,1600.0,3700.0,27743800,400.0,1800.0,2200.0,400.0,2700.0,1069308,22212,0.7522032009724473,277086208,1250000000,234375000,265067328,1,27,779,23495000,8.668036876879935,1,671800,64,3,0,0,1,0,0,0,1,0,0,220,86,26,2,1,1,1,1
PUBLICATION,STRESS,LARS_FULL,6,134775813,1000000,300000,297701000,1007722.5135286747,783.745,500.0,1500.0,3300.0,27074100,600.0,1900.0,2200.0,500.0,2100.0,1070003,22219,0.752454965344975,281673728,1328125000,281250000,271968896,1,26,883,23011400,7.729701949271249,1,634100,50,3,0,0,1,4,0,0,1,0,0,223,84,29,5,5,5,1,1
PUBLICATION,STRESS,LARS_FULL,7,16807,1000000,300000,274384800,1093355.025497039,711.9466666666667,500.0,1500.0,2800.0,33486400,400.0,1800.0,2000.0,400.0,1900.0,1068950,22201,0.7523239381108959,281673728,1171875000,250000000,270935656,1,33,677,29030900,10.580360136567332,1,722700,63,3,0,0,1,4,0,0,1,0,0,221,86,28,6,5,2,1,1
PUBLICATION,STRESS,LARS_FULL,8,2147483647,1000000,300000,281850900,1064392.556489974,680.7043333333334,500.0,1400.0,2900.0,27784500,500.0,1700.0,2000.0,400.0,1900.0,1069483,22214,0.752258570045917,280887296,1140625000,265625000,270246768,1,27,701,27581500,9.785847765609406,3,92000,137,9,0,0,3,2,0,0,3,0,0,220,83,28,9,5,5,3,3
PUBLICATION,STRESS,LARS_FULL,9,6364136223846793005,1000000,300000,252485700,1188186.103212974,652.9706666666667,400.0,1500.0,3000.0,27073400,400.0,1800.0,2100.0,400.0,2100.0,1069911,22202,0.7529663712728583,280002560,1093750000,234375000,271106368,1,26,663,17753600,7.031526934000619,1,34100,92,4,0,0,1,2,0,0,1,0,0,221,84,28,6,3,1,1,1
PUBLICATION,STRESS,LARS_MONITOR_ONLY,0,1103515245,1000000,300000,243666100,1231193.013718363,641.2683333333333,400.0,1300.0,2600.0,30239200,400.0,1600.0,1900.0,400.0,1900.0,1069901,22250,0.7513349719101123,277086208,937500000,234375000,265445304,1,30,431,1714700,0.7037088868742923,0,0,0,0,0,0,0,0,0,0,0,0,0,220,86,28,3,0,0,0,0
PUBLICATION,STRESS,LARS_MONITOR_ONLY,1,214013,1000000,300000,262139700,1144427.95196607,698.3523333333334,500.0,1600.0,3300.0,26663800,400.0,1800.0,2200.0,400.0,2700.0,1069699,22224,0.7520719436195105,274726912,1031250000,234375000,264239656,1,26,516,1461700,0.5576034457962682,0,0,0,0,0,0,0,0,0,0,0,0,0,222,88,33,6,0,0,0,0
PUBLICATION,STRESS,LARS_MONITOR_ONLY,2,1664525,1000000,300000,259076300,1157960.0295357006,689.8343333333333,500.0,1500.0,3100.0,25431600,400.0,1700.0,2100.0,400.0,2600.0,1070032,22233,0.7520015292583098,275775488,812500000,250000000,264767184,1,25,475,1519600,0.5865453536274835,0,0,0,0,0,0,0,0,0,0,0,0,0,221,88,31,8,0,0,0,0
PUBLICATION,STRESS,LARS_MONITOR_ONLY,3,22695477,1000000,300000,268517800,1117244.3689021734,706.2756666666667,500.0,1600.0,3200.0,27345000,500.0,1900.0,2100.0,400.0,2200.0,1069696,22216,0.7523406553835074,273416208,968750000,250000000,264767448,1,27,476,1501800,0.5592925310724279,0,0,0,0,0,0,0,0,0,0,0,0,0,222,77,30,4,0,0,0,0
PUBLICATION,STRESS,LARS_MONITOR_ONLY,4,69069,1000000,300000,236663200,1267624.2018192944,532.2036666666667,400.0,1300.0,2700.0,373500,400.0,1500.0,1900.0,400.0,1900.0,1070010,22218,0.752493755063462,276824064,906250000,218750000,265773304,1,25,438,2004000,0.8467729668152886,0,0,0,0,0,0,0,0,0,0,0,0,0,223,93,36,10,0,0,0,0
PUBLICATION,STRESS,LARS_MONITOR_ONLY,5,48271,1000000,300000,242471000,1237261.36321457,671.525,400.0,1600.0,3700.0,25949700,400.0,1800.0,2100.0,400.0,2700.0,1069308,22212,0.7522032009724473,276037632,984375000,234375000,264364536,1,25,638,1520700,0.6271677850134655,0,0,0,0,0,0,0,0,0,0,0,0,0,220,86,32,6,0,0,0,0
PUBLICATION,STRESS,LARS_MONITOR_ONLY,6,134775813,1000000,300000,252808000,1186671.307870004,666.7076666666667,400.0,1400.0,2800.0,31724500,400.0,1700.0,1900.0,400.0,1900.0,1070003,22219,0.752454965344975,275775488,921875000,234375000,265158208,1,31,411,1833100,0.7250957248188349,0,0,0,0,0,0,0,0,0,0,0,0,0,224,87,30,3,0,0,0,0
PUBLICATION,STRESS,LARS_MONITOR_ONLY,7,16807,1000000,300000,248409200,1207684.7395346067,642.522,500.0,1400.0,2800.0,24422600,400.0,1800.0,2100.0,400.0,1900.0,1068950,22201,0.7523239381108959,276299776,796875000,250000000,265430984,1,24,460,1537200,0.6188176605375324,0,0,0,0,0,0,0,0,0,0,0,0,0,221,86,39,9,0,0,0,0
PUBLICATION,STRESS,LARS_MONITOR_ONLY,8,2147483647,1000000,300000,234224800,1280820.8182908043,640.8486666666666,400.0,1500.0,3000.0,25514700,400.0,1900.0,2100.0,400.0,2000.0,1069483,22214,0.752258570045917,275382272,906250000,234375000,265608064,1,25,618,1673900,0.7146553225789924,0,0,0,0,0,0,0,0,0,0,0,0,0,222,88,32,7,0,0,0,0
PUBLICATION,STRESS,LARS_MONITOR_ONLY,9,6364136223846793005,1000000,300000,268200300,1118566.9814687008,704.546,500.0,1600.0,3100.0,26299800,500.0,1900.0,2300.0,400.0,2400.0,1069911,22202,0.7529663712728583,274726912,1015625000,234375000,265322272,1,26,474,1694700,0.6318784878316691,0,0,0,0,0,0,0,0,0,0,0,0,0,221,84,33,7,0,0,0,0
PUBLICATION,STRESS,LARS_NO_DIAGNOSIS,0,1103515245,1000000,300000,272301900,1101718.3501106675,669.349,400.0,1300.0,2700.0,27942700,400.0,1600.0,1800.0,400.0,1800.0,1069901,22250,0.7513349719101123,281280512,937500000,265625000,271494568,1,27,592,31534300,11.580638989298276,3,797700,149,9,0,0,3,1,0,0,3,0,0,218,81,26,6,0,0,3,3
PUBLICATION,STRESS,LARS_NO_DIAGNOSIS,1,214013,1000000,300000,343076300,874441.0499938352,867.2146666666666,500.0,1800.0,3500.0,30960900,500.0,2100.0,2500.0,600.0,2800.0,1069699,22224,0.7520719436195105,280494080,1406250000,312500000,268910352,1,30,797,36421100,10.616034975310157,1,1061200,55,3,0,0,1,9,0,0,1,0,0,222,88,46,14,0,0,1,1
PUBLICATION,STRESS,LARS_NO_DIAGNOSIS,2,1664525,1000000,300000,351886200,852548.3522797995,878.044,600.0,1800.0,3700.0,27686300,600.0,2200.0,2500.0,600.0,3200.0,1070032,22234,0.751967707115229,276299776,1171875000,328125000,267157752,1,27,803,31350000,8.909130281323906,3,755900,145,9,0,1,2,2,0,0,3,0,0,221,84,31,8,0,0,3,3
PUBLICATION,STRESS,LARS_NO_DIAGNOSIS,3,22695477,1000000,300000,230953300,1298963.903092097,626.315,400.0,1400.0,2900.0,31181800,300.0,1700.0,1900.0,400.0,1800.0,1069696,22216,0.7523406553835074,278134784,1015625000,203125000,269465408,1,30,622,2592400,1.1224780074586507,0,0,0,0,0,0,0,2,0,0,0,0,0,222,77,21,2,0,0,0,0
PUBLICATION,STRESS,LARS_NO_DIAGNOSIS,4,69069,1000000,300000,279534100,1073214.3234045506,692.3976666666666,500.0,1500.0,3000.0,26706200,500.0,1800.0,2200.0,400.0,2000.0,1070010,22218,0.752493755063462,283244064,1140625000,250000000,272802040,1,26,614,19923900,7.127538286026642,1,28400,92,4,0,0,1,5,0,0,1,0,0,223,93,27,8,0,0,1,1
PUBLICATION,STRESS,LARS_NO_DIAGNOSIS,5,48271,1000000,300000,278229000,1078248.4931477308,712.15,400.0,1600.0,3800.0,23762200,400.0,2000.0,2200.0,400.0,2600.0,1069308,22212,0.7522032009724473,279836192,1281250000,218750000,269378512,1,23,753,25880000,9.30169033422109,1,690000,64,3,0,0,1,3,0,0,1,0,0,220,86,30,5,0,0,1,1
PUBLICATION,STRESS,LARS_NO_DIAGNOSIS,6,134775813,1000000,300000,279232400,1074373.8907089578,753.485,500.0,1400.0,2800.0,33824400,500.0,1600.0,1900.0,500.0,1900.0,1070003,22219,0.752454965344975,282066944,1140625000,250000000,271921240,1,33,604,23229700,8.319127723000626,1,631200,50,3,0,0,1,4,0,0,1,0,0,223,84,28,6,0,0,1,1
PUBLICATION,STRESS,LARS_NO_DIAGNOSIS,7,16807,1000000,300000,299933700,1000221.0488517962,744.7643333333333,500.0,1500.0,2900.0,32449900,500.0,1800.0,2100.0,500.0,2000.0,1068950,22201,0.7523239381108959,277610496,1171875000,281250000,267691520,1,32,659,30152400,10.053021717799634,3,887900,172,9,0,0,3,1,0,0,3,0,0,219,81,31,6,0,0,3,3
PUBLICATION,STRESS,LARS_NO_DIAGNOSIS,8,2147483647,1000000,300000,282369500,1062437.6924561611,700.4853333333333,500.0,1500.0,3400.0,27079600,500.0,1800.0,2300.0,500.0,2400.0,1069483,22214,0.752258570045917,279314432,1015625000,234375000,268278784,1,26,604,21080400,7.465537177350953,3,78600,132,9,0,0,3,1,0,0,3,0,0,220,83,39,11,0,0,3,3
PUBLICATION,STRESS,LARS_NO_DIAGNOSIS,9,6364136223846793005,1000000,300000,275428300,1089212.6916515115,680.1626666666667,500.0,1400.0,2900.0,30771700,500.0,1700.0,2000.0,400.0,2000.0,1069911,22202,0.7529663712728583,281673728,890625000,250000000,271622280,1,30,500,22096000,8.0224145449106,3,92400,156,9,0,1,2,1,0,0,3,0,0,220,80,33,8,0,0,3,3
PUBLICATION,STRESS,LARS_NO_LOCALITY,0,1103515245,1000000,300000,351787800,852786.8220557962,879.9956666666667,500.0,1900.0,4600.0,32292600,500.0,2800.0,2700.0,600.0,2500.0,1069901,22250,0.7513349719101123,280887296,1296875000,328125000,271358408,1,32,817,38418300,10.920873321928731,3,1255000,155,9,0,1,2,4,0,0,3,0,0,219,82,34,9,7,3,3,3
PUBLICATION,STRESS,LARS_NO_LOCALITY,1,214013,1000000,300000,317689000,944319.759261416,793.3643333333333,500.0,1700.0,3400.0,27988300,500.0,2000.0,2300.0,500.0,2800.0,1069699,22224,0.7520719436195105,281280512,1234375000,312500000,270950976,1,27,856,30678600,9.656802722159092,2,795600,98,6,0,0,2,5,0,0,2,0,0,222,86,29,7,7,4,2,2
PUBLICATION,STRESS,LARS_NO_LOCALITY,2,1664525,1000000,300000,290603200,1032335.5007790691,726.477,400.0,1500.0,3100.0,31329100,400.0,1700.0,2000.0,500.0,2500.0,1070032,22233,0.7520015292583098,281018368,1156250000,250000000,270314376,1,31,652,26874200,9.247730238345621,2,765000,98,6,0,0,2,2,0,0,2,0,0,221,86,22,4,4,3,2,2
PUBLICATION,STRESS,LARS_NO_LOCALITY,3,22695477,1000000,300000,296858700,1010581.8020492578,733.4253333333334,500.0,1600.0,3300.0,27519100,500.0,2000.0,2200.0,500.0,2300.0,1069696,22216,0.7523406553835074,277217280,1218750000,265625000,266678632,1,27,722,26015900,8.763731701311094,1,622200,77,4,0,0,1,1,0,0,1,0,0,222,75,21,2,2,2,1,1
PUBLICATION,STRESS,LARS_NO_LOCALITY,4,69069,1000000,300000,280673900,1068856.0639232933,722.5926666666667,500.0,1600.0,3100.0,28113700,400.0,1900.0,2200.0,400.0,2000.0,1070010,22218,0.752493755063462,280753696,1046875000,250000000,271397416,1,27,712,28597900,10.18901294349065,1,700500,93,4,0,0,1,4,0,0,1,0,0,223,93,33,6,5,3,1,1
PUBLICATION,STRESS,LARS_NO_LOCALITY,5,48271,1000000,300000,301144400,996199.8297162424,719.4243333333334,500.0,1500.0,3200.0,24622700,500.0,1800.0,2300.0,500.0,2200.0,1069308,22212,0.7522032009724473,276561920,937500000,296875000,267155880,1,24,713,29970300,9.952135918848233,2,819400,101,6,0,0,2,4,0,0,2,0,0,220,84,38,10,6,2,2,2
PUBLICATION,STRESS,LARS_NO_LOCALITY,6,134775813,1000000,300000,239220200,1254074.697705294,642.9253333333334,400.0,1400.0,2800.0,29727500,300.0,1800.0,1900.0,400.0,1900.0,1070003,22219,0.752454965344975,279969792,1093750000,203125000,269405704,1,29,697,6255500,2.614954757165156,0,0,0,0,0,0,0,3,0,0,0,0,0,224,87,26,3,3,2,0,0
PUBLICATION,STRESS,LARS_NO_LOCALITY,7,16807,1000000,300000,287675100,1042843.1240660036,707.539,400.0,1400.0,2900.0,31777900,500.0,1700.0,2000.0,500.0,1900.0,1068950,22201,0.7523239381108959,281018368,1093750000,265625000,270229368,1,31,668,31526500,10.959064583622288,3,814200,176,9,0,0,3,2,0,0,3,0,0,220,82,34,8,5,5,3,3
PUBLICATION,STRESS,LARS_NO_LOCALITY,8,2147483647,1000000,300000,279638700,1072812.8831953518,686.1166666666667,500.0,1400.0,2900.0,26524600,400.0,1700.0,2000.0,400.0,2100.0,1069483,22214,0.752258570045917,278394400,1093750000,250000000,267450936,1,26,509,27990800,10.00963028364815,1,756600,52,3,0,0,1,4,0,0,1,0,0,222,88,33,6,5,3,1,1
PUBLICATION,STRESS,LARS_NO_LOCALITY,9,6364136223846793005,1000000,300000,311144000,964183.7862854499,771.719,500.0,1600.0,3600.0,28208900,500.0,2100.0,2400.0,500.0,2300.0,1069911,22202,0.7529663712728583,277086208,1265625000,281250000,267327664,1,28,733,31822900,10.22770807086108,2,773100,144,7,0,0,2,0,0,0,2,0,0,221,82,22,5,2,2,2,2
PUBLICATION,STRESS,LARS_NO_ROLLBACK,0,1103515245,1000000,300000,266943400,1123833.7415347223,696.126,500.0,1500.0,2900.0,34625900,400.0,1800.0,2100.0,400.0,2000.0,1069901,22250,0.7513349719101123,281015840,1031250000,234375000,270653184,1,34,618,21771600,8.155886229065787,1,814200,62,3,0,0,0,1,0,1,1,0,0,220,86,28,2,2,1,1,1
PUBLICATION,STRESS,LARS_NO_ROLLBACK,1,214013,1000000,300000,274294600,1093714.5682051342,693.6276666666666,400.0,1500.0,3000.0,27272800,400.0,2000.0,2200.0,400.0,1900.0,1069699,22225,0.7520381046119236,279311904,1312500000,250000000,267926640,1,27,685,29128100,10.619275771378657,1,1363500,59,3,0,0,0,5,0,1,1,0,0,222,88,32,6,6,3,1,1
PUBLICATION,STRESS,LARS_NO_ROLLBACK,2,1664525,1000000,300000,269727800,1112232.4061516833,733.3943333333333,400.0,1700.0,3600.0,27630400,400.0,2000.0,2400.0,400.0,2900.0,1070032,22233,0.7520015292583098,279969792,1000000000,265625000,268373696,1,27,651,1870000,0.6932915331678826,0,0,0,0,0,0,0,5,0,0,0,0,0,221,88,32,5,5,0,0,0
PUBLICATION,STRESS,LARS_NO_ROLLBACK,3,22695477,1000000,300000,372575100,805206.7891815637,917.1943333333334,500.0,2000.0,4900.0,32722500,700.0,2400.0,3200.0,700.0,3600.0,1069696,22216,0.7523406553835074,278921216,1343750000,343750000,268767448,1,32,783,32981200,8.852228718451663,2,658100,136,7,0,0,0,6,0,2,2,0,0,222,75,39,12,8,3,2,2
PUBLICATION,STRESS,LARS_NO_ROLLBACK,4,69069,1000000,300000,262984500,1140751.641256424,666.784,400.0,1400.0,2800.0,25491200,400.0,1800.0,2100.0,400.0,1800.0,1070010,22218,0.752493755063462,280622624,937500000,234375000,271695312,1,25,718,32955400,12.531308879420651,1,980000,93,4,0,0,0,4,0,1,1,0,0,223,93,27,6,5,3,1,1
PUBLICATION,STRESS,LARS_NO_ROLLBACK,5,48271,1000000,300000,249563800,1202097.4195776791,644.958,500.0,1500.0,2900.0,21953900,400.0,1800.0,2100.0,400.0,2100.0,1069308,22212,0.7522032009724473,274069024,984375000,250000000,263736744,1,21,594,22251400,8.91611684066359,1,639400,64,3,0,0,0,0,0,1,1,0,0,220,86,22,2,1,1,1,1
PUBLICATION,STRESS,LARS_NO_ROLLBACK,6,134775813,1000000,300000,317919400,943635.3994125555,832.4873333333334,500.0,1600.0,3200.0,27983700,600.0,1900.0,2200.0,500.0,2200.0,1070003,22220,0.7524211014851485,279969792,1187500000,312500000,269760608,1,27,875,25727200,8.092365549255566,1,883400,50,3,0,0,0,3,0,1,1,0,0,223,84,33,6,4,2,1,1
PUBLICATION,STRESS,LARS_NO_ROLLBACK,7,16807,1000000,300000,291761700,1028236.3997741992,759.6206666666667,500.0,1800.0,3700.0,23546400,400.0,2100.0,2700.0,500.0,2900.0,1068950,22200,0.7523578265765766,279969792,953125000,281250000,270126208,1,23,764,21731500,7.448373107231004,3,96500,147,9,0,0,0,5,0,3,3,0,0,220,82,39,11,8,4,3,3
PUBLICATION,STRESS,LARS_NO_ROLLBACK,8,2147483647,1000000,300000,302624100,991328.8465789737,747.0923333333334,500.0,1500.0,3000.0,27181200,500.0,1900.0,2200.0,500.0,2000.0,1069483,22216,0.7521908478123874,277348352,1281250000,265625000,267380192,1,26,682,30051300,9.930240189066238,3,893100,147,9,0,0,0,5,0,3,3,0,0,220,83,31,12,8,6,3,3
PUBLICATION,STRESS,LARS_NO_ROLLBACK,9,6364136223846793005,1000000,300000,304366600,985653.4849750268,799.6766666666666,500.0,1800.0,4000.0,28874300,500.0,2400.0,2900.0,600.0,2300.0,1069911,22201,0.7530002871492275,277739040,1234375000,265625000,267897576,1,28,765,26947500,8.85363242878818,1,1458600,92,4,0,0,0,1,0,1,1,0,0,221,84,31,5,2,1,1,1
PUBLICATION,STRESS,LARS_NO_RUNTIME_VALIDATION,0,1103515245,1000000,300000,228111200,1315148.0505998828,622.9703333333333,400.0,1400.0,2900.0,23684100,400.0,1700.0,1900.0,400.0,1900.0,1069901,22250,0.7513349719101123,278921216,906250000,218750000,270138992,1,23,542,7603400,3.3331988959770498,2,607800,110,6,0,2,0,1,2,0,2,0,0,220,84,25,3,3,3,2,2
PUBLICATION,STRESS,LARS_NO_RUNTIME_VALIDATION,1,214013,1000000,300000,257358800,1165687.7480000684,714.5316666666666,500.0,1500.0,3100.0,31904500,400.0,1800.0,2100.0,400.0,2600.0,1069699,22226,0.7520042686493296,278659072,1031250000,234375000,268894112,1,31,615,9434000,3.6656994048775484,2,640300,109,6,0,2,0,4,2,0,2,0,0,222,86,30,6,6,4,2,2
PUBLICATION,STRESS,LARS_NO_RUNTIME_VALIDATION,2,1664525,1000000,300000,242679600,1236197.8509936559,669.648,400.0,1400.0,2900.0,27813300,300.0,1700.0,1900.0,400.0,2600.0,1070032,22233,0.7520015292583098,279314432,1093750000,218750000,269397368,1,27,609,3505500,1.444497188886087,0,0,0,0,0,0,0,4,0,0,0,0,0,221,88,27,4,4,0,0,0
PUBLICATION,STRESS,LARS_NO_RUNTIME_VALIDATION,3,22695477,1000000,300000,276683400,1084271.770550745,716.7566666666667,500.0,1600.0,3400.0,23842800,500.0,2000.0,2300.0,500.0,2400.0,1069696,22218,0.7522729318570528,276955136,781250000,250000000,268801504,1,23,546,4010600,1.4495267876569393,2,61300,108,6,0,2,0,5,2,0,2,0,0,222,75,30,7,7,4,2,2
PUBLICATION,STRESS,LARS_NO_RUNTIME_VALIDATION,4,69069,1000000,300000,263252400,1139590.750169799,688.7616666666667,400.0,1400.0,3000.0,27990800,500.0,1700.0,2100.0,400.0,2100.0,1070010,22220,0.7524260238523852,277872640,984375000,234375000,270061424,1,27,509,8957800,3.402742007290342,4,639200,248,14,0,4,0,3,4,0,4,0,0,223,89,36,7,7,6,4,4
PUBLICATION,STRESS,LARS_NO_RUNTIME_VALIDATION,5,48271,1000000,300000,247379700,1212710.6630010465,647.1483333333333,400.0,1300.0,2800.0,25172500,400.0,1700.0,1900.0,400.0,1800.0,1069308,22211,0.7522370672189456,278790144,937500000,218750000,267836528,1,25,521,6466000,2.6137957156549225,3,790400,155,9,0,3,0,2,3,0,3,0,0,220,84,28,5,5,3,3,3
PUBLICATION,STRESS,LARS_NO_RUNTIME_VALIDATION,6,134775813,1000000,300000,235345800,1274720.0077502977,637.5933333333334,400.0,1400.0,2900.0,24556500,300.0,1800.0,2000.0,400.0,1900.0,1070003,22219,0.752454965344975,278265856,843750000,218750000,269579520,1,24,614,6875500,2.921445804429057,1,683200,43,3,0,1,0,2,1,0,1,0,0,224,85,21,3,3,2,1,1
PUBLICATION,STRESS,LARS_NO_RUNTIME_VALIDATION,7,16807,1000000,300000,283459200,1058353.3714905002,743.0283333333333,500.0,1500.0,3000.0,29020500,500.0,1800.0,2200.0,400.0,2100.0,1068950,22203,0.7522561703373418,279445504,937500000,250000000,269976232,1,28,523,10976000,3.8721622018265767,4,618100,238,12,0,4,0,2,4,0,4,0,0,221,82,29,6,6,5,4,4
PUBLICATION,STRESS,LARS_NO_RUNTIME_VALIDATION,8,2147483647,1000000,300000,234233900,1280771.0583310102,636.0003333333333,400.0,1400.0,2800.0,25028800,300.0,1800.0,2000.0,400.0,1800.0,1069483,22213,0.7522924357358304,278167552,906250000,218750000,269603448,1,24,564,8041700,3.4331922065934948,1,705600,52,3,0,1,0,5,1,0,1,0,0,222,88,30,6,6,4,1,1
PUBLICATION,STRESS,LARS_NO_RUNTIME_VALIDATION,9,6364136223846793005,1000000,300000,263761500,1137391.1658828147,603.6146666666667,500.0,1500.0,3000.0,5819800,500.0,1800.0,2000.0,400.0,2000.0,1069911,22202,0.7529663712728583,277912656,921875000,234375000,269350544,1,27,470,9668500,3.6656221624459975,2,919200,155,7,0,2,0,5,2,0,2,0,0,221,84,30,7,7,3,2,2
PUBLICATION,STRESS,LOCAL_COST_ADAPTIVE,0,1103515245,1000000,300000,244005500,1229480.4830218991,665.3833333333333,400.0,1500.0,3000.0,25861300,400.0,1900.0,2100.0,400.0,2000.0,1069901,22250,0.7513349719101123,281542656,1062500000,203125000,270457128,1,25,669,7582700,3.107593886203385,1,751800,62,3,0,1,0,4,1,0,1,0,0,220,86,32,5,0,0,1,1
PUBLICATION,STRESS,LOCAL_COST_ADAPTIVE,1,214013,1000000,300000,260628700,1151062.7954634314,709.3866666666667,400.0,1500.0,3100.0,25137800,400.0,1800.0,2100.0,400.0,2600.0,1069699,22225,0.7520381046119236,278396928,1046875000,250000000,267720936,1,24,658,12824500,4.920601606806925,1,850100,59,3,0,1,0,8,1,0,1,0,0,222,88,35,9,0,0,1,1
PUBLICATION,STRESS,LOCAL_COST_ADAPTIVE,2,1664525,1000000,300000,277173100,1082356.1160877445,733.985,500.0,1500.0,3000.0,25803500,400.0,1800.0,2000.0,400.0,2500.0,1070032,22233,0.7520015292583098,279707648,1125000000,250000000,269394912,1,25,560,12499900,4.509781071828399,3,983700,170,9,0,3,0,4,3,0,3,0,0,221,86,31,7,0,0,3,3
PUBLICATION,STRESS,LOCAL_COST_ADAPTIVE,3,22695477,1000000,300000,247341500,1212897.9568733918,676.3166666666667,400.0,1500.0,3300.0,27574900,400.0,1800.0,2200.0,400.0,2200.0,1069696,22217,0.7523067920961426,279314448,1140625000,218750000,269647856,1,27,603,6996100,2.828518465360645,1,960100,64,3,0,1,0,2,1,0,1,0,0,222,77,25,3,0,0,1,1
PUBLICATION,STRESS,LOCAL_COST_ADAPTIVE,4,69069,1000000,300000,254724400,1177743.4749085677,693.7596666666667,500.0,1500.0,2900.0,26633700,400.0,1700.0,2100.0,400.0,2300.0,1070010,22219,0.7524598879337504,280231936,1031250000,250000000,269619056,1,26,660,9734600,3.8216205436149817,3,765500,191,10,0,3,0,3,3,0,3,0,0,223,91,32,6,0,0,3,3
PUBLICATION,STRESS,LOCAL_COST_ADAPTIVE,5,48271,1000000,300000,255102000,1176000.1881600302,657.258,400.0,1400.0,2800.0,26006100,400.0,1700.0,2000.0,400.0,1900.0,1069308,22212,0.7522032009724473,278724608,921875000,234375000,268376072,1,25,527,5739100,2.2497275599564097,5,127500,257,15,0,5,0,1,5,0,5,0,0,220,80,32,6,0,0,5,5
PUBLICATION,STRESS,LOCAL_COST_ADAPTIVE,6,134775813,1000000,300000,238222500,1259326.889777414,641.926,400.0,1400.0,2900.0,24087400,400.0,1800.0,2000.0,400.0,2000.0,1070003,22219,0.752454965344975,279969792,750000000,218750000,269675416,1,23,564,4200300,1.7631835783773573,1,27300,43,3,0,1,0,3,1,0,1,0,0,224,85,32,4,0,0,1,1
PUBLICATION,STRESS,LOCAL_COST_ADAPTIVE,7,16807,1000000,300000,271564700,1104709.1172011679,714.686,500.0,1500.0,3200.0,29909700,500.0,1800.0,2200.0,400.0,2100.0,1068950,22203,0.7522561703373418,279838720,1031250000,250000000,270077376,1,29,576,9181800,3.3810727241058944,5,685200,284,15,0,5,0,1,5,0,5,0,0,221,80,34,6,0,0,5,5
PUBLICATION,STRESS,LOCAL_COST_ADAPTIVE,8,2147483647,1000000,300000,281884800,1064264.5506249361,742.9023333333333,500.0,1500.0,3000.0,27099600,500.0,1900.0,2200.0,400.0,2000.0,1069483,22219,0.7520892873216617,278134784,859375000,265625000,269033384,1,26,487,16261400,5.768810521177445,6,1057500,346,18,0,6,0,5,6,0,6,0,0,222,88,40,11,0,0,6,6
PUBLICATION,STRESS,LOCAL_COST_ADAPTIVE,9,6364136223846793005,1000000,300000,241704300,1241186.0277206488,657.8696666666667,400.0,1400.0,2900.0,25551500,400.0,1800.0,2000.0,400.0,2000.0,1069911,22201,0.7530002871492275,280100864,1078125000,218750000,270744952,1,25,539,9669300,4.000466685946423,4,945200,357,15,0,4,0,3,4,0,4,0,0,221,82,35,7,0,0,4,4
PUBLICATION,STRESS,PERIODIC_GLOBAL_REBUILD,0,1103515245,1000000,300000,547620200,547824.9341423125,1684.9346666666668,400.0,1200.0,2000.0,79148700,300.0,1500.0,1800.0,400.0,1400.0,1069901,22290,0.749986681247196,587333648,2500000000,468750000,703153208,3,93,937,0,0.0,6,173366100,6324960,263215,6,0,0,0,0,0,6,0,0,0,0,0,0,0,0,0,0
PUBLICATION,STRESS,PERIODIC_GLOBAL_REBUILD,1,214013,1000000,300000,571119900,525283.7451470348,1756.0133333333333,400.0,1200.0,2000.0,82534700,300.0,1500.0,1800.0,300.0,1500.0,1069699,22286,0.7499796677286189,585105408,2687500000,453125000,701495552,3,94,1039,0,0.0,6,179731700,6324832,263220,6,0,0,0,0,0,6,0,0,0,0,0,0,0,0,0,0
PUBLICATION,STRESS,PERIODIC_GLOBAL_REBUILD,2,1664525,1000000,300000,639780000,468911.18822095095,1987.2736666666667,400.0,1300.0,2600.0,109095100,300.0,1500.0,1900.0,300.0,1800.0,1070032,22293,0.7499775714349796,584056832,2500000000,578125000,701524480,3,92,1035,0,0.0,6,242051200,6324649,263188,6,0,0,0,0,0,6,0,0,0,0,0,0,0,0,0,0
PUBLICATION,STRESS,PERIODIC_GLOBAL_REBUILD,3,22695477,1000000,300000,539966300,555590.2285012972,1500.6266666666668,400.0,1200.0,2000.0,80831100,300.0,1500.0,1700.0,300.0,1300.0,1069696,22286,0.7499775643902001,588251136,2296875000,468750000,701544968,3,94,1018,0,0.0,6,166535100,6324252,263172,6,0,0,0,0,0,6,0,0,0,0,0,0,0,0,0,0
PUBLICATION,STRESS,PERIODIC_GLOBAL_REBUILD,4,69069,1000000,300000,605026300,495846.2136274076,1729.7646666666667,400.0,1200.0,1900.0,110153800,300.0,1500.0,1700.0,300.0,1400.0,1070010,22292,0.74999579445541,587202560,2375000000,515625000,702189416,3,88,919,0,0.0,6,236270700,6326077,263294,6,0,0,0,0,0,6,0,0,0,0,0,0,0,0,0,0
PUBLICATION,STRESS,PERIODIC_GLOBAL_REBUILD,5,48271,1000000,300000,531789500,564132.9887107586,1478.8103333333333,400.0,1200.0,2000.0,73162400,300.0,1500.0,1700.0,300.0,1300.0,1069308,22278,0.749974750875303,587202560,2593750000,437500000,700741952,3,91,1022,0,0.0,6,163557600,6322362,263079,6,0,0,0,0,0,6,0,0,0,0,0,0,0,0,0,0
PUBLICATION,STRESS,PERIODIC_GLOBAL_REBUILD,6,134775813,1000000,300000,591142500,507491.84841218486,1834.965,400.0,1100.0,1900.0,102245100,300.0,1500.0,1700.0,300.0,1300.0,1070003,22292,0.7499908879867216,589299712,2578125000,500000000,702386608,3,93,976,0,0.0,6,222699600,6324983,263209,6,0,0,0,0,0,6,0,0,0,0,0,0,0,0,0,0
PUBLICATION,STRESS,PERIODIC_GLOBAL_REBUILD,7,16807,1000000,300000,579778000,517439.43371428375,1788.166,400.0,1200.0,2100.0,79837500,300.0,1500.0,1800.0,300.0,1800.0,1068950,22270,0.7499929838347553,589299712,2640625000,484375000,701059208,3,91,1037,0,0.0,6,191932400,6321459,263048,6,0,0,0,0,0,6,0,0,0,0,0,0,0,0,0,0
PUBLICATION,STRESS,PERIODIC_GLOBAL_REBUILD,8,2147483647,1000000,300000,587961800,510237.2296975756,1675.2066666666667,400.0,1100.0,1900.0,100360700,300.0,1500.0,1600.0,300.0,1300.0,1069483,22281,0.7499964936492977,586194000,2171875000,515625000,701754656,3,92,924,0,0.0,6,228067200,6324246,263206,6,0,0,0,0,0,6,0,0,0,0,0,0,0,0,0,0
PUBLICATION,STRESS,PERIODIC_GLOBAL_REBUILD,9,6364136223846793005,1000000,300000,619857600,483982.1275079954,1928.3946666666666,400.0,1100.0,1800.0,111356300,300.0,1400.0,1600.0,300.0,1400.0,1069911,22290,0.7499936911170929,587202560,2484375000,515625000,701740720,3,95,933,0,0.0,6,245076900,6326213,263273,6,0,0,0,0,0,6,0,0,0,0,0,0,0,0,0,0
PUBLICATION,STRESS,STATIC_BPLUS,0,1103515245,1000000,300000,195973500,1530819.2179044615,519.4663333333333,400.0,1200.0,2400.0,22837800,300.0,1600.0,1700.0,300.0,1600.0,1069901,22250,0.7513349719101123,270663680,765625000,171875000,263661048,1,22,459,0,0.0,0,0,0,0,0,0,0,0,0,0,0,0,0,0,0,0,0,0,0,0,0
PUBLICATION,STRESS,STATIC_BPLUS,1,214013,1000000,300000,195877100,1531572.6034334796,524.4246666666667,400.0,1200.0,2400.0,25979100,300.0,1500.0,1700.0,300.0,1600.0,1069699,22224,0.7520719436195105,268173312,875000000,187500000,262745288,1,25,418,0,0.0,0,0,0,0,0,0,0,0,0,0,0,0,0,0,0,0,0,0,0,0,0
PUBLICATION,STRESS,STATIC_BPLUS,2,1664525,1000000,300000,204592900,1466326.544078509,561.618,400.0,1300.0,2700.0,29266300,300.0,1400.0,1700.0,300.0,2400.0,1070032,22233,0.7520015292583098,275815504,812500000,171875000,268459888,1,29,329,0,0.0,0,0,0,0,0,0,0,0,0,0,0,0,0,0,0,0,0,0,0,0,0
PUBLICATION,STRESS,STATIC_BPLUS,3,22695477,1000000,300000,211454600,1418744.2599971814,569.3806666666667,400.0,1300.0,2500.0,25127200,300.0,1600.0,1700.0,300.0,2000.0,1069696,22216,0.7523406553835074,268042240,703125000,203125000,261896112,1,24,372,0,0.0,0,0,0,0,0,0,0,0,0,0,0,0,0,0,0,0,0,0,0,0,0
PUBLICATION,STRESS,STATIC_BPLUS,4,69069,1000000,300000,204301700,1468416.5623683014,551.2553333333333,400.0,1200.0,2400.0,29799100,300.0,1500.0,1700.0,300.0,1700.0,1070010,22218,0.752493755063462,270401536,859375000,187500000,264131976,1,29,384,0,0.0,0,0,0,0,0,0,0,0,0,0,0,0,0,0,0,0,0,0,0,0,0
PUBLICATION,STRESS,STATIC_BPLUS,5,48271,1000000,300000,231174300,1297722.108383155,624.9703333333333,400.0,1500.0,3500.0,23237300,300.0,1600.0,2000.0,400.0,3100.0,1069308,22212,0.7522032009724473,270008320,984375000,218750000,261420544,1,22,438,0,0.0,0,0,0,0,0,0,0,0,0,0,0,0,0,0,0,0,0,0,0,0,0
PUBLICATION,STRESS,STATIC_BPLUS,6,134775813,1000000,300000,233274400,1286039.1024475896,615.3816666666667,400.0,1500.0,3000.0,27957300,400.0,1800.0,2100.0,400.0,2200.0,1070003,22219,0.752454965344975,272891904,968750000,187500000,263106144,1,27,492,0,0.0,0,0,0,0,0,0,0,0,0,0,0,0,0,0,0,0,0,0,0,0,0
PUBLICATION,STRESS,STATIC_BPLUS,7,16807,1000000,300000,194848700,1539656.153723376,520.8936666666667,400.0,1200.0,2300.0,26641800,300.0,1500.0,1600.0,300.0,1600.0,1068950,22201,0.7523239381108959,269090816,625000000,187500000,263356544,1,26,291,0,0.0,0,0,0,0,0,0,0,0,0,0,0,0,0,0,0,0,0,0,0,0,0
PUBLICATION,STRESS,STATIC_BPLUS,8,2147483647,1000000,300000,259276300,1157066.8047947306,691.559,500.0,1600.0,3000.0,35167200,400.0,2000.0,2200.0,400.0,2000.0,1069483,22214,0.752258570045917,269484032,1171875000,234375000,263811792,1,34,537,0,0.0,0,0,0,0,0,0,0,0,0,0,0,0,0,0,0,0,0,0,0,0,0
PUBLICATION,STRESS,STATIC_BPLUS,9,6364136223846793005,1000000,300000,201294400,1490354.4261539318,541.702,400.0,1300.0,2500.0,22081300,300.0,1600.0,1700.0,300.0,1900.0,1069911,22202,0.7529663712728583,269090816,640625000,171875000,262811344,1,21,380,0,0.0,0,0,0,0,0,0,0,0,0,0,0,0,0,0,0,0,0,0,0,0,0
PUBLICATION,STRESS,THRESHOLD_GLOBAL_REBUILD,0,1103515245,1000000,300000,490210900,611981.4961274831,1263.7133333333334,400.0,1100.0,1900.0,70455200,300.0,1400.0,1700.0,300.0,1400.0,1069901,22290,0.749986681247196,507510784,1937500000,421875000,623785904,3,77,868,0,0.0,5,141537000,5182491,215756,5,0,0,0,0,0,5,0,0,0,0,0,0,0,0,0,0
PUBLICATION,STRESS,THRESHOLD_GLOBAL_REBUILD,1,214013,1000000,300000,659918400,454601.65984158043,2050.672666666667,400.0,1200.0,2000.0,155212400,300.0,1500.0,1800.0,300.0,1500.0,1069699,22286,0.7499796677286189,556793856,2359375000,578125000,621756336,3,86,759,0,0.0,5,364226300,5182264,215725,5,0,0,0,0,0,5,0,0,0,0,0,0,0,0,0,0
PUBLICATION,STRESS,THRESHOLD_GLOBAL_REBUILD,2,1664525,1000000,300000,608746600,492815.8941668011,1892.342,400.0,1200.0,2300.0,137793300,300.0,1400.0,1600.0,300.0,1500.0,1070032,22293,0.7499775714349796,562036736,2156250000,531250000,622294424,3,84,780,0,0.0,5,338309000,5182470,215732,5,0,0,0,0,0,5,0,0,0,0,0,0,0,0,0,0
PUBLICATION,STRESS,THRESHOLD_GLOBAL_REBUILD,3,22695477,1000000,300000,427180300,702279.5760946842,1027.9163333333333,400.0,1100.0,1900.0,41050200,300.0,1500.0,1600.0,300.0,1200.0,1069696,22286,0.7499775643902001,509607936,1796875000,328125000,623076944,3,87,829,0,0.0,5,79981500,5182162,215724,5,0,0,0,0,0,5,0,0,0,0,0,0,0,0,0,0
PUBLICATION,STRESS,THRESHOLD_GLOBAL_REBUILD,4,69069,1000000,300000,647398100,463393.3896315111,2008.2803333333334,400.0,1100.0,1800.0,167370800,300.0,1500.0,1700.0,300.0,1300.0,1070010,22292,0.74999579445541,559939584,2562500000,546875000,629733488,3,94,819,0,0.0,5,363118500,5183084,215751,5,0,0,0,0,0,5,0,0,0,0,0,0,0,0,0,0
PUBLICATION,STRESS,THRESHOLD_GLOBAL_REBUILD,5,48271,1000000,300000,527442300,568782.5947975732,1615.885,400.0,1200.0,2000.0,108796300,300.0,1400.0,1700.0,300.0,1500.0,1069308,22278,0.749974750875303,558891008,2312500000,421875000,621986080,3,95,842,0,0.0,5,235822300,5181114,215671,5,0,0,0,0,0,5,0,0,0,0,0,0,0,0,0,0
PUBLICATION,STRESS,THRESHOLD_GLOBAL_REBUILD,6,134775813,1000000,300000,681605200,440137.487214006,2117.1253333333334,400.0,1300.0,2000.0,150976200,300.0,1600.0,1800.0,300.0,1500.0,1070003,22292,0.7499908879867216,557842432,2703125000,593750000,629051288,3,92,788,0,0.0,5,377436800,5182164,215710,5,0,0,0,0,0,5,0,0,0,0,0,0,0,0,0,0
PUBLICATION,STRESS,THRESHOLD_GLOBAL_REBUILD,7,16807,1000000,300000,528542500,567598.6320872967,1628.252,400.0,1100.0,1900.0,127277400,300.0,1400.0,1700.0,300.0,1300.0,1068950,22270,0.7499929838347553,558891008,2218750000,437500000,623068448,3,88,833,0,0.0,5,258511000,5180542,215644,5,0,0,0,0,0,5,0,0,0,0,0,0,0,0,0,0
PUBLICATION,STRESS,THRESHOLD_GLOBAL_REBUILD,8,2147483647,1000000,300000,628933500,476997.9656036767,1945.162,400.0,1200.0,2200.0,136578600,300.0,1500.0,1900.0,300.0,1500.0,1069483,22281,0.7499964936492977,557842432,2609375000,531250000,628864448,3,94,768,0,0.0,5,341857100,5181960,215712,5,0,0,0,0,0,5,0,0,0,0,0,0,0,0,0,0
PUBLICATION,STRESS,THRESHOLD_GLOBAL_REBUILD,9,6364136223846793005,1000000,300000,600378900,499684.44927028584,1862.0856666666666,400.0,1100.0,1900.0,150180500,300.0,1500.0,1600.0,300.0,1300.0,1069911,22290,0.7499936911170929,559939584,2468750000,500000000,622902728,3,90,765,0,0.0,5,334262700,5182894,215748,5,0,0,0,0,0,5,0,0,0,0,0,0,0,0,0,0
PUBLICATION,WORKLOAD_SHIFT,LARS_FULL,0,1103515245,1000000,300000,315907500,949645.0701550295,752.6973333333333,400.0,1500.0,3100.0,30399500,500.0,2300.0,2400.0,500.0,2000.0,1056074,22036,0.7488272032129243,240123904,1250000000,296875000,177844440,1,30,1062,38233800,12.10284656109779,1,955300,45,3,0,0,1,9,0,0,1,0,0,144,38,23,10,10,6,1,1
PUBLICATION,WORKLOAD_SHIFT,LARS_FULL,1,214013,1000000,300000,312063900,961341.5713897058,709.793,400.0,1500.0,3000.0,16628500,500.0,2300.0,2400.0,600.0,1900.0,1056030,22041,0.7486261399210562,245366784,1375000000,296875000,177518616,1,26,1018,34523000,11.06279835636227,2,1120500,120,6,0,0,2,2,0,0,2,0,0,138,34,16,5,4,3,2,2
PUBLICATION,WORKLOAD_SHIFT,LARS_FULL,2,1664525,1000000,300000,309603300,968981.919766359,805.0853333333333,400.0,1600.0,3200.0,26670800,500.0,2200.0,2500.0,600.0,2000.0,1056291,22045,0.7486752948514402,245366784,1296875000,296875000,176848240,1,26,937,33646300,10.86755212234495,2,847000,119,6,0,1,1,6,0,0,2,0,0,140,35,22,13,8,2,2,2
PUBLICATION,WORKLOAD_SHIFT,LARS_FULL,3,22695477,1000000,300000,314629000,953503.9681656809,760.09,400.0,1500.0,3000.0,25784800,500.0,2200.0,2400.0,500.0,1900.0,1055923,22037,0.7486861585061487,245366784,1562500000,281250000,176356536,1,25,1182,41661100,13.241341389382416,2,1001300,98,6,0,1,1,2,0,0,2,0,0,143,35,19,5,4,4,2,2
PUBLICATION,WORKLOAD_SHIFT,LARS_FULL,4,69069,1000000,300000,323702300,926777.4742409925,736.6293333333333,400.0,1600.0,3200.0,18120600,500.0,2300.0,2600.0,600.0,2200.0,1055964,22034,0.7488171689207588,245366784,1453125000,296875000,177191200,1,28,1079,36388400,11.241316481223643,2,770300,119,6,0,0,2,6,0,0,2,0,0,143,37,27,13,8,2,2,2
PUBLICATION,WORKLOAD_SHIFT,LARS_FULL,5,48271,1000000,300000,333119700,900577.1799146073,706.717,400.0,1600.0,3400.0,7182900,500.0,2400.0,2700.0,600.0,2200.0,1055875,22028,0.7489580023152351,245366784,1703125000,312500000,178377088,1,26,1015,40371800,12.119307264025514,3,989700,173,9,0,1,2,2,0,0,3,0,0,141,36,22,5,5,3,3,3
PUBLICATION,WORKLOAD_SHIFT,LARS_FULL,6,134775813,1000000,300000,331379100,905307.5465531773,805.823,400.0,1700.0,3600.0,28014200,500.0,2500.0,2700.0,600.0,2200.0,1056000,22034,0.7488426976490877,244318208,1468750000,296875000,177074696,1,27,1153,37223500,11.232905153040733,1,1312200,63,3,0,0,1,4,0,0,1,0,0,141,41,20,7,5,2,1,1
PUBLICATION,WORKLOAD_SHIFT,LARS_FULL,7,16807,1000000,300000,320076000,937277.3966183031,769.8753333333333,400.0,1700.0,3400.0,21964800,500.0,2300.0,2600.0,600.0,2600.0,1055967,22038,0.7486833821127145,245366784,1375000000,312500000,176147112,1,21,1194,40288500,12.587166797885502,3,1250200,200,10,0,1,2,3,0,0,3,0,0,141,35,21,8,6,4,3,3
PUBLICATION,WORKLOAD_SHIFT,LARS_FULL,8,2147483647,1000000,300000,312569000,959788.0787922026,751.6453333333334,400.0,1500.0,2800.0,28842500,500.0,2100.0,2300.0,500.0,1900.0,1055978,22044,0.7484874001996008,240123904,1515625000,281250000,177212128,1,28,1074,41340000,13.225879725756553,2,1098200,111,6,0,1,1,2,0,0,2,0,0,142,35,18,6,4,4,2,2
PUBLICATION,WORKLOAD_SHIFT,LARS_FULL,9,6364136223846793005,1000000,300000,307080700,976941.8918219217,784.936,400.0,1500.0,2800.0,25949800,600.0,2100.0,2300.0,600.0,2000.0,1056171,22035,0.7489299693669162,245366784,1406250000,281250000,177640776,1,25,951,32848200,10.69692755031495,2,736000,127,6,0,0,2,1,0,0,2,0,0,139,37,18,5,3,2,2,2
PUBLICATION,WORKLOAD_SHIFT,LARS_MONITOR_ONLY,0,1103515245,1000000,300000,272171200,1102247.4089837573,601.4883333333333,400.0,1600.0,3100.0,619400,500.0,2200.0,2600.0,500.0,2100.0,1056074,22036,0.7488272032129243,245366784,1234375000,250000000,173602504,1,31,792,1458600,0.5359126902479028,0,0,0,0,0,0,0,0,0,0,0,0,0,144,38,22,10,0,0,0,0
PUBLICATION,WORKLOAD_SHIFT,LARS_MONITOR_ONLY,1,214013,1000000,300000,248938300,1205117.8946751063,640.6803333333334,400.0,1400.0,2800.0,26792900,500.0,2000.0,2300.0,500.0,1900.0,1056030,22041,0.7486261399210562,244318208,1296875000,218750000,172925280,1,26,798,1269600,0.510005893026505,0,0,0,0,0,0,0,0,0,0,0,0,0,139,35,17,5,0,0,0,0
PUBLICATION,WORKLOAD_SHIFT,LARS_MONITOR_ONLY,2,1664525,1000000,300000,273673600,1096196.3448429077,595.4586666666667,400.0,1500.0,3100.0,637000,600.0,2400.0,2300.0,500.0,1900.0,1056291,22045,0.7486752948514402,245366784,1234375000,234375000,171862768,1,30,819,1289000,0.47099902950083605,0,0,0,0,0,0,0,0,0,0,0,0,0,140,36,19,7,0,0,0,0
PUBLICATION,WORKLOAD_SHIFT,LARS_MONITOR_ONLY,3,22695477,1000000,300000,262791100,1141591.1726082047,680.1773333333333,400.0,1600.0,3000.0,28880000,500.0,2300.0,2400.0,500.0,2100.0,1055923,22037,0.7486861585061487,245366784,1296875000,250000000,171338080,1,28,848,1156400,0.440045344001376,0,0,0,0,0,0,0,0,0,0,0,0,0,143,37,21,6,0,0,0,0
PUBLICATION,WORKLOAD_SHIFT,LARS_MONITOR_ONLY,4,69069,1000000,300000,254127900,1180507.9253399568,644.1793333333334,400.0,1400.0,2900.0,22953900,500.0,2100.0,2300.0,500.0,2000.0,1055964,22034,0.7488171689207588,245366784,1078125000,234375000,173038704,1,22,854,1400300,0.5510217492845139,0,0,0,0,0,0,0,0,0,0,0,0,0,143,38,18,5,0,0,0,0
PUBLICATION,WORKLOAD_SHIFT,LARS_MONITOR_ONLY,5,48271,1000000,300000,273062700,1098648.7718754704,686.2993333333334,400.0,1600.0,3200.0,23414800,600.0,2200.0,2500.0,500.0,2200.0,1055875,22029,0.7489240035861818,245366784,1265625000,250000000,173962176,1,23,890,1356800,0.4968822178935461,0,0,0,0,0,0,0,0,0,0,0,0,0,141,37,18,4,0,0,0,0
PUBLICATION,WORKLOAD_SHIFT,LARS_MONITOR_ONLY,6,134775813,1000000,300000,250972200,1195351.5170206102,643.694,400.0,1400.0,2700.0,29057800,500.0,2100.0,2200.0,500.0,1800.0,1056000,22034,0.7488426976490877,245366784,1109375000,218750000,172968912,1,28,764,1622400,0.646446100404746,0,0,0,0,0,0,0,0,0,0,0,0,0,141,41,24,11,0,0,0,0
PUBLICATION,WORKLOAD_SHIFT,LARS_MONITOR_ONLY,7,16807,1000000,300000,275882700,1087418.6746758677,707.0333333333333,400.0,1600.0,3000.0,25164200,500.0,2200.0,2400.0,500.0,2400.0,1055967,22040,0.7486154435117968,245366784,1156250000,250000000,172911168,1,25,993,1494200,0.5416069945668939,0,0,0,0,0,0,0,0,0,0,0,0,0,142,36,21,6,0,0,0,0
PUBLICATION,WORKLOAD_SHIFT,LARS_MONITOR_ONLY,8,2147483647,1000000,300000,279216400,1074435.4557970092,722.8043333333334,400.0,1800.0,3700.0,23814600,600.0,3000.0,3100.0,600.0,2200.0,1055978,22045,0.7484534474937627,245366784,1078125000,250000000,171974224,1,23,778,1319100,0.4724292699139449,0,0,0,0,0,0,0,0,0,0,0,0,0,142,37,19,9,0,0,0,0
PUBLICATION,WORKLOAD_SHIFT,LARS_MONITOR_ONLY,9,6364136223846793005,1000000,300000,268889100,1115701.603374774,682.6186666666666,400.0,1500.0,2900.0,27557600,600.0,2200.0,2400.0,500.0,1800.0,1056171,22035,0.7489299693669162,244318208,1250000000,234375000,176072632,1,27,854,1279400,0.47580954378589535,0,0,0,0,0,0,0,0,0,0,0,0,0,140,38,20,6,0,0,0,0
PUBLICATION,WORKLOAD_SHIFT,LARS_NO_DIAGNOSIS,0,1103515245,1000000,300000,314655600,953423.3619233218,763.8813333333334,400.0,1600.0,3200.0,23798100,500.0,2400.0,2600.0,600.0,1900.0,1056074,22035,0.7488611867483549,241172480,1359375000,296875000,178637256,1,23,1064,36561400,11.619497634874447,2,1169100,116,6,0,1,1,1,0,0,2,0,0,143,36,20,6,0,0,2,2
PUBLICATION,WORKLOAD_SHIFT,LARS_NO_DIAGNOSIS,1,214013,1000000,300000,308087700,973748.7085657753,800.6066666666667,400.0,1500.0,3000.0,25736000,500.0,2100.0,2400.0,600.0,2000.0,1056030,22040,0.7486601066243194,245366784,1328125000,296875000,177519296,1,25,954,40928000,13.284529048060017,3,651800,165,9,0,1,2,2,0,0,3,0,0,139,32,20,9,0,0,3,3
PUBLICATION,WORKLOAD_SHIFT,LARS_NO_DIAGNOSIS,2,1664525,1000000,300000,315867700,949764.727447599,814.8636666666666,400.0,1500.0,3100.0,27129800,500.0,2100.0,2500.0,600.0,2000.0,1056291,22044,0.7487092576211214,245366784,1453125000,265625000,177326008,1,27,1076,43484900,13.7668080655287,3,854800,171,9,0,1,2,1,0,0,3,0,0,139,33,18,7,0,0,3,3
PUBLICATION,WORKLOAD_SHIFT,LARS_NO_DIAGNOSIS,3,22695477,1000000,300000,312181300,960980.0458900004,748.036,400.0,1500.0,3100.0,26120400,600.0,2300.0,2500.0,600.0,1900.0,1055923,22036,0.7487201340987475,245366784,1484375000,281250000,176601896,1,25,1091,36922000,11.827101751450199,3,948900,148,9,0,1,2,1,0,0,3,0,0,142,35,18,6,0,0,3,3
PUBLICATION,WORKLOAD_SHIFT,LARS_NO_DIAGNOSIS,4,69069,1000000,300000,292160500,1026832.8538594368,769.7696666666667,400.0,1500.0,2900.0,28425300,500.0,2100.0,2400.0,600.0,2000.0,1055964,22033,0.7488511550855534,245366784,1281250000,234375000,174145576,1,28,1073,27621200,9.454118541007425,2,1413500,147,7,0,2,0,4,0,0,2,0,0,141,35,19,7,0,0,2,2
PUBLICATION,WORKLOAD_SHIFT,LARS_NO_DIAGNOSIS,5,48271,1000000,300000,301161200,996144.2576268124,719.111,400.0,1500.0,2900.0,25318000,500.0,2200.0,2300.0,600.0,1800.0,1055875,22029,0.7489240035861818,240123904,1296875000,281250000,177852112,1,25,951,31151400,10.343762742345296,2,842500,113,6,0,0,2,0,0,0,2,0,0,141,37,17,2,0,0,2,2
PUBLICATION,WORKLOAD_SHIFT,LARS_NO_DIAGNOSIS,6,134775813,1000000,300000,335069700,895336.1046970227,812.8466666666667,400.0,1700.0,3600.0,28076100,600.0,2400.0,2900.0,600.0,2300.0,1056000,22033,0.7488766849725412,244318208,1546875000,312500000,177153864,1,27,1076,33072900,9.870453819011388,3,897200,184,9,0,1,2,0,0,0,3,0,0,140,40,19,5,0,0,3,3
PUBLICATION,WORKLOAD_SHIFT,LARS_NO_DIAGNOSIS,7,16807,1000000,300000,334493600,896878.1465474975,830.5176666666666,400.0,1700.0,3500.0,29855700,600.0,2500.0,2800.0,600.0,2500.0,1055967,22038,0.7486833821127145,245366784,1531250000,312500000,177333600,1,29,992,32799600,9.8057481518331,3,1254500,153,9,0,2,1,2,0,0,3,0,0,141,33,18,10,0,0,3,3
PUBLICATION,WORKLOAD_SHIFT,LARS_NO_DIAGNOSIS,8,2147483647,1000000,300000,292403900,1025978.1076791383,621.515,400.0,1400.0,2900.0,8294700,500.0,2100.0,2200.0,500.0,1900.0,1055978,22044,0.7484874001996008,245366784,1375000000,265625000,177324240,1,25,857,33019500,11.292428042170437,3,852700,153,9,0,1,2,1,0,0,3,0,0,142,35,18,6,0,0,3,3
PUBLICATION,WORKLOAD_SHIFT,LARS_NO_DIAGNOSIS,9,6364136223846793005,1000000,300000,294378500,1019096.163612492,704.8176666666667,400.0,1400.0,2900.0,31875100,500.0,2100.0,2200.0,500.0,1800.0,1056171,22035,0.7489299693669162,245366784,1312500000,234375000,174489936,1,31,1044,36497500,12.398154077148977,1,939800,64,3,0,0,1,0,0,0,1,0,0,140,38,17,4,0,0,1,1
PUBLICATION,WORKLOAD_SHIFT,LARS_NO_LOCALITY,0,1103515245,1000000,300000,320060500,937322.7874105052,768.5483333333333,400.0,1600.0,3200.0,23138900,500.0,2300.0,2600.0,600.0,2100.0,1056074,22035,0.7488611867483549,241172480,1406250000,328125000,178378320,1,22,1149,39035900,12.19641286569258,2,1104700,108,6,0,1,1,7,0,0,2,0,0,143,37,24,10,9,6,2,2
PUBLICATION,WORKLOAD_SHIFT,LARS_NO_LOCALITY,1,214013,1000000,300000,358313500,837255.6434518934,922.3936666666667,500.0,1900.0,4000.0,28172700,700.0,2700.0,3000.0,700.0,2500.0,1056030,22041,0.7486261399210562,245366784,1812500000,312500000,177238600,1,27,1094,39453900,11.011000143728886,2,1204400,107,6,0,0,2,4,0,0,2,0,0,139,34,20,7,6,3,2,2
PUBLICATION,WORKLOAD_SHIFT,LARS_NO_LOCALITY,2,1664525,1000000,300000,288694500,1039160.7737591121,707.9686666666666,400.0,1500.0,2900.0,29441900,500.0,2200.0,2300.0,500.0,1800.0,1056291,22044,0.7487092576211214,245366784,1234375000,250000000,173606104,1,29,960,35256400,12.21235596798692,2,1390700,122,6,0,1,1,2,0,0,2,0,0,140,35,18,8,4,2,2,2
PUBLICATION,WORKLOAD_SHIFT,LARS_NO_LOCALITY,3,22695477,1000000,300000,292906500,1024217.6257611217,716.788,400.0,1500.0,2900.0,25600000,500.0,2100.0,2300.0,600.0,1900.0,1055923,22037,0.7486861585061487,245366784,1171875000,265625000,175723672,1,25,960,33208900,11.337713570712838,2,1204000,101,6,0,0,2,2,0,0,2,0,0,143,37,22,8,4,2,2,2
PUBLICATION,WORKLOAD_SHIFT,LARS_NO_LOCALITY,4,69069,1000000,300000,299018100,1003283.7477062425,737.897,400.0,1700.0,3200.0,22251400,500.0,2300.0,2600.0,600.0,2300.0,1055964,22034,0.7488171689207588,245366784,1250000000,265625000,173309896,1,21,928,32894700,11.00090596522418,1,1176900,60,3,0,0,1,4,0,0,1,0,0,143,38,22,10,5,1,1,1
PUBLICATION,WORKLOAD_SHIFT,LARS_NO_LOCALITY,5,48271,1000000,300000,280368000,1070022.2564629344,709.77,400.0,1500.0,3000.0,26447400,500.0,2200.0,2300.0,500.0,1900.0,1055875,22029,0.7489240035861818,244318208,1125000000,265625000,176027072,1,26,821,11767300,4.197090966158763,0,0,0,0,0,0,0,3,0,0,0,0,0,141,37,18,3,3,2,0,0
PUBLICATION,WORKLOAD_SHIFT,LARS_NO_LOCALITY,6,134775813,1000000,300000,287578900,1043191.9727073162,697.6596666666667,400.0,1500.0,3000.0,22856100,500.0,2100.0,2300.0,500.0,1900.0,1056000,22034,0.7488426976490877,244318208,1250000000,281250000,176706696,1,22,939,29380600,10.216535357774857,1,1006100,61,3,0,0,1,4,0,0,1,0,0,141,41,20,5,5,4,1,1
PUBLICATION,WORKLOAD_SHIFT,LARS_NO_LOCALITY,7,16807,1000000,300000,340337700,881477.4266853187,880.145,400.0,1800.0,3600.0,26985300,600.0,2400.0,2800.0,600.0,2600.0,1055967,22040,0.7486154435117968,245366784,1500000000,328125000,177149712,1,26,1203,42399000,12.45792047134361,3,1374400,154,9,0,0,3,2,0,0,3,0,0,141,35,19,6,5,4,3,3
PUBLICATION,WORKLOAD_SHIFT,LARS_NO_LOCALITY,8,2147483647,1000000,300000,324350500,924925.3508164779,792.3483333333334,400.0,1600.0,3100.0,26244000,600.0,2200.0,2500.0,600.0,2100.0,1055978,22044,0.7484874001996008,245366784,1500000000,281250000,176870976,1,26,1090,41378900,12.757464532966651,2,1220800,111,6,0,1,1,3,0,0,2,0,0,142,35,18,8,5,4,2,2
PUBLICATION,WORKLOAD_SHIFT,LARS_NO_LOCALITY,9,6364136223846793005,1000000,300000,301739400,994235.4230173455,776.6226666666666,400.0,1500.0,2900.0,25767700,500.0,2100.0,2300.0,600.0,1900.0,1056171,22035,0.7489299693669162,245366784,1390625000,265625000,177605248,1,25,960,34534700,11.445207354425706,2,735400,127,6,0,0,2,1,0,0,2,0,0,139,37,18,5,3,2,2,2
PUBLICATION,WORKLOAD_SHIFT,LARS_NO_ROLLBACK,0,1103515245,1000000,300000,311187000,964050.5548110943,804.878,400.0,1600.0,3200.0,25481500,500.0,2200.0,2600.0,600.0,2100.0,1056074,22035,0.7488611867483549,241172480,1562500000,296875000,177919280,1,25,1070,36557400,11.747727250817032,3,1130500,184,9,0,0,0,4,0,3,3,0,0,143,37,23,13,7,3,3,3
PUBLICATION,WORKLOAD_SHIFT,LARS_NO_ROLLBACK,1,214013,1000000,300000,307381200,975986.820273979,788.0086666666666,400.0,1500.0,3100.0,24549100,500.0,2200.0,2400.0,600.0,2000.0,1056030,22041,0.7486261399210562,244318208,1296875000,281250000,177327048,1,24,1066,33565500,10.919828538635414,2,729900,121,6,0,0,0,3,0,2,2,0,0,138,34,18,5,5,3,2,2
PUBLICATION,WORKLOAD_SHIFT,LARS_NO_ROLLBACK,2,1664525,1000000,300000,305006100,983586.8856393364,782.0526666666667,400.0,1500.0,3100.0,25786400,500.0,2300.0,2400.0,500.0,1900.0,1056291,22045,0.7486752948514402,245366784,1421875000,281250000,176867272,1,25,1037,33070000,10.842406102697618,2,1067900,104,6,0,0,0,6,0,2,2,0,0,140,35,21,9,8,4,2,2
PUBLICATION,WORKLOAD_SHIFT,LARS_NO_ROLLBACK,3,22695477,1000000,300000,334307700,897376.8776489444,798.598,400.0,1700.0,3400.0,24233300,600.0,2400.0,2700.0,600.0,2200.0,1055923,22036,0.7487201340987475,245366784,1265625000,296875000,175980080,1,24,1271,41387900,12.380181491482249,2,1154700,103,6,0,0,0,2,0,2,2,0,0,143,37,21,6,4,4,2,2
PUBLICATION,WORKLOAD_SHIFT,LARS_NO_ROLLBACK,4,69069,1000000,300000,267420200,1121829.9889088408,683.282,400.0,1500.0,3000.0,22770200,600.0,2200.0,2200.0,500.0,1900.0,1055964,22034,0.7488171689207588,244318208,1046875000,265625000,172109624,1,22,765,10846600,4.056013719232878,0,0,0,0,0,0,0,8,0,0,0,0,0,143,38,21,8,8,5,0,0
PUBLICATION,WORKLOAD_SHIFT,LARS_NO_ROLLBACK,5,48271,1000000,300000,309469400,969401.1750434777,666.7226666666667,400.0,1500.0,3200.0,13160900,500.0,2200.0,2500.0,600.0,2000.0,1055875,22029,0.7489240035861818,245366784,1375000000,296875000,177833984,1,26,975,37210600,12.023999788024277,2,1613200,113,6,0,0,0,5,0,2,2,0,0,141,37,21,7,7,2,2,2
PUBLICATION,WORKLOAD_SHIFT,LARS_NO_ROLLBACK,6,134775813,1000000,300000,306109000,980043.0565582848,753.106,400.0,1600.0,3200.0,26576300,500.0,2300.0,2500.0,600.0,2200.0,1056000,22033,0.7488766849725412,245366784,1171875000,281250000,176747792,1,26,835,29926300,9.776354174493399,1,1268700,63,3,0,0,0,5,0,1,1,0,0,141,41,22,8,6,2,1,1
PUBLICATION,WORKLOAD_SHIFT,LARS_NO_ROLLBACK,7,16807,1000000,300000,315777500,950036.0221991751,766.0506666666666,400.0,1600.0,3100.0,24793600,500.0,2200.0,2500.0,600.0,2300.0,1055967,22039,0.7486494112709288,244318208,1296875000,312500000,177276400,1,24,1181,35625600,11.281867770819643,3,1073900,144,9,0,1,0,3,0,2,3,0,0,141,35,20,10,6,3,3,3
PUBLICATION,WORKLOAD_SHIFT,LARS_NO_ROLLBACK,8,2147483647,1000000,300000,358356800,837154.4784415979,837.7663333333334,500.0,1900.0,4400.0,17805400,700.0,2800.0,3100.0,700.0,2400.0,1055978,22044,0.7484874001996008,245366784,1609375000,359375000,176576336,1,28,1083,32747200,9.138155045474232,1,582700,49,3,0,0,0,5,0,1,1,0,0,142,35,18,6,6,6,1,1
PUBLICATION,WORKLOAD_SHIFT,LARS_NO_ROLLBACK,9,6364136223846793005,1000000,300000,280193500,1070688.6490942866,716.776,400.0,1500.0,3100.0,25375300,500.0,2200.0,2300.0,500.0,2100.0,1056171,22035,0.7489299693669162,245366784,1125000000,281250000,175987432,1,25,843,13875500,4.952113450169258,0,0,0,0,0,0,0,6,0,0,0,0,0,140,38,20,6,6,3,0,0
PUBLICATION,WORKLOAD_SHIFT,LARS_NO_RUNTIME_VALIDATION,0,1103515245,1000000,300000,290114400,1034074.8339275817,737.43,400.0,1600.0,3100.0,26415000,500.0,2100.0,2500.0,500.0,2200.0,1056074,22035,0.7488611867483549,245366784,1343750000,250000000,177160312,1,26,883,14919100,5.142488618282995,5,975900,289,15,0,5,0,4,5,0,5,0,0,144,36,21,9,9,6,5,5
PUBLICATION,WORKLOAD_SHIFT,LARS_NO_RUNTIME_VALIDATION,1,214013,1000000,300000,296704500,1011107.0105104573,752.175,400.0,1600.0,3200.0,24560500,600.0,2400.0,2600.0,500.0,2200.0,1056030,22039,0.7486940764100004,245366784,1265625000,281250000,175478336,1,24,746,14132500,4.7631566086796795,2,1260400,120,6,0,2,0,4,2,0,2,0,0,139,34,16,6,6,3,2,2
PUBLICATION,WORKLOAD_SHIFT,LARS_NO_RUNTIME_VALIDATION,2,1664525,1000000,300000,264425800,1134533.7709104028,680.689,400.0,1300.0,2600.0,28392400,500.0,1900.0,2000.0,500.0,1800.0,1056291,22045,0.7486752948514402,245366784,1265625000,250000000,172037296,1,28,732,12590300,4.761373511964415,2,650400,104,6,0,2,0,2,2,0,2,0,0,140,36,16,4,4,4,2,2
PUBLICATION,WORKLOAD_SHIFT,LARS_NO_RUNTIME_VALIDATION,3,22695477,1000000,300000,281337200,1066336.055096873,721.3573333333334,400.0,1400.0,2800.0,30171400,500.0,2100.0,2200.0,500.0,1800.0,1055923,22037,0.7486861585061487,245366784,1234375000,218750000,174844864,1,30,1009,19682400,6.996017590279565,4,1110100,208,12,0,4,0,8,4,0,4,0,0,143,37,23,12,12,5,4,4
PUBLICATION,WORKLOAD_SHIFT,LARS_NO_RUNTIME_VALIDATION,4,69069,1000000,300000,282667300,1061318.376763071,728.7456666666667,400.0,1500.0,2900.0,29442900,500.0,2200.0,2400.0,500.0,1900.0,1055964,22036,0.748749205844981,245366784,1203125000,250000000,173053992,1,29,956,15279100,5.405329870133546,2,1092800,119,6,0,2,0,8,2,0,2,0,0,143,38,22,10,10,5,2,2
PUBLICATION,WORKLOAD_SHIFT,LARS_NO_RUNTIME_VALIDATION,5,48271,1000000,300000,268875100,1115759.6966026232,681.816,400.0,1400.0,2800.0,26762800,500.0,2000.0,2200.0,500.0,1800.0,1055875,22030,0.7488900079437131,245366784,1218750000,250000000,176402552,1,26,781,12154000,4.520314450836095,1,990000,50,3,0,1,0,6,1,0,1,0,0,141,37,18,7,7,2,1,1
PUBLICATION,WORKLOAD_SHIFT,LARS_NO_RUNTIME_VALIDATION,6,134775813,1000000,300000,308632300,972030.4712112115,787.4203333333334,400.0,1700.0,3300.0,27960300,600.0,2400.0,2700.0,600.0,2200.0,1056000,22034,0.7488426976490877,245366784,1359375000,234375000,175957792,1,27,970,18287200,5.925238544377889,2,952400,124,6,0,2,0,10,2,0,2,0,0,141,41,25,12,12,4,2,2
PUBLICATION,WORKLOAD_SHIFT,LARS_NO_RUNTIME_VALIDATION,7,16807,1000000,300000,288625300,1039409.920058983,733.934,400.0,1600.0,3000.0,26704600,500.0,2100.0,2300.0,500.0,2300.0,1055967,22036,0.7487513330459249,245366784,1328125000,250000000,175154256,1,26,1011,16235600,5.625147899369875,4,1465800,248,12,0,4,0,4,4,0,4,0,0,142,33,18,8,8,5,4,4
PUBLICATION,WORKLOAD_SHIFT,LARS_NO_RUNTIME_VALIDATION,8,2147483647,1000000,300000,285714900,1049997.7425048535,727.1703333333334,400.0,1400.0,2800.0,30045400,500.0,2000.0,2200.0,500.0,1800.0,1055978,22044,0.7484874001996008,245366784,1250000000,218750000,174672848,1,29,833,15150300,5.302593599423761,1,875000,57,3,0,1,0,7,1,0,1,0,0,142,36,19,8,8,5,1,1
PUBLICATION,WORKLOAD_SHIFT,LARS_NO_RUNTIME_VALIDATION,9,6364136223846793005,1000000,300000,266418400,1126048.3510147948,691.591,400.0,1400.0,2900.0,25077000,500.0,2100.0,2200.0,500.0,1800.0,1056171,22036,0.7488959827101107,245366784,1078125000,234375000,173197752,1,24,857,17522600,6.577098278497281,2,1072100,116,6,0,2,0,3,2,0,2,0,0,140,38,19,5,5,4,2,2
PUBLICATION,WORKLOAD_SHIFT,LOCAL_COST_ADAPTIVE,0,1103515245,1000000,300000,278753500,1076219.6707844026,624.253,400.0,1500.0,2900.0,10302700,500.0,2100.0,2300.0,500.0,1900.0,1056074,22034,0.7488951733684306,245366784,1265625000,234375000,176916496,1,25,960,16086900,5.771012740647203,3,1054900,161,9,0,3,0,5,3,0,3,0,0,144,36,19,8,0,0,3,3
PUBLICATION,WORKLOAD_SHIFT,LOCAL_COST_ADAPTIVE,1,214013,1000000,300000,275249600,1089919.840028832,710.414,400.0,1400.0,2900.0,27515000,500.0,2100.0,2200.0,500.0,2000.0,1056030,22039,0.7486940764100004,245366784,1125000000,265625000,173273016,1,27,927,16293300,5.919463643180589,2,1413800,119,6,0,2,0,2,2,0,2,0,0,139,33,16,4,0,0,2,2
PUBLICATION,WORKLOAD_SHIFT,LOCAL_COST_ADAPTIVE,2,1664525,1000000,300000,285339500,1051379.1465955467,733.0963333333333,400.0,1500.0,3000.0,28768300,500.0,2200.0,2400.0,500.0,2000.0,1056291,22046,0.7486413351628414,245366784,1281250000,250000000,172867232,1,28,975,12712600,4.455254179670183,2,1065200,105,6,0,2,0,2,2,0,2,0,0,140,36,19,4,0,0,2,2
PUBLICATION,WORKLOAD_SHIFT,LOCAL_COST_ADAPTIVE,3,22695477,1000000,300000,307895300,974357.1922013749,783.3526666666667,400.0,1700.0,3200.0,28269300,600.0,2300.0,2600.0,500.0,2200.0,1055923,22038,0.7486521859969144,245366784,1296875000,296875000,174720488,1,28,986,13868300,4.504225949535443,1,835400,44,3,0,1,0,4,1,0,1,0,0,143,37,18,5,0,0,1,1
PUBLICATION,WORKLOAD_SHIFT,LOCAL_COST_ADAPTIVE,4,69069,1000000,300000,323214700,928175.6058743616,826.6306666666667,500.0,1800.0,3800.0,27169900,700.0,2800.0,2800.0,600.0,2500.0,1055964,22035,0.7487831858407079,245366784,1390625000,281250000,172873976,1,27,1089,14011800,4.335136984796793,1,1290100,59,3,0,1,0,4,1,0,1,0,0,143,38,22,5,0,0,1,1
PUBLICATION,WORKLOAD_SHIFT,LOCAL_COST_ADAPTIVE,5,48271,1000000,300000,270643900,1108467.6211065536,693.818,400.0,1400.0,2900.0,27142000,500.0,2100.0,2200.0,500.0,1800.0,1055875,22028,0.7489580023152351,245366784,1187500000,265625000,176601200,1,26,875,12883100,4.76016640315928,3,897800,165,9,0,3,0,1,3,0,3,0,0,141,35,16,4,0,0,3,3
PUBLICATION,WORKLOAD_SHIFT,LOCAL_COST_ADAPTIVE,6,134775813,1000000,300000,309733600,968574.2844818903,780.5236666666667,500.0,1600.0,3100.0,23631500,600.0,2400.0,2600.0,600.0,2100.0,1056000,22033,0.7488766849725412,245366784,1562500000,281250000,175949288,1,23,925,15460100,4.991418431839491,1,724700,63,3,0,1,0,4,1,0,1,0,0,141,40,19,5,0,0,1,1
PUBLICATION,WORKLOAD_SHIFT,LOCAL_COST_ADAPTIVE,7,16807,1000000,300000,370831400,808992.9817162193,950.7423333333334,500.0,2200.0,4600.0,28534900,700.0,3100.0,3600.0,700.0,3400.0,1055967,22036,0.7487513330459249,245366784,1609375000,343750000,175517400,1,28,1110,16663200,4.493470617644569,6,1114500,328,19,0,6,0,1,6,0,6,0,0,142,27,16,7,0,0,6,6
PUBLICATION,WORKLOAD_SHIFT,LOCAL_COST_ADAPTIVE,8,2147483647,1000000,300000,328702400,912679.676205589,850.778,400.0,1800.0,4000.0,29454100,600.0,2700.0,3100.0,600.0,2600.0,1055978,22043,0.7485213559860273,245366784,1390625000,312500000,175781336,1,29,918,17063900,5.191291575601516,3,948700,170,9,0,3,0,3,3,0,3,0,0,142,33,17,6,0,0,3,3
PUBLICATION,WORKLOAD_SHIFT,LOCAL_COST_ADAPTIVE,9,6364136223846793005,1000000,300000,279220900,1074418.139902851,714.5686666666667,400.0,1400.0,3000.0,31250600,500.0,2200.0,2300.0,500.0,1800.0,1056171,22034,0.7489639591086502,245366784,1281250000,265625000,176190048,1,31,767,12153200,4.352539512622443,1,651100,57,3,0,1,0,3,1,0,1,0,0,140,36,17,4,0,0,1,1
PUBLICATION,WORKLOAD_SHIFT,PERIODIC_GLOBAL_REBUILD,0,1103515245,1000000,300000,526505900,569794.1846425652,1607.7466666666667,300.0,1100.0,1900.0,103197100,400.0,1600.0,1800.0,400.0,1100.0,1056074,22002,0.7499843764203254,556793856,2281250000,453125000,601741064,3,86,1036,0,0.0,6,197233600,6194107,258178,6,0,0,0,0,0,6,0,0,0,0,0,0,0,0,0,0
PUBLICATION,WORKLOAD_SHIFT,PERIODIC_GLOBAL_REBUILD,1,214013,1000000,300000,620854700,483204.8464801829,1921.2523333333334,300.0,1200.0,2100.0,95321600,400.0,1700.0,2100.0,400.0,1300.0,1056030,22001,0.7499872164901595,563085312,2375000000,546875000,598789408,3,87,1014,0,0.0,6,286606000,6193927,258159,6,0,0,0,0,0,6,0,0,0,0,0,0,0,0,0,0
PUBLICATION,WORKLOAD_SHIFT,PERIODIC_GLOBAL_REBUILD,2,1664525,1000000,300000,637391800,470668.11967144854,1916.3376666666666,300.0,1200.0,2000.0,122112200,400.0,1800.0,1900.0,400.0,1100.0,1056291,22007,0.7499680499386558,563085312,2671875000,546875000,600208992,3,97,1199,0,0.0,6,286775000,6194367,258178,6,0,0,0,0,0,6,0,0,0,0,0,0,0,0,0,0
PUBLICATION,WORKLOAD_SHIFT,PERIODIC_GLOBAL_REBUILD,3,22695477,1000000,300000,593671400,505330.0529552207,1828.495,300.0,1200.0,2400.0,104287000,500.0,2000.0,2100.0,400.0,1200.0,1055923,21999,0.7499794024728397,560988160,2515625000,515625000,599501192,3,93,1163,0,0.0,6,238023400,6193315,258133,6,0,0,0,0,0,6,0,0,0,0,0,0,0,0,0,0
PUBLICATION,WORKLOAD_SHIFT,PERIODIC_GLOBAL_REBUILD,4,69069,1000000,300000,569233000,527024.961658934,1732.8233333333333,300.0,1200.0,2200.0,113054000,400.0,1900.0,2000.0,400.0,1200.0,1055964,22000,0.7499744318181818,560988160,2343750000,484375000,598210896,3,91,1058,0,0.0,6,207618300,6193487,258142,6,0,0,0,0,0,6,0,0,0,0,0,0,0,0,0,0
PUBLICATION,WORKLOAD_SHIFT,PERIODIC_GLOBAL_REBUILD,5,48271,1000000,300000,670809100,447221.12445999915,2074.7496666666666,300.0,1300.0,2400.0,143966400,500.0,2000.0,2200.0,400.0,1300.0,1055875,21998,0.7499794015365033,560988160,3171875000,562500000,601405760,3,101,1173,0,0.0,6,297023800,6193664,258169,6,0,0,0,0,0,6,0,0,0,0,0,0,0,0,0,0
PUBLICATION,WORKLOAD_SHIFT,PERIODIC_GLOBAL_REBUILD,6,134775813,1000000,300000,569255900,527003.7605231672,1746.2363333333333,300.0,1100.0,2100.0,102824100,400.0,1700.0,1900.0,400.0,1100.0,1056000,22000,0.75,563085312,2515625000,500000000,600795192,3,91,926,0,0.0,6,232406600,6193871,258149,6,0,0,0,0,0,6,0,0,0,0,0,0,0,0,0,0
PUBLICATION,WORKLOAD_SHIFT,PERIODIC_GLOBAL_REBUILD,7,16807,1000000,300000,571220000,525191.6949686635,1757.795,300.0,1100.0,2000.0,107229400,400.0,1700.0,1700.0,300.0,1300.0,1055967,22000,0.7499765625,558891008,2546875000,484375000,599470040,3,92,999,0,0.0,6,243083300,6193645,258145,6,0,0,0,0,0,6,0,0,0,0,0,0,0,0,0,0
PUBLICATION,WORKLOAD_SHIFT,PERIODIC_GLOBAL_REBUILD,8,2147483647,1000000,300000,502010800,597596.7050908068,1533.9016666666666,300.0,1100.0,1900.0,100381100,400.0,1600.0,1800.0,300.0,1300.0,1055978,22000,0.749984375,563085312,2250000000,406250000,597095496,3,95,961,0,0.0,6,179156900,6193518,258149,6,0,0,0,0,0,6,0,0,0,0,0,0,0,0,0,0
PUBLICATION,WORKLOAD_SHIFT,PERIODIC_GLOBAL_REBUILD,9,6364136223846793005,1000000,300000,555004400,540536.2552080668,1627.9406666666666,300.0,1100.0,2100.0,77691600,400.0,1800.0,1800.0,400.0,1100.0,1056171,22004,0.7499850879385567,560988160,2375000000,437500000,601053824,3,90,1148,0,0.0,6,219226000,6194500,258174,6,0,0,0,0,0,6,0,0,0,0,0,0,0,0,0,0
PUBLICATION,WORKLOAD_SHIFT,STATIC_BPLUS,0,1103515245,1000000,300000,209976900,1428728.5887161873,533.405,300.0,1200.0,2500.0,24424800,400.0,1700.0,2000.0,400.0,1800.0,1056074,22036,0.7488272032129243,244318208,875000000,187500000,173615360,1,24,487,0,0.0,0,0,0,0,0,0,0,0,0,0,0,0,0,0,0,0,0,0,0,0,0
PUBLICATION,WORKLOAD_SHIFT,STATIC_BPLUS,1,214013,1000000,300000,208017700,1442184.967913788,534.1426666666666,300.0,1200.0,2500.0,26979900,400.0,1800.0,1800.0,400.0,1700.0,1056030,22041,0.7486261399210562,245366784,1109375000,187500000,172933856,1,26,398,0,0.0,0,0,0,0,0,0,0,0,0,0,0,0,0,0,0,0,0,0,0,0,0
PUBLICATION,WORKLOAD_SHIFT,STATIC_BPLUS,2,1664525,1000000,300000,222351400,1349215.7009130593,565.3296666666666,300.0,1200.0,2400.0,29998300,400.0,1800.0,1900.0,400.0,1900.0,1056291,22045,0.7486752948514402,245366784,968750000,203125000,171381800,1,29,448,0,0.0,0,0,0,0,0,0,0,0,0,0,0,0,0,0,0,0,0,0,0,0,0
PUBLICATION,WORKLOAD_SHIFT,STATIC_BPLUS,3,22695477,1000000,300000,208752200,1437110.6029062208,534.1596666666667,300.0,1200.0,2400.0,27897200,400.0,1800.0,1800.0,400.0,1600.0,1055923,22037,0.7486861585061487,245366784,796875000,203125000,169587984,1,27,476,0,0.0,0,0,0,0,0,0,0,0,0,0,0,0,0,0,0,0,0,0,0,0,0
PUBLICATION,WORKLOAD_SHIFT,STATIC_BPLUS,4,69069,1000000,300000,238301800,1258907.8219300064,629.499,300.0,1500.0,3000.0,32213800,400.0,2200.0,2500.0,400.0,2200.0,1055964,22034,0.7488171689207588,244318208,1046875000,218750000,171085640,1,32,515,0,0.0,0,0,0,0,0,0,0,0,0,0,0,0,0,0,0,0,0,0,0,0,0
PUBLICATION,WORKLOAD_SHIFT,STATIC_BPLUS,5,48271,1000000,300000,211076300,1421286.9943238534,537.0453333333334,300.0,1200.0,2400.0,26174700,400.0,1800.0,1800.0,400.0,1500.0,1055875,22029,0.7489240035861818,245366784,828125000,187500000,171578168,1,26,396,0,0.0,0,0,0,0,0,0,0,0,0,0,0,0,0,0,0,0,0,0,0,0,0
PUBLICATION,WORKLOAD_SHIFT,STATIC_BPLUS,6,134775813,1000000,300000,215964600,1389116.5496567492,541.385,300.0,1200.0,2400.0,25202900,400.0,1700.0,1900.0,400.0,1700.0,1056000,22034,0.7488426976490877,245366784,843750000,203125000,170634424,1,24,527,0,0.0,0,0,0,0,0,0,0,0,0,0,0,0,0,0,0,0,0,0,0,0,0
PUBLICATION,WORKLOAD_SHIFT,STATIC_BPLUS,7,16807,1000000,300000,281867500,1064329.8713047798,740.0453333333334,400.0,1800.0,4000.0,28847900,500.0,2600.0,3000.0,500.0,3200.0,1055967,22040,0.7486154435117968,245366784,1312500000,265625000,171377016,1,28,689,0,0.0,0,0,0,0,0,0,0,0,0,0,0,0,0,0,0,0,0,0,0,0,0
PUBLICATION,WORKLOAD_SHIFT,STATIC_BPLUS,8,2147483647,1000000,300000,203191300,1476441.1665263227,520.734,300.0,1100.0,2100.0,30046900,400.0,1600.0,1800.0,400.0,1500.0,1055978,22045,0.7484534474937627,245366784,906250000,171875000,170275608,1,29,475,0,0.0,0,0,0,0,0,0,0,0,0,0,0,0,0,0,0,0,0,0,0,0,0
PUBLICATION,WORKLOAD_SHIFT,STATIC_BPLUS,9,6364136223846793005,1000000,300000,203954500,1470916.307313641,522.342,300.0,1200.0,2400.0,26247600,400.0,1700.0,1800.0,400.0,1600.0,1056171,22035,0.7489299693669162,245366784,968750000,187500000,171107584,1,26,454,0,0.0,0,0,0,0,0,0,0,0,0,0,0,0,0,0,0,0,0,0,0,0,0
PUBLICATION,WORKLOAD_SHIFT,THRESHOLD_GLOBAL_REBUILD,0,1103515245,1000000,300000,567843400,528314.6726720782,1743.0,300.0,1000.0,1900.0,112729400,400.0,1700.0,1800.0,300.0,1000.0,1056074,21917,0.7528930168362459,451936256,2546875000,500000000,456723720,2,76,1172,0,0.0,4,238305200,4124635,171934,4,0,0,0,0,0,4,0,0,0,0,0,0,0,0,0,0
PUBLICATION,WORKLOAD_SHIFT,THRESHOLD_GLOBAL_REBUILD,1,214013,1000000,300000,602024900,498318.2589291572,1856.1013333333333,300.0,1000.0,1900.0,113448500,400.0,1600.0,1700.0,300.0,1000.0,1056030,21918,0.7528272994798796,448199440,2343750000,546875000,455650192,2,78,1179,0,0.0,4,267733000,4124137,171904,4,0,0,0,0,0,4,0,0,0,0,0,0,0,0,0,0
PUBLICATION,WORKLOAD_SHIFT,THRESHOLD_GLOBAL_REBUILD,2,1664525,1000000,300000,587979000,510222.30385779083,1781.6496666666667,300.0,1000.0,1900.0,109596700,400.0,1700.0,1800.0,400.0,1100.0,1056291,21918,0.7530133623049549,449839104,2296875000,531250000,456064040,2,77,993,0,0.0,4,239381900,4124387,171924,4,0,0,0,0,0,4,0,0,0,0,0,0,0,0,0,0
PUBLICATION,WORKLOAD_SHIFT,THRESHOLD_GLOBAL_REBUILD,3,22695477,1000000,300000,505630500,593318.6388083788,1512.1493333333333,300.0,1100.0,2300.0,122805700,500.0,2000.0,2000.0,400.0,1200.0,1055923,21913,0.7529227798567061,444596224,2156250000,453125000,454555096,2,75,856,0,0.0,4,146383100,4123868,171875,4,0,0,0,0,0,4,0,0,0,0,0,0,0,0,0,0
PUBLICATION,WORKLOAD_SHIFT,THRESHOLD_GLOBAL_REBUILD,4,69069,1000000,300000,419510600,715118.998185028,1248.8726666666666,300.0,1000.0,1900.0,114912600,400.0,1500.0,1700.0,300.0,1100.0,1055964,21811,0.7564732245197378,440859408,2109375000,359375000,454418808,2,75,961,0,0.0,4,91026400,4114008,171337,4,0,0,0,0,0,4,0,0,0,0,0,0,0,0,0,0
PUBLICATION,WORKLOAD_SHIFT,THRESHOLD_GLOBAL_REBUILD,5,48271,1000000,300000,607711700,493655.1328532921,1858.9866666666667,300.0,1100.0,2100.0,115540900,400.0,1800.0,1900.0,400.0,1100.0,1055875,21916,0.7527854934750867,447741952,2593750000,515625000,456414856,2,74,1093,0,0.0,4,260637500,4124142,171899,4,0,0,0,0,0,4,0,0,0,0,0,0,0,0,0,0
PUBLICATION,WORKLOAD_SHIFT,THRESHOLD_GLOBAL_REBUILD,6,134775813,1000000,300000,458232500,654689.4862324257,1367.3496666666667,300.0,1100.0,2000.0,129604200,400.0,1800.0,1900.0,400.0,1100.0,1056000,21917,0.7528402609846238,449248016,2187500000,375000000,455086632,2,79,909,0,0.0,4,103077400,4123961,171898,4,0,0,0,0,0,4,0,0,0,0,0,0,0,0,0,0
PUBLICATION,WORKLOAD_SHIFT,THRESHOLD_GLOBAL_REBUILD,7,16807,1000000,300000,565981800,530052.3797761694,1733.4853333333333,300.0,1100.0,2300.0,105069400,400.0,1800.0,2000.0,400.0,1400.0,1055967,21915,0.752885438056126,449248016,2296875000,484375000,455305456,2,78,1164,0,0.0,4,214298200,4124010,171902,4,0,0,0,0,0,4,0,0,0,0,0,0,0,0,0,0
PUBLICATION,WORKLOAD_SHIFT,THRESHOLD_GLOBAL_REBUILD,8,2147483647,1000000,300000,579598800,517599.41531970043,1663.6883333333333,300.0,1100.0,2100.0,116489200,400.0,1800.0,2000.0,400.0,1100.0,1055978,21811,0.7564832538627299,437713680,2515625000,515625000,454051376,2,77,1136,0,0.0,4,228580300,4113726,171336,4,0,0,0,0,0,4,0,0,0,0,0,0,0,0,0,0
PUBLICATION,WORKLOAD_SHIFT,THRESHOLD_GLOBAL_REBUILD,9,6364136223846793005,1000000,300000,681625400,440124.4437193802,2094.083,300.0,1300.0,2800.0,120578700,500.0,2200.0,2300.0,400.0,1300.0,1056171,21818,0.7563787640938674,439810832,2750000000,562500000,454879816,2,85,1315,0,0.0,4,282297800,4114884,171346,4,0,0,0,0,0,4,0,0,0,0,0,0,0,0,0,0
PUBLICATION,WRITE_HEAVY,LARS_FULL,0,1103515245,1000000,300000,234635600,1278578.357248431,636.08,700.0,1100.0,1500.0,128400,400.0,1200.0,1200.0,400.0,1500.0,1105555,20836,0.8290601303033212,209715200,531250000,250000000,58677400,0,0,489,4700,0.002003106093022542,0,0,0,0,0,0,0,0,0,0,0,0,0,0,0,0,0,0,0,0,0
PUBLICATION,WRITE_HEAVY,LARS_FULL,1,214013,1000000,300000,277335800,1081721.1481532496,757.109,800.0,1600.0,2500.0,1166000,400.0,1700.0,1800.0,400.0,1900.0,1105152,20837,0.8287181456063732,209715200,687500000,296875000,58879536,0,0,667,5600,0.002019212809886066,0,0,0,0,0,0,0,0,0,0,0,0,0,0,0,0,0,0,0,0,0
PUBLICATION,WRITE_HEAVY,LARS_FULL,2,1664525,1000000,300000,235612300,1273278.1777521803,632.855,700.0,1200.0,1700.0,258400,400.0,1300.0,1300.0,400.0,1600.0,1105564,20840,0.8289077495201536,210763776,562500000,218750000,59196200,0,0,556,5100,0.0021645729021787063,0,0,0,0,0,0,0,0,0,0,0,0,0,0,0,0,0,0,0,0,0
PUBLICATION,WRITE_HEAVY,LARS_FULL,3,22695477,1000000,300000,234501300,1279310.6051011232,624.8723333333334,700.0,1200.0,1600.0,169700,400.0,1200.0,1300.0,400.0,1600.0,1104666,20838,0.8283139576734811,210960416,578125000,218750000,59466376,0,0,600,9800,0.004179081309997002,0,0,0,0,0,0,0,0,0,0,0,0,0,0,0,0,0,0,0,0,0
PUBLICATION,WRITE_HEAVY,LARS_FULL,4,69069,1000000,300000,261869000,1145610.9734256442,707.9026666666666,700.0,1400.0,2100.0,378000,400.0,1500.0,1600.0,400.0,1700.0,1105522,20842,0.8287967205642452,208666624,500000000,250000000,58899312,0,0,560,5200,0.0019857256872711166,0,0,0,0,0,0,0,0,0,0,0,0,0,0,0,0,0,0,0,0,0
PUBLICATION,WRITE_HEAVY,LARS_FULL,5,48271,1000000,300000,249285000,1203441.8436729044,673.5553333333334,800.0,1200.0,1700.0,731000,400.0,1300.0,1400.0,400.0,1700.0,1105509,20837,0.8289858484906656,208666624,562500000,265625000,59051672,0,0,538,5200,0.002085965862366368,0,0,0,0,0,0,0,0,0,0,0,0,0,0,0,0,0,0,0,0,0
PUBLICATION,WRITE_HEAVY,LARS_FULL,6,134775813,1000000,300000,241262700,1243457.8573480276,653.6206666666667,700.0,1200.0,1600.0,238500,400.0,1200.0,1300.0,400.0,1500.0,1106062,20839,0.8293209247084793,208764960,484375000,234375000,58899424,0,0,524,5100,0.002113878357491647,0,0,0,0,0,0,0,0,0,0,0,0,0,0,0,0,0,0,0,0,0
PUBLICATION,WRITE_HEAVY,LARS_FULL,7,16807,1000000,300000,237566600,1262803.777972156,639.8586666666666,700.0,1200.0,1800.0,225600,400.0,1300.0,1400.0,400.0,1500.0,1105442,20836,0.8289753911499328,208732176,578125000,250000000,58982992,0,0,554,5200,0.002188859881818404,0,0,0,0,0,0,0,0,0,0,0,0,0,0,0,0,0,0,0,0,0
PUBLICATION,WRITE_HEAVY,LARS_FULL,8,2147483647,1000000,300000,223170400,1344264.2931141406,593.4803333333333,700.0,1100.0,1500.0,215900,400.0,1200.0,1200.0,400.0,1400.0,1104969,20835,0.828660457163427,209715200,468750000,218750000,58963320,0,0,532,5100,0.002285249298294039,0,0,0,0,0,0,0,0,0,0,0,0,0,0,0,0,0,0,0,0,0
PUBLICATION,WRITE_HEAVY,LARS_FULL,9,6364136223846793005,1000000,300000,264318100,1134996.0521053988,700.5213333333334,800.0,1300.0,2200.0,729100,400.0,1500.0,1600.0,400.0,1600.0,1105711,20838,0.8290975321527978,209715200,640625000,281250000,59163584,0,0,512,4600,0.0017403272798949447,0,0,0,0,0,0,0,0,0,0,0,0,0,0,0,0,0,0,0,0,0
PUBLICATION,WRITE_HEAVY,LARS_MONITOR_ONLY,0,1103515245,1000000,300000,249350800,1203124.2731124184,670.4993333333333,700.0,1300.0,2100.0,173000,400.0,1500.0,1500.0,400.0,1500.0,1105555,20836,0.8290601303033212,209715200,500000000,250000000,58843928,0,0,569,6400,0.002566665115973159,0,0,0,0,0,0,0,0,0,0,0,0,0,0,0,0,0,0,0,0,0
PUBLICATION,WRITE_HEAVY,LARS_MONITOR_ONLY,1,214013,1000000,300000,254177700,1180276.633237298,677.908,800.0,1200.0,1600.0,206500,400.0,1300.0,1300.0,400.0,1700.0,1105152,20837,0.8287181456063732,208666624,765625000,250000000,59151136,0,0,696,5900,0.002321210712033353,0,0,0,0,0,0,0,0,0,0,0,0,0,0,0,0,0,0,0,0,0
PUBLICATION,WRITE_HEAVY,LARS_MONITOR_ONLY,2,1664525,1000000,300000,251708200,1191856.2843800876,679.9573333333333,700.0,1300.0,2100.0,249800,400.0,1500.0,1500.0,400.0,1700.0,1105564,20840,0.8289077495201536,210763776,515625000,250000000,59232856,0,0,573,5800,0.0023042554831348362,0,0,0,0,0,0,0,0,0,0,0,0,0,0,0,0,0,0,0,0,0
PUBLICATION,WRITE_HEAVY,LARS_MONITOR_ONLY,3,22695477,1000000,300000,258937500,1158580.738595221,706.933,700.0,1400.0,2200.0,267400,400.0,1600.0,1600.0,400.0,1700.0,1104666,20838,0.8283139576734811,209715200,578125000,265625000,59579408,0,0,545,5900,0.0022785421192372678,0,0,0,0,0,0,0,0,0,0,0,0,0,0,0,0,0,0,0,0,0
PUBLICATION,WRITE_HEAVY,LARS_MONITOR_ONLY,4,69069,1000000,300000,225355200,1331231.7621248588,605.9883333333333,700.0,1100.0,1500.0,252300,400.0,1200.0,1200.0,400.0,1500.0,1105522,20842,0.8287967205642452,208666624,515625000,234375000,58637928,0,0,576,4200,0.0018637244669748023,0,0,0,0,0,0,0,0,0,0,0,0,0,0,0,0,0,0,0,0,0
PUBLICATION,WRITE_HEAVY,LARS_MONITOR_ONLY,5,48271,1000000,300000,234181300,1281058.735261953,630.3686666666666,700.0,1200.0,1900.0,227100,400.0,1300.0,1400.0,400.0,1600.0,1105509,20837,0.8289858484906656,209715200,484375000,250000000,59051456,0,0,500,5400,0.0023059057234715154,0,0,0,0,0,0,0,0,0,0,0,0,0,0,0,0,0,0,0,0,0
PUBLICATION,WRITE_HEAVY,LARS_MONITOR_ONLY,6,134775813,1000000,300000,237022300,1265703.6911716745,638.7283333333334,700.0,1200.0,1600.0,233000,400.0,1300.0,1300.0,400.0,1500.0,1106062,20839,0.8293209247084793,209715200,578125000,218750000,58897888,0,0,532,4800,0.002025125905874679,0,0,0,0,0,0,0,0,0,0,0,0,0,0,0,0,0,0,0,0,0
PUBLICATION,WRITE_HEAVY,LARS_MONITOR_ONLY,7,16807,1000000,300000,230402700,1302068.0747230826,613.0346666666667,700.0,1100.0,1600.0,231400,400.0,1200.0,1300.0,400.0,1500.0,1105442,20836,0.8289753911499328,208666624,562500000,250000000,58985160,0,0,576,5400,0.002343722534501549,0,0,0,0,0,0,0,0,0,0,0,0,0,0,0,0,0,0,0,0,0
PUBLICATION,WRITE_HEAVY,LARS_MONITOR_ONLY,8,2147483647,1000000,300000,229230200,1308728.0820764455,611.1826666666667,700.0,1200.0,1700.0,211200,400.0,1300.0,1300.0,400.0,1400.0,1104969,20835,0.828660457163427,208666624,546875000,234375000,59194624,0,0,532,5500,0.0023993348171401497,0,0,0,0,0,0,0,0,0,0,0,0,0,0,0,0,0,0,0,0,0
PUBLICATION,WRITE_HEAVY,LARS_MONITOR_ONLY,9,6364136223846793005,1000000,300000,232281500,1291536.347061647,630.7963333333333,700.0,1100.0,1700.0,264400,400.0,1200.0,1300.0,400.0,1500.0,1105711,20838,0.8290975321527978,208732176,468750000,250000000,58908512,0,0,510,4900,0.002109509366867357,0,0,0,0,0,0,0,0,0,0,0,0,0,0,0,0,0,0,0,0,0
PUBLICATION,WRITE_HEAVY,LARS_NO_DIAGNOSIS,0,1103515245,1000000,300000,263515300,1138453.8203284591,709.675,700.0,1400.0,2400.0,224000,500.0,1600.0,1700.0,500.0,1600.0,1105555,20836,0.8290601303033212,211812352,531250000,265625000,61896912,0,0,494,5100,0.0019353714945583805,0,0,0,0,0,0,0,0,0,0,0,0,0,0,0,0,0,0,0,0,0
PUBLICATION,WRITE_HEAVY,LARS_NO_DIAGNOSIS,1,214013,1000000,300000,251090600,1194787.8574506573,672.1306666666667,700.0,1300.0,1900.0,226700,400.0,1400.0,1400.0,400.0,1600.0,1105152,20837,0.8287181456063732,209715200,640625000,250000000,58966024,0,0,553,7600,0.003026795905541665,0,0,0,0,0,0,0,0,0,0,0,0,0,0,0,0,0,0,0,0,0
PUBLICATION,WRITE_HEAVY,LARS_NO_DIAGNOSIS,2,1664525,1000000,300000,232508300,1290276.5191608213,629.7263333333333,700.0,1100.0,1700.0,233900,400.0,1200.0,1300.0,400.0,1600.0,1105564,20840,0.8289077495201536,208746640,453125000,250000000,59213352,0,0,541,5800,0.002494534603710921,0,0,0,0,0,0,0,0,0,0,0,0,0,0,0,0,0,0,0,0,0
PUBLICATION,WRITE_HEAVY,LARS_NO_DIAGNOSIS,3,22695477,1000000,300000,240023300,1249878.6576136567,639.6746666666667,700.0,1200.0,1700.0,243600,400.0,1200.0,1300.0,400.0,1600.0,1104666,20838,0.8283139576734811,210763776,593750000,218750000,59669232,0,0,616,5600,0.0023331068275454924,0,0,0,0,0,0,0,0,0,0,0,0,0,0,0,0,0,0,0,0,0
PUBLICATION,WRITE_HEAVY,LARS_NO_DIAGNOSIS,4,69069,1000000,300000,268273700,1118260.9402263435,716.7946666666667,800.0,1300.0,1700.0,439400,400.0,1300.0,1400.0,400.0,1700.0,1105522,20842,0.8287967205642452,208666624,609375000,234375000,58967608,0,0,663,5100,0.0019010435983847838,0,0,0,0,0,0,0,0,0,0,0,0,0,0,0,0,0,0,0,0,0
PUBLICATION,WRITE_HEAVY,LARS_NO_DIAGNOSIS,5,48271,1000000,300000,228164900,1314838.5224896555,615.414,700.0,1200.0,1600.0,222100,400.0,1300.0,1300.0,400.0,1500.0,1105509,20837,0.8289858484906656,209715200,484375000,218750000,59397088,0,0,483,5000,0.002191397537482759,0,0,0,0,0,0,0,0,0,0,0,0,0,0,0,0,0,0,0,0,0
PUBLICATION,WRITE_HEAVY,LARS_NO_DIAGNOSIS,6,134775813,1000000,300000,261970700,1145166.2342391727,713.4983333333333,700.0,1400.0,2500.0,156100,400.0,1500.0,1600.0,500.0,1700.0,1106062,20839,0.8293209247084793,208666624,546875000,265625000,58949000,0,0,526,7300,0.0027865711699819867,0,0,0,0,0,0,0,0,0,0,0,0,0,0,0,0,0,0,0,0,0
PUBLICATION,WRITE_HEAVY,LARS_NO_DIAGNOSIS,7,16807,1000000,300000,243699800,1231022.7583280741,652.8736666666666,700.0,1200.0,1600.0,211700,400.0,1200.0,1300.0,400.0,1500.0,1105442,20836,0.8289753911499328,211812352,500000000,265625000,62101280,0,0,452,5400,0.0022158409649905334,0,0,0,0,0,0,0,0,0,0,0,0,0,0,0,0,0,0,0,0,0
PUBLICATION,WRITE_HEAVY,LARS_NO_DIAGNOSIS,8,2147483647,1000000,300000,228086600,1315289.8942769982,615.4273333333333,700.0,1200.0,1700.0,160400,400.0,1300.0,1300.0,400.0,1400.0,1104969,20835,0.828660457163427,208666624,500000000,250000000,59197800,0,0,462,4900,0.0021483068273190973,0,0,0,0,0,0,0,0,0,0,0,0,0,0,0,0,0,0,0,0,0
PUBLICATION,WRITE_HEAVY,LARS_NO_DIAGNOSIS,9,6364136223846793005,1000000,300000,248616700,1206676.7839811244,661.0373333333333,800.0,1200.0,1600.0,259300,400.0,1300.0,1300.0,400.0,1600.0,1105711,20838,0.8290975321527978,209715200,640625000,265625000,59311712,0,0,677,4700,0.0018904602949037614,0,0,0,0,0,0,0,0,0,0,0,0,0,0,0,0,0,0,0,0,0
PUBLICATION,WRITE_HEAVY,LARS_NO_LOCALITY,0,1103515245,1000000,300000,282145200,1063282.3099595527,768.62,700.0,1600.0,3000.0,179200,500.0,1900.0,1900.0,500.0,1800.0,1105555,20836,0.8290601303033212,208666624,640625000,296875000,58727144,0,0,583,9600,0.003402503391870569,0,0,0,0,0,0,0,0,0,0,0,0,0,0,0,0,0,0,0,0,0
PUBLICATION,WRITE_HEAVY,LARS_NO_LOCALITY,1,214013,1000000,300000,353394400,848909.8865177264,968.9213333333333,800.0,2300.0,4900.0,271600,700.0,2900.0,3000.0,700.0,2500.0,1105152,20837,0.8287181456063732,208732176,890625000,375000000,58951208,0,0,936,5700,0.0016129287843836802,0,0,0,0,0,0,0,0,0,0,0,0,0,0,0,0,0,0,0,0,0
PUBLICATION,WRITE_HEAVY,LARS_NO_LOCALITY,2,1664525,1000000,300000,250157300,1199245.4347724412,665.127,700.0,1300.0,2200.0,227600,500.0,1500.0,1600.0,500.0,1500.0,1105564,20840,0.8289077495201536,213909504,484375000,250000000,62338200,0,0,488,4800,0.001918792695635906,0,0,0,0,0,0,0,0,0,0,0,0,0,0,0,0,0,0,0,0,0
PUBLICATION,WRITE_HEAVY,LARS_NO_LOCALITY,3,22695477,1000000,300000,242838000,1235391.4955649446,659.6926666666667,700.0,1200.0,1800.0,222500,400.0,1300.0,1400.0,400.0,1600.0,1104666,20838,0.8283139576734811,209795216,562500000,234375000,59287784,0,0,529,4500,0.0018530872433474169,0,0,0,0,0,0,0,0,0,0,0,0,0,0,0,0,0,0,0,0,0
PUBLICATION,WRITE_HEAVY,LARS_NO_LOCALITY,4,69069,1000000,300000,230243000,1302971.2086795256,625.9233333333333,700.0,1100.0,1600.0,187800,400.0,1200.0,1300.0,400.0,1400.0,1105522,20842,0.8287967205642452,209715200,531250000,234375000,59072288,0,0,449,5700,0.0024756452964910984,0,0,0,0,0,0,0,0,0,0,0,0,0,0,0,0,0,0,0,0,0
PUBLICATION,WRITE_HEAVY,LARS_NO_LOCALITY,5,48271,1000000,300000,239316900,1253567.9678284316,644.311,700.0,1200.0,1700.0,296000,400.0,1300.0,1300.0,400.0,1500.0,1105509,20837,0.8289858484906656,208764960,625000000,250000000,58971672,0,0,563,5100,0.0021310655453083338,0,0,0,0,0,0,0,0,0,0,0,0,0,0,0,0,0,0,0,0,0
PUBLICATION,WRITE_HEAVY,LARS_NO_LOCALITY,6,134775813,1000000,300000,222307700,1349480.92216329,593.777,700.0,1100.0,1500.0,254700,400.0,1200.0,1200.0,400.0,1400.0,1106062,20839,0.8293209247084793,208746640,484375000,234375000,59196576,0,0,527,5200,0.002339100265083036,0,0,0,0,0,0,0,0,0,0,0,0,0,0,0,0,0,0,0,0,0
PUBLICATION,WRITE_HEAVY,LARS_NO_LOCALITY,7,16807,1000000,300000,276401900,1085376.0411921914,752.9093333333333,700.0,1400.0,2500.0,245800,400.0,1500.0,1600.0,400.0,1800.0,1105442,20836,0.8289753911499328,208732176,546875000,281250000,58935624,0,0,540,5800,0.002098393679638237,0,0,0,0,0,0,0,0,0,0,0,0,0,0,0,0,0,0,0,0,0
PUBLICATION,WRITE_HEAVY,LARS_NO_LOCALITY,8,2147483647,1000000,300000,239740500,1251353.0254587773,643.861,700.0,1300.0,2000.0,281000,400.0,1400.0,1500.0,400.0,1500.0,1104969,20835,0.828660457163427,208666624,593750000,250000000,58945768,0,0,538,5000,0.002085588375764629,0,0,0,0,0,0,0,0,0,0,0,0,0,0,0,0,0,0,0,0,0
PUBLICATION,WRITE_HEAVY,LARS_NO_LOCALITY,9,6364136223846793005,1000000,300000,231977200,1293230.541622194,626.6943333333334,700.0,1200.0,1700.0,760200,400.0,1300.0,1400.0,400.0,1400.0,1105711,20838,0.8290975321527978,208666624,484375000,218750000,58995920,0,0,537,4600,0.0019829534971540306,0,0,0,0,0,0,0,0,0,0,0,0,0,0,0,0,0,0,0,0,0
PUBLICATION,WRITE_HEAVY,LARS_NO_ROLLBACK,0,1103515245,1000000,300000,265314300,1130734.3780565164,731.009,700.0,1500.0,2400.0,174500,400.0,1600.0,1700.0,500.0,1700.0,1105555,20836,0.8290601303033212,208666624,546875000,265625000,58723664,0,0,445,5700,0.002148395318307381,0,0,0,0,0,0,0,0,0,0,0,0,0,0,0,0,0,0,0,0,0
PUBLICATION,WRITE_HEAVY,LARS_NO_ROLLBACK,1,214013,1000000,300000,270328000,1109762.9546328904,717.7563333333334,700.0,1500.0,2600.0,241400,400.0,1700.0,1700.0,400.0,1800.0,1105152,20837,0.8287181456063732,208666624,781250000,281250000,58922560,0,0,774,4800,0.0017756207274126246,0,0,0,0,0,0,0,0,0,0,0,0,0,0,0,0,0,0,0,0,0
PUBLICATION,WRITE_HEAVY,LARS_NO_ROLLBACK,2,1664525,1000000,300000,227330900,1319662.2192583587,605.4126666666667,700.0,1100.0,1500.0,258600,400.0,1200.0,1300.0,400.0,1500.0,1105564,20840,0.8289077495201536,209715200,546875000,250000000,59181216,0,0,644,5100,0.0022434257727392097,0,0,0,0,0,0,0,0,0,0,0,0,0,0,0,0,0,0,0,0,0
PUBLICATION,WRITE_HEAVY,LARS_NO_ROLLBACK,3,22695477,1000000,300000,257698900,1164149.323105376,690.3343333333333,700.0,1300.0,2100.0,242000,400.0,1400.0,1500.0,400.0,1700.0,1104666,20838,0.8283139576734811,209715200,546875000,250000000,59588328,0,0,628,6800,0.002638738465705519,0,0,0,0,0,0,0,0,0,0,0,0,0,0,0,0,0,0,0,0,0
PUBLICATION,WRITE_HEAVY,LARS_NO_ROLLBACK,4,69069,1000000,300000,246437500,1217347.1975653055,661.3556666666667,700.0,1200.0,1600.0,224300,400.0,1300.0,1300.0,400.0,1600.0,1105522,20842,0.8287967205642452,208699408,546875000,250000000,59224208,0,0,553,4100,0.0016637078366725842,0,0,0,0,0,0,0,0,0,0,0,0,0,0,0,0,0,0,0,0,0
PUBLICATION,WRITE_HEAVY,LARS_NO_ROLLBACK,5,48271,1000000,300000,223568900,1341868.211544629,603.249,700.0,1100.0,1600.0,158900,400.0,1200.0,1200.0,400.0,1500.0,1105509,20837,0.8289858484906656,210763776,656250000,234375000,58951144,0,0,484,4300,0.0019233444365473016,0,0,0,0,0,0,0,0,0,0,0,0,0,0,0,0,0,0,0,0,0
PUBLICATION,WRITE_HEAVY,LARS_NO_ROLLBACK,6,134775813,1000000,300000,256741100,1168492.3060624108,692.2613333333334,700.0,1400.0,2300.0,292700,400.0,1600.0,1700.0,400.0,1600.0,1106062,20839,0.8293209247084793,208666624,500000000,281250000,59027600,0,0,546,5700,0.0022201353815185804,0,0,0,0,0,0,0,0,0,0,0,0,0,0,0,0,0,0,0,0,0
PUBLICATION,WRITE_HEAVY,LARS_NO_ROLLBACK,7,16807,1000000,300000,231692700,1294818.5247096694,619.378,700.0,1200.0,1800.0,224900,400.0,1300.0,1300.0,400.0,1400.0,1105442,20836,0.8289753911499328,208732176,593750000,250000000,58938488,0,0,581,4100,0.0017695853171032147,0,0,0,0,0,0,0,0,0,0,0,0,0,0,0,0,0,0,0,0,0
PUBLICATION,WRITE_HEAVY,LARS_NO_ROLLBACK,8,2147483647,1000000,300000,249684400,1201516.7948017577,666.9223333333333,700.0,1200.0,1700.0,267200,400.0,1300.0,1400.0,400.0,1600.0,1104969,20835,0.828660457163427,208699408,468750000,250000000,58908344,0,0,550,5200,0.0020826291109897134,0,0,0,0,0,0,0,0,0,0,0,0,0,0,0,0,0,0,0,0,0
PUBLICATION,WRITE_HEAVY,LARS_NO_ROLLBACK,9,6364136223846793005,1000000,300000,225353900,1331239.4416071787,601.5773333333333,700.0,1100.0,1500.0,191000,400.0,1200.0,1200.0,400.0,1500.0,1105711,20838,0.8290975321527978,209715200,468750000,218750000,59276400,0,0,486,5300,0.002351856346839349,0,0,0,0,0,0,0,0,0,0,0,0,0,0,0,0,0,0,0,0,0
PUBLICATION,WRITE_HEAVY,LARS_NO_RUNTIME_VALIDATION,0,1103515245,1000000,300000,226436700,1324873.5739392068,615.714,700.0,1100.0,1700.0,130700,400.0,1200.0,1300.0,400.0,1500.0,1105555,20836,0.8290601303033212,209715200,453125000,234375000,58697216,0,0,435,5400,0.0023847724330905724,0,0,0,0,0,0,0,0,0,0,0,0,0,0,0,0,0,0,0,0,0
PUBLICATION,WRITE_HEAVY,LARS_NO_RUNTIME_VALIDATION,1,214013,1000000,300000,292115000,1026992.7939338959,791.3276666666667,800.0,1600.0,2700.0,253200,500.0,1800.0,2000.0,500.0,2000.0,1105152,20837,0.8287181456063732,208666624,765625000,296875000,59120456,0,0,701,5600,0.0019170532153432722,0,0,0,0,0,0,0,0,0,0,0,0,0,0,0,0,0,0,0,0,0
PUBLICATION,WRITE_HEAVY,LARS_NO_RUNTIME_VALIDATION,2,1664525,1000000,300000,268353200,1117929.6539038848,724.034,700.0,1400.0,2600.0,214900,400.0,1600.0,1700.0,500.0,1800.0,1105564,20840,0.8289077495201536,210843792,609375000,250000000,59160384,0,0,612,5700,0.0021240663424173813,0,0,0,0,0,0,0,0,0,0,0,0,0,0,0,0,0,0,0,0,0
PUBLICATION,WRITE_HEAVY,LARS_NO_RUNTIME_VALIDATION,3,22695477,1000000,300000,242862500,1235266.8691131813,641.3356666666666,700.0,1200.0,2000.0,324100,400.0,1300.0,1400.0,400.0,1700.0,1104666,20838,0.8283139576734811,209715200,578125000,250000000,59525072,0,0,598,4900,0.0020176025528848627,0,0,0,0,0,0,0,0,0,0,0,0,0,0,0,0,0,0,0,0,0
PUBLICATION,WRITE_HEAVY,LARS_NO_RUNTIME_VALIDATION,4,69069,1000000,300000,246906800,1215033.364816198,662.9383333333334,800.0,1200.0,1600.0,188600,400.0,1300.0,1300.0,400.0,1600.0,1105522,20842,0.8287967205642452,208666624,593750000,234375000,58751200,0,0,590,5200,0.0021060578323480765,0,0,0,0,0,0,0,0,0,0,0,0,0,0,0,0,0,0,0,0,0
PUBLICATION,WRITE_HEAVY,LARS_NO_RUNTIME_VALIDATION,5,48271,1000000,300000,272524400,1100818.8624578202,741.2966666666666,700.0,1500.0,2400.0,239200,400.0,1600.0,1700.0,500.0,1700.0,1105509,20837,0.8289858484906656,208732176,609375000,296875000,59001720,0,0,604,5700,0.0020915558386698585,0,0,0,0,0,0,0,0,0,0,0,0,0,0,0,0,0,0,0,0,0
PUBLICATION,WRITE_HEAVY,LARS_NO_RUNTIME_VALIDATION,6,134775813,1000000,300000,220018600,1363521.084126524,594.405,700.0,1100.0,1500.0,198700,400.0,1200.0,1200.0,400.0,1400.0,1106062,20839,0.8293209247084793,208666624,500000000,218750000,58953832,0,0,444,5000,0.002272535140210873,0,0,0,0,0,0,0,0,0,0,0,0,0,0,0,0,0,0,0,0,0
PUBLICATION,WRITE_HEAVY,LARS_NO_RUNTIME_VALIDATION,7,16807,1000000,300000,231252000,1297286.077525816,619.6633333333333,700.0,1100.0,1700.0,252700,400.0,1200.0,1300.0,400.0,1400.0,1105442,20836,0.8289753911499328,208746640,531250000,218750000,59240016,0,0,507,5100,0.0022053863317938872,0,0,0,0,0,0,0,0,0,0,0,0,0,0,0,0,0,0,0,0,0
PUBLICATION,WRITE_HEAVY,LARS_NO_RUNTIME_VALIDATION,8,2147483647,1000000,300000,252939400,1186054.8415944688,673.1956666666666,800.0,1200.0,1700.0,266700,400.0,1300.0,1300.0,400.0,1600.0,1104969,20835,0.828660457163427,209715200,593750000,250000000,59087776,0,0,544,5100,0.002016293230710597,0,0,0,0,0,0,0,0,0,0,0,0,0,0,0,0,0,0,0,0,0
PUBLICATION,WRITE_HEAVY,LARS_NO_RUNTIME_VALIDATION,9,6364136223846793005,1000000,300000,231596000,1295359.1599164063,622.613,700.0,1100.0,1700.0,275900,400.0,1200.0,1300.0,400.0,1500.0,1105711,20838,0.8290975321527978,209715200,421875000,234375000,58746272,0,0,518,5000,0.00215893193319401,0,0,0,0,0,0,0,0,0,0,0,0,0,0,0,0,0,0,0,0,0
PUBLICATION,WRITE_HEAVY,LOCAL_COST_ADAPTIVE,0,1103515245,1000000,300000,248671900,1206408.9267826402,675.282,700.0,1300.0,2300.0,238600,400.0,1500.0,1600.0,400.0,1600.0,1105555,20836,0.8290601303033212,208666624,562500000,265625000,58808112,0,0,533,4800,0.0019302542828522242,0,0,0,0,0,0,0,0,0,0,0,0,0,0,0,0,0,0,0,0,0
PUBLICATION,WRITE_HEAVY,LOCAL_COST_ADAPTIVE,1,214013,1000000,300000,251360100,1193506.8453585117,669.1286666666666,700.0,1300.0,2000.0,239800,400.0,1400.0,1400.0,400.0,1700.0,1105152,20837,0.8287181456063732,208666624,593750000,234375000,58959608,0,0,799,6700,0.002665498621300676,0,0,0,0,0,0,0,0,0,0,0,0,0,0,0,0,0,0,0,0,0
PUBLICATION,WRITE_HEAVY,LOCAL_COST_ADAPTIVE,2,1664525,1000000,300000,227661200,1317747.6003816198,613.5643333333334,700.0,1100.0,1600.0,184000,400.0,1200.0,1300.0,400.0,1500.0,1105564,20840,0.8289077495201536,209715200,593750000,250000000,59172456,0,0,533,5300,0.0023280207606741947,0,0,0,0,0,0,0,0,0,0,0,0,0,0,0,0,0,0,0,0,0
PUBLICATION,WRITE_HEAVY,LOCAL_COST_ADAPTIVE,3,22695477,1000000,300000,238035500,1260316.2133379264,644.341,700.0,1200.0,1700.0,234300,400.0,1300.0,1400.0,400.0,1600.0,1104666,20838,0.8283139576734811,208746640,593750000,250000000,59242104,0,0,554,5100,0.002142537562674475,0,0,0,0,0,0,0,0,0,0,0,0,0,0,0,0,0,0,0,0,0
PUBLICATION,WRITE_HEAVY,LOCAL_COST_ADAPTIVE,4,69069,1000000,300000,251436300,1193145.142527153,685.0493333333334,700.0,1300.0,2200.0,203000,400.0,1500.0,1500.0,400.0,1600.0,1105522,20842,0.8287967205642452,208666624,562500000,265625000,58791624,0,0,572,5200,0.0020681182470470654,0,0,0,0,0,0,0,0,0,0,0,0,0,0,0,0,0,0,0,0,0
PUBLICATION,WRITE_HEAVY,LOCAL_COST_ADAPTIVE,5,48271,1000000,300000,228454600,1313171.1946268536,597.6536666666667,700.0,1100.0,1500.0,300200,400.0,1200.0,1200.0,400.0,1400.0,1105509,20837,0.8289858484906656,211812352,421875000,218750000,62205408,0,0,572,4700,0.0020573015382487373,0,0,0,0,0,0,0,0,0,0,0,0,0,0,0,0,0,0,0,0,0
PUBLICATION,WRITE_HEAVY,LOCAL_COST_ADAPTIVE,6,134775813,1000000,300000,239502100,1252598.6202208665,636.8223333333333,700.0,1200.0,1700.0,250500,400.0,1300.0,1400.0,400.0,1600.0,1106062,20839,0.8293209247084793,208666624,562500000,250000000,58950528,0,0,667,4900,0.002045911079694082,0,0,0,0,0,0,0,0,0,0,0,0,0,0,0,0,0,0,0,0,0
PUBLICATION,WRITE_HEAVY,LOCAL_COST_ADAPTIVE,7,16807,1000000,300000,235058900,1276275.8610714166,638.9596666666666,700.0,1200.0,1800.0,193700,400.0,1300.0,1400.0,400.0,1500.0,1105442,20836,0.8289753911499328,208732176,531250000,234375000,58941992,0,0,560,4400,0.0018718712629047442,0,0,0,0,0,0,0,0,0,0,0,0,0,0,0,0,0,0,0,0,0
PUBLICATION,WRITE_HEAVY,LOCAL_COST_ADAPTIVE,8,2147483647,1000000,300000,283730200,1057342.5035473842,758.2473333333334,700.0,1500.0,2600.0,250700,500.0,1600.0,1700.0,500.0,1700.0,1104969,20835,0.828660457163427,211812352,687500000,296875000,59071896,0,0,709,11400,0.00401790151348006,0,0,0,0,0,0,0,0,0,0,0,0,0,0,0,0,0,0,0,0,0
PUBLICATION,WRITE_HEAVY,LOCAL_COST_ADAPTIVE,9,6364136223846793005,1000000,300000,243859200,1230218.0930635382,651.1663333333333,700.0,1200.0,1500.0,239200,400.0,1200.0,1300.0,400.0,1500.0,1105711,20838,0.8290975321527978,208666624,531250000,250000000,58944944,0,0,485,5000,0.0020503634884392304,0,0,0,0,0,0,0,0,0,0,0,0,0,0,0,0,0,0,0,0,0
PUBLICATION,WRITE_HEAVY,PERIODIC_GLOBAL_REBUILD,0,1103515245,1000000,300000,674350600,444872.4446897504,1972.6813333333334,600.0,1100.0,1700.0,101739200,400.0,1300.0,1300.0,400.0,800.0,1105555,23033,0.7499803271393218,547356672,2359375000,609375000,501938904,2,82,942,0,0.0,6,306393800,6369188,263191,6,0,0,0,0,0,6,0,0,0,0,0,0,0,0,0,0
PUBLICATION,WRITE_HEAVY,PERIODIC_GLOBAL_REBUILD,1,214013,1000000,300000,627030400,478445.70215415396,1925.3006666666668,700.0,1200.0,1700.0,85950400,400.0,1300.0,1400.0,400.0,1200.0,1105152,23024,0.75,550582416,2515625000,562500000,499998160,2,77,1106,0,0.0,6,222905900,6368746,263182,6,0,0,0,0,0,6,0,0,0,0,0,0,0,0,0,0
PUBLICATION,WRITE_HEAVY,PERIODIC_GLOBAL_REBUILD,2,1664525,1000000,300000,653313200,459197.82425948227,1887.094,700.0,1100.0,1400.0,107500500,400.0,1200.0,1200.0,400.0,700.0,1105564,23033,0.7499864325098772,549453824,2218750000,593750000,500127112,2,77,848,0,0.0,6,274180900,6369331,263193,6,0,0,0,0,0,6,0,0,0,0,0,0,0,0,0,0
PUBLICATION,WRITE_HEAVY,PERIODIC_GLOBAL_REBUILD,3,22695477,1000000,300000,623263200,481337.57937256683,1786.1796666666667,700.0,1100.0,1500.0,99970600,400.0,1200.0,1200.0,400.0,900.0,1104666,23014,0.7499959263926306,548696088,2359375000,515625000,500201456,2,77,1018,0,0.0,6,254354900,6365472,263054,6,0,0,0,0,0,6,0,0,0,0,0,0,0,0,0,0
PUBLICATION,WRITE_HEAVY,PERIODIC_GLOBAL_REBUILD,4,69069,1000000,300000,763703700,392822.50432988605,2388.173,700.0,1200.0,1800.0,112972700,400.0,1400.0,1400.0,400.0,800.0,1105522,23032,0.7499905023445641,548611752,2828125000,687500000,500112640,2,84,1037,0,0.0,6,362685200,6369310,263196,6,0,0,0,0,0,6,0,0,0,0,0,0,0,0,0,0
PUBLICATION,WRITE_HEAVY,PERIODIC_GLOBAL_REBUILD,5,48271,1000000,300000,789882700,379803.2290110924,2307.8263333333334,700.0,1500.0,2700.0,112049200,400.0,1800.0,1800.0,400.0,1000.0,1105509,23032,0.7499816830930879,549453824,2578125000,718750000,500067352,2,83,1241,0,0.0,6,362707100,6368424,263158,6,0,0,0,0,0,6,0,0,0,0,0,0,0,0,0,0
PUBLICATION,WRITE_HEAVY,PERIODIC_GLOBAL_REBUILD,6,134775813,1000000,300000,576060500,520778.633494225,1770.35,700.0,1200.0,1800.0,74323500,400.0,1300.0,1400.0,400.0,800.0,1106062,23043,0.7499986438397778,548405248,2328125000,515625000,500310568,2,79,927,0,0.0,6,201123200,6370738,263243,6,0,0,0,0,0,6,0,0,0,0,0,0,0,0,0,0
PUBLICATION,WRITE_HEAVY,PERIODIC_GLOBAL_REBUILD,7,16807,1000000,300000,704811700,425645.6015131417,2174.477,700.0,1300.0,2100.0,100710300,400.0,1500.0,1600.0,400.0,800.0,1105442,23031,0.7499687920628718,548405248,2515625000,625000000,499924192,2,80,1031,0,0.0,6,309723100,6369448,263203,6,0,0,0,0,0,6,0,0,0,0,0,0,0,0,0,0
PUBLICATION,WRITE_HEAVY,PERIODIC_GLOBAL_REBUILD,8,2147483647,1000000,300000,777343100,385929.9709484782,2274.2063333333335,700.0,1200.0,1700.0,113066300,400.0,1300.0,1300.0,400.0,900.0,1104969,23021,0.7499735296034056,550502400,2640625000,671875000,500153248,2,85,1279,0,0.0,6,370999100,6367663,263139,6,0,0,0,0,0,6,0,0,0,0,0,0,0,0,0,0
PUBLICATION,WRITE_HEAVY,PERIODIC_GLOBAL_REBUILD,9,6364136223846793005,1000000,300000,635813300,471836.6224802155,1940.382,700.0,1200.0,2100.0,102167600,400.0,1400.0,1500.0,400.0,900.0,1105711,23036,0.7499884691352665,551550976,2156250000,562500000,499753648,2,68,903,0,0.0,6,257485300,6368483,263158,6,0,0,0,0,0,6,0,0,0,0,0,0,0,0,0,0
PUBLICATION,WRITE_HEAVY,STATIC_BPLUS,0,1103515245,1000000,300000,226925500,1322019.7818226686,601.0813333333333,700.0,1100.0,1500.0,177900,400.0,1100.0,1200.0,400.0,1400.0,1105555,20836,0.8290601303033212,209715200,421875000,218750000,59054144,0,0,349,0,0.0,0,0,0,0,0,0,0,0,0,0,0,0,0,0,0,0,0,0,0,0,0
PUBLICATION,WRITE_HEAVY,STATIC_BPLUS,1,214013,1000000,300000,214600300,1397947.7195511842,567.6053333333333,700.0,1000.0,1400.0,64400,300.0,1100.0,1100.0,300.0,1400.0,1105152,20837,0.8287181456063732,208666624,515625000,218750000,57128008,0,0,395,0,0.0,0,0,0,0,0,0,0,0,0,0,0,0,0,0,0,0,0,0,0,0,0
PUBLICATION,WRITE_HEAVY,STATIC_BPLUS,2,1664525,1000000,300000,232732700,1289032.4393606915,619.2953333333334,700.0,1100.0,1500.0,72800,400.0,1200.0,1200.0,400.0,1500.0,1105564,20840,0.8289077495201536,208666624,468750000,234375000,58341032,0,0,320,0,0.0,0,0,0,0,0,0,0,0,0,0,0,0,0,0,0,0,0,0,0,0,0
PUBLICATION,WRITE_HEAVY,STATIC_BPLUS,3,22695477,1000000,300000,222328000,1349357.7057320715,589.4983333333333,700.0,1000.0,1400.0,320300,300.0,1100.0,1100.0,300.0,1600.0,1104666,20838,0.8283139576734811,207618048,453125000,234375000,56563184,0,0,363,0,0.0,0,0,0,0,0,0,0,0,0,0,0,0,0,0,0,0,0,0,0,0,0
PUBLICATION,WRITE_HEAVY,STATIC_BPLUS,4,69069,1000000,300000,207855400,1443311.0710619017,556.3333333333334,600.0,1000.0,1500.0,87900,300.0,1100.0,1100.0,300.0,1400.0,1105522,20842,0.8287967205642452,206569472,437500000,218750000,56630464,0,0,322,0,0.0,0,0,0,0,0,0,0,0,0,0,0,0,0,0,0,0,0,0,0,0,0
PUBLICATION,WRITE_HEAVY,STATIC_BPLUS,5,48271,1000000,300000,251944700,1190737.4912034268,682.6726666666667,700.0,1400.0,2200.0,105500,400.0,1500.0,1600.0,400.0,1600.0,1105509,20837,0.8289858484906656,205600912,609375000,265625000,56111496,0,0,338,0,0.0,0,0,0,0,0,0,0,0,0,0,0,0,0,0,0,0,0,0,0,0,0
PUBLICATION,WRITE_HEAVY,STATIC_BPLUS,6,134775813,1000000,300000,237473700,1263297.788344562,632.803,700.0,1200.0,1800.0,105100,400.0,1300.0,1400.0,400.0,1500.0,1106062,20839,0.8293209247084793,207618048,437500000,234375000,56168360,0,0,313,0,0.0,0,0,0,0,0,0,0,0,0,0,0,0,0,0,0,0,0,0,0,0,0
PUBLICATION,WRITE_HEAVY,STATIC_BPLUS,7,16807,1000000,300000,271306200,1105761.6818192876,726.5193333333333,700.0,1500.0,2800.0,3152000,400.0,1800.0,2000.0,400.0,1500.0,1105442,20836,0.8289753911499328,208666624,500000000,265625000,58360824,0,0,355,0,0.0,0,0,0,0,0,0,0,0,0,0,0,0,0,0,0,0,0,0,0,0,0
PUBLICATION,WRITE_HEAVY,STATIC_BPLUS,8,2147483647,1000000,300000,198872500,1508504.192384568,529.703,600.0,900.0,1300.0,119400,300.0,1000.0,1000.0,300.0,1300.0,1104969,20835,0.828660457163427,205520896,421875000,203125000,55797920,0,0,288,0,0.0,0,0,0,0,0,0,0,0,0,0,0,0,0,0,0,0,0,0,0,0,0
PUBLICATION,WRITE_HEAVY,STATIC_BPLUS,9,6364136223846793005,1000000,300000,199152600,1506382.5428339876,529.5713333333333,600.0,900.0,1300.0,185200,300.0,1000.0,1000.0,300.0,1300.0,1105711,20838,0.8290975321527978,205520896,406250000,203125000,55950464,0,0,284,0,0.0,0,0,0,0,0,0,0,0,0,0,0,0,0,0,0,0,0,0,0,0,0
PUBLICATION,WRITE_HEAVY,THRESHOLD_GLOBAL_REBUILD,0,1103515245,1000000,300000,217854300,1377067.1499254317,582.3326666666667,600.0,1000.0,1700.0,240900,300.0,1100.0,1100.0,300.0,1400.0,1105555,20836,0.8290601303033212,213057568,437500000,218750000,55834704,0,0,308,0,0.0,0,0,0,0,0,0,0,0,0,0,0,0,0,0,0,0,0,0,0,0,0
PUBLICATION,WRITE_HEAVY,THRESHOLD_GLOBAL_REBUILD,1,214013,1000000,300000,227994900,1315818.9064755396,612.2223333333334,600.0,1200.0,2400.0,444900,400.0,1400.0,1500.0,400.0,1500.0,1105152,20837,0.8287181456063732,215154720,671875000,234375000,57630456,0,0,465,0,0.0,0,0,0,0,0,0,0,0,0,0,0,0,0,0,0,0,0,0,0,0,0
PUBLICATION,WRITE_HEAVY,THRESHOLD_GLOBAL_REBUILD,2,1664525,1000000,300000,224592400,1335753.1243265579,601.1833333333333,600.0,1100.0,1800.0,572900,400.0,1200.0,1200.0,400.0,1500.0,1105564,20840,0.8289077495201536,216006656,468750000,234375000,56482048,0,0,316,0,0.0,0,0,0,0,0,0,0,0,0,0,0,0,0,0,0,0,0,0,0,0,0
PUBLICATION,WRITE_HEAVY,THRESHOLD_GLOBAL_REBUILD,3,22695477,1000000,300000,231308000,1296972.0026977018,624.0766666666667,700.0,1100.0,1500.0,354700,300.0,1100.0,1200.0,400.0,1600.0,1104666,20838,0.8283139576734811,212860928,500000000,234375000,56288208,0,0,359,0,0.0,0,0,0,0,0,0,0,0,0,0,0,0,0,0,0,0,0,0,0,0,0
PUBLICATION,WRITE_HEAVY,THRESHOLD_GLOBAL_REBUILD,4,69069,1000000,300000,235585300,1273424.1058334284,638.7846666666667,600.0,1300.0,2100.0,450300,400.0,1400.0,1500.0,400.0,1500.0,1105522,20842,0.8287967205642452,213909504,531250000,234375000,57116096,0,0,408,0,0.0,0,0,0,0,0,0,0,0,0,0,0,0,0,0,0,0,0,0,0,0,0
PUBLICATION,WRITE_HEAVY,THRESHOLD_GLOBAL_REBUILD,5,48271,1000000,300000,212436600,1412186.0357396042,567.321,600.0,1000.0,1400.0,303300,300.0,1000.0,1100.0,300.0,1400.0,1105509,20837,0.8289858484906656,213909504,406250000,234375000,56146864,0,0,268,0,0.0,0,0,0,0,0,0,0,0,0,0,0,0,0,0,0,0,0,0,0,0,0
PUBLICATION,WRITE_HEAVY,THRESHOLD_GLOBAL_REBUILD,6,134775813,1000000,300000,232055400,1292794.7378082993,617.4663333333333,700.0,1100.0,1600.0,378000,300.0,1200.0,1200.0,400.0,1500.0,1106062,20839,0.8293209247084793,213909504,484375000,250000000,57304552,0,0,303,0,0.0,0,0,0,0,0,0,0,0,0,0,0,0,0,0,0,0,0,0,0,0,0
PUBLICATION,WRITE_HEAVY,THRESHOLD_GLOBAL_REBUILD,7,16807,1000000,300000,207123700,1448409.8150042703,551.8006666666666,600.0,1000.0,1400.0,485400,300.0,1000.0,1100.0,300.0,1400.0,1105442,20836,0.8289753911499328,212860928,406250000,218750000,55933016,0,0,303,0,0.0,0,0,0,0,0,0,0,0,0,0,0,0,0,0,0,0,0,0,0,0,0
PUBLICATION,WRITE_HEAVY,THRESHOLD_GLOBAL_REBUILD,8,2147483647,1000000,300000,205859500,1457304.6179554502,552.872,600.0,1000.0,1600.0,251800,400.0,1200.0,1200.0,300.0,1200.0,1104969,20835,0.828660457163427,214958080,437500000,187500000,57638120,0,0,352,0,0.0,0,0,0,0,0,0,0,0,0,0,0,0,0,0,0,0,0,0,0,0,0
PUBLICATION,WRITE_HEAVY,THRESHOLD_GLOBAL_REBUILD,9,6364136223846793005,1000000,300000,250845000,1195957.6630987262,675.2503333333333,700.0,1300.0,1900.0,271500,400.0,1400.0,1500.0,400.0,1600.0,1105711,20838,0.8290975321527978,212860928,578125000,265625000,55707808,0,0,326,0,0.0,0,0,0,0,0,0,0,0,0,0,0,0,0,0,0,0,0,0,0,0,0
