profile,workload,variant,repetition,seed,epoch_index,phase,start_operation,end_operation,operations,elapsed_nanos,throughput_ops_s,p50_latency_ns,p95_latency_ns,p99_latency_ns,maintenance_count,maintenance_nanos,controller_nanos,records_moved,leaves_touched,full_rebuilds
YCSB_VALIDATION,YCSB_A,LARS_FULL,0,1103515245,0,YCSB_A,0,10000,10000,8365700,1195357.2325089353,300.0,600.0,3200.0,0,0,0,0,0,0
YCSB_VALIDATION,YCSB_A,LARS_FULL,0,1103515245,1,YCSB_A,10000,20000,10000,5283500,1892684.7733509983,300.0,500.0,600.0,0,0,12000,0,0,0
YCSB_VALIDATION,YCSB_A,LARS_FULL,0,1103515245,2,YCSB_A,20000,30000,10000,4808000,2079866.8885191348,300.0,400.0,600.0,0,0,0,0,0,0
YCSB_VALIDATION,YCSB_A,LARS_FULL,0,1103515245,3,YCSB_A,30000,40000,10000,5343400,1871467.6048957591,300.0,400.0,600.0,0,0,10000,0,0,0
YCSB_VALIDATION,YCSB_A,LARS_FULL,0,1103515245,4,YCSB_A,40000,50000,10000,4628100,2160713.8998725177,300.0,400.0,500.0,0,0,10400,0,0,0
YCSB_VALIDATION,YCSB_A,LARS_FULL,0,1103515245,5,YCSB_A,50000,60000,10000,4731400,2113539.3329669866,300.0,400.0,600.0,0,0,26200,0,0,0
YCSB_VALIDATION,YCSB_A,LARS_FULL,0,1103515245,6,YCSB_A,60000,70000,10000,5318700,1880158.6853930473,300.0,500.0,600.0,0,0,0,0,0,0
YCSB_VALIDATION,YCSB_A,LARS_FULL,0,1103515245,7,YCSB_A,70000,80000,10000,2996200,3337560.910486616,200.0,400.0,500.0,0,0,13100,0,0,0
YCSB_VALIDATION,YCSB_A,LARS_FULL,0,1103515245,8,YCSB_A,80000,90000,10000,2961900,3376211.215773659,200.0,400.0,500.0,0,0,8700,0,0,0
YCSB_VALIDATION,YCSB_A,LARS_FULL,0,1103515245,9,YCSB_A,90000,100000,10000,3156800,3167764.8251393815,200.0,400.0,500.0,0,0,22200,0,0,0
YCSB_VALIDATION,YCSB_A,LARS_FULL,0,1103515245,10,YCSB_A,100000,110000,10000,3401900,2939533.7899409155,200.0,400.0,500.0,0,0,9300,0,0,0
YCSB_VALIDATION,YCSB_A,LARS_FULL,0,1103515245,11,YCSB_A,110000,120000,10000,3109500,3215951.1175430133,200.0,400.0,500.0,0,0,20200,0,0,0
YCSB_VALIDATION,YCSB_A,LARS_FULL,0,1103515245,12,YCSB_A,120000,130000,10000,3160500,3164056.3202024996,200.0,400.0,500.0,0,0,0,0,0,0
YCSB_VALIDATION,YCSB_A,LARS_FULL,0,1103515245,13,YCSB_A,130000,140000,10000,3952500,2530044.275774826,200.0,400.0,500.0,0,0,28300,0,0,0
YCSB_VALIDATION,YCSB_A,LARS_FULL,0,1103515245,14,YCSB_A,140000,150000,10000,3186300,3138436.430970091,200.0,400.0,500.0,0,0,24500,0,0,0
YCSB_VALIDATION,YCSB_A,LARS_FULL,0,1103515245,15,YCSB_A,150000,160000,10000,3240300,3086133.9999382775,200.0,400.0,500.0,0,0,11800,0,0,0
YCSB_VALIDATION,YCSB_A,LARS_FULL,0,1103515245,16,YCSB_A,160000,170000,10000,3245700,3080999.476230089,200.0,400.0,500.0,0,0,17500,0,0,0
YCSB_VALIDATION,YCSB_A,LARS_FULL,0,1103515245,17,YCSB_A,170000,180000,10000,3046700,3282239.80043982,200.0,400.0,500.0,0,0,18600,0,0,0
YCSB_VALIDATION,YCSB_A,LARS_FULL,0,1103515245,18,YCSB_A,180000,190000,10000,3111200,3214193.880174852,200.0,400.0,500.0,0,0,143900,0,0,0
YCSB_VALIDATION,YCSB_A,LARS_FULL,0,1103515245,19,YCSB_A,190000,200000,10000,3439700,2907230.2817106145,200.0,400.0,800.0,0,0,31200,0,0,0
YCSB_VALIDATION,YCSB_A,LARS_FULL,0,1103515245,20,YCSB_A,200000,210000,10000,2785900,3589504.2894576257,200.0,400.0,400.0,0,0,5200,0,0,0
YCSB_VALIDATION,YCSB_A,LARS_FULL,0,1103515245,21,YCSB_A,210000,220000,10000,2624900,3809668.939769134,200.0,300.0,400.0,0,0,20900,0,0,0
YCSB_VALIDATION,YCSB_A,LARS_FULL,0,1103515245,22,YCSB_A,220000,230000,10000,2639500,3788596.325061565,200.0,300.0,400.0,0,0,4600,0,0,0
YCSB_VALIDATION,YCSB_A,LARS_FULL,0,1103515245,23,YCSB_A,230000,240000,10000,2839900,3521250.7482657842,200.0,300.0,400.0,0,0,77200,0,0,0
YCSB_VALIDATION,YCSB_A,LARS_FULL,0,1103515245,24,YCSB_A,240000,250000,10000,2511800,3981208.69495979,200.0,300.0,400.0,0,0,7100,0,0,0
YCSB_VALIDATION,YCSB_A,LARS_FULL,0,1103515245,25,YCSB_A,250000,260000,10000,2111000,4737091.42586452,200.0,300.0,400.0,0,0,11600,0,0,0
YCSB_VALIDATION,YCSB_A,LARS_FULL,0,1103515245,26,YCSB_A,260000,270000,10000,4203500,2378969.906030689,200.0,300.0,400.0,0,0,65200,0,0,0
YCSB_VALIDATION,YCSB_A,LARS_FULL,0,1103515245,27,YCSB_A,270000,280000,10000,2199300,4546901.286773064,200.0,300.0,400.0,0,0,20200,0,0,0
YCSB_VALIDATION,YCSB_A,LARS_FULL,0,1103515245,28,YCSB_A,280000,290000,10000,2063800,4845430.758794457,200.0,300.0,400.0,0,0,9700,0,0,0
YCSB_VALIDATION,YCSB_A,LARS_FULL,0,1103515245,29,YCSB_A,290000,300000,10000,2225000,4494382.02247191,200.0,300.0,400.0,0,0,25700,0,0,0
YCSB_VALIDATION,YCSB_A,LARS_FULL,1,214013,0,YCSB_A,0,10000,10000,8652700,1155708.6227420343,300.0,600.0,2200.0,0,0,0,0,0,0
YCSB_VALIDATION,YCSB_A,LARS_FULL,1,214013,1,YCSB_A,10000,20000,10000,5434700,1840027.96842512,300.0,500.0,600.0,0,0,12700,0,0,0
YCSB_VALIDATION,YCSB_A,LARS_FULL,1,214013,2,YCSB_A,20000,30000,10000,4910000,2036659.8778004074,300.0,400.0,600.0,0,0,0,0,0,0
YCSB_VALIDATION,YCSB_A,LARS_FULL,1,214013,3,YCSB_A,30000,40000,10000,5269000,1897893.3383943823,300.0,400.0,600.0,0,0,11300,0,0,0
YCSB_VALIDATION,YCSB_A,LARS_FULL,1,214013,4,YCSB_A,40000,50000,10000,4731100,2113673.3529200396,300.0,400.0,500.0,0,0,11700,0,0,0
YCSB_VALIDATION,YCSB_A,LARS_FULL,1,214013,5,YCSB_A,50000,60000,10000,4748900,2105750.805449683,300.0,400.0,500.0,0,0,16500,0,0,0
YCSB_VALIDATION,YCSB_A,LARS_FULL,1,214013,6,YCSB_A,60000,70000,10000,5353500,1867936.8637340057,300.0,400.0,600.0,0,0,8500,0,0,0
YCSB_VALIDATION,YCSB_A,LARS_FULL,1,214013,7,YCSB_A,70000,80000,10000,3501000,2856326.7637817767,300.0,400.0,500.0,0,0,15300,0,0,0
YCSB_VALIDATION,YCSB_A,LARS_FULL,1,214013,8,YCSB_A,80000,90000,10000,3356000,2979737.7830750896,200.0,400.0,500.0,0,0,18800,0,0,0
YCSB_VALIDATION,YCSB_A,LARS_FULL,1,214013,9,YCSB_A,90000,100000,10000,3182700,3141986.363779181,200.0,400.0,500.0,0,0,15200,0,0,0
YCSB_VALIDATION,YCSB_A,LARS_FULL,1,214013,10,YCSB_A,100000,110000,10000,3401300,2940052.332931526,200.0,400.0,500.0,0,0,9100,0,0,0
YCSB_VALIDATION,YCSB_A,LARS_FULL,1,214013,11,YCSB_A,110000,120000,10000,3173300,3151293.6060252734,200.0,400.0,500.0,0,0,14400,0,0,0
YCSB_VALIDATION,YCSB_A,LARS_FULL,1,214013,12,YCSB_A,120000,130000,10000,3388800,2950897.072710104,200.0,400.0,500.0,0,0,20800,0,0,0
YCSB_VALIDATION,YCSB_A,LARS_FULL,1,214013,13,YCSB_A,130000,140000,10000,4438600,2252962.6458793315,300.0,400.0,500.0,0,0,24800,0,0,0
YCSB_VALIDATION,YCSB_A,LARS_FULL,1,214013,14,YCSB_A,140000,150000,10000,3184300,3140407.6249097134,200.0,400.0,800.0,0,0,12400,0,0,0
YCSB_VALIDATION,YCSB_A,LARS_FULL,1,214013,15,YCSB_A,150000,160000,10000,3071100,3256162.2871283903,200.0,400.0,500.0,0,0,15700,0,0,0
YCSB_VALIDATION,YCSB_A,LARS_FULL,1,214013,16,YCSB_A,160000,170000,10000,3281200,3047665.488236011,200.0,400.0,500.0,0,0,12900,0,0,0
YCSB_VALIDATION,YCSB_A,LARS_FULL,1,214013,17,YCSB_A,170000,180000,10000,3137100,3187657.39058366,200.0,400.0,500.0,0,0,17500,0,0,0
YCSB_VALIDATION,YCSB_A,LARS_FULL,1,214013,18,YCSB_A,180000,190000,10000,2886700,3464163.2313714623,200.0,400.0,400.0,0,0,23500,0,0,0
YCSB_VALIDATION,YCSB_A,LARS_FULL,1,214013,19,YCSB_A,190000,200000,10000,3114100,3211200.6679297388,200.0,400.0,500.0,0,0,52300,0,0,0
YCSB_VALIDATION,YCSB_A,LARS_FULL,1,214013,20,YCSB_A,200000,210000,10000,3396100,2944554.047289538,200.0,400.0,500.0,0,0,12200,0,0,0
YCSB_VALIDATION,YCSB_A,LARS_FULL,1,214013,21,YCSB_A,210000,220000,10000,3284100,3044974.2699674186,200.0,400.0,600.0,0,0,29600,0,0,0
YCSB_VALIDATION,YCSB_A,LARS_FULL,1,214013,22,YCSB_A,220000,230000,10000,3084000,3242542.1530479896,200.0,400.0,500.0,0,0,0,0,0,0
YCSB_VALIDATION,YCSB_A,LARS_FULL,1,214013,23,YCSB_A,230000,240000,10000,2905500,3441748.408191361,200.0,400.0,500.0,0,0,30000,0,0,0
YCSB_VALIDATION,YCSB_A,LARS_FULL,1,214013,24,YCSB_A,240000,250000,10000,2741700,3647372.0684247,200.0,300.0,400.0,0,0,44400,0,0,0
YCSB_VALIDATION,YCSB_A,LARS_FULL,1,214013,25,YCSB_A,250000,260000,10000,3070200,3257116.8002084554,200.0,400.0,500.0,0,0,25100,0,0,0
YCSB_VALIDATION,YCSB_A,LARS_FULL,1,214013,26,YCSB_A,260000,270000,10000,4635900,2157078.4529433334,200.0,400.0,500.0,0,0,25100,0,0,0
YCSB_VALIDATION,YCSB_A,LARS_FULL,1,214013,27,YCSB_A,270000,280000,10000,2857400,3499685.028347449,200.0,400.0,400.0,0,0,48000,0,0,0
YCSB_VALIDATION,YCSB_A,LARS_FULL,1,214013,28,YCSB_A,280000,290000,10000,2834300,3528208.0231450447,200.0,400.0,500.0,0,0,29400,0,0,0
YCSB_VALIDATION,YCSB_A,LARS_FULL,1,214013,29,YCSB_A,290000,300000,10000,3153200,3171381.4537612586,200.0,400.0,700.0,0,0,23400,0,0,0
YCSB_VALIDATION,YCSB_A,LARS_FULL,2,1664525,0,YCSB_A,0,10000,10000,9007500,1110185.9561476547,300.0,600.0,2200.0,0,0,0,0,0,0
YCSB_VALIDATION,YCSB_A,LARS_FULL,2,1664525,1,YCSB_A,10000,20000,10000,5388300,1855872.9098231352,300.0,500.0,600.0,0,0,13200,0,0,0
YCSB_VALIDATION,YCSB_A,LARS_FULL,2,1664525,2,YCSB_A,20000,30000,10000,5204300,1921488.000307438,300.0,500.0,600.0,0,0,0,0,0,0
YCSB_VALIDATION,YCSB_A,LARS_FULL,2,1664525,3,YCSB_A,30000,40000,10000,5502400,1817388.7758069206,300.0,500.0,600.0,0,0,10300,0,0,0
YCSB_VALIDATION,YCSB_A,LARS_FULL,2,1664525,4,YCSB_A,40000,50000,10000,4941000,2023881.8053025703,300.0,400.0,600.0,0,0,9300,0,0,0
YCSB_VALIDATION,YCSB_A,LARS_FULL,2,1664525,5,YCSB_A,50000,60000,10000,4755400,2102872.523867603,300.0,400.0,600.0,0,0,21800,0,0,0
YCSB_VALIDATION,YCSB_A,LARS_FULL,2,1664525,6,YCSB_A,60000,70000,10000,5488300,1822057.8321155913,300.0,500.0,600.0,0,0,0,0,0,0
YCSB_VALIDATION,YCSB_A,LARS_FULL,2,1664525,7,YCSB_A,70000,80000,10000,3393900,2946462.7714428827,200.0,400.0,500.0,0,0,25700,0,0,0
YCSB_VALIDATION,YCSB_A,LARS_FULL,2,1664525,8,YCSB_A,80000,90000,10000,4047900,2470416.759307295,300.0,500.0,1000.0,0,0,22400,0,0,0
YCSB_VALIDATION,YCSB_A,LARS_FULL,2,1664525,9,YCSB_A,90000,100000,10000,4529100,2207944.183171049,300.0,600.0,900.0,0,0,27200,0,0,0
YCSB_VALIDATION,YCSB_A,LARS_FULL,2,1664525,10,YCSB_A,100000,110000,10000,3472200,2880018.4321179655,200.0,400.0,600.0,0,0,10400,0,0,0
YCSB_VALIDATION,YCSB_A,LARS_FULL,2,1664525,11,YCSB_A,110000,120000,10000,3596300,2780635.653310347,300.0,400.0,600.0,0,0,24900,0,0,0
YCSB_VALIDATION,YCSB_A,LARS_FULL,2,1664525,12,YCSB_A,120000,130000,10000,3147900,3176720.988595572,200.0,400.0,500.0,0,0,8700,0,0,0
YCSB_VALIDATION,YCSB_A,LARS_FULL,2,1664525,13,YCSB_A,130000,140000,10000,4289300,2331382.7431049356,200.0,400.0,500.0,0,0,27300,0,0,0
YCSB_VALIDATION,YCSB_A,LARS_FULL,2,1664525,14,YCSB_A,140000,150000,10000,3498000,2858776.443682104,200.0,500.0,800.0,0,0,13000,0,0,0
YCSB_VALIDATION,YCSB_A,LARS_FULL,2,1664525,15,YCSB_A,150000,160000,10000,3655300,2735753.5633190162,200.0,400.0,500.0,0,0,25700,0,0,0
YCSB_VALIDATION,YCSB_A,LARS_FULL,2,1664525,16,YCSB_A,160000,170000,10000,3039700,3289798.3353620423,200.0,400.0,500.0,0,0,0,0,0,0
YCSB_VALIDATION,YCSB_A,LARS_FULL,2,1664525,17,YCSB_A,170000,180000,10000,3091300,3234884.999838256,200.0,400.0,500.0,0,0,69600,0,0,0
YCSB_VALIDATION,YCSB_A,LARS_FULL,2,1664525,18,YCSB_A,180000,190000,10000,3068500,3258921.2970506763,200.0,400.0,500.0,0,0,24600,0,0,0
YCSB_VALIDATION,YCSB_A,LARS_FULL,2,1664525,19,YCSB_A,190000,200000,10000,3010400,3321817.6986446986,200.0,400.0,600.0,0,0,21300,0,0,0
YCSB_VALIDATION,YCSB_A,LARS_FULL,2,1664525,20,YCSB_A,200000,210000,10000,3208000,3117206.982543641,200.0,400.0,500.0,0,0,14100,0,0,0
YCSB_VALIDATION,YCSB_A,LARS_FULL,2,1664525,21,YCSB_A,210000,220000,10000,2850400,3508279.5397137245,200.0,400.0,500.0,0,0,16600,0,0,0
YCSB_VALIDATION,YCSB_A,LARS_FULL,2,1664525,22,YCSB_A,220000,230000,10000,2984800,3350308.2283570087,200.0,400.0,500.0,0,0,0,0,0,0
YCSB_VALIDATION,YCSB_A,LARS_FULL,2,1664525,23,YCSB_A,230000,240000,10000,3089700,3236560.1838366184,200.0,400.0,500.0,0,0,71000,0,0,0
YCSB_VALIDATION,YCSB_A,LARS_FULL,2,1664525,24,YCSB_A,240000,250000,10000,2920400,3424188.467333242,200.0,400.0,500.0,0,0,23300,0,0,0
YCSB_VALIDATION,YCSB_A,LARS_FULL,2,1664525,25,YCSB_A,250000,260000,10000,3268300,3059694.642474681,200.0,400.0,500.0,0,0,44100,0,0,0
YCSB_VALIDATION,YCSB_A,LARS_FULL,2,1664525,26,YCSB_A,260000,270000,10000,5716900,1749199.7411184383,300.0,400.0,600.0,0,0,145700,0,0,0
YCSB_VALIDATION,YCSB_A,LARS_FULL,2,1664525,27,YCSB_A,270000,280000,10000,2950200,3389600.7050369466,200.0,400.0,500.0,0,0,31400,0,0,0
YCSB_VALIDATION,YCSB_A,LARS_FULL,2,1664525,28,YCSB_A,280000,290000,10000,8435500,1185466.1845770848,300.0,500.0,600.0,0,0,3579600,0,0,0
YCSB_VALIDATION,YCSB_A,LARS_FULL,2,1664525,29,YCSB_A,290000,300000,10000,3245900,3080809.6367725437,200.0,400.0,500.0,0,0,42700,0,0,0
YCSB_VALIDATION,YCSB_A,LARS_FULL,3,22695477,0,YCSB_A,0,10000,10000,8242100,1213283.0225306656,300.0,700.0,2100.0,0,0,0,0,0,0
YCSB_VALIDATION,YCSB_A,LARS_FULL,3,22695477,1,YCSB_A,10000,20000,10000,5318300,1880300.0958953048,300.0,500.0,600.0,0,0,0,0,0,0
YCSB_VALIDATION,YCSB_A,LARS_FULL,3,22695477,2,YCSB_A,20000,30000,10000,4884400,2047334.3706494144,300.0,400.0,600.0,0,0,11700,0,0,0
YCSB_VALIDATION,YCSB_A,LARS_FULL,3,22695477,3,YCSB_A,30000,40000,10000,5094400,1962939.6984924623,300.0,400.0,500.0,0,0,0,0,0,0
YCSB_VALIDATION,YCSB_A,LARS_FULL,3,22695477,4,YCSB_A,40000,50000,10000,4582200,2182357.819388067,300.0,400.0,500.0,0,0,18900,0,0,0
YCSB_VALIDATION,YCSB_A,LARS_FULL,3,22695477,5,YCSB_A,50000,60000,10000,4380100,2283052.8983356543,200.0,400.0,500.0,0,0,12000,0,0,0
YCSB_VALIDATION,YCSB_A,LARS_FULL,3,22695477,6,YCSB_A,60000,70000,10000,5323600,1878428.1313396948,300.0,500.0,600.0,0,0,7500,0,0,0
YCSB_VALIDATION,YCSB_A,LARS_FULL,3,22695477,7,YCSB_A,70000,80000,10000,3436900,2909598.766330123,300.0,400.0,500.0,0,0,13000,0,0,0
YCSB_VALIDATION,YCSB_A,LARS_FULL,3,22695477,8,YCSB_A,80000,90000,10000,3257500,3069838.833461243,200.0,400.0,500.0,0,0,12100,0,0,0
YCSB_VALIDATION,YCSB_A,LARS_FULL,3,22695477,9,YCSB_A,90000,100000,10000,3813200,2622469.3171089897,300.0,500.0,800.0,0,0,27500,0,0,0
YCSB_VALIDATION,YCSB_A,LARS_FULL,3,22695477,10,YCSB_A,100000,110000,10000,3575400,2796889.858477373,300.0,400.0,500.0,0,0,10400,0,0,0
YCSB_VALIDATION,YCSB_A,LARS_FULL,3,22695477,11,YCSB_A,110000,120000,10000,3374100,2963753.297175543,200.0,400.0,500.0,0,0,11600,0,0,0
YCSB_VALIDATION,YCSB_A,LARS_FULL,3,22695477,12,YCSB_A,120000,130000,10000,3287200,3042102.7013871986,200.0,400.0,500.0,0,0,25000,0,0,0
YCSB_VALIDATION,YCSB_A,LARS_FULL,3,22695477,13,YCSB_A,130000,140000,10000,4335400,2306592.2406237028,300.0,400.0,500.0,0,0,15500,0,0,0
YCSB_VALIDATION,YCSB_A,LARS_FULL,3,22695477,14,YCSB_A,140000,150000,10000,3417800,2925858.739540055,200.0,400.0,600.0,0,0,31200,0,0,0
YCSB_VALIDATION,YCSB_A,LARS_FULL,3,22695477,15,YCSB_A,150000,160000,10000,3492500,2863278.453829635,300.0,400.0,600.0,0,0,0,0,0,0
YCSB_VALIDATION,YCSB_A,LARS_FULL,3,22695477,16,YCSB_A,160000,170000,10000,3243900,3082709.0847436725,200.0,400.0,500.0,0,0,22900,0,0,0
YCSB_VALIDATION,YCSB_A,LARS_FULL,3,22695477,17,YCSB_A,170000,180000,10000,3261400,3066167.9033543877,200.0,400.0,500.0,0,0,21500,0,0,0
YCSB_VALIDATION,YCSB_A,LARS_FULL,3,22695477,18,YCSB_A,180000,190000,10000,3714300,2692297.3373179333,300.0,400.0,500.0,0,0,71200,0,0,0
YCSB_VALIDATION,YCSB_A,LARS_FULL,3,22695477,19,YCSB_A,190000,200000,10000,3499400,2857632.7370406357,200.0,500.0,900.0,0,0,0,0,0,0
YCSB_VALIDATION,YCSB_A,LARS_FULL,3,22695477,20,YCSB_A,200000,210000,10000,8287300,1206665.6208897952,300.0,500.0,700.0,0,0,2724700,0,0,0
YCSB_VALIDATION,YCSB_A,LARS_FULL,3,22695477,21,YCSB_A,210000,220000,10000,3202500,3122560.49960968,200.0,400.0,500.0,0,0,14100,0,0,0
YCSB_VALIDATION,YCSB_A,LARS_FULL,3,22695477,22,YCSB_A,220000,230000,10000,3292000,3037667.071688943,200.0,400.0,500.0,0,0,70500,0,0,0
YCSB_VALIDATION,YCSB_A,LARS_FULL,3,22695477,23,YCSB_A,230000,240000,10000,2477000,4037141.703673799,200.0,300.0,400.0,0,0,17300,0,0,0
YCSB_VALIDATION,YCSB_A,LARS_FULL,3,22695477,24,YCSB_A,240000,250000,10000,2384200,4194279.0034393086,200.0,300.0,400.0,0,0,17700,0,0,0
YCSB_VALIDATION,YCSB_A,LARS_FULL,3,22695477,25,YCSB_A,250000,260000,10000,2417200,4137018.037398643,200.0,300.0,400.0,0,0,123300,0,0,0
YCSB_VALIDATION,YCSB_A,LARS_FULL,3,22695477,26,YCSB_A,260000,270000,10000,4492400,2225981.6579111386,200.0,400.0,500.0,0,0,101100,0,0,0
YCSB_VALIDATION,YCSB_A,LARS_FULL,3,22695477,27,YCSB_A,270000,280000,10000,2566200,3896812.4074507053,200.0,300.0,400.0,0,0,96800,0,0,0
YCSB_VALIDATION,YCSB_A,LARS_FULL,3,22695477,28,YCSB_A,280000,290000,10000,2220400,4503693.028283192,200.0,300.0,400.0,0,0,23300,0,0,0
YCSB_VALIDATION,YCSB_A,LARS_FULL,3,22695477,29,YCSB_A,290000,300000,10000,2190700,4564750.992833341,200.0,300.0,400.0,0,0,13400,0,0,0
YCSB_VALIDATION,YCSB_A,LARS_FULL,4,69069,0,YCSB_A,0,10000,10000,9392300,1064701.936692823,400.0,700.0,2100.0,0,0,0,0,0,0
YCSB_VALIDATION,YCSB_A,LARS_FULL,4,69069,1,YCSB_A,10000,20000,10000,6737100,1484318.1784447315,400.0,600.0,800.0,0,0,0,0,0,0
YCSB_VALIDATION,YCSB_A,LARS_FULL,4,69069,2,YCSB_A,20000,30000,10000,5296600,1888003.62496696,300.0,500.0,700.0,0,0,13500,0,0,0
YCSB_VALIDATION,YCSB_A,LARS_FULL,4,69069,3,YCSB_A,30000,40000,10000,5254200,1903239.3133112558,300.0,500.0,600.0,0,0,11100,0,0,0
YCSB_VALIDATION,YCSB_A,LARS_FULL,4,69069,4,YCSB_A,40000,50000,10000,4723400,2117119.0244315537,300.0,400.0,600.0,0,0,11800,0,0,0
YCSB_VALIDATION,YCSB_A,LARS_FULL,4,69069,5,YCSB_A,50000,60000,10000,5559000,1798884.6914912753,300.0,500.0,700.0,0,0,16100,0,0,0
YCSB_VALIDATION,YCSB_A,LARS_FULL,4,69069,6,YCSB_A,60000,70000,10000,5087200,1965717.880169838,300.0,500.0,600.0,0,0,10100,0,0,0
YCSB_VALIDATION,YCSB_A,LARS_FULL,4,69069,7,YCSB_A,70000,80000,10000,3105400,3220197.076061055,200.0,400.0,500.0,0,0,20900,0,0,0
YCSB_VALIDATION,YCSB_A,LARS_FULL,4,69069,8,YCSB_A,80000,90000,10000,2771200,3608545.0346420323,200.0,400.0,500.0,0,0,0,0,0,0
YCSB_VALIDATION,YCSB_A,LARS_FULL,4,69069,9,YCSB_A,90000,100000,10000,3351700,2983560.5811976013,200.0,400.0,900.0,0,0,21700,0,0,0
YCSB_VALIDATION,YCSB_A,LARS_FULL,4,69069,10,YCSB_A,100000,110000,10000,2950000,3389830.5084745763,200.0,400.0,500.0,0,0,5400,0,0,0
YCSB_VALIDATION,YCSB_A,LARS_FULL,4,69069,11,YCSB_A,110000,120000,10000,2837500,3524229.074889868,200.0,400.0,500.0,0,0,0,0,0,0
YCSB_VALIDATION,YCSB_A,LARS_FULL,4,69069,12,YCSB_A,120000,130000,10000,3075000,3252032.5203252034,200.0,400.0,500.0,0,0,34000,0,0,0
YCSB_VALIDATION,YCSB_A,LARS_FULL,4,69069,13,YCSB_A,130000,140000,10000,4215400,2372254.115860891,200.0,400.0,500.0,0,0,27800,0,0,0
YCSB_VALIDATION,YCSB_A,LARS_FULL,4,69069,14,YCSB_A,140000,150000,10000,3016800,3314770.617873243,200.0,400.0,500.0,0,0,16800,0,0,0
YCSB_VALIDATION,YCSB_A,LARS_FULL,4,69069,15,YCSB_A,150000,160000,10000,3052100,3276432.6201631664,200.0,400.0,500.0,0,0,14000,0,0,0
YCSB_VALIDATION,YCSB_A,LARS_FULL,4,69069,16,YCSB_A,160000,170000,10000,2916300,3429002.503171827,200.0,400.0,500.0,0,0,6800,0,0,0
YCSB_VALIDATION,YCSB_A,LARS_FULL,4,69069,17,YCSB_A,170000,180000,10000,2981500,3354016.43468053,200.0,400.0,500.0,0,0,17900,0,0,0
YCSB_VALIDATION,YCSB_A,LARS_FULL,4,69069,18,YCSB_A,180000,190000,10000,3268200,3059788.2626522244,200.0,400.0,500.0,0,0,38600,0,0,0
YCSB_VALIDATION,YCSB_A,LARS_FULL,4,69069,19,YCSB_A,190000,200000,10000,2843100,3517287.4679047517,200.0,400.0,400.0,0,0,26400,0,0,0
YCSB_VALIDATION,YCSB_A,LARS_FULL,4,69069,20,YCSB_A,200000,210000,10000,2914800,3430767.1195279267,200.0,300.0,500.0,0,0,20600,0,0,0
YCSB_VALIDATION,YCSB_A,LARS_FULL,4,69069,21,YCSB_A,210000,220000,10000,2649600,3774154.5893719806,200.0,300.0,400.0,0,0,8100,0,0,0
YCSB_VALIDATION,YCSB_A,LARS_FULL,4,69069,22,YCSB_A,220000,230000,10000,2466000,4055150.0405515004,200.0,300.0,400.0,0,0,5100,0,0,0
YCSB_VALIDATION,YCSB_A,LARS_FULL,4,69069,23,YCSB_A,230000,240000,10000,2544000,3930817.610062893,200.0,300.0,400.0,0,0,23400,0,0,0
YCSB_VALIDATION,YCSB_A,LARS_FULL,4,69069,24,YCSB_A,240000,250000,10000,2685700,3723424.0607662806,200.0,300.0,500.0,0,0,16500,0,0,0
YCSB_VALIDATION,YCSB_A,LARS_FULL,4,69069,25,YCSB_A,250000,260000,10000,2143800,4664614.236402649,200.0,300.0,400.0,0,0,39300,0,0,0
YCSB_VALIDATION,YCSB_A,LARS_FULL,4,69069,26,YCSB_A,260000,270000,10000,4176000,2394636.0153256706,200.0,300.0,400.0,0,0,92100,0,0,0
YCSB_VALIDATION,YCSB_A,LARS_FULL,4,69069,27,YCSB_A,270000,280000,10000,2529600,3953194.180898166,200.0,300.0,400.0,0,0,109600,0,0,0
YCSB_VALIDATION,YCSB_A,LARS_FULL,4,69069,28,YCSB_A,280000,290000,10000,2278800,4388274.530454625,200.0,300.0,400.0,0,0,19600,0,0,0
YCSB_VALIDATION,YCSB_A,LARS_FULL,4,69069,29,YCSB_A,290000,300000,10000,2160500,4628558.204119417,200.0,300.0,400.0,0,0,19500,0,0,0
YCSB_VALIDATION,YCSB_A,LARS_FULL,5,48271,0,YCSB_A,0,10000,10000,8996300,1111568.089103298,300.0,600.0,2400.0,0,0,0,0,0,0
YCSB_VALIDATION,YCSB_A,LARS_FULL,5,48271,1,YCSB_A,10000,20000,10000,5482600,1823952.1394958596,300.0,500.0,700.0,0,0,12700,0,0,0
YCSB_VALIDATION,YCSB_A,LARS_FULL,5,48271,2,YCSB_A,20000,30000,10000,5114200,1955340.0336318486,300.0,500.0,600.0,0,0,0,0,0,0
YCSB_VALIDATION,YCSB_A,LARS_FULL,5,48271,3,YCSB_A,30000,40000,10000,5404100,1850446.8829222256,300.0,500.0,600.0,0,0,9700,0,0,0
YCSB_VALIDATION,YCSB_A,LARS_FULL,5,48271,4,YCSB_A,40000,50000,10000,4819500,2074904.0356883495,300.0,400.0,600.0,0,0,10700,0,0,0
YCSB_VALIDATION,YCSB_A,LARS_FULL,5,48271,5,YCSB_A,50000,60000,10000,4501900,2221284.3466092097,300.0,400.0,500.0,0,0,11500,0,0,0
YCSB_VALIDATION,YCSB_A,LARS_FULL,5,48271,6,YCSB_A,60000,70000,10000,5445300,1836446.109488917,300.0,500.0,600.0,0,0,9900,0,0,0
YCSB_VALIDATION,YCSB_A,LARS_FULL,5,48271,7,YCSB_A,70000,80000,10000,3300300,3030027.573250917,200.0,400.0,500.0,0,0,28000,0,0,0
YCSB_VALIDATION,YCSB_A,LARS_FULL,5,48271,8,YCSB_A,80000,90000,10000,2987600,3347168.295621904,200.0,400.0,500.0,0,0,0,0,0,0
YCSB_VALIDATION,YCSB_A,LARS_FULL,5,48271,9,YCSB_A,90000,100000,10000,4393400,2276141.484954705,300.0,500.0,700.0,0,0,28600,0,0,0
YCSB_VALIDATION,YCSB_A,LARS_FULL,5,48271,10,YCSB_A,100000,110000,10000,3846200,2599968.8003743957,300.0,400.0,600.0,0,0,9100,0,0,0
YCSB_VALIDATION,YCSB_A,LARS_FULL,5,48271,11,YCSB_A,110000,120000,10000,3783700,2642915.664561144,300.0,500.0,700.0,0,0,13800,0,0,0
YCSB_VALIDATION,YCSB_A,LARS_FULL,5,48271,12,YCSB_A,120000,130000,10000,3259400,3068049.3342332942,200.0,400.0,500.0,0,0,22000,0,0,0
YCSB_VALIDATION,YCSB_A,LARS_FULL,5,48271,13,YCSB_A,130000,140000,10000,4307300,2321640.006500592,200.0,400.0,500.0,0,0,30200,0,0,0
YCSB_VALIDATION,YCSB_A,LARS_FULL,5,48271,14,YCSB_A,140000,150000,10000,3032700,3297391.763115376,200.0,400.0,500.0,0,0,15600,0,0,0
YCSB_VALIDATION,YCSB_A,LARS_FULL,5,48271,15,YCSB_A,150000,160000,10000,3484300,2870016.9330999055,200.0,400.0,500.0,0,0,29900,0,0,0
YCSB_VALIDATION,YCSB_A,LARS_FULL,5,48271,16,YCSB_A,160000,170000,10000,3079600,3247174.9577867254,200.0,400.0,500.0,0,0,10900,0,0,0
YCSB_VALIDATION,YCSB_A,LARS_FULL,5,48271,17,YCSB_A,170000,180000,10000,3237100,3089184.7641407433,200.0,400.0,500.0,0,0,26900,0,0,0
YCSB_VALIDATION,YCSB_A,LARS_FULL,5,48271,18,YCSB_A,180000,190000,10000,3409500,2932981.375568265,200.0,400.0,500.0,0,0,108900,0,0,0
YCSB_VALIDATION,YCSB_A,LARS_FULL,5,48271,19,YCSB_A,190000,200000,10000,3393800,2946549.590429607,200.0,400.0,600.0,0,0,24800,0,0,0
YCSB_VALIDATION,YCSB_A,LARS_FULL,5,48271,20,YCSB_A,200000,210000,10000,3104200,3221441.9174022293,200.0,400.0,500.0,0,0,13100,0,0,0
YCSB_VALIDATION,YCSB_A,LARS_FULL,5,48271,21,YCSB_A,210000,220000,10000,2937500,3404255.3191489363,200.0,400.0,500.0,0,0,17300,0,0,0
YCSB_VALIDATION,YCSB_A,LARS_FULL,5,48271,22,YCSB_A,220000,230000,10000,2965300,3372340.0667723333,200.0,400.0,500.0,0,0,18400,0,0,0
YCSB_VALIDATION,YCSB_A,LARS_FULL,5,48271,23,YCSB_A,230000,240000,10000,3105100,3220508.1961933593,200.0,400.0,500.0,0,0,88300,0,0,0
YCSB_VALIDATION,YCSB_A,LARS_FULL,5,48271,24,YCSB_A,240000,250000,10000,2958500,3380091.2624640865,200.0,400.0,500.0,0,0,11500,0,0,0
YCSB_VALIDATION,YCSB_A,LARS_FULL,5,48271,25,YCSB_A,250000,260000,10000,3597500,2779708.1306462823,200.0,500.0,900.0,0,0,38600,0,0,0
YCSB_VALIDATION,YCSB_A,LARS_FULL,5,48271,26,YCSB_A,260000,270000,10000,5030800,1987755.4265723145,200.0,400.0,500.0,0,0,169500,0,0,0
YCSB_VALIDATION,YCSB_A,LARS_FULL,5,48271,27,YCSB_A,270000,280000,10000,3139200,3185524.9745158004,200.0,400.0,500.0,0,0,41200,0,0,0
YCSB_VALIDATION,YCSB_A,LARS_FULL,5,48271,28,YCSB_A,280000,290000,10000,2961900,3376211.215773659,200.0,400.0,500.0,0,0,18200,0,0,0
YCSB_VALIDATION,YCSB_A,LARS_FULL,5,48271,29,YCSB_A,290000,300000,10000,2656200,3764776.7487387997,200.0,300.0,400.0,0,0,38200,0,0,0
YCSB_VALIDATION,YCSB_A,LARS_FULL,6,134775813,0,YCSB_A,0,10000,10000,9098500,1099082.2663076331,300.0,600.0,2000.0,0,0,0,0,0,0
YCSB_VALIDATION,YCSB_A,LARS_FULL,6,134775813,1,YCSB_A,10000,20000,10000,5397500,1852709.5877721168,300.0,500.0,600.0,0,0,12100,0,0,0
YCSB_VALIDATION,YCSB_A,LARS_FULL,6,134775813,2,YCSB_A,20000,30000,10000,5116900,1954308.272586918,300.0,500.0,600.0,0,0,0,0,0,0
YCSB_VALIDATION,YCSB_A,LARS_FULL,6,134775813,3,YCSB_A,30000,40000,10000,5187900,1927562.2120703945,300.0,400.0,600.0,0,0,10000,0,0,0
YCSB_VALIDATION,YCSB_A,LARS_FULL,6,134775813,4,YCSB_A,40000,50000,10000,4700500,2127433.2517817253,300.0,400.0,500.0,0,0,8200,0,0,0
YCSB_VALIDATION,YCSB_A,LARS_FULL,6,134775813,5,YCSB_A,50000,60000,10000,4522300,2211264.1797315525,200.0,400.0,500.0,0,0,10800,0,0,0
YCSB_VALIDATION,YCSB_A,LARS_FULL,6,134775813,6,YCSB_A,60000,70000,10000,5208000,1920122.8878648235,300.0,400.0,600.0,0,0,7100,0,0,0
YCSB_VALIDATION,YCSB_A,LARS_FULL,6,134775813,7,YCSB_A,70000,80000,10000,3289000,3040437.8230465185,200.0,400.0,500.0,0,0,10700,0,0,0
YCSB_VALIDATION,YCSB_A,LARS_FULL,6,134775813,8,YCSB_A,80000,90000,10000,3303800,3026817.6039711847,200.0,400.0,700.0,0,0,10200,0,0,0
YCSB_VALIDATION,YCSB_A,LARS_FULL,6,134775813,9,YCSB_A,90000,100000,10000,3686000,2712967.9869777537,300.0,400.0,600.0,0,0,27600,0,0,0
YCSB_VALIDATION,YCSB_A,LARS_FULL,6,134775813,10,YCSB_A,100000,110000,10000,3534000,2829654.7821165817,200.0,400.0,500.0,0,0,8600,0,0,0
YCSB_VALIDATION,YCSB_A,LARS_FULL,6,134775813,11,YCSB_A,110000,120000,10000,3332800,3000480.07681229,200.0,400.0,500.0,0,0,13200,0,0,0
YCSB_VALIDATION,YCSB_A,LARS_FULL,6,134775813,12,YCSB_A,120000,130000,10000,3167600,3156964.2631645408,200.0,400.0,500.0,0,0,11100,0,0,0
YCSB_VALIDATION,YCSB_A,LARS_FULL,6,134775813,13,YCSB_A,130000,140000,10000,4164500,2401248.6492976346,200.0,400.0,500.0,0,0,23100,0,0,0
YCSB_VALIDATION,YCSB_A,LARS_FULL,6,134775813,14,YCSB_A,140000,150000,10000,3304500,3026176.4260856407,200.0,400.0,500.0,0,0,32700,0,0,0
YCSB_VALIDATION,YCSB_A,LARS_FULL,6,134775813,15,YCSB_A,150000,160000,10000,2879100,3473307.630856865,200.0,400.0,500.0,0,0,6400,0,0,0
YCSB_VALIDATION,YCSB_A,LARS_FULL,6,134775813,16,YCSB_A,160000,170000,10000,2917500,3427592.116538132,200.0,400.0,500.0,0,0,8300,0,0,0
YCSB_VALIDATION,YCSB_A,LARS_FULL,6,134775813,17,YCSB_A,170000,180000,10000,3023900,3306987.66493601,200.0,400.0,500.0,0,0,9300,0,0,0
YCSB_VALIDATION,YCSB_A,LARS_FULL,6,134775813,18,YCSB_A,180000,190000,10000,3362500,2973977.6951672863,200.0,400.0,500.0,0,0,48400,0,0,0
YCSB_VALIDATION,YCSB_A,LARS_FULL,6,134775813,19,YCSB_A,190000,200000,10000,3377000,2961208.1729345573,200.0,400.0,800.0,0,0,44200,0,0,0
YCSB_VALIDATION,YCSB_A,LARS_FULL,6,134775813,20,YCSB_A,200000,210000,10000,8578800,1165664.1954585724,300.0,500.0,600.0,0,0,3307900,0,0,0
YCSB_VALIDATION,YCSB_A,LARS_FULL,6,134775813,21,YCSB_A,210000,220000,10000,3162500,3162055.3359683794,200.0,400.0,500.0,0,0,11600,0,0,0
YCSB_VALIDATION,YCSB_A,LARS_FULL,6,134775813,22,YCSB_A,220000,230000,10000,2970200,3366776.648037169,200.0,400.0,500.0,0,0,90700,0,0,0
YCSB_VALIDATION,YCSB_A,LARS_FULL,6,134775813,23,YCSB_A,230000,240000,10000,2572300,3887571.434125102,200.0,300.0,400.0,0,0,0,0,0,0
YCSB_VALIDATION,YCSB_A,LARS_FULL,6,134775813,24,YCSB_A,240000,250000,10000,2900400,3447800.3034064267,200.0,400.0,600.0,0,0,28600,0,0,0
YCSB_VALIDATION,YCSB_A,LARS_FULL,6,134775813,25,YCSB_A,250000,260000,10000,3045800,3283209.665769256,200.0,300.0,400.0,0,0,172200,0,0,0
YCSB_VALIDATION,YCSB_A,LARS_FULL,6,134775813,26,YCSB_A,260000,270000,10000,5504400,1816728.4354334713,300.0,500.0,600.0,0,0,0,0,0,0
YCSB_VALIDATION,YCSB_A,LARS_FULL,6,134775813,27,YCSB_A,270000,280000,10000,4327900,2310589.431363941,300.0,400.0,600.0,0,0,193200,0,0,0
YCSB_VALIDATION,YCSB_A,LARS_FULL,6,134775813,28,YCSB_A,280000,290000,10000,4432600,2256012.2727067634,300.0,400.0,500.0,0,0,62200,0,0,0
YCSB_VALIDATION,YCSB_A,LARS_FULL,6,134775813,29,YCSB_A,290000,300000,10000,3407700,2934530.621827039,200.0,400.0,500.0,0,0,55600,0,0,0
YCSB_VALIDATION,YCSB_A,LARS_FULL,7,16807,0,YCSB_A,0,10000,10000,10236900,976858.2285652884,400.0,900.0,2900.0,0,0,0,0,0,0
YCSB_VALIDATION,YCSB_A,LARS_FULL,7,16807,1,YCSB_A,10000,20000,10000,6504300,1537444.4598188892,400.0,600.0,700.0,0,0,0,0,0,0
YCSB_VALIDATION,YCSB_A,LARS_FULL,7,16807,2,YCSB_A,20000,30000,10000,5582800,1791215.8773375368,300.0,500.0,700.0,0,0,13600,0,0,0
YCSB_VALIDATION,YCSB_A,LARS_FULL,7,16807,3,YCSB_A,30000,40000,10000,5369100,1862509.54536142,300.0,500.0,600.0,0,0,11000,0,0,0
YCSB_VALIDATION,YCSB_A,LARS_FULL,7,16807,4,YCSB_A,40000,50000,10000,5085700,1966297.6581394891,300.0,500.0,600.0,0,0,11200,0,0,0
YCSB_VALIDATION,YCSB_A,LARS_FULL,7,16807,5,YCSB_A,50000,60000,10000,4874800,2051366.2098957906,300.0,400.0,500.0,0,0,15700,0,0,0
YCSB_VALIDATION,YCSB_A,LARS_FULL,7,16807,6,YCSB_A,60000,70000,10000,5507600,1815672.8883724308,300.0,500.0,600.0,0,0,9700,0,0,0
YCSB_VALIDATION,YCSB_A,LARS_FULL,7,16807,7,YCSB_A,70000,80000,10000,4075000,2453987.73006135,300.0,500.0,800.0,0,0,28100,0,0,0
YCSB_VALIDATION,YCSB_A,LARS_FULL,7,16807,8,YCSB_A,80000,90000,10000,3732900,2678882.370275121,300.0,500.0,600.0,0,0,14000,0,0,0
YCSB_VALIDATION,YCSB_A,LARS_FULL,7,16807,9,YCSB_A,90000,100000,10000,3439700,2907230.2817106145,200.0,400.0,500.0,0,0,22300,0,0,0
YCSB_VALIDATION,YCSB_A,LARS_FULL,7,16807,10,YCSB_A,100000,110000,10000,3392600,2947591.8174851146,200.0,400.0,500.0,0,0,7800,0,0,0
YCSB_VALIDATION,YCSB_A,LARS_FULL,7,16807,11,YCSB_A,110000,120000,10000,3580900,2792594.0406043176,300.0,500.0,700.0,0,0,14500,0,0,0
YCSB_VALIDATION,YCSB_A,LARS_FULL,7,16807,12,YCSB_A,120000,130000,10000,3160600,3163956.210846042,200.0,400.0,500.0,0,0,19300,0,0,0
YCSB_VALIDATION,YCSB_A,LARS_FULL,7,16807,13,YCSB_A,130000,140000,10000,4154100,2407260.2970559206,200.0,400.0,500.0,0,0,22400,0,0,0
YCSB_VALIDATION,YCSB_A,LARS_FULL,7,16807,14,YCSB_A,140000,150000,10000,3889100,2571288.987169268,300.0,500.0,600.0,0,0,29400,0,0,0
YCSB_VALIDATION,YCSB_A,LARS_FULL,7,16807,15,YCSB_A,150000,160000,10000,3893100,2568647.093575814,300.0,500.0,600.0,0,0,30700,0,0,0
YCSB_VALIDATION,YCSB_A,LARS_FULL,7,16807,16,YCSB_A,160000,170000,10000,4399000,2273243.9190725163,300.0,500.0,700.0,0,0,29200,0,0,0
YCSB_VALIDATION,YCSB_A,LARS_FULL,7,16807,17,YCSB_A,170000,180000,10000,3495300,2860984.7509512776,300.0,400.0,500.0,0,0,23100,0,0,0
YCSB_VALIDATION,YCSB_A,LARS_FULL,7,16807,18,YCSB_A,180000,190000,10000,3554800,2813097.7832789468,200.0,400.0,700.0,0,0,84900,0,0,0
YCSB_VALIDATION,YCSB_A,LARS_FULL,7,16807,19,YCSB_A,190000,200000,10000,3520200,2840747.684790637,300.0,400.0,600.0,0,0,26800,0,0,0
YCSB_VALIDATION,YCSB_A,LARS_FULL,7,16807,20,YCSB_A,200000,210000,10000,3106000,3219575.0160978753,200.0,400.0,500.0,0,0,20400,0,0,0
YCSB_VALIDATION,YCSB_A,LARS_FULL,7,16807,21,YCSB_A,210000,220000,10000,2794900,3577945.543668825,200.0,400.0,500.0,0,0,18200,0,0,0
YCSB_VALIDATION,YCSB_A,LARS_FULL,7,16807,22,YCSB_A,220000,230000,10000,2680100,3731204.0595500167,200.0,300.0,400.0,0,0,4600,0,0,0
YCSB_VALIDATION,YCSB_A,LARS_FULL,7,16807,23,YCSB_A,230000,240000,10000,3187000,3137747.0975839347,200.0,400.0,500.0,0,0,78200,0,0,0
YCSB_VALIDATION,YCSB_A,LARS_FULL,7,16807,24,YCSB_A,240000,250000,10000,2941300,3399857.2059973483,200.0,400.0,500.0,0,0,19600,0,0,0
YCSB_VALIDATION,YCSB_A,LARS_FULL,7,16807,25,YCSB_A,250000,260000,10000,4198300,2381916.49000786,300.0,500.0,700.0,0,0,32900,0,0,0
YCSB_VALIDATION,YCSB_A,LARS_FULL,7,16807,26,YCSB_A,260000,270000,10000,5252900,1903710.3314359686,200.0,400.0,500.0,0,0,188300,0,0,0
YCSB_VALIDATION,YCSB_A,LARS_FULL,7,16807,27,YCSB_A,270000,280000,10000,3541500,2823662.2899901173,300.0,400.0,500.0,0,0,23300,0,0,0
YCSB_VALIDATION,YCSB_A,LARS_FULL,7,16807,28,YCSB_A,280000,290000,10000,4624200,2162536.2224817267,300.0,500.0,600.0,0,0,51100,0,0,0
YCSB_VALIDATION,YCSB_A,LARS_FULL,7,16807,29,YCSB_A,290000,300000,10000,3137600,3187149.413564508,200.0,400.0,500.0,0,0,40300,0,0,0
YCSB_VALIDATION,YCSB_A,LARS_FULL,8,2147483647,0,YCSB_A,0,10000,10000,8904500,1123027.682632377,300.0,700.0,2100.0,0,0,0,0,0,0
YCSB_VALIDATION,YCSB_A,LARS_FULL,8,2147483647,1,YCSB_A,10000,20000,10000,5482100,1824118.4947374181,300.0,500.0,600.0,0,0,12400,0,0,0
YCSB_VALIDATION,YCSB_A,LARS_FULL,8,2147483647,2,YCSB_A,20000,30000,10000,5012800,1994893.073731248,300.0,500.0,600.0,0,0,0,0,0,0
YCSB_VALIDATION,YCSB_A,LARS_FULL,8,2147483647,3,YCSB_A,30000,40000,10000,5177600,1931396.786155748,300.0,400.0,600.0,0,0,10500,0,0,0
YCSB_VALIDATION,YCSB_A,LARS_FULL,8,2147483647,4,YCSB_A,40000,50000,10000,4947000,2021427.1275520518,300.0,400.0,600.0,0,0,11000,0,0,0
YCSB_VALIDATION,YCSB_A,LARS_FULL,8,2147483647,5,YCSB_A,50000,60000,10000,4806900,2080342.8405001145,300.0,400.0,500.0,0,0,10700,0,0,0
YCSB_VALIDATION,YCSB_A,LARS_FULL,8,2147483647,6,YCSB_A,60000,70000,10000,5036700,1985426.9660690532,300.0,400.0,500.0,0,0,8200,0,0,0
YCSB_VALIDATION,YCSB_A,LARS_FULL,8,2147483647,7,YCSB_A,70000,80000,10000,3388900,2950809.997344271,300.0,400.0,500.0,0,0,14900,0,0,0
YCSB_VALIDATION,YCSB_A,LARS_FULL,8,2147483647,8,YCSB_A,80000,90000,10000,3391100,2948895.6385833505,200.0,400.0,800.0,0,0,16000,0,0,0
YCSB_VALIDATION,YCSB_A,LARS_FULL,8,2147483647,9,YCSB_A,90000,100000,10000,3768400,2653646.109754803,300.0,400.0,600.0,0,0,15700,0,0,0
YCSB_VALIDATION,YCSB_A,LARS_FULL,8,2147483647,10,YCSB_A,100000,110000,10000,3526600,2835592.3552430104,200.0,400.0,500.0,0,0,9700,0,0,0
YCSB_VALIDATION,YCSB_A,LARS_FULL,8,2147483647,11,YCSB_A,110000,120000,10000,3348100,2986768.6150353933,200.0,400.0,600.0,0,0,19000,0,0,0
YCSB_VALIDATION,YCSB_A,LARS_FULL,8,2147483647,12,YCSB_A,120000,130000,10000,3038100,3291530.8910174123,200.0,400.0,500.0,0,0,12300,0,0,0
YCSB_VALIDATION,YCSB_A,LARS_FULL,8,2147483647,13,YCSB_A,130000,140000,10000,4029400,2481759.070829404,200.0,400.0,500.0,0,0,25500,0,0,0
YCSB_VALIDATION,YCSB_A,LARS_FULL,8,2147483647,14,YCSB_A,140000,150000,10000,2996500,3337226.764558652,200.0,400.0,500.0,0,0,7800,0,0,0
YCSB_VALIDATION,YCSB_A,LARS_FULL,8,2147483647,15,YCSB_A,150000,160000,10000,2857700,3499317.633061553,200.0,400.0,500.0,0,0,12600,0,0,0
YCSB_VALIDATION,YCSB_A,LARS_FULL,8,2147483647,16,YCSB_A,160000,170000,10000,3134200,3190606.853423521,200.0,400.0,500.0,0,0,9600,0,0,0
YCSB_VALIDATION,YCSB_A,LARS_FULL,8,2147483647,17,YCSB_A,170000,180000,10000,3161700,3162855.425878483,200.0,400.0,500.0,0,0,13000,0,0,0
YCSB_VALIDATION,YCSB_A,LARS_FULL,8,2147483647,18,YCSB_A,180000,190000,10000,3331100,3002011.347602894,200.0,400.0,500.0,0,0,69500,0,0,0
YCSB_VALIDATION,YCSB_A,LARS_FULL,8,2147483647,19,YCSB_A,190000,200000,10000,3122000,3203074.951953876,200.0,400.0,500.0,0,0,27600,0,0,0
YCSB_VALIDATION,YCSB_A,LARS_FULL,8,2147483647,20,YCSB_A,200000,210000,10000,3268400,3059601.0280259456,200.0,400.0,800.0,0,0,17400,0,0,0
YCSB_VALIDATION,YCSB_A,LARS_FULL,8,2147483647,21,YCSB_A,210000,220000,10000,3209500,3115750.1168406294,200.0,400.0,500.0,0,0,17300,0,0,0
YCSB_VALIDATION,YCSB_A,LARS_FULL,8,2147483647,22,YCSB_A,220000,230000,10000,2885600,3465483.7815359025,200.0,400.0,500.0,0,0,0,0,0,0
YCSB_VALIDATION,YCSB_A,LARS_FULL,8,2147483647,23,YCSB_A,230000,240000,10000,2849300,3509633.945179518,200.0,300.0,400.0,0,0,35400,0,0,0
YCSB_VALIDATION,YCSB_A,LARS_FULL,8,2147483647,24,YCSB_A,240000,250000,10000,2624900,3809668.939769134,200.0,300.0,400.0,0,0,13900,0,0,0
YCSB_VALIDATION,YCSB_A,LARS_FULL,8,2147483647,25,YCSB_A,250000,260000,10000,3095800,3230182.8283480844,200.0,400.0,500.0,0,0,118500,0,0,0
YCSB_VALIDATION,YCSB_A,LARS_FULL,8,2147483647,26,YCSB_A,260000,270000,10000,5011800,1995291.112973383,200.0,400.0,500.0,0,0,30200,0,0,0
YCSB_VALIDATION,YCSB_A,LARS_FULL,8,2147483647,27,YCSB_A,270000,280000,10000,3102500,3223207.0910556004,200.0,400.0,500.0,0,0,81400,0,0,0
YCSB_VALIDATION,YCSB_A,LARS_FULL,8,2147483647,28,YCSB_A,280000,290000,10000,2866700,3488331.531028709,200.0,400.0,500.0,0,0,24900,0,0,0
YCSB_VALIDATION,YCSB_A,LARS_FULL,8,2147483647,29,YCSB_A,290000,300000,10000,2767200,3613761.2026597285,200.0,300.0,400.0,0,0,31200,0,0,0
YCSB_VALIDATION,YCSB_A,LARS_FULL,9,6364136223846793005,0,YCSB_A,0,10000,10000,8670700,1153309.4213846633,300.0,700.0,2100.0,0,0,0,0,0,0
YCSB_VALIDATION,YCSB_A,LARS_FULL,9,6364136223846793005,1,YCSB_A,10000,20000,10000,5949500,1680813.5137406504,300.0,500.0,700.0,0,0,21200,0,0,0
YCSB_VALIDATION,YCSB_A,LARS_FULL,9,6364136223846793005,2,YCSB_A,20000,30000,10000,5069500,1972581.1223986587,300.0,500.0,600.0,0,0,0,0,0,0
YCSB_VALIDATION,YCSB_A,LARS_FULL,9,6364136223846793005,3,YCSB_A,30000,40000,10000,5200300,1922965.9827317654,300.0,400.0,600.0,0,0,10400,0,0,0
YCSB_VALIDATION,YCSB_A,LARS_FULL,9,6364136223846793005,4,YCSB_A,40000,50000,10000,4889200,2045324.3884480079,300.0,400.0,600.0,0,0,10000,0,0,0
YCSB_VALIDATION,YCSB_A,LARS_FULL,9,6364136223846793005,5,YCSB_A,50000,60000,10000,4538600,2203322.610496629,200.0,400.0,500.0,0,0,10900,0,0,0
YCSB_VALIDATION,YCSB_A,LARS_FULL,9,6364136223846793005,6,YCSB_A,60000,70000,10000,5364700,1864037.1316196618,300.0,500.0,700.0,0,0,8600,0,0,0
YCSB_VALIDATION,YCSB_A,LARS_FULL,9,6364136223846793005,7,YCSB_A,70000,80000,10000,3166600,3157961.2202362153,200.0,400.0,500.0,0,0,25900,0,0,0
YCSB_VALIDATION,YCSB_A,LARS_FULL,9,6364136223846793005,8,YCSB_A,80000,90000,10000,2973100,3363492.650768558,200.0,400.0,500.0,0,0,0,0,0,0
YCSB_VALIDATION,YCSB_A,LARS_FULL,9,6364136223846793005,9,YCSB_A,90000,100000,10000,4362000,2292526.3640531865,300.0,500.0,700.0,0,0,44200,0,0,0
YCSB_VALIDATION,YCSB_A,LARS_FULL,9,6364136223846793005,10,YCSB_A,100000,110000,10000,3936000,2540650.4065040653,300.0,500.0,600.0,0,0,0,0,0,0
YCSB_VALIDATION,YCSB_A,LARS_FULL,9,6364136223846793005,11,YCSB_A,110000,120000,10000,3139500,3185220.5765249245,200.0,400.0,500.0,0,0,15800,0,0,0
YCSB_VALIDATION,YCSB_A,LARS_FULL,9,6364136223846793005,12,YCSB_A,120000,130000,10000,3232200,3093867.9537157356,200.0,400.0,500.0,0,0,18100,0,0,0
YCSB_VALIDATION,YCSB_A,LARS_FULL,9,6364136223846793005,13,YCSB_A,130000,140000,10000,4063100,2461174.964928257,200.0,400.0,500.0,0,0,31700,0,0,0
YCSB_VALIDATION,YCSB_A,LARS_FULL,9,6364136223846793005,14,YCSB_A,140000,150000,10000,3183900,3140802.1608718866,200.0,400.0,500.0,0,0,18100,0,0,0
YCSB_VALIDATION,YCSB_A,LARS_FULL,9,6364136223846793005,15,YCSB_A,150000,160000,10000,3113500,3211819.495744339,200.0,400.0,500.0,0,0,14700,0,0,0
YCSB_VALIDATION,YCSB_A,LARS_FULL,9,6364136223846793005,16,YCSB_A,160000,170000,10000,3159200,3165358.318561661,200.0,400.0,500.0,0,0,8300,0,0,0
YCSB_VALIDATION,YCSB_A,LARS_FULL,9,6364136223846793005,17,YCSB_A,170000,180000,10000,3094900,3231122.1687291996,200.0,400.0,500.0,0,0,11800,0,0,0
YCSB_VALIDATION,YCSB_A,LARS_FULL,9,6364136223846793005,18,YCSB_A,180000,190000,10000,3470200,2881678.2894357676,200.0,400.0,500.0,0,0,52700,0,0,0
YCSB_VALIDATION,YCSB_A,LARS_FULL,9,6364136223846793005,19,YCSB_A,190000,200000,10000,2858000,3498950.3149055284,200.0,400.0,500.0,0,0,20100,0,0,0
YCSB_VALIDATION,YCSB_A,LARS_FULL,9,6364136223846793005,20,YCSB_A,200000,210000,10000,2702000,3700962.250185048,200.0,300.0,400.0,0,0,15400,0,0,0
YCSB_VALIDATION,YCSB_A,LARS_FULL,9,6364136223846793005,21,YCSB_A,210000,220000,10000,3898800,2564891.761567662,200.0,500.0,800.0,0,0,47900,0,0,0
YCSB_VALIDATION,YCSB_A,LARS_FULL,9,6364136223846793005,22,YCSB_A,220000,230000,10000,2634700,3795498.538733063,200.0,300.0,400.0,0,0,7300,0,0,0
YCSB_VALIDATION,YCSB_A,LARS_FULL,9,6364136223846793005,23,YCSB_A,230000,240000,10000,3340300,2993743.0769691346,200.0,300.0,400.0,0,0,20300,0,0,0
YCSB_VALIDATION,YCSB_A,LARS_FULL,9,6364136223846793005,24,YCSB_A,240000,250000,10000,2632900,3798093.3571347184,200.0,300.0,400.0,0,0,14400,0,0,0
YCSB_VALIDATION,YCSB_A,LARS_FULL,9,6364136223846793005,25,YCSB_A,250000,260000,10000,2793900,3579226.1713017644,200.0,400.0,500.0,0,0,9000,0,0,0
YCSB_VALIDATION,YCSB_A,LARS_FULL,9,6364136223846793005,26,YCSB_A,260000,270000,10000,4468900,2237687.126585961,200.0,300.0,400.0,0,0,25400,0,0,0
YCSB_VALIDATION,YCSB_A,LARS_FULL,9,6364136223846793005,27,YCSB_A,270000,280000,10000,3333500,2999850.007499625,200.0,400.0,600.0,0,0,119100,0,0,0
YCSB_VALIDATION,YCSB_A,LARS_FULL,9,6364136223846793005,28,YCSB_A,280000,290000,10000,3549600,2817218.841559612,200.0,400.0,800.0,0,0,16800,0,0,0
YCSB_VALIDATION,YCSB_A,LARS_FULL,9,6364136223846793005,29,YCSB_A,290000,300000,10000,2984500,3350644.9991623387,200.0,400.0,500.0,0,0,38000,0,0,0
YCSB_VALIDATION,YCSB_A,LARS_MONITOR_ONLY,0,1103515245,0,YCSB_A,0,10000,10000,9327500,1072098.6330742429,300.0,700.0,2400.0,0,0,0,0,0,0
YCSB_VALIDATION,YCSB_A,LARS_MONITOR_ONLY,0,1103515245,1,YCSB_A,10000,20000,10000,5507100,1815837.736739845,300.0,500.0,600.0,0,0,12400,0,0,0
YCSB_VALIDATION,YCSB_A,LARS_MONITOR_ONLY,0,1103515245,2,YCSB_A,20000,30000,10000,5032900,1986926.0267440244,300.0,500.0,600.0,0,0,0,0,0,0
YCSB_VALIDATION,YCSB_A,LARS_MONITOR_ONLY,0,1103515245,3,YCSB_A,30000,40000,10000,5072900,1971259.0431508604,300.0,400.0,600.0,0,0,10500,0,0,0
YCSB_VALIDATION,YCSB_A,LARS_MONITOR_ONLY,0,1103515245,4,YCSB_A,40000,50000,10000,5005500,1997802.417340925,300.0,400.0,600.0,0,0,9100,0,0,0
YCSB_VALIDATION,YCSB_A,LARS_MONITOR_ONLY,0,1103515245,5,YCSB_A,50000,60000,10000,4898300,2041524.6105791805,300.0,400.0,500.0,0,0,22700,0,0,0
YCSB_VALIDATION,YCSB_A,LARS_MONITOR_ONLY,0,1103515245,6,YCSB_A,60000,70000,10000,5199400,1923298.842174097,300.0,400.0,600.0,0,0,0,0,0,0
YCSB_VALIDATION,YCSB_A,LARS_MONITOR_ONLY,0,1103515245,7,YCSB_A,70000,80000,10000,3479800,2873728.375193977,300.0,400.0,500.0,0,0,14200,0,0,0
YCSB_VALIDATION,YCSB_A,LARS_MONITOR_ONLY,0,1103515245,8,YCSB_A,80000,90000,10000,3398900,2942128.3356380006,200.0,400.0,600.0,0,0,21800,0,0,0
YCSB_VALIDATION,YCSB_A,LARS_MONITOR_ONLY,0,1103515245,9,YCSB_A,90000,100000,10000,3507600,2850952.218040826,200.0,400.0,600.0,0,0,26300,0,0,0
YCSB_VALIDATION,YCSB_A,LARS_MONITOR_ONLY,0,1103515245,10,YCSB_A,100000,110000,10000,3264900,3062880.945817636,200.0,400.0,500.0,0,0,8400,0,0,0
YCSB_VALIDATION,YCSB_A,LARS_MONITOR_ONLY,0,1103515245,11,YCSB_A,110000,120000,10000,3206700,3118470.701967755,200.0,400.0,500.0,0,0,25400,0,0,0
YCSB_VALIDATION,YCSB_A,LARS_MONITOR_ONLY,0,1103515245,12,YCSB_A,120000,130000,10000,3190800,3134010.279553717,200.0,400.0,500.0,0,0,0,0,0,0
YCSB_VALIDATION,YCSB_A,LARS_MONITOR_ONLY,0,1103515245,13,YCSB_A,130000,140000,10000,4337200,2305634.9718712536,200.0,400.0,700.0,0,0,33200,0,0,0
YCSB_VALIDATION,YCSB_A,LARS_MONITOR_ONLY,0,1103515245,14,YCSB_A,140000,150000,10000,3111300,3214090.573072349,200.0,400.0,500.0,0,0,17200,0,0,0
YCSB_VALIDATION,YCSB_A,LARS_MONITOR_ONLY,0,1103515245,15,YCSB_A,150000,160000,10000,2905600,3441629.9559471365,200.0,400.0,500.0,0,0,9900,0,0,0
YCSB_VALIDATION,YCSB_A,LARS_MONITOR_ONLY,0,1103515245,16,YCSB_A,160000,170000,10000,3331100,3002011.347602894,200.0,400.0,500.0,0,0,19800,0,0,0
YCSB_VALIDATION,YCSB_A,LARS_MONITOR_ONLY,0,1103515245,17,YCSB_A,170000,180000,10000,3148300,3176317.377632373,200.0,400.0,500.0,0,0,18200,0,0,0
YCSB_VALIDATION,YCSB_A,LARS_MONITOR_ONLY,0,1103515245,18,YCSB_A,180000,190000,10000,3314500,3017046.311660884,200.0,400.0,500.0,0,0,29900,0,0,0
YCSB_VALIDATION,YCSB_A,LARS_MONITOR_ONLY,0,1103515245,19,YCSB_A,190000,200000,10000,3175900,3148713.750432948,200.0,400.0,500.0,0,0,32100,0,0,0
YCSB_VALIDATION,YCSB_A,LARS_MONITOR_ONLY,0,1103515245,20,YCSB_A,200000,210000,10000,3333400,2999940.001199976,200.0,400.0,700.0,0,0,12000,0,0,0
YCSB_VALIDATION,YCSB_A,LARS_MONITOR_ONLY,0,1103515245,21,YCSB_A,210000,220000,10000,3086200,3240230.704426155,200.0,400.0,500.0,0,0,27100,0,0,0
YCSB_VALIDATION,YCSB_A,LARS_MONITOR_ONLY,0,1103515245,22,YCSB_A,220000,230000,10000,3017300,3314221.323699997,200.0,400.0,500.0,0,0,7400,0,0,0
YCSB_VALIDATION,YCSB_A,LARS_MONITOR_ONLY,0,1103515245,23,YCSB_A,230000,240000,10000,2992400,3341799.22470258,200.0,400.0,500.0,0,0,87200,0,0,0
YCSB_VALIDATION,YCSB_A,LARS_MONITOR_ONLY,0,1103515245,24,YCSB_A,240000,250000,10000,2638300,3790319.523935868,200.0,300.0,400.0,0,0,12000,0,0,0
YCSB_VALIDATION,YCSB_A,LARS_MONITOR_ONLY,0,1103515245,25,YCSB_A,250000,260000,10000,2760900,3622007.3164547794,200.0,300.0,400.0,0,0,18500,0,0,0
YCSB_VALIDATION,YCSB_A,LARS_MONITOR_ONLY,0,1103515245,26,YCSB_A,260000,270000,10000,5148300,1942388.7496843617,200.0,400.0,500.0,0,0,65900,0,0,0
YCSB_VALIDATION,YCSB_A,LARS_MONITOR_ONLY,0,1103515245,27,YCSB_A,270000,280000,10000,3240100,3086324.496157526,200.0,400.0,500.0,0,0,187800,0,0,0
YCSB_VALIDATION,YCSB_A,LARS_MONITOR_ONLY,0,1103515245,28,YCSB_A,280000,290000,10000,2764500,3617290.6493036714,200.0,300.0,400.0,0,0,12800,0,0,0
YCSB_VALIDATION,YCSB_A,LARS_MONITOR_ONLY,0,1103515245,29,YCSB_A,290000,300000,10000,2836600,3525347.2467038003,200.0,300.0,400.0,0,0,37200,0,0,0
YCSB_VALIDATION,YCSB_A,LARS_MONITOR_ONLY,1,214013,0,YCSB_A,0,10000,10000,8439400,1184918.3591250563,300.0,600.0,2300.0,0,0,0,0,0,0
YCSB_VALIDATION,YCSB_A,LARS_MONITOR_ONLY,1,214013,1,YCSB_A,10000,20000,10000,5109500,1957138.663274293,300.0,400.0,600.0,0,0,12100,0,0,0
YCSB_VALIDATION,YCSB_A,LARS_MONITOR_ONLY,1,214013,2,YCSB_A,20000,30000,10000,4763400,2099340.806986606,300.0,400.0,500.0,0,0,0,0,0,0
YCSB_VALIDATION,YCSB_A,LARS_MONITOR_ONLY,1,214013,3,YCSB_A,30000,40000,10000,6119000,1634253.9630658603,300.0,500.0,700.0,0,0,10400,0,0,0
YCSB_VALIDATION,YCSB_A,LARS_MONITOR_ONLY,1,214013,4,YCSB_A,40000,50000,10000,4612900,2167833.683799779,300.0,400.0,500.0,0,0,11400,0,0,0
YCSB_VALIDATION,YCSB_A,LARS_MONITOR_ONLY,1,214013,5,YCSB_A,50000,60000,10000,4443100,2250680.830951363,200.0,400.0,500.0,0,0,12900,0,0,0
YCSB_VALIDATION,YCSB_A,LARS_MONITOR_ONLY,1,214013,6,YCSB_A,60000,70000,10000,5097900,1961592.0280899978,300.0,400.0,600.0,0,0,8600,0,0,0
YCSB_VALIDATION,YCSB_A,LARS_MONITOR_ONLY,1,214013,7,YCSB_A,70000,80000,10000,3254300,3072857.450142888,200.0,400.0,500.0,0,0,13600,0,0,0
YCSB_VALIDATION,YCSB_A,LARS_MONITOR_ONLY,1,214013,8,YCSB_A,80000,90000,10000,3167800,3156764.9472820256,200.0,400.0,500.0,0,0,14700,0,0,0
YCSB_VALIDATION,YCSB_A,LARS_MONITOR_ONLY,1,214013,9,YCSB_A,90000,100000,10000,3180900,3143764.343424817,200.0,400.0,500.0,0,0,20800,0,0,0
YCSB_VALIDATION,YCSB_A,LARS_MONITOR_ONLY,1,214013,10,YCSB_A,100000,110000,10000,3544900,2820954.0466585797,200.0,400.0,600.0,0,0,9400,0,0,0
YCSB_VALIDATION,YCSB_A,LARS_MONITOR_ONLY,1,214013,11,YCSB_A,110000,120000,10000,2954600,3384552.9005618356,200.0,400.0,500.0,0,0,10000,0,0,0
YCSB_VALIDATION,YCSB_A,LARS_MONITOR_ONLY,1,214013,12,YCSB_A,120000,130000,10000,3042600,3286662.7226713994,200.0,400.0,500.0,0,0,19900,0,0,0
YCSB_VALIDATION,YCSB_A,LARS_MONITOR_ONLY,1,214013,13,YCSB_A,130000,140000,10000,4076300,2453205.1124794544,200.0,400.0,500.0,0,0,24500,0,0,0
YCSB_VALIDATION,YCSB_A,LARS_MONITOR_ONLY,1,214013,14,YCSB_A,140000,150000,10000,2994700,3339232.644338331,200.0,400.0,500.0,0,0,14100,0,0,0
YCSB_VALIDATION,YCSB_A,LARS_MONITOR_ONLY,1,214013,15,YCSB_A,150000,160000,10000,2938900,3402633.63843615,200.0,400.0,500.0,0,0,14200,0,0,0
YCSB_VALIDATION,YCSB_A,LARS_MONITOR_ONLY,1,214013,16,YCSB_A,160000,170000,10000,3369700,2967623.2305546487,200.0,400.0,700.0,0,0,11800,0,0,0
YCSB_VALIDATION,YCSB_A,LARS_MONITOR_ONLY,1,214013,17,YCSB_A,170000,180000,10000,3153800,3170778.108947936,200.0,400.0,500.0,0,0,19300,0,0,0
YCSB_VALIDATION,YCSB_A,LARS_MONITOR_ONLY,1,214013,18,YCSB_A,180000,190000,10000,2925800,3417868.6171303573,200.0,400.0,500.0,0,0,23500,0,0,0
YCSB_VALIDATION,YCSB_A,LARS_MONITOR_ONLY,1,214013,19,YCSB_A,190000,200000,10000,3076100,3250869.6076200386,200.0,400.0,500.0,0,0,35100,0,0,0
YCSB_VALIDATION,YCSB_A,LARS_MONITOR_ONLY,1,214013,20,YCSB_A,200000,210000,10000,3098600,3227263.925643839,200.0,400.0,700.0,0,0,6900,0,0,0
YCSB_VALIDATION,YCSB_A,LARS_MONITOR_ONLY,1,214013,21,YCSB_A,210000,220000,10000,2804800,3565316.60011409,200.0,300.0,400.0,0,0,25100,0,0,0
YCSB_VALIDATION,YCSB_A,LARS_MONITOR_ONLY,1,214013,22,YCSB_A,220000,230000,10000,2599200,3847337.642351493,200.0,300.0,400.0,0,0,0,0,0,0
YCSB_VALIDATION,YCSB_A,LARS_MONITOR_ONLY,1,214013,23,YCSB_A,230000,240000,10000,2664600,3752908.5040906705,200.0,300.0,400.0,0,0,23300,0,0,0
YCSB_VALIDATION,YCSB_A,LARS_MONITOR_ONLY,1,214013,24,YCSB_A,240000,250000,10000,3039100,3290447.829949656,200.0,400.0,500.0,0,0,46800,0,0,0
YCSB_VALIDATION,YCSB_A,LARS_MONITOR_ONLY,1,214013,25,YCSB_A,250000,260000,10000,3043900,3285259.042675515,200.0,400.0,500.0,0,0,329200,0,0,0
YCSB_VALIDATION,YCSB_A,LARS_MONITOR_ONLY,1,214013,26,YCSB_A,260000,270000,10000,4074400,2454349.106616925,200.0,300.0,400.0,0,0,26100,0,0,0
YCSB_VALIDATION,YCSB_A,LARS_MONITOR_ONLY,1,214013,27,YCSB_A,270000,280000,10000,2792100,3581533.612692955,200.0,300.0,400.0,0,0,336400,0,0,0
YCSB_VALIDATION,YCSB_A,LARS_MONITOR_ONLY,1,214013,28,YCSB_A,280000,290000,10000,2309000,4330879.168471199,200.0,300.0,400.0,0,0,35300,0,0,0
YCSB_VALIDATION,YCSB_A,LARS_MONITOR_ONLY,1,214013,29,YCSB_A,290000,300000,10000,2206200,4532680.627322999,200.0,300.0,400.0,0,0,19800,0,0,0
YCSB_VALIDATION,YCSB_A,LARS_MONITOR_ONLY,2,1664525,0,YCSB_A,0,10000,10000,8672400,1153083.3448641668,300.0,700.0,2400.0,0,0,0,0,0,0
YCSB_VALIDATION,YCSB_A,LARS_MONITOR_ONLY,2,1664525,1,YCSB_A,10000,20000,10000,5129300,1949583.7638664145,300.0,500.0,600.0,0,0,11900,0,0,0
YCSB_VALIDATION,YCSB_A,LARS_MONITOR_ONLY,2,1664525,2,YCSB_A,20000,30000,10000,4755800,2102695.655830775,300.0,400.0,600.0,0,0,0,0,0,0
YCSB_VALIDATION,YCSB_A,LARS_MONITOR_ONLY,2,1664525,3,YCSB_A,30000,40000,10000,5000700,1999720.0391945129,300.0,400.0,500.0,0,0,10200,0,0,0
YCSB_VALIDATION,YCSB_A,LARS_MONITOR_ONLY,2,1664525,4,YCSB_A,40000,50000,10000,4627000,2161227.577263886,300.0,400.0,500.0,0,0,10300,0,0,0
YCSB_VALIDATION,YCSB_A,LARS_MONITOR_ONLY,2,1664525,5,YCSB_A,50000,60000,10000,4686900,2133606.434957008,200.0,400.0,500.0,0,0,20200,0,0,0
YCSB_VALIDATION,YCSB_A,LARS_MONITOR_ONLY,2,1664525,6,YCSB_A,60000,70000,10000,5034500,1986294.5674843579,300.0,400.0,600.0,0,0,0,0,0,0
YCSB_VALIDATION,YCSB_A,LARS_MONITOR_ONLY,2,1664525,7,YCSB_A,70000,80000,10000,3539900,2824938.5575863724,300.0,400.0,600.0,0,0,23500,0,0,0
YCSB_VALIDATION,YCSB_A,LARS_MONITOR_ONLY,2,1664525,8,YCSB_A,80000,90000,10000,3025800,3304911.0978914667,200.0,400.0,500.0,0,0,7800,0,0,0
YCSB_VALIDATION,YCSB_A,LARS_MONITOR_ONLY,2,1664525,9,YCSB_A,90000,100000,10000,3351300,2983916.689046042,200.0,400.0,600.0,0,0,16000,0,0,0
YCSB_VALIDATION,YCSB_A,LARS_MONITOR_ONLY,2,1664525,10,YCSB_A,100000,110000,10000,3327900,3004897.9837134527,200.0,400.0,500.0,0,0,10600,0,0,0
YCSB_VALIDATION,YCSB_A,LARS_MONITOR_ONLY,2,1664525,11,YCSB_A,110000,120000,10000,3414000,2929115.4071470415,200.0,400.0,600.0,0,0,25300,0,0,0
YCSB_VALIDATION,YCSB_A,LARS_MONITOR_ONLY,2,1664525,12,YCSB_A,120000,130000,10000,2987200,3347616.4970540977,200.0,400.0,500.0,0,0,8400,0,0,0
YCSB_VALIDATION,YCSB_A,LARS_MONITOR_ONLY,2,1664525,13,YCSB_A,130000,140000,10000,4350300,2298692.044226835,200.0,400.0,600.0,0,0,36500,0,0,0
YCSB_VALIDATION,YCSB_A,LARS_MONITOR_ONLY,2,1664525,14,YCSB_A,140000,150000,10000,3059700,3268294.2772167204,200.0,400.0,500.0,0,0,12200,0,0,0
YCSB_VALIDATION,YCSB_A,LARS_MONITOR_ONLY,2,1664525,15,YCSB_A,150000,160000,10000,3371600,2965950.8838533633,200.0,400.0,500.0,0,0,28200,0,0,0
YCSB_VALIDATION,YCSB_A,LARS_MONITOR_ONLY,2,1664525,16,YCSB_A,160000,170000,10000,3116800,3208418.8911704314,200.0,400.0,500.0,0,0,0,0,0,0
YCSB_VALIDATION,YCSB_A,LARS_MONITOR_ONLY,2,1664525,17,YCSB_A,170000,180000,10000,3096000,3229974.1602067184,200.0,400.0,500.0,0,0,30200,0,0,0
YCSB_VALIDATION,YCSB_A,LARS_MONITOR_ONLY,2,1664525,18,YCSB_A,180000,190000,10000,3025100,3305675.8454265976,200.0,400.0,500.0,0,0,20800,0,0,0
YCSB_VALIDATION,YCSB_A,LARS_MONITOR_ONLY,2,1664525,19,YCSB_A,190000,200000,10000,3026300,3304365.0662525194,200.0,400.0,500.0,0,0,21800,0,0,0
YCSB_VALIDATION,YCSB_A,LARS_MONITOR_ONLY,2,1664525,20,YCSB_A,200000,210000,10000,3423900,2920646.0469055753,200.0,400.0,500.0,0,0,19000,0,0,0
YCSB_VALIDATION,YCSB_A,LARS_MONITOR_ONLY,2,1664525,21,YCSB_A,210000,220000,10000,2821200,3544590.954203885,200.0,400.0,400.0,0,0,47300,0,0,0
YCSB_VALIDATION,YCSB_A,LARS_MONITOR_ONLY,2,1664525,22,YCSB_A,220000,230000,10000,2525600,3959455.178967374,200.0,300.0,400.0,0,0,0,0,0,0
YCSB_VALIDATION,YCSB_A,LARS_MONITOR_ONLY,2,1664525,23,YCSB_A,230000,240000,10000,2565300,3898179.55015008,200.0,300.0,400.0,0,0,28600,0,0,0
YCSB_VALIDATION,YCSB_A,LARS_MONITOR_ONLY,2,1664525,24,YCSB_A,240000,250000,10000,2455800,4071992.8332926133,200.0,300.0,400.0,0,0,11900,0,0,0
YCSB_VALIDATION,YCSB_A,LARS_MONITOR_ONLY,2,1664525,25,YCSB_A,250000,260000,10000,2995600,3338229.403124583,200.0,300.0,400.0,0,0,130400,0,0,0
YCSB_VALIDATION,YCSB_A,LARS_MONITOR_ONLY,2,1664525,26,YCSB_A,260000,270000,10000,5039400,1984363.217843394,200.0,400.0,500.0,0,0,30800,0,0,0
YCSB_VALIDATION,YCSB_A,LARS_MONITOR_ONLY,2,1664525,27,YCSB_A,270000,280000,10000,2843000,3517411.1853675693,200.0,300.0,500.0,0,0,34500,0,0,0
YCSB_VALIDATION,YCSB_A,LARS_MONITOR_ONLY,2,1664525,28,YCSB_A,280000,290000,10000,2740600,3648836.0213092025,200.0,300.0,400.0,0,0,17500,0,0,0
YCSB_VALIDATION,YCSB_A,LARS_MONITOR_ONLY,2,1664525,29,YCSB_A,290000,300000,10000,2820500,3545470.661230278,200.0,400.0,500.0,0,0,39300,0,0,0
YCSB_VALIDATION,YCSB_A,LARS_MONITOR_ONLY,3,22695477,0,YCSB_A,0,10000,10000,9413900,1062258.9999893773,300.0,700.0,2100.0,0,0,0,0,0,0
YCSB_VALIDATION,YCSB_A,LARS_MONITOR_ONLY,3,22695477,1,YCSB_A,10000,20000,10000,5197700,1923927.8911826385,300.0,500.0,600.0,0,0,0,0,0,0
YCSB_VALIDATION,YCSB_A,LARS_MONITOR_ONLY,3,22695477,2,YCSB_A,20000,30000,10000,4822300,2073699.2721315555,300.0,400.0,600.0,0,0,12300,0,0,0
YCSB_VALIDATION,YCSB_A,LARS_MONITOR_ONLY,3,22695477,3,YCSB_A,30000,40000,10000,5146500,1943068.104537064,300.0,400.0,600.0,0,0,0,0,0,0
YCSB_VALIDATION,YCSB_A,LARS_MONITOR_ONLY,3,22695477,4,YCSB_A,40000,50000,10000,4824500,2072753.653228314,300.0,400.0,600.0,0,0,18500,0,0,0
YCSB_VALIDATION,YCSB_A,LARS_MONITOR_ONLY,3,22695477,5,YCSB_A,50000,60000,10000,4546100,2199687.6443545017,300.0,400.0,500.0,0,0,12100,0,0,0
YCSB_VALIDATION,YCSB_A,LARS_MONITOR_ONLY,3,22695477,6,YCSB_A,60000,70000,10000,4869100,2053767.6367295804,300.0,400.0,500.0,0,0,8100,0,0,0
YCSB_VALIDATION,YCSB_A,LARS_MONITOR_ONLY,3,22695477,7,YCSB_A,70000,80000,10000,3361100,2975216.446996519,200.0,400.0,500.0,0,0,9200,0,0,0
YCSB_VALIDATION,YCSB_A,LARS_MONITOR_ONLY,3,22695477,8,YCSB_A,80000,90000,10000,3321100,3011050.5555388276,200.0,400.0,500.0,0,0,12800,0,0,0
YCSB_VALIDATION,YCSB_A,LARS_MONITOR_ONLY,3,22695477,9,YCSB_A,90000,100000,10000,3982100,2511237.7891062503,300.0,500.0,900.0,0,0,28200,0,0,0
YCSB_VALIDATION,YCSB_A,LARS_MONITOR_ONLY,3,22695477,10,YCSB_A,100000,110000,10000,3485900,2868699.618462951,200.0,400.0,600.0,0,0,11800,0,0,0
YCSB_VALIDATION,YCSB_A,LARS_MONITOR_ONLY,3,22695477,11,YCSB_A,110000,120000,10000,3595100,2781563.795165642,300.0,500.0,600.0,0,0,11700,0,0,0
YCSB_VALIDATION,YCSB_A,LARS_MONITOR_ONLY,3,22695477,12,YCSB_A,120000,130000,10000,3554000,2813731.0073157004,300.0,400.0,600.0,0,0,42500,0,0,0
YCSB_VALIDATION,YCSB_A,LARS_MONITOR_ONLY,3,22695477,13,YCSB_A,130000,140000,10000,4049400,2469501.6545661087,200.0,400.0,500.0,0,0,10700,0,0,0
YCSB_VALIDATION,YCSB_A,LARS_MONITOR_ONLY,3,22695477,14,YCSB_A,140000,150000,10000,3265500,3062318.174858368,200.0,400.0,500.0,0,0,29800,0,0,0
YCSB_VALIDATION,YCSB_A,LARS_MONITOR_ONLY,3,22695477,15,YCSB_A,150000,160000,10000,2993400,3340682.835571591,200.0,400.0,500.0,0,0,0,0,0,0
YCSB_VALIDATION,YCSB_A,LARS_MONITOR_ONLY,3,22695477,16,YCSB_A,160000,170000,10000,3150200,3174401.625293632,200.0,400.0,500.0,0,0,26500,0,0,0
YCSB_VALIDATION,YCSB_A,LARS_MONITOR_ONLY,3,22695477,17,YCSB_A,170000,180000,10000,3174400,3150201.6129032257,200.0,400.0,500.0,0,0,17600,0,0,0
YCSB_VALIDATION,YCSB_A,LARS_MONITOR_ONLY,3,22695477,18,YCSB_A,180000,190000,10000,2991600,3342692.873378794,200.0,400.0,500.0,0,0,38900,0,0,0
YCSB_VALIDATION,YCSB_A,LARS_MONITOR_ONLY,3,22695477,19,YCSB_A,190000,200000,10000,2975700,3360553.8192694155,200.0,400.0,500.0,0,0,0,0,0,0
YCSB_VALIDATION,YCSB_A,LARS_MONITOR_ONLY,3,22695477,20,YCSB_A,200000,210000,10000,2994400,3339567.192091905,200.0,400.0,500.0,0,0,25500,0,0,0
YCSB_VALIDATION,YCSB_A,LARS_MONITOR_ONLY,3,22695477,21,YCSB_A,210000,220000,10000,3059000,3269042.170644001,200.0,400.0,500.0,0,0,13000,0,0,0
YCSB_VALIDATION,YCSB_A,LARS_MONITOR_ONLY,3,22695477,22,YCSB_A,220000,230000,10000,2878900,3473548.924936608,200.0,400.0,500.0,0,0,24100,0,0,0
YCSB_VALIDATION,YCSB_A,LARS_MONITOR_ONLY,3,22695477,23,YCSB_A,230000,240000,10000,2591200,3859215.807347947,200.0,300.0,400.0,0,0,15900,0,0,0
YCSB_VALIDATION,YCSB_A,LARS_MONITOR_ONLY,3,22695477,24,YCSB_A,240000,250000,10000,2665400,3751782.0964958356,200.0,300.0,500.0,0,0,15400,0,0,0
YCSB_VALIDATION,YCSB_A,LARS_MONITOR_ONLY,3,22695477,25,YCSB_A,250000,260000,10000,2699200,3704801.4226437462,200.0,300.0,400.0,0,0,30900,0,0,0
YCSB_VALIDATION,YCSB_A,LARS_MONITOR_ONLY,3,22695477,26,YCSB_A,260000,270000,10000,4638600,2155822.877592377,200.0,400.0,500.0,0,0,23100,0,0,0
YCSB_VALIDATION,YCSB_A,LARS_MONITOR_ONLY,3,22695477,27,YCSB_A,270000,280000,10000,2760500,3622532.149972831,200.0,300.0,400.0,0,0,52200,0,0,0
YCSB_VALIDATION,YCSB_A,LARS_MONITOR_ONLY,3,22695477,28,YCSB_A,280000,290000,10000,2552200,3918188.229762558,200.0,300.0,400.0,0,0,22700,0,0,0
YCSB_VALIDATION,YCSB_A,LARS_MONITOR_ONLY,3,22695477,29,YCSB_A,290000,300000,10000,2520900,3966837.2406680156,200.0,300.0,400.0,0,0,17900,0,0,0
YCSB_VALIDATION,YCSB_A,LARS_MONITOR_ONLY,4,69069,0,YCSB_A,0,10000,10000,9816300,1018713.7719914835,300.0,700.0,3300.0,0,0,0,0,0,0
YCSB_VALIDATION,YCSB_A,LARS_MONITOR_ONLY,4,69069,1,YCSB_A,10000,20000,10000,6065200,1648750.2473125372,300.0,600.0,800.0,0,0,0,0,0,0
YCSB_VALIDATION,YCSB_A,LARS_MONITOR_ONLY,4,69069,2,YCSB_A,20000,30000,10000,6371500,1569489.131287766,300.0,600.0,1000.0,0,0,13700,0,0,0
YCSB_VALIDATION,YCSB_A,LARS_MONITOR_ONLY,4,69069,3,YCSB_A,30000,40000,10000,5975000,1673640.1673640166,300.0,500.0,700.0,0,0,12200,0,0,0
YCSB_VALIDATION,YCSB_A,LARS_MONITOR_ONLY,4,69069,4,YCSB_A,40000,50000,10000,5168400,1934834.7651110594,300.0,500.0,600.0,0,0,12500,0,0,0
YCSB_VALIDATION,YCSB_A,LARS_MONITOR_ONLY,4,69069,5,YCSB_A,50000,60000,10000,4900300,2040691.3862416586,300.0,500.0,600.0,0,0,15100,0,0,0
YCSB_VALIDATION,YCSB_A,LARS_MONITOR_ONLY,4,69069,6,YCSB_A,60000,70000,10000,6146400,1626968.6320447742,300.0,500.0,700.0,0,0,11900,0,0,0
YCSB_VALIDATION,YCSB_A,LARS_MONITOR_ONLY,4,69069,7,YCSB_A,70000,80000,10000,3980800,2512057.877813505,300.0,500.0,600.0,0,0,33100,0,0,0
YCSB_VALIDATION,YCSB_A,LARS_MONITOR_ONLY,4,69069,8,YCSB_A,80000,90000,10000,3516400,2843817.540666591,300.0,500.0,900.0,0,0,0,0,0,0
YCSB_VALIDATION,YCSB_A,LARS_MONITOR_ONLY,4,69069,9,YCSB_A,90000,100000,10000,3807800,2626188.350228478,300.0,500.0,600.0,0,0,37600,0,0,0
YCSB_VALIDATION,YCSB_A,LARS_MONITOR_ONLY,4,69069,10,YCSB_A,100000,110000,10000,3843700,2601659.8589900355,300.0,500.0,600.0,0,0,8700,0,0,0
YCSB_VALIDATION,YCSB_A,LARS_MONITOR_ONLY,4,69069,11,YCSB_A,110000,120000,10000,3670500,2724424.465331699,300.0,500.0,600.0,0,0,0,0,0,0
YCSB_VALIDATION,YCSB_A,LARS_MONITOR_ONLY,4,69069,12,YCSB_A,120000,130000,10000,3547200,2819124.9436175013,200.0,400.0,500.0,0,0,34800,0,0,0
YCSB_VALIDATION,YCSB_A,LARS_MONITOR_ONLY,4,69069,13,YCSB_A,130000,140000,10000,4547600,2198962.08989357,300.0,500.0,700.0,0,0,32800,0,0,0
YCSB_VALIDATION,YCSB_A,LARS_MONITOR_ONLY,4,69069,14,YCSB_A,140000,150000,10000,3134500,3190301.48349019,200.0,400.0,500.0,0,0,17200,0,0,0
YCSB_VALIDATION,YCSB_A,LARS_MONITOR_ONLY,4,69069,15,YCSB_A,150000,160000,10000,2960200,3378150.1249915548,200.0,400.0,500.0,0,0,14900,0,0,0
YCSB_VALIDATION,YCSB_A,LARS_MONITOR_ONLY,4,69069,16,YCSB_A,160000,170000,10000,2939000,3402517.863218782,200.0,400.0,500.0,0,0,8100,0,0,0
YCSB_VALIDATION,YCSB_A,LARS_MONITOR_ONLY,4,69069,17,YCSB_A,170000,180000,10000,3122900,3202151.8460405394,200.0,400.0,500.0,0,0,26000,0,0,0
YCSB_VALIDATION,YCSB_A,LARS_MONITOR_ONLY,4,69069,18,YCSB_A,180000,190000,10000,3088900,3237398.4266243647,200.0,400.0,500.0,0,0,22400,0,0,0
YCSB_VALIDATION,YCSB_A,LARS_MONITOR_ONLY,4,69069,19,YCSB_A,190000,200000,10000,3425200,2919537.545252832,200.0,400.0,500.0,0,0,37400,0,0,0
YCSB_VALIDATION,YCSB_A,LARS_MONITOR_ONLY,4,69069,20,YCSB_A,200000,210000,10000,3672600,2722866.633992267,200.0,400.0,1000.0,0,0,32200,0,0,0
YCSB_VALIDATION,YCSB_A,LARS_MONITOR_ONLY,4,69069,21,YCSB_A,210000,220000,10000,3064800,3262855.651265988,200.0,400.0,500.0,0,0,14700,0,0,0
YCSB_VALIDATION,YCSB_A,LARS_MONITOR_ONLY,4,69069,22,YCSB_A,220000,230000,10000,3351600,2983649.6001909534,200.0,400.0,500.0,0,0,11400,0,0,0
YCSB_VALIDATION,YCSB_A,LARS_MONITOR_ONLY,4,69069,23,YCSB_A,230000,240000,10000,2966700,3370748.643273671,200.0,400.0,500.0,0,0,32200,0,0,0
YCSB_VALIDATION,YCSB_A,LARS_MONITOR_ONLY,4,69069,24,YCSB_A,240000,250000,10000,2755500,3629105.425512611,200.0,400.0,400.0,0,0,12700,0,0,0
YCSB_VALIDATION,YCSB_A,LARS_MONITOR_ONLY,4,69069,25,YCSB_A,250000,260000,10000,3143100,3181572.333046992,200.0,400.0,500.0,0,0,152000,0,0,0
YCSB_VALIDATION,YCSB_A,LARS_MONITOR_ONLY,4,69069,26,YCSB_A,260000,270000,10000,5092600,1963633.507442171,200.0,400.0,500.0,0,0,144100,0,0,0
YCSB_VALIDATION,YCSB_A,LARS_MONITOR_ONLY,4,69069,27,YCSB_A,270000,280000,10000,3396400,2944293.9583087973,200.0,400.0,500.0,0,0,245600,0,0,0
YCSB_VALIDATION,YCSB_A,LARS_MONITOR_ONLY,4,69069,28,YCSB_A,280000,290000,10000,2719900,3676605.7575646164,200.0,300.0,400.0,0,0,17600,0,0,0
YCSB_VALIDATION,YCSB_A,LARS_MONITOR_ONLY,4,69069,29,YCSB_A,290000,300000,10000,2704000,3698224.852071006,200.0,300.0,400.0,0,0,21800,0,0,0
YCSB_VALIDATION,YCSB_A,LARS_MONITOR_ONLY,5,48271,0,YCSB_A,0,10000,10000,8908900,1122473.0325853922,300.0,600.0,2100.0,0,0,0,0,0,0
YCSB_VALIDATION,YCSB_A,LARS_MONITOR_ONLY,5,48271,1,YCSB_A,10000,20000,10000,5336300,1873957.6110788374,300.0,500.0,600.0,0,0,12200,0,0,0
YCSB_VALIDATION,YCSB_A,LARS_MONITOR_ONLY,5,48271,2,YCSB_A,20000,30000,10000,4870800,2053050.8335386384,300.0,400.0,600.0,0,0,0,0,0,0
YCSB_VALIDATION,YCSB_A,LARS_MONITOR_ONLY,5,48271,3,YCSB_A,30000,40000,10000,5438200,1838843.7350593947,300.0,500.0,700.0,0,0,10500,0,0,0
YCSB_VALIDATION,YCSB_A,LARS_MONITOR_ONLY,5,48271,4,YCSB_A,40000,50000,10000,4790200,2087595.5074944678,300.0,400.0,600.0,0,0,9300,0,0,0
YCSB_VALIDATION,YCSB_A,LARS_MONITOR_ONLY,5,48271,5,YCSB_A,50000,60000,10000,4748700,2105839.49291385,300.0,400.0,500.0,0,0,18600,0,0,0
YCSB_VALIDATION,YCSB_A,LARS_MONITOR_ONLY,5,48271,6,YCSB_A,60000,70000,10000,5145300,1943521.2718403202,300.0,400.0,600.0,0,0,9300,0,0,0
YCSB_VALIDATION,YCSB_A,LARS_MONITOR_ONLY,5,48271,7,YCSB_A,70000,80000,10000,3574400,2797672.3366159354,300.0,400.0,500.0,0,0,26000,0,0,0
YCSB_VALIDATION,YCSB_A,LARS_MONITOR_ONLY,5,48271,8,YCSB_A,80000,90000,10000,2882100,3469692.2382984627,200.0,400.0,500.0,0,0,0,0,0,0
YCSB_VALIDATION,YCSB_A,LARS_MONITOR_ONLY,5,48271,9,YCSB_A,90000,100000,10000,3374600,2963314.1705683637,200.0,400.0,600.0,0,0,30700,0,0,0
YCSB_VALIDATION,YCSB_A,LARS_MONITOR_ONLY,5,48271,10,YCSB_A,100000,110000,10000,3436700,2909768.0914831087,200.0,400.0,500.0,0,0,6500,0,0,0
YCSB_VALIDATION,YCSB_A,LARS_MONITOR_ONLY,5,48271,11,YCSB_A,110000,120000,10000,3360700,2975570.5656559644,200.0,400.0,500.0,0,0,14900,0,0,0
YCSB_VALIDATION,YCSB_A,LARS_MONITOR_ONLY,5,48271,12,YCSB_A,120000,130000,10000,3227900,3097989.4048762354,200.0,400.0,500.0,0,0,20500,0,0,0
YCSB_VALIDATION,YCSB_A,LARS_MONITOR_ONLY,5,48271,13,YCSB_A,130000,140000,10000,4707500,2124269.782262347,200.0,400.0,600.0,0,0,38300,0,0,0
YCSB_VALIDATION,YCSB_A,LARS_MONITOR_ONLY,5,48271,14,YCSB_A,140000,150000,10000,3137400,3187352.584942946,200.0,400.0,500.0,0,0,13200,0,0,0
YCSB_VALIDATION,YCSB_A,LARS_MONITOR_ONLY,5,48271,15,YCSB_A,150000,160000,10000,2997700,3335890.8496513995,200.0,400.0,500.0,0,0,19100,0,0,0
YCSB_VALIDATION,YCSB_A,LARS_MONITOR_ONLY,5,48271,16,YCSB_A,160000,170000,10000,3377700,2960594.4873730647,200.0,400.0,500.0,0,0,10200,0,0,0
YCSB_VALIDATION,YCSB_A,LARS_MONITOR_ONLY,5,48271,17,YCSB_A,170000,180000,10000,2964000,3373819.1632928476,200.0,400.0,500.0,0,0,19300,0,0,0
YCSB_VALIDATION,YCSB_A,LARS_MONITOR_ONLY,5,48271,18,YCSB_A,180000,190000,10000,2885000,3466204.506065858,200.0,400.0,500.0,0,0,27100,0,0,0
YCSB_VALIDATION,YCSB_A,LARS_MONITOR_ONLY,5,48271,19,YCSB_A,190000,200000,10000,3122800,3202254.38708851,200.0,400.0,700.0,0,0,21200,0,0,0
YCSB_VALIDATION,YCSB_A,LARS_MONITOR_ONLY,5,48271,20,YCSB_A,200000,210000,10000,3042700,3286554.70470306,200.0,400.0,500.0,0,0,13400,0,0,0
YCSB_VALIDATION,YCSB_A,LARS_MONITOR_ONLY,5,48271,21,YCSB_A,210000,220000,10000,2829500,3534193.3203746243,200.0,400.0,500.0,0,0,15900,0,0,0
YCSB_VALIDATION,YCSB_A,LARS_MONITOR_ONLY,5,48271,22,YCSB_A,220000,230000,10000,2640700,3786874.692316431,200.0,300.0,400.0,0,0,60800,0,0,0
YCSB_VALIDATION,YCSB_A,LARS_MONITOR_ONLY,5,48271,23,YCSB_A,230000,240000,10000,2537800,3940420.8369453857,200.0,300.0,400.0,0,0,26300,0,0,0
YCSB_VALIDATION,YCSB_A,LARS_MONITOR_ONLY,5,48271,24,YCSB_A,240000,250000,10000,2500800,3998720.40946897,200.0,300.0,400.0,0,0,8500,0,0,0
YCSB_VALIDATION,YCSB_A,LARS_MONITOR_ONLY,5,48271,25,YCSB_A,250000,260000,10000,2981200,3354353.951428955,200.0,300.0,400.0,0,0,190100,0,0,0
YCSB_VALIDATION,YCSB_A,LARS_MONITOR_ONLY,5,48271,26,YCSB_A,260000,270000,10000,4368400,2289167.658639319,200.0,300.0,400.0,0,0,23900,0,0,0
YCSB_VALIDATION,YCSB_A,LARS_MONITOR_ONLY,5,48271,27,YCSB_A,270000,280000,10000,2694100,3711814.706209866,200.0,300.0,400.0,0,0,28600,0,0,0
YCSB_VALIDATION,YCSB_A,LARS_MONITOR_ONLY,5,48271,28,YCSB_A,280000,290000,10000,2566300,3896660.561898453,200.0,300.0,400.0,0,0,16100,0,0,0
YCSB_VALIDATION,YCSB_A,LARS_MONITOR_ONLY,5,48271,29,YCSB_A,290000,300000,10000,2664900,3752486.021989568,200.0,300.0,400.0,0,0,35500,0,0,0
YCSB_VALIDATION,YCSB_A,LARS_MONITOR_ONLY,6,134775813,0,YCSB_A,0,10000,10000,7955200,1257039.420756235,300.0,600.0,2000.0,0,0,0,0,0,0
YCSB_VALIDATION,YCSB_A,LARS_MONITOR_ONLY,6,134775813,1,YCSB_A,10000,20000,10000,5188200,1927450.7536332447,300.0,400.0,600.0,0,0,11200,0,0,0
YCSB_VALIDATION,YCSB_A,LARS_MONITOR_ONLY,6,134775813,2,YCSB_A,20000,30000,10000,4701500,2126980.750824205,300.0,400.0,500.0,0,0,0,0,0,0
YCSB_VALIDATION,YCSB_A,LARS_MONITOR_ONLY,6,134775813,3,YCSB_A,30000,40000,10000,5077100,1969628.331133915,300.0,400.0,500.0,0,0,9000,0,0,0
YCSB_VALIDATION,YCSB_A,LARS_MONITOR_ONLY,6,134775813,4,YCSB_A,40000,50000,10000,4559100,2193415.3670680616,200.0,400.0,500.0,0,0,9800,0,0,0
YCSB_VALIDATION,YCSB_A,LARS_MONITOR_ONLY,6,134775813,5,YCSB_A,50000,60000,10000,4228700,2364792.962376144,200.0,400.0,500.0,0,0,11700,0,0,0
YCSB_VALIDATION,YCSB_A,LARS_MONITOR_ONLY,6,134775813,6,YCSB_A,60000,70000,10000,5067300,1973437.5308349614,300.0,400.0,600.0,0,0,7900,0,0,0
YCSB_VALIDATION,YCSB_A,LARS_MONITOR_ONLY,6,134775813,7,YCSB_A,70000,80000,10000,3257200,3070121.576814442,200.0,400.0,500.0,0,0,11900,0,0,0
YCSB_VALIDATION,YCSB_A,LARS_MONITOR_ONLY,6,134775813,8,YCSB_A,80000,90000,10000,2989300,3345264.7777071553,200.0,400.0,500.0,0,0,16300,0,0,0
YCSB_VALIDATION,YCSB_A,LARS_MONITOR_ONLY,6,134775813,9,YCSB_A,90000,100000,10000,3390700,2949243.519037367,200.0,400.0,600.0,0,0,22500,0,0,0
YCSB_VALIDATION,YCSB_A,LARS_MONITOR_ONLY,6,134775813,10,YCSB_A,100000,110000,10000,3399800,2941349.491146538,200.0,400.0,600.0,0,0,10500,0,0,0
YCSB_VALIDATION,YCSB_A,LARS_MONITOR_ONLY,6,134775813,11,YCSB_A,110000,120000,10000,2946800,3393511.605809692,200.0,400.0,500.0,0,0,14000,0,0,0
YCSB_VALIDATION,YCSB_A,LARS_MONITOR_ONLY,6,134775813,12,YCSB_A,120000,130000,10000,3065200,3262429.8577580582,200.0,400.0,500.0,0,0,15800,0,0,0
YCSB_VALIDATION,YCSB_A,LARS_MONITOR_ONLY,6,134775813,13,YCSB_A,130000,140000,10000,4004000,2497502.4975024974,200.0,400.0,500.0,0,0,25100,0,0,0
YCSB_VALIDATION,YCSB_A,LARS_MONITOR_ONLY,6,134775813,14,YCSB_A,140000,150000,10000,3216200,3109259.374417014,200.0,400.0,500.0,0,0,31100,0,0,0
YCSB_VALIDATION,YCSB_A,LARS_MONITOR_ONLY,6,134775813,15,YCSB_A,150000,160000,10000,3013300,3318620.781203332,200.0,400.0,500.0,0,0,8900,0,0,0
YCSB_VALIDATION,YCSB_A,LARS_MONITOR_ONLY,6,134775813,16,YCSB_A,160000,170000,10000,2990300,3344146.0723004383,200.0,400.0,500.0,0,0,10000,0,0,0
YCSB_VALIDATION,YCSB_A,LARS_MONITOR_ONLY,6,134775813,17,YCSB_A,170000,180000,10000,2918300,3426652.5031696535,200.0,400.0,500.0,0,0,9700,0,0,0
YCSB_VALIDATION,YCSB_A,LARS_MONITOR_ONLY,6,134775813,18,YCSB_A,180000,190000,10000,3430900,2914687.10833892,200.0,400.0,500.0,0,0,51300,0,0,0
YCSB_VALIDATION,YCSB_A,LARS_MONITOR_ONLY,6,134775813,19,YCSB_A,190000,200000,10000,3036000,3293807.6416337285,200.0,400.0,500.0,0,0,9700,0,0,0
YCSB_VALIDATION,YCSB_A,LARS_MONITOR_ONLY,6,134775813,20,YCSB_A,200000,210000,10000,4005100,2496816.5588874184,300.0,500.0,600.0,0,0,43900,0,0,0
YCSB_VALIDATION,YCSB_A,LARS_MONITOR_ONLY,6,134775813,21,YCSB_A,210000,220000,10000,3086400,3240020.736132711,200.0,400.0,500.0,0,0,10900,0,0,0
YCSB_VALIDATION,YCSB_A,LARS_MONITOR_ONLY,6,134775813,22,YCSB_A,220000,230000,10000,2936200,3405762.5502349976,200.0,400.0,500.0,0,0,37800,0,0,0
YCSB_VALIDATION,YCSB_A,LARS_MONITOR_ONLY,6,134775813,23,YCSB_A,230000,240000,10000,2703500,3698908.8218975402,200.0,400.0,400.0,0,0,0,0,0,0
YCSB_VALIDATION,YCSB_A,LARS_MONITOR_ONLY,6,134775813,24,YCSB_A,240000,250000,10000,3302200,3028284.174186906,200.0,400.0,500.0,0,0,41000,0,0,0
YCSB_VALIDATION,YCSB_A,LARS_MONITOR_ONLY,6,134775813,25,YCSB_A,250000,260000,10000,2607400,3835238.168290251,200.0,300.0,500.0,0,0,185400,0,0,0
YCSB_VALIDATION,YCSB_A,LARS_MONITOR_ONLY,6,134775813,26,YCSB_A,260000,270000,10000,4015100,2490597.992578018,200.0,300.0,400.0,0,0,0,0,0,0
YCSB_VALIDATION,YCSB_A,LARS_MONITOR_ONLY,6,134775813,27,YCSB_A,270000,280000,10000,2514500,3976933.7840524954,200.0,300.0,400.0,0,0,172700,0,0,0
YCSB_VALIDATION,YCSB_A,LARS_MONITOR_ONLY,6,134775813,28,YCSB_A,280000,290000,10000,2125700,4704332.690407866,200.0,300.0,400.0,0,0,12800,0,0,0
YCSB_VALIDATION,YCSB_A,LARS_MONITOR_ONLY,6,134775813,29,YCSB_A,290000,300000,10000,2119000,4719207.173194903,200.0,300.0,400.0,0,0,27800,0,0,0
YCSB_VALIDATION,YCSB_A,LARS_MONITOR_ONLY,7,16807,0,YCSB_A,0,10000,10000,8152400,1226632.6480545606,300.0,600.0,2000.0,0,0,0,0,0,0
YCSB_VALIDATION,YCSB_A,LARS_MONITOR_ONLY,7,16807,1,YCSB_A,10000,20000,10000,5060400,1976128.3692988697,300.0,500.0,600.0,0,0,0,0,0,0
YCSB_VALIDATION,YCSB_A,LARS_MONITOR_ONLY,7,16807,2,YCSB_A,20000,30000,10000,4873000,2052123.9482864765,300.0,400.0,600.0,0,0,11100,0,0,0
YCSB_VALIDATION,YCSB_A,LARS_MONITOR_ONLY,7,16807,3,YCSB_A,30000,40000,10000,5069900,1972425.4916270538,300.0,400.0,500.0,0,0,9200,0,0,0
YCSB_VALIDATION,YCSB_A,LARS_MONITOR_ONLY,7,16807,4,YCSB_A,40000,50000,10000,4301400,2324824.475752081,200.0,400.0,500.0,0,0,10100,0,0,0
YCSB_VALIDATION,YCSB_A,LARS_MONITOR_ONLY,7,16807,5,YCSB_A,50000,60000,10000,4322500,2313475.997686524,200.0,400.0,500.0,0,0,12500,0,0,0
YCSB_VALIDATION,YCSB_A,LARS_MONITOR_ONLY,7,16807,6,YCSB_A,60000,70000,10000,5141000,1945146.8585878233,300.0,400.0,600.0,0,0,9300,0,0,0
YCSB_VALIDATION,YCSB_A,LARS_MONITOR_ONLY,7,16807,7,YCSB_A,70000,80000,10000,3551000,2816108.1385525204,300.0,500.0,800.0,0,0,22200,0,0,0
YCSB_VALIDATION,YCSB_A,LARS_MONITOR_ONLY,7,16807,8,YCSB_A,80000,90000,10000,3004000,3328894.8069241014,200.0,400.0,500.0,0,0,7400,0,0,0
YCSB_VALIDATION,YCSB_A,LARS_MONITOR_ONLY,7,16807,9,YCSB_A,90000,100000,10000,3057900,3270218.1235488406,200.0,400.0,500.0,0,0,13500,0,0,0
YCSB_VALIDATION,YCSB_A,LARS_MONITOR_ONLY,7,16807,10,YCSB_A,100000,110000,10000,3599100,2778472.395876747,200.0,400.0,600.0,0,0,8500,0,0,0
YCSB_VALIDATION,YCSB_A,LARS_MONITOR_ONLY,7,16807,11,YCSB_A,110000,120000,10000,3114900,3210375.935021991,200.0,400.0,500.0,0,0,12600,0,0,0
YCSB_VALIDATION,YCSB_A,LARS_MONITOR_ONLY,7,16807,12,YCSB_A,120000,130000,10000,3009400,3322921.5125938724,200.0,400.0,500.0,0,0,16700,0,0,0
YCSB_VALIDATION,YCSB_A,LARS_MONITOR_ONLY,7,16807,13,YCSB_A,130000,140000,10000,4212300,2373999.9525200007,200.0,400.0,500.0,0,0,20000,0,0,0
YCSB_VALIDATION,YCSB_A,LARS_MONITOR_ONLY,7,16807,14,YCSB_A,140000,150000,10000,3066900,3260621.4744530306,200.0,400.0,500.0,0,0,17900,0,0,0
YCSB_VALIDATION,YCSB_A,LARS_MONITOR_ONLY,7,16807,15,YCSB_A,150000,160000,10000,3157900,3166661.3888976853,200.0,400.0,700.0,0,0,16800,0,0,0
YCSB_VALIDATION,YCSB_A,LARS_MONITOR_ONLY,7,16807,16,YCSB_A,160000,170000,10000,2932100,3410524.879778998,200.0,400.0,500.0,0,0,7600,0,0,0
YCSB_VALIDATION,YCSB_A,LARS_MONITOR_ONLY,7,16807,17,YCSB_A,170000,180000,10000,2895700,3453396.4153745207,200.0,400.0,500.0,0,0,9000,0,0,0
YCSB_VALIDATION,YCSB_A,LARS_MONITOR_ONLY,7,16807,18,YCSB_A,180000,190000,10000,2919300,3425478.7106498135,200.0,400.0,500.0,0,0,37400,0,0,0
YCSB_VALIDATION,YCSB_A,LARS_MONITOR_ONLY,7,16807,19,YCSB_A,190000,200000,10000,3001400,3331778.503365096,200.0,400.0,500.0,0,0,16500,0,0,0
YCSB_VALIDATION,YCSB_A,LARS_MONITOR_ONLY,7,16807,20,YCSB_A,200000,210000,10000,3163900,3160656.1522172005,200.0,400.0,500.0,0,0,15100,0,0,0
YCSB_VALIDATION,YCSB_A,LARS_MONITOR_ONLY,7,16807,21,YCSB_A,210000,220000,10000,2657800,3762510.346903454,200.0,300.0,400.0,0,0,16700,0,0,0
YCSB_VALIDATION,YCSB_A,LARS_MONITOR_ONLY,7,16807,22,YCSB_A,220000,230000,10000,2570100,3890899.18680207,200.0,300.0,400.0,0,0,3900,0,0,0
YCSB_VALIDATION,YCSB_A,LARS_MONITOR_ONLY,7,16807,23,YCSB_A,230000,240000,10000,3155300,3169270.750800241,200.0,400.0,500.0,0,0,96600,0,0,0
YCSB_VALIDATION,YCSB_A,LARS_MONITOR_ONLY,7,16807,24,YCSB_A,240000,250000,10000,2781100,3595699.5433461578,200.0,300.0,400.0,0,0,21900,0,0,0
YCSB_VALIDATION,YCSB_A,LARS_MONITOR_ONLY,7,16807,25,YCSB_A,250000,260000,10000,2963100,3374843.913469002,200.0,400.0,400.0,0,0,88300,0,0,0
YCSB_VALIDATION,YCSB_A,LARS_MONITOR_ONLY,7,16807,26,YCSB_A,260000,270000,10000,4884500,2047292.4557273006,200.0,400.0,500.0,0,0,20700,0,0,0
YCSB_VALIDATION,YCSB_A,LARS_MONITOR_ONLY,7,16807,27,YCSB_A,270000,280000,10000,2859100,3497604.141163303,200.0,400.0,400.0,0,0,153200,0,0,0
YCSB_VALIDATION,YCSB_A,LARS_MONITOR_ONLY,7,16807,28,YCSB_A,280000,290000,10000,2636500,3792907.2634174093,200.0,300.0,400.0,0,0,28400,0,0,0
YCSB_VALIDATION,YCSB_A,LARS_MONITOR_ONLY,7,16807,29,YCSB_A,290000,300000,10000,2963200,3374730.021598272,200.0,400.0,700.0,0,0,47900,0,0,0
YCSB_VALIDATION,YCSB_A,LARS_MONITOR_ONLY,8,2147483647,0,YCSB_A,0,10000,10000,8181800,1222224.9382776406,300.0,600.0,1900.0,0,0,0,0,0,0
YCSB_VALIDATION,YCSB_A,LARS_MONITOR_ONLY,8,2147483647,1,YCSB_A,10000,20000,10000,5546600,1802906.2849313093,300.0,500.0,600.0,0,0,13100,0,0,0
YCSB_VALIDATION,YCSB_A,LARS_MONITOR_ONLY,8,2147483647,2,YCSB_A,20000,30000,10000,5167600,1935134.2983203034,300.0,500.0,600.0,0,0,0,0,0,0
YCSB_VALIDATION,YCSB_A,LARS_MONITOR_ONLY,8,2147483647,3,YCSB_A,30000,40000,10000,5526800,1809365.2746616488,300.0,500.0,600.0,0,0,10200,0,0,0
YCSB_VALIDATION,YCSB_A,LARS_MONITOR_ONLY,8,2147483647,4,YCSB_A,40000,50000,10000,5033000,1986886.5487780648,300.0,400.0,600.0,0,0,10800,0,0,0
YCSB_VALIDATION,YCSB_A,LARS_MONITOR_ONLY,8,2147483647,5,YCSB_A,50000,60000,10000,4513300,2215673.6755810603,200.0,400.0,500.0,0,0,10500,0,0,0
YCSB_VALIDATION,YCSB_A,LARS_MONITOR_ONLY,8,2147483647,6,YCSB_A,60000,70000,10000,5457200,1832441.545114711,300.0,500.0,600.0,0,0,7900,0,0,0
YCSB_VALIDATION,YCSB_A,LARS_MONITOR_ONLY,8,2147483647,7,YCSB_A,70000,80000,10000,3368300,2968856.693287415,200.0,400.0,500.0,0,0,14300,0,0,0
YCSB_VALIDATION,YCSB_A,LARS_MONITOR_ONLY,8,2147483647,8,YCSB_A,80000,90000,10000,3310700,3020509.257860875,200.0,400.0,500.0,0,0,22200,0,0,0
YCSB_VALIDATION,YCSB_A,LARS_MONITOR_ONLY,8,2147483647,9,YCSB_A,90000,100000,10000,3579600,2793608.2243826124,200.0,500.0,1000.0,0,0,16000,0,0,0
YCSB_VALIDATION,YCSB_A,LARS_MONITOR_ONLY,8,2147483647,10,YCSB_A,100000,110000,10000,3618200,2763805.20700901,300.0,400.0,600.0,0,0,10600,0,0,0
YCSB_VALIDATION,YCSB_A,LARS_MONITOR_ONLY,8,2147483647,11,YCSB_A,110000,120000,10000,3379200,2959280.303030303,200.0,400.0,500.0,0,0,17400,0,0,0
YCSB_VALIDATION,YCSB_A,LARS_MONITOR_ONLY,8,2147483647,12,YCSB_A,120000,130000,10000,3586500,2788233.6539802034,300.0,400.0,500.0,0,0,17000,0,0,0
YCSB_VALIDATION,YCSB_A,LARS_MONITOR_ONLY,8,2147483647,13,YCSB_A,130000,140000,10000,4149600,2409870.8309234623,200.0,400.0,500.0,0,0,28900,0,0,0
YCSB_VALIDATION,YCSB_A,LARS_MONITOR_ONLY,8,2147483647,14,YCSB_A,140000,150000,10000,3387400,2952116.6676507057,200.0,400.0,500.0,0,0,9700,0,0,0
YCSB_VALIDATION,YCSB_A,LARS_MONITOR_ONLY,8,2147483647,15,YCSB_A,150000,160000,10000,3038300,3291314.221768752,200.0,400.0,500.0,0,0,16800,0,0,0
YCSB_VALIDATION,YCSB_A,LARS_MONITOR_ONLY,8,2147483647,16,YCSB_A,160000,170000,10000,4017600,2489048.187972919,300.0,500.0,800.0,0,0,30900,0,0,0
YCSB_VALIDATION,YCSB_A,LARS_MONITOR_ONLY,8,2147483647,17,YCSB_A,170000,180000,10000,3116100,3209139.6296652867,200.0,400.0,500.0,0,0,12900,0,0,0
YCSB_VALIDATION,YCSB_A,LARS_MONITOR_ONLY,8,2147483647,18,YCSB_A,180000,190000,10000,3182600,3142085.087664174,200.0,400.0,500.0,0,0,37200,0,0,0
YCSB_VALIDATION,YCSB_A,LARS_MONITOR_ONLY,8,2147483647,19,YCSB_A,190000,200000,10000,3174600,3150003.15000315,200.0,400.0,500.0,0,0,24600,0,0,0
YCSB_VALIDATION,YCSB_A,LARS_MONITOR_ONLY,8,2147483647,20,YCSB_A,200000,210000,10000,3035100,3294784.356363876,200.0,400.0,500.0,0,0,21100,0,0,0
YCSB_VALIDATION,YCSB_A,LARS_MONITOR_ONLY,8,2147483647,21,YCSB_A,210000,220000,10000,3114600,3210685.1602131897,200.0,400.0,500.0,0,0,21300,0,0,0
YCSB_VALIDATION,YCSB_A,LARS_MONITOR_ONLY,8,2147483647,22,YCSB_A,220000,230000,10000,2861100,3495159.204501765,200.0,400.0,500.0,0,0,0,0,0,0
YCSB_VALIDATION,YCSB_A,LARS_MONITOR_ONLY,8,2147483647,23,YCSB_A,230000,240000,10000,3192600,3132243.3126605274,200.0,400.0,700.0,0,0,43200,0,0,0
YCSB_VALIDATION,YCSB_A,LARS_MONITOR_ONLY,8,2147483647,24,YCSB_A,240000,250000,10000,2828400,3535567.812190638,200.0,400.0,400.0,0,0,14700,0,0,0
YCSB_VALIDATION,YCSB_A,LARS_MONITOR_ONLY,8,2147483647,25,YCSB_A,250000,260000,10000,3488000,2866972.4770642202,200.0,400.0,500.0,0,0,82900,0,0,0
YCSB_VALIDATION,YCSB_A,LARS_MONITOR_ONLY,8,2147483647,26,YCSB_A,260000,270000,10000,4738100,2110550.6426626705,200.0,400.0,500.0,0,0,71300,0,0,0
YCSB_VALIDATION,YCSB_A,LARS_MONITOR_ONLY,8,2147483647,27,YCSB_A,270000,280000,10000,3008300,3324136.555529701,200.0,400.0,500.0,0,0,108500,0,0,0
YCSB_VALIDATION,YCSB_A,LARS_MONITOR_ONLY,8,2147483647,28,YCSB_A,280000,290000,10000,2662900,3755304.3674189793,200.0,300.0,400.0,0,0,26800,0,0,0
YCSB_VALIDATION,YCSB_A,LARS_MONITOR_ONLY,8,2147483647,29,YCSB_A,290000,300000,10000,2733100,3658848.9261278403,200.0,300.0,400.0,0,0,28800,0,0,0
YCSB_VALIDATION,YCSB_A,LARS_MONITOR_ONLY,9,6364136223846793005,0,YCSB_A,0,10000,10000,9018800,1108794.9616356944,300.0,600.0,1900.0,0,0,0,0,0,0
YCSB_VALIDATION,YCSB_A,LARS_MONITOR_ONLY,9,6364136223846793005,1,YCSB_A,10000,20000,10000,6441600,1552409.3392945852,300.0,600.0,800.0,0,0,14300,0,0,0
YCSB_VALIDATION,YCSB_A,LARS_MONITOR_ONLY,9,6364136223846793005,2,YCSB_A,20000,30000,10000,5094500,1962901.1679261948,300.0,500.0,600.0,0,0,0,0,0,0
YCSB_VALIDATION,YCSB_A,LARS_MONITOR_ONLY,9,6364136223846793005,3,YCSB_A,30000,40000,10000,5395700,1853327.6497952072,300.0,500.0,600.0,0,0,10900,0,0,0
YCSB_VALIDATION,YCSB_A,LARS_MONITOR_ONLY,9,6364136223846793005,4,YCSB_A,40000,50000,10000,4789200,2088031.403992316,300.0,400.0,500.0,0,0,11700,0,0,0
YCSB_VALIDATION,YCSB_A,LARS_MONITOR_ONLY,9,6364136223846793005,5,YCSB_A,50000,60000,10000,4632300,2158754.830213933,300.0,400.0,500.0,0,0,13000,0,0,0
YCSB_VALIDATION,YCSB_A,LARS_MONITOR_ONLY,9,6364136223846793005,6,YCSB_A,60000,70000,10000,5437800,1838978.998859833,300.0,500.0,600.0,0,0,9800,0,0,0
YCSB_VALIDATION,YCSB_A,LARS_MONITOR_ONLY,9,6364136223846793005,7,YCSB_A,70000,80000,10000,3655600,2735529.051318525,300.0,500.0,700.0,0,0,27000,0,0,0
YCSB_VALIDATION,YCSB_A,LARS_MONITOR_ONLY,9,6364136223846793005,8,YCSB_A,80000,90000,10000,3313400,3018047.9266010746,200.0,400.0,600.0,0,0,0,0,0,0
YCSB_VALIDATION,YCSB_A,LARS_MONITOR_ONLY,9,6364136223846793005,9,YCSB_A,90000,100000,10000,3351000,2984183.8257236644,200.0,400.0,500.0,0,0,31600,0,0,0
YCSB_VALIDATION,YCSB_A,LARS_MONITOR_ONLY,9,6364136223846793005,10,YCSB_A,100000,110000,10000,3335400,2998141.152485459,200.0,400.0,500.0,0,0,0,0,0,0
YCSB_VALIDATION,YCSB_A,LARS_MONITOR_ONLY,9,6364136223846793005,11,YCSB_A,110000,120000,10000,3062000,3265839.3207054213,200.0,400.0,500.0,0,0,14200,0,0,0
YCSB_VALIDATION,YCSB_A,LARS_MONITOR_ONLY,9,6364136223846793005,12,YCSB_A,120000,130000,10000,3123500,3201536.737634064,200.0,400.0,500.0,0,0,11800,0,0,0
YCSB_VALIDATION,YCSB_A,LARS_MONITOR_ONLY,9,6364136223846793005,13,YCSB_A,130000,140000,10000,4550100,2197753.8955187798,300.0,500.0,700.0,0,0,35800,0,0,0
YCSB_VALIDATION,YCSB_A,LARS_MONITOR_ONLY,9,6364136223846793005,14,YCSB_A,140000,150000,10000,3110700,3214710.5153180957,200.0,400.0,500.0,0,0,16600,0,0,0
YCSB_VALIDATION,YCSB_A,LARS_MONITOR_ONLY,9,6364136223846793005,15,YCSB_A,150000,160000,10000,3325100,3007428.3480196083,200.0,400.0,500.0,0,0,17400,0,0,0
YCSB_VALIDATION,YCSB_A,LARS_MONITOR_ONLY,9,6364136223846793005,16,YCSB_A,160000,170000,10000,3086600,3239810.795049569,200.0,400.0,500.0,0,0,12900,0,0,0
YCSB_VALIDATION,YCSB_A,LARS_MONITOR_ONLY,9,6364136223846793005,17,YCSB_A,170000,180000,10000,2917900,3427122.2454504953,200.0,400.0,500.0,0,0,9200,0,0,0
YCSB_VALIDATION,YCSB_A,LARS_MONITOR_ONLY,9,6364136223846793005,18,YCSB_A,180000,190000,10000,3546500,2819681.3760045115,200.0,400.0,500.0,0,0,45200,0,0,0
YCSB_VALIDATION,YCSB_A,LARS_MONITOR_ONLY,9,6364136223846793005,19,YCSB_A,190000,200000,10000,3179100,3145544.3364474224,200.0,400.0,500.0,0,0,19100,0,0,0
YCSB_VALIDATION,YCSB_A,LARS_MONITOR_ONLY,9,6364136223846793005,20,YCSB_A,200000,210000,10000,3205800,3119346.1850396157,200.0,400.0,800.0,0,0,11400,0,0,0
YCSB_VALIDATION,YCSB_A,LARS_MONITOR_ONLY,9,6364136223846793005,21,YCSB_A,210000,220000,10000,3268700,3059320.2190473275,200.0,400.0,500.0,0,0,34300,0,0,0
YCSB_VALIDATION,YCSB_A,LARS_MONITOR_ONLY,9,6364136223846793005,22,YCSB_A,220000,230000,10000,2942800,3398124.235422047,200.0,400.0,400.0,0,0,9500,0,0,0
YCSB_VALIDATION,YCSB_A,LARS_MONITOR_ONLY,9,6364136223846793005,23,YCSB_A,230000,240000,10000,2975200,3361118.5802635117,200.0,400.0,500.0,0,0,34800,0,0,0
YCSB_VALIDATION,YCSB_A,LARS_MONITOR_ONLY,9,6364136223846793005,24,YCSB_A,240000,250000,10000,2741500,3647638.154295094,200.0,300.0,400.0,0,0,19000,0,0,0
YCSB_VALIDATION,YCSB_A,LARS_MONITOR_ONLY,9,6364136223846793005,25,YCSB_A,250000,260000,10000,2289800,4367193.641366058,200.0,300.0,400.0,0,0,8100,0,0,0
YCSB_VALIDATION,YCSB_A,LARS_MONITOR_ONLY,9,6364136223846793005,26,YCSB_A,260000,270000,10000,4460100,2242102.195018049,200.0,300.0,400.0,0,0,155900,0,0,0
YCSB_VALIDATION,YCSB_A,LARS_MONITOR_ONLY,9,6364136223846793005,27,YCSB_A,270000,280000,10000,2429100,4116751.060063398,200.0,300.0,400.0,0,0,81700,0,0,0
YCSB_VALIDATION,YCSB_A,LARS_MONITOR_ONLY,9,6364136223846793005,28,YCSB_A,280000,290000,10000,2852100,3506188.4225658285,200.0,300.0,400.0,0,0,10000,0,0,0
YCSB_VALIDATION,YCSB_A,LARS_MONITOR_ONLY,9,6364136223846793005,29,YCSB_A,290000,300000,10000,2229000,4486316.733961417,200.0,300.0,400.0,0,0,29500,0,0,0
YCSB_VALIDATION,YCSB_A,STATIC_BPLUS,0,1103515245,0,YCSB_A,0,10000,10000,6382500,1566784.1754798277,300.0,500.0,700.0,0,0,0,0,0,0
YCSB_VALIDATION,YCSB_A,STATIC_BPLUS,0,1103515245,1,YCSB_A,10000,20000,10000,4562000,2192021.0434020166,200.0,400.0,500.0,0,0,0,0,0,0
YCSB_VALIDATION,YCSB_A,STATIC_BPLUS,0,1103515245,2,YCSB_A,20000,30000,10000,4109100,2433622.9344625343,200.0,400.0,500.0,0,0,0,0,0,0
YCSB_VALIDATION,YCSB_A,STATIC_BPLUS,0,1103515245,3,YCSB_A,30000,40000,10000,4304000,2323420.0743494425,200.0,400.0,500.0,0,0,0,0,0,0
YCSB_VALIDATION,YCSB_A,STATIC_BPLUS,0,1103515245,4,YCSB_A,40000,50000,10000,3860500,2590338.0391141046,200.0,300.0,400.0,0,0,0,0,0,0
YCSB_VALIDATION,YCSB_A,STATIC_BPLUS,0,1103515245,5,YCSB_A,50000,60000,10000,3981700,2511490.067056785,200.0,400.0,400.0,0,0,0,0,0,0
YCSB_VALIDATION,YCSB_A,STATIC_BPLUS,0,1103515245,6,YCSB_A,60000,70000,10000,4428600,2258049.948064851,200.0,400.0,500.0,0,0,0,0,0,0
YCSB_VALIDATION,YCSB_A,STATIC_BPLUS,0,1103515245,7,YCSB_A,70000,80000,10000,2957500,3381234.15046492,200.0,400.0,500.0,0,0,0,0,0,0
YCSB_VALIDATION,YCSB_A,STATIC_BPLUS,0,1103515245,8,YCSB_A,80000,90000,10000,3094700,3231330.9852328175,200.0,400.0,800.0,0,0,0,0,0,0
YCSB_VALIDATION,YCSB_A,STATIC_BPLUS,0,1103515245,9,YCSB_A,90000,100000,10000,2882100,3469692.2382984627,200.0,400.0,500.0,0,0,0,0,0,0
YCSB_VALIDATION,YCSB_A,STATIC_BPLUS,0,1103515245,10,YCSB_A,100000,110000,10000,2974500,3361909.5646327115,200.0,400.0,500.0,0,0,0,0,0,0
YCSB_VALIDATION,YCSB_A,STATIC_BPLUS,0,1103515245,11,YCSB_A,110000,120000,10000,3184500,3140210.3940964043,200.0,400.0,500.0,0,0,0,0,0,0
YCSB_VALIDATION,YCSB_A,STATIC_BPLUS,0,1103515245,12,YCSB_A,120000,130000,10000,2962300,3375755.3252540254,200.0,400.0,400.0,0,0,0,0,0,0
YCSB_VALIDATION,YCSB_A,STATIC_BPLUS,0,1103515245,13,YCSB_A,130000,140000,10000,4016700,2489605.89538676,200.0,400.0,500.0,0,0,0,0,0,0
YCSB_VALIDATION,YCSB_A,STATIC_BPLUS,0,1103515245,14,YCSB_A,140000,150000,10000,2826000,3538570.4175513093,200.0,300.0,400.0,0,0,0,0,0,0
YCSB_VALIDATION,YCSB_A,STATIC_BPLUS,0,1103515245,15,YCSB_A,150000,160000,10000,3350400,2984718.242597899,200.0,400.0,600.0,0,0,0,0,0,0
YCSB_VALIDATION,YCSB_A,STATIC_BPLUS,0,1103515245,16,YCSB_A,160000,170000,10000,2944900,3395701.04248022,200.0,400.0,500.0,0,0,0,0,0,0
YCSB_VALIDATION,YCSB_A,STATIC_BPLUS,0,1103515245,17,YCSB_A,170000,180000,10000,3596800,2780249.1103202845,200.0,400.0,600.0,0,0,0,0,0,0
YCSB_VALIDATION,YCSB_A,STATIC_BPLUS,0,1103515245,18,YCSB_A,180000,190000,10000,2892800,3456858.407079646,200.0,400.0,400.0,0,0,0,0,0,0
YCSB_VALIDATION,YCSB_A,STATIC_BPLUS,0,1103515245,19,YCSB_A,190000,200000,10000,2892000,3457814.6611341634,200.0,300.0,400.0,0,0,0,0,0,0
YCSB_VALIDATION,YCSB_A,STATIC_BPLUS,0,1103515245,20,YCSB_A,200000,210000,10000,2666000,3750937.7344336086,200.0,300.0,400.0,0,0,0,0,0,0
YCSB_VALIDATION,YCSB_A,STATIC_BPLUS,0,1103515245,21,YCSB_A,210000,220000,10000,3145300,3179346.9621339776,200.0,400.0,600.0,0,0,0,0,0,0
YCSB_VALIDATION,YCSB_A,STATIC_BPLUS,0,1103515245,22,YCSB_A,220000,230000,10000,3102400,3223310.985043837,200.0,400.0,700.0,0,0,0,0,0,0
YCSB_VALIDATION,YCSB_A,STATIC_BPLUS,0,1103515245,23,YCSB_A,230000,240000,10000,2497000,4004805.7669203044,200.0,300.0,400.0,0,0,0,0,0,0
YCSB_VALIDATION,YCSB_A,STATIC_BPLUS,0,1103515245,24,YCSB_A,240000,250000,10000,2482100,4028846.5412352444,200.0,300.0,400.0,0,0,0,0,0,0
YCSB_VALIDATION,YCSB_A,STATIC_BPLUS,0,1103515245,25,YCSB_A,250000,260000,10000,2388100,4187429.337129936,200.0,300.0,400.0,0,0,0,0,0,0
YCSB_VALIDATION,YCSB_A,STATIC_BPLUS,0,1103515245,26,YCSB_A,260000,270000,10000,4168700,2398829.371266822,200.0,300.0,400.0,0,0,0,0,0,0
YCSB_VALIDATION,YCSB_A,STATIC_BPLUS,0,1103515245,27,YCSB_A,270000,280000,10000,2460900,4063553.9843146815,200.0,300.0,400.0,0,0,0,0,0,0
YCSB_VALIDATION,YCSB_A,STATIC_BPLUS,0,1103515245,28,YCSB_A,280000,290000,10000,2315000,4319654.4276457885,200.0,300.0,400.0,0,0,0,0,0,0
YCSB_VALIDATION,YCSB_A,STATIC_BPLUS,0,1103515245,29,YCSB_A,290000,300000,10000,2358400,4240162.822252374,200.0,300.0,400.0,0,0,0,0,0,0
YCSB_VALIDATION,YCSB_A,STATIC_BPLUS,1,214013,0,YCSB_A,0,10000,10000,7614300,1313318.3615040123,300.0,500.0,800.0,0,0,0,0,0,0
YCSB_VALIDATION,YCSB_A,STATIC_BPLUS,1,214013,1,YCSB_A,10000,20000,10000,5225500,1913692.4696201321,300.0,500.0,600.0,0,0,0,0,0,0
YCSB_VALIDATION,YCSB_A,STATIC_BPLUS,1,214013,2,YCSB_A,20000,30000,10000,5213700,1918023.6684120682,300.0,500.0,600.0,0,0,0,0,0,0
YCSB_VALIDATION,YCSB_A,STATIC_BPLUS,1,214013,3,YCSB_A,30000,40000,10000,5663000,1765848.490199541,300.0,500.0,600.0,0,0,0,0,0,0
YCSB_VALIDATION,YCSB_A,STATIC_BPLUS,1,214013,4,YCSB_A,40000,50000,10000,4503200,2220643.0982412505,300.0,400.0,500.0,0,0,0,0,0,0
YCSB_VALIDATION,YCSB_A,STATIC_BPLUS,1,214013,5,YCSB_A,50000,60000,10000,4859400,2057867.2264065524,300.0,500.0,700.0,0,0,0,0,0,0
YCSB_VALIDATION,YCSB_A,STATIC_BPLUS,1,214013,6,YCSB_A,60000,70000,10000,6349800,1574852.7512677566,300.0,500.0,700.0,0,0,0,0,0,0
YCSB_VALIDATION,YCSB_A,STATIC_BPLUS,1,214013,7,YCSB_A,70000,80000,10000,3514800,2845112.0974166384,300.0,400.0,500.0,0,0,0,0,0,0
YCSB_VALIDATION,YCSB_A,STATIC_BPLUS,1,214013,8,YCSB_A,80000,90000,10000,3756200,2662265.0551088867,300.0,500.0,700.0,0,0,0,0,0,0
YCSB_VALIDATION,YCSB_A,STATIC_BPLUS,1,214013,9,YCSB_A,90000,100000,10000,3236900,3089375.6371837254,200.0,400.0,500.0,0,0,0,0,0,0
YCSB_VALIDATION,YCSB_A,STATIC_BPLUS,1,214013,10,YCSB_A,100000,110000,10000,4184500,2389771.776795316,300.0,500.0,600.0,0,0,0,0,0,0
YCSB_VALIDATION,YCSB_A,STATIC_BPLUS,1,214013,11,YCSB_A,110000,120000,10000,3448500,2899811.5122517035,300.0,400.0,500.0,0,0,0,0,0,0
YCSB_VALIDATION,YCSB_A,STATIC_BPLUS,1,214013,12,YCSB_A,120000,130000,10000,3196400,3128519.584532599,200.0,400.0,500.0,0,0,0,0,0,0
YCSB_VALIDATION,YCSB_A,STATIC_BPLUS,1,214013,13,YCSB_A,130000,140000,10000,4843800,2064494.8181180065,300.0,500.0,700.0,0,0,0,0,0,0
YCSB_VALIDATION,YCSB_A,STATIC_BPLUS,1,214013,14,YCSB_A,140000,150000,10000,2875000,3478260.8695652173,200.0,400.0,400.0,0,0,0,0,0,0
YCSB_VALIDATION,YCSB_A,STATIC_BPLUS,1,214013,15,YCSB_A,150000,160000,10000,3372900,2964807.7322185654,200.0,400.0,500.0,0,0,0,0,0,0
YCSB_VALIDATION,YCSB_A,STATIC_BPLUS,1,214013,16,YCSB_A,160000,170000,10000,3138700,3186032.4338101763,200.0,400.0,500.0,0,0,0,0,0,0
YCSB_VALIDATION,YCSB_A,STATIC_BPLUS,1,214013,17,YCSB_A,170000,180000,10000,3079700,3247069.519758418,200.0,400.0,500.0,0,0,0,0,0,0
YCSB_VALIDATION,YCSB_A,STATIC_BPLUS,1,214013,18,YCSB_A,180000,190000,10000,3136800,3187962.254526906,200.0,400.0,500.0,0,0,0,0,0,0
YCSB_VALIDATION,YCSB_A,STATIC_BPLUS,1,214013,19,YCSB_A,190000,200000,10000,2954800,3384323.812102342,200.0,400.0,400.0,0,0,0,0,0,0
YCSB_VALIDATION,YCSB_A,STATIC_BPLUS,1,214013,20,YCSB_A,200000,210000,10000,3044500,3284611.594678929,200.0,400.0,500.0,0,0,0,0,0,0
YCSB_VALIDATION,YCSB_A,STATIC_BPLUS,1,214013,21,YCSB_A,210000,220000,10000,3063700,3264027.156705944,200.0,400.0,500.0,0,0,0,0,0,0
YCSB_VALIDATION,YCSB_A,STATIC_BPLUS,1,214013,22,YCSB_A,220000,230000,10000,3465000,2886002.886002886,200.0,400.0,600.0,0,0,0,0,0,0
YCSB_VALIDATION,YCSB_A,STATIC_BPLUS,1,214013,23,YCSB_A,230000,240000,10000,3542300,2823024.588544166,200.0,500.0,800.0,0,0,0,0,0,0
YCSB_VALIDATION,YCSB_A,STATIC_BPLUS,1,214013,24,YCSB_A,240000,250000,10000,3027100,3303491.7908229,200.0,400.0,400.0,0,0,0,0,0,0
YCSB_VALIDATION,YCSB_A,STATIC_BPLUS,1,214013,25,YCSB_A,250000,260000,10000,3286300,3042935.8244834617,200.0,400.0,500.0,0,0,0,0,0,0
YCSB_VALIDATION,YCSB_A,STATIC_BPLUS,1,214013,26,YCSB_A,260000,270000,10000,5040700,1983851.4492034835,200.0,400.0,500.0,0,0,0,0,0,0
YCSB_VALIDATION,YCSB_A,STATIC_BPLUS,1,214013,27,YCSB_A,270000,280000,10000,2813500,3554291.807357384,200.0,400.0,400.0,0,0,0,0,0,0
YCSB_VALIDATION,YCSB_A,STATIC_BPLUS,1,214013,28,YCSB_A,280000,290000,10000,3148900,3175712.1534504113,200.0,400.0,500.0,0,0,0,0,0,0
YCSB_VALIDATION,YCSB_A,STATIC_BPLUS,1,214013,29,YCSB_A,290000,300000,10000,2910900,3435363.6332405787,200.0,400.0,400.0,0,0,0,0,0,0
YCSB_VALIDATION,YCSB_A,STATIC_BPLUS,2,1664525,0,YCSB_A,0,10000,10000,6500900,1538248.5502007415,300.0,500.0,800.0,0,0,0,0,0,0
YCSB_VALIDATION,YCSB_A,STATIC_BPLUS,2,1664525,1,YCSB_A,10000,20000,10000,4075800,2453506.0601599687,200.0,400.0,500.0,0,0,0,0,0,0
YCSB_VALIDATION,YCSB_A,STATIC_BPLUS,2,1664525,2,YCSB_A,20000,30000,10000,3658700,2733211.2498975047,200.0,300.0,400.0,0,0,0,0,0,0
YCSB_VALIDATION,YCSB_A,STATIC_BPLUS,2,1664525,3,YCSB_A,30000,40000,10000,4148900,2410277.422931379,200.0,300.0,400.0,0,0,0,0,0,0
YCSB_VALIDATION,YCSB_A,STATIC_BPLUS,2,1664525,4,YCSB_A,40000,50000,10000,3669900,2724869.8874628735,200.0,300.0,400.0,0,0,0,0,0,0
YCSB_VALIDATION,YCSB_A,STATIC_BPLUS,2,1664525,5,YCSB_A,50000,60000,10000,3647900,2741303.215548672,200.0,300.0,400.0,0,0,0,0,0,0
YCSB_VALIDATION,YCSB_A,STATIC_BPLUS,2,1664525,6,YCSB_A,60000,70000,10000,4169100,2398599.218056655,200.0,300.0,400.0,0,0,0,0,0,0
YCSB_VALIDATION,YCSB_A,STATIC_BPLUS,2,1664525,7,YCSB_A,70000,80000,10000,2968400,3368818.218568926,200.0,400.0,400.0,0,0,0,0,0,0
YCSB_VALIDATION,YCSB_A,STATIC_BPLUS,2,1664525,8,YCSB_A,80000,90000,10000,2600300,3845710.1103718802,200.0,300.0,400.0,0,0,0,0,0,0
YCSB_VALIDATION,YCSB_A,STATIC_BPLUS,2,1664525,9,YCSB_A,90000,100000,10000,3093900,3232166.521219173,200.0,400.0,600.0,0,0,0,0,0,0
YCSB_VALIDATION,YCSB_A,STATIC_BPLUS,2,1664525,10,YCSB_A,100000,110000,10000,3090800,3235408.3085285365,200.0,400.0,500.0,0,0,0,0,0,0
YCSB_VALIDATION,YCSB_A,STATIC_BPLUS,2,1664525,11,YCSB_A,110000,120000,10000,2813500,3554291.807357384,200.0,400.0,400.0,0,0,0,0,0,0
YCSB_VALIDATION,YCSB_A,STATIC_BPLUS,2,1664525,12,YCSB_A,120000,130000,10000,2732500,3659652.333028362,200.0,300.0,400.0,0,0,0,0,0,0
YCSB_VALIDATION,YCSB_A,STATIC_BPLUS,2,1664525,13,YCSB_A,130000,140000,10000,3800100,2631509.697113234,200.0,400.0,500.0,0,0,0,0,0,0
YCSB_VALIDATION,YCSB_A,STATIC_BPLUS,2,1664525,14,YCSB_A,140000,150000,10000,2638800,3789601.3339396697,200.0,300.0,400.0,0,0,0,0,0,0
YCSB_VALIDATION,YCSB_A,STATIC_BPLUS,2,1664525,15,YCSB_A,150000,160000,10000,2785900,3589504.2894576257,200.0,300.0,400.0,0,0,0,0,0,0
YCSB_VALIDATION,YCSB_A,STATIC_BPLUS,2,1664525,16,YCSB_A,160000,170000,10000,2722000,3673769.2872887584,200.0,300.0,400.0,0,0,0,0,0,0
YCSB_VALIDATION,YCSB_A,STATIC_BPLUS,2,1664525,17,YCSB_A,170000,180000,10000,2659200,3760529.482551143,200.0,300.0,400.0,0,0,0,0,0,0
YCSB_VALIDATION,YCSB_A,STATIC_BPLUS,2,1664525,18,YCSB_A,180000,190000,10000,2576500,3881234.2324859304,200.0,300.0,400.0,0,0,0,0,0,0
YCSB_VALIDATION,YCSB_A,STATIC_BPLUS,2,1664525,19,YCSB_A,190000,200000,10000,2754100,3630950.2196724885,200.0,300.0,400.0,0,0,0,0,0,0
YCSB_VALIDATION,YCSB_A,STATIC_BPLUS,2,1664525,20,YCSB_A,200000,210000,10000,2666200,3750656.364863851,200.0,300.0,400.0,0,0,0,0,0,0
YCSB_VALIDATION,YCSB_A,STATIC_BPLUS,2,1664525,21,YCSB_A,210000,220000,10000,2856500,3500787.677227376,200.0,300.0,400.0,0,0,0,0,0,0
YCSB_VALIDATION,YCSB_A,STATIC_BPLUS,2,1664525,22,YCSB_A,220000,230000,10000,2866000,3489183.5310537335,200.0,300.0,500.0,0,0,0,0,0,0
YCSB_VALIDATION,YCSB_A,STATIC_BPLUS,2,1664525,23,YCSB_A,230000,240000,10000,2920900,3423602.3143551643,200.0,400.0,500.0,0,0,0,0,0,0
YCSB_VALIDATION,YCSB_A,STATIC_BPLUS,2,1664525,24,YCSB_A,240000,250000,10000,3057700,3270432.02407038,200.0,400.0,500.0,0,0,0,0,0,0
YCSB_VALIDATION,YCSB_A,STATIC_BPLUS,2,1664525,25,YCSB_A,250000,260000,10000,2824300,3540700.3505293345,200.0,300.0,400.0,0,0,0,0,0,0
YCSB_VALIDATION,YCSB_A,STATIC_BPLUS,2,1664525,26,YCSB_A,260000,270000,10000,4453100,2245626.642114482,200.0,300.0,400.0,0,0,0,0,0,0
YCSB_VALIDATION,YCSB_A,STATIC_BPLUS,2,1664525,27,YCSB_A,270000,280000,10000,2868700,3485899.5363753615,200.0,300.0,400.0,0,0,0,0,0,0
YCSB_VALIDATION,YCSB_A,STATIC_BPLUS,2,1664525,28,YCSB_A,280000,290000,10000,2521000,3966679.888932963,200.0,300.0,400.0,0,0,0,0,0,0
YCSB_VALIDATION,YCSB_A,STATIC_BPLUS,2,1664525,29,YCSB_A,290000,300000,10000,2530400,3951944.3566234587,200.0,300.0,400.0,0,0,0,0,0,0
YCSB_VALIDATION,YCSB_A,STATIC_BPLUS,3,22695477,0,YCSB_A,0,10000,10000,6578600,1520080.2602377406,300.0,500.0,800.0,0,0,0,0,0,0
YCSB_VALIDATION,YCSB_A,STATIC_BPLUS,3,22695477,1,YCSB_A,10000,20000,10000,4255200,2350065.8018424516,200.0,400.0,500.0,0,0,0,0,0,0
YCSB_VALIDATION,YCSB_A,STATIC_BPLUS,3,22695477,2,YCSB_A,20000,30000,10000,3609600,2770390.070921986,200.0,300.0,400.0,0,0,0,0,0,0
YCSB_VALIDATION,YCSB_A,STATIC_BPLUS,3,22695477,3,YCSB_A,30000,40000,10000,3783800,2642845.8163750726,200.0,300.0,400.0,0,0,0,0,0,0
YCSB_VALIDATION,YCSB_A,STATIC_BPLUS,3,22695477,4,YCSB_A,40000,50000,10000,3439300,2907568.400546623,200.0,300.0,400.0,0,0,0,0,0,0
YCSB_VALIDATION,YCSB_A,STATIC_BPLUS,3,22695477,5,YCSB_A,50000,60000,10000,3527400,2834949.254408346,200.0,300.0,400.0,0,0,0,0,0,0
YCSB_VALIDATION,YCSB_A,STATIC_BPLUS,3,22695477,6,YCSB_A,60000,70000,10000,4476600,2233838.1807621857,200.0,400.0,400.0,0,0,0,0,0,0
YCSB_VALIDATION,YCSB_A,STATIC_BPLUS,3,22695477,7,YCSB_A,70000,80000,10000,2550400,3920953.575909661,200.0,300.0,400.0,0,0,0,0,0,0
YCSB_VALIDATION,YCSB_A,STATIC_BPLUS,3,22695477,8,YCSB_A,80000,90000,10000,2709300,3690990.29269553,200.0,300.0,400.0,0,0,0,0,0,0
YCSB_VALIDATION,YCSB_A,STATIC_BPLUS,3,22695477,9,YCSB_A,90000,100000,10000,2722500,3673094.5821854915,200.0,300.0,400.0,0,0,0,0,0,0
YCSB_VALIDATION,YCSB_A,STATIC_BPLUS,3,22695477,10,YCSB_A,100000,110000,10000,2549600,3922183.8719799183,200.0,300.0,400.0,0,0,0,0,0,0
YCSB_VALIDATION,YCSB_A,STATIC_BPLUS,3,22695477,11,YCSB_A,110000,120000,10000,2619800,3817085.2736850143,200.0,300.0,400.0,0,0,0,0,0,0
YCSB_VALIDATION,YCSB_A,STATIC_BPLUS,3,22695477,12,YCSB_A,120000,130000,10000,2761200,3621613.7911053165,200.0,300.0,400.0,0,0,0,0,0,0
YCSB_VALIDATION,YCSB_A,STATIC_BPLUS,3,22695477,13,YCSB_A,130000,140000,10000,4005300,2496691.883254688,200.0,400.0,500.0,0,0,0,0,0,0
YCSB_VALIDATION,YCSB_A,STATIC_BPLUS,3,22695477,14,YCSB_A,140000,150000,10000,2625900,3808218.1347347577,200.0,300.0,400.0,0,0,0,0,0,0
YCSB_VALIDATION,YCSB_A,STATIC_BPLUS,3,22695477,15,YCSB_A,150000,160000,10000,2665500,3751641.343087601,200.0,300.0,400.0,0,0,0,0,0,0
YCSB_VALIDATION,YCSB_A,STATIC_BPLUS,3,22695477,16,YCSB_A,160000,170000,10000,3066300,3261259.4984182892,200.0,400.0,500.0,0,0,0,0,0,0
YCSB_VALIDATION,YCSB_A,STATIC_BPLUS,3,22695477,17,YCSB_A,170000,180000,10000,2810200,3558465.5896377484,200.0,400.0,400.0,0,0,0,0,0,0
YCSB_VALIDATION,YCSB_A,STATIC_BPLUS,3,22695477,18,YCSB_A,180000,190000,10000,2828800,3535067.8733031675,200.0,300.0,400.0,0,0,0,0,0,0
YCSB_VALIDATION,YCSB_A,STATIC_BPLUS,3,22695477,19,YCSB_A,190000,200000,10000,2961500,3376667.2294445382,200.0,400.0,500.0,0,0,0,0,0,0
YCSB_VALIDATION,YCSB_A,STATIC_BPLUS,3,22695477,20,YCSB_A,200000,210000,10000,2726700,3667436.828400631,200.0,300.0,400.0,0,0,0,0,0,0
YCSB_VALIDATION,YCSB_A,STATIC_BPLUS,3,22695477,21,YCSB_A,210000,220000,10000,2564500,3899395.5936829792,200.0,300.0,400.0,0,0,0,0,0,0
YCSB_VALIDATION,YCSB_A,STATIC_BPLUS,3,22695477,22,YCSB_A,220000,230000,10000,2554300,3914966.9185295384,200.0,300.0,400.0,0,0,0,0,0,0
YCSB_VALIDATION,YCSB_A,STATIC_BPLUS,3,22695477,23,YCSB_A,230000,240000,10000,2628600,3804306.4749296205,200.0,300.0,400.0,0,0,0,0,0,0
YCSB_VALIDATION,YCSB_A,STATIC_BPLUS,3,22695477,24,YCSB_A,240000,250000,10000,2663300,3754740.3597041266,200.0,300.0,400.0,0,0,0,0,0,0
YCSB_VALIDATION,YCSB_A,STATIC_BPLUS,3,22695477,25,YCSB_A,250000,260000,10000,2584600,3869070.649230055,200.0,300.0,400.0,0,0,0,0,0,0
YCSB_VALIDATION,YCSB_A,STATIC_BPLUS,3,22695477,26,YCSB_A,260000,270000,10000,4264200,2345105.7642699685,200.0,300.0,400.0,0,0,0,0,0,0
YCSB_VALIDATION,YCSB_A,STATIC_BPLUS,3,22695477,27,YCSB_A,270000,280000,10000,2513700,3978199.4669212713,200.0,300.0,400.0,0,0,0,0,0,0
YCSB_VALIDATION,YCSB_A,STATIC_BPLUS,3,22695477,28,YCSB_A,280000,290000,10000,2440800,4097017.3713536547,200.0,300.0,400.0,0,0,0,0,0,0
YCSB_VALIDATION,YCSB_A,STATIC_BPLUS,3,22695477,29,YCSB_A,290000,300000,10000,2422900,4127285.4843369517,200.0,300.0,400.0,0,0,0,0,0,0
YCSB_VALIDATION,YCSB_A,STATIC_BPLUS,4,69069,0,YCSB_A,0,10000,10000,6262000,1596933.8869370809,300.0,500.0,700.0,0,0,0,0,0,0
YCSB_VALIDATION,YCSB_A,STATIC_BPLUS,4,69069,1,YCSB_A,10000,20000,10000,4228600,2364848.886156175,200.0,400.0,500.0,0,0,0,0,0,0
YCSB_VALIDATION,YCSB_A,STATIC_BPLUS,4,69069,2,YCSB_A,20000,30000,10000,3762300,2657948.5952741676,200.0,300.0,400.0,0,0,0,0,0,0
YCSB_VALIDATION,YCSB_A,STATIC_BPLUS,4,69069,3,YCSB_A,30000,40000,10000,3793600,2636018.557570645,200.0,300.0,400.0,0,0,0,0,0,0
YCSB_VALIDATION,YCSB_A,STATIC_BPLUS,4,69069,4,YCSB_A,40000,50000,10000,3619100,2763117.9022408887,200.0,300.0,400.0,0,0,0,0,0,0
YCSB_VALIDATION,YCSB_A,STATIC_BPLUS,4,69069,5,YCSB_A,50000,60000,10000,3613200,2767629.801837706,200.0,300.0,400.0,0,0,0,0,0,0
YCSB_VALIDATION,YCSB_A,STATIC_BPLUS,4,69069,6,YCSB_A,60000,70000,10000,4205300,2377951.6324637956,200.0,300.0,400.0,0,0,0,0,0,0
YCSB_VALIDATION,YCSB_A,STATIC_BPLUS,4,69069,7,YCSB_A,70000,80000,10000,2612600,3827604.6849881345,200.0,300.0,400.0,0,0,0,0,0,0
YCSB_VALIDATION,YCSB_A,STATIC_BPLUS,4,69069,8,YCSB_A,80000,90000,10000,2511700,3981367.201496994,200.0,300.0,400.0,0,0,0,0,0,0
YCSB_VALIDATION,YCSB_A,STATIC_BPLUS,4,69069,9,YCSB_A,90000,100000,10000,2472000,4045307.443365696,200.0,300.0,400.0,0,0,0,0,0,0
YCSB_VALIDATION,YCSB_A,STATIC_BPLUS,4,69069,10,YCSB_A,100000,110000,10000,2793200,3580123.1562365745,200.0,300.0,400.0,0,0,0,0,0,0
YCSB_VALIDATION,YCSB_A,STATIC_BPLUS,4,69069,11,YCSB_A,110000,120000,10000,2698500,3705762.460626274,200.0,300.0,400.0,0,0,0,0,0,0
YCSB_VALIDATION,YCSB_A,STATIC_BPLUS,4,69069,12,YCSB_A,120000,130000,10000,2622400,3813300.793166565,200.0,300.0,400.0,0,0,0,0,0,0
YCSB_VALIDATION,YCSB_A,STATIC_BPLUS,4,69069,13,YCSB_A,130000,140000,10000,3779600,2645782.6224997356,200.0,400.0,400.0,0,0,0,0,0,0
YCSB_VALIDATION,YCSB_A,STATIC_BPLUS,4,69069,14,YCSB_A,140000,150000,10000,2665700,3751359.8679521326,200.0,300.0,400.0,0,0,0,0,0,0
YCSB_VALIDATION,YCSB_A,STATIC_BPLUS,4,69069,15,YCSB_A,150000,160000,10000,2789400,3585000.358500036,200.0,400.0,500.0,0,0,0,0,0,0
YCSB_VALIDATION,YCSB_A,STATIC_BPLUS,4,69069,16,YCSB_A,160000,170000,10000,2610000,3831417.624521073,200.0,300.0,400.0,0,0,0,0,0,0
YCSB_VALIDATION,YCSB_A,STATIC_BPLUS,4,69069,17,YCSB_A,170000,180000,10000,3177500,3147128.2454760033,200.0,400.0,500.0,0,0,0,0,0,0
YCSB_VALIDATION,YCSB_A,STATIC_BPLUS,4,69069,18,YCSB_A,180000,190000,10000,2879400,3472945.7525873445,200.0,400.0,500.0,0,0,0,0,0,0
YCSB_VALIDATION,YCSB_A,STATIC_BPLUS,4,69069,19,YCSB_A,190000,200000,10000,2764000,3617945.00723589,200.0,300.0,400.0,0,0,0,0,0,0
YCSB_VALIDATION,YCSB_A,STATIC_BPLUS,4,69069,20,YCSB_A,200000,210000,10000,2845000,3514938.48857645,200.0,400.0,600.0,0,0,0,0,0,0
YCSB_VALIDATION,YCSB_A,STATIC_BPLUS,4,69069,21,YCSB_A,210000,220000,10000,2753000,3632401.0170722846,200.0,300.0,400.0,0,0,0,0,0,0
YCSB_VALIDATION,YCSB_A,STATIC_BPLUS,4,69069,22,YCSB_A,220000,230000,10000,2651300,3771734.620752084,200.0,300.0,400.0,0,0,0,0,0,0
YCSB_VALIDATION,YCSB_A,STATIC_BPLUS,4,69069,23,YCSB_A,230000,240000,10000,2590400,3860407.6590487957,200.0,300.0,400.0,0,0,0,0,0,0
YCSB_VALIDATION,YCSB_A,STATIC_BPLUS,4,69069,24,YCSB_A,240000,250000,10000,2747200,3640069.8893418754,200.0,300.0,400.0,0,0,0,0,0,0
YCSB_VALIDATION,YCSB_A,STATIC_BPLUS,4,69069,25,YCSB_A,250000,260000,10000,2858500,3498338.2893125764,200.0,400.0,500.0,0,0,0,0,0,0
YCSB_VALIDATION,YCSB_A,STATIC_BPLUS,4,69069,26,YCSB_A,260000,270000,10000,4626600,2161414.429602732,200.0,400.0,500.0,0,0,0,0,0,0
YCSB_VALIDATION,YCSB_A,STATIC_BPLUS,4,69069,27,YCSB_A,270000,280000,10000,2583400,3870867.8485716498,200.0,300.0,400.0,0,0,0,0,0,0
YCSB_VALIDATION,YCSB_A,STATIC_BPLUS,4,69069,28,YCSB_A,280000,290000,10000,2478000,4035512.5100887814,200.0,300.0,400.0,0,0,0,0,0,0
YCSB_VALIDATION,YCSB_A,STATIC_BPLUS,4,69069,29,YCSB_A,290000,300000,10000,2595100,3853416.0533312783,200.0,300.0,400.0,0,0,0,0,0,0
YCSB_VALIDATION,YCSB_A,STATIC_BPLUS,5,48271,0,YCSB_A,0,10000,10000,5611800,1781959.4426030864,300.0,400.0,600.0,0,0,0,0,0,0
YCSB_VALIDATION,YCSB_A,STATIC_BPLUS,5,48271,1,YCSB_A,10000,20000,10000,3984400,2509788.173878125,200.0,400.0,400.0,0,0,0,0,0,0
YCSB_VALIDATION,YCSB_A,STATIC_BPLUS,5,48271,2,YCSB_A,20000,30000,10000,3691000,2709292.87455974,200.0,300.0,400.0,0,0,0,0,0,0
YCSB_VALIDATION,YCSB_A,STATIC_BPLUS,5,48271,3,YCSB_A,30000,40000,10000,3828100,2612261.957629111,200.0,300.0,400.0,0,0,0,0,0,0
YCSB_VALIDATION,YCSB_A,STATIC_BPLUS,5,48271,4,YCSB_A,40000,50000,10000,3674400,2721532.767254518,200.0,300.0,400.0,0,0,0,0,0,0
YCSB_VALIDATION,YCSB_A,STATIC_BPLUS,5,48271,5,YCSB_A,50000,60000,10000,3772300,2650902.632346314,200.0,300.0,400.0,0,0,0,0,0,0
YCSB_VALIDATION,YCSB_A,STATIC_BPLUS,5,48271,6,YCSB_A,60000,70000,10000,4670200,2141235.921373817,200.0,400.0,500.0,0,0,0,0,0,0
YCSB_VALIDATION,YCSB_A,STATIC_BPLUS,5,48271,7,YCSB_A,70000,80000,10000,2846300,3513333.0991111267,200.0,300.0,400.0,0,0,0,0,0,0
YCSB_VALIDATION,YCSB_A,STATIC_BPLUS,5,48271,8,YCSB_A,80000,90000,10000,2802500,3568242.640499554,200.0,300.0,400.0,0,0,0,0,0,0
YCSB_VALIDATION,YCSB_A,STATIC_BPLUS,5,48271,9,YCSB_A,90000,100000,10000,2803500,3566969.8591046906,200.0,300.0,400.0,0,0,0,0,0,0
YCSB_VALIDATION,YCSB_A,STATIC_BPLUS,5,48271,10,YCSB_A,100000,110000,10000,3053800,3274608.6842622305,200.0,400.0,500.0,0,0,0,0,0,0
YCSB_VALIDATION,YCSB_A,STATIC_BPLUS,5,48271,11,YCSB_A,110000,120000,10000,2892300,3457456.003872351,200.0,400.0,400.0,0,0,0,0,0,0
YCSB_VALIDATION,YCSB_A,STATIC_BPLUS,5,48271,12,YCSB_A,120000,130000,10000,3075500,3251503.820516989,200.0,400.0,700.0,0,0,0,0,0,0
YCSB_VALIDATION,YCSB_A,STATIC_BPLUS,5,48271,13,YCSB_A,130000,140000,10000,3961800,2524105.204704932,200.0,400.0,500.0,0,0,0,0,0,0
YCSB_VALIDATION,YCSB_A,STATIC_BPLUS,5,48271,14,YCSB_A,140000,150000,10000,3418300,2925430.7696808353,200.0,400.0,500.0,0,0,0,0,0,0
YCSB_VALIDATION,YCSB_A,STATIC_BPLUS,5,48271,15,YCSB_A,150000,160000,10000,3385200,2954035.212099728,200.0,400.0,500.0,0,0,0,0,0,0
YCSB_VALIDATION,YCSB_A,STATIC_BPLUS,5,48271,16,YCSB_A,160000,170000,10000,2877100,3475722.081262382,200.0,400.0,400.0,0,0,0,0,0,0
YCSB_VALIDATION,YCSB_A,STATIC_BPLUS,5,48271,17,YCSB_A,170000,180000,10000,2970000,3367003.367003367,200.0,400.0,500.0,0,0,0,0,0,0
YCSB_VALIDATION,YCSB_A,STATIC_BPLUS,5,48271,18,YCSB_A,180000,190000,10000,2816700,3550253.8431497854,200.0,300.0,400.0,0,0,0,0,0,0
YCSB_VALIDATION,YCSB_A,STATIC_BPLUS,5,48271,19,YCSB_A,190000,200000,10000,2739600,3650167.907723755,200.0,300.0,400.0,0,0,0,0,0,0
YCSB_VALIDATION,YCSB_A,STATIC_BPLUS,5,48271,20,YCSB_A,200000,210000,10000,3296500,3033520.400424693,200.0,400.0,600.0,0,0,0,0,0,0
YCSB_VALIDATION,YCSB_A,STATIC_BPLUS,5,48271,21,YCSB_A,210000,220000,10000,3118000,3207184.0923669017,200.0,400.0,500.0,0,0,0,0,0,0
YCSB_VALIDATION,YCSB_A,STATIC_BPLUS,5,48271,22,YCSB_A,220000,230000,10000,2853500,3504468.1969511127,200.0,400.0,400.0,0,0,0,0,0,0
YCSB_VALIDATION,YCSB_A,STATIC_BPLUS,5,48271,23,YCSB_A,230000,240000,10000,3329600,3003363.76741951,200.0,400.0,600.0,0,0,0,0,0,0
YCSB_VALIDATION,YCSB_A,STATIC_BPLUS,5,48271,24,YCSB_A,240000,250000,10000,3452100,2896787.4627038613,200.0,400.0,600.0,0,0,0,0,0,0
YCSB_VALIDATION,YCSB_A,STATIC_BPLUS,5,48271,25,YCSB_A,250000,260000,10000,3031100,3299132.328197684,200.0,400.0,500.0,0,0,0,0,0,0
YCSB_VALIDATION,YCSB_A,STATIC_BPLUS,5,48271,26,YCSB_A,260000,270000,10000,4831000,2069964.8105982197,200.0,400.0,500.0,0,0,0,0,0,0
YCSB_VALIDATION,YCSB_A,STATIC_BPLUS,5,48271,27,YCSB_A,270000,280000,10000,2894000,3455425.0172771253,200.0,300.0,400.0,0,0,0,0,0,0
YCSB_VALIDATION,YCSB_A,STATIC_BPLUS,5,48271,28,YCSB_A,280000,290000,10000,2937800,3403907.686023555,200.0,400.0,400.0,0,0,0,0,0,0
YCSB_VALIDATION,YCSB_A,STATIC_BPLUS,5,48271,29,YCSB_A,290000,300000,10000,3777000,2647603.918453799,200.0,400.0,600.0,0,0,0,0,0,0
YCSB_VALIDATION,YCSB_A,STATIC_BPLUS,6,134775813,0,YCSB_A,0,10000,10000,5785400,1728488.9549555779,300.0,500.0,700.0,0,0,0,0,0,0
YCSB_VALIDATION,YCSB_A,STATIC_BPLUS,6,134775813,1,YCSB_A,10000,20000,10000,4516800,2213956.783563585,200.0,400.0,500.0,0,0,0,0,0,0
YCSB_VALIDATION,YCSB_A,STATIC_BPLUS,6,134775813,2,YCSB_A,20000,30000,10000,4742800,2108459.1380619043,200.0,500.0,600.0,0,0,0,0,0,0
YCSB_VALIDATION,YCSB_A,STATIC_BPLUS,6,134775813,3,YCSB_A,30000,40000,10000,3742900,2671725.1329183253,200.0,300.0,400.0,0,0,0,0,0,0
YCSB_VALIDATION,YCSB_A,STATIC_BPLUS,6,134775813,4,YCSB_A,40000,50000,10000,3647300,2741754.1743207304,200.0,300.0,400.0,0,0,0,0,0,0
YCSB_VALIDATION,YCSB_A,STATIC_BPLUS,6,134775813,5,YCSB_A,50000,60000,10000,3583200,2790801.518196026,200.0,300.0,400.0,0,0,0,0,0,0
YCSB_VALIDATION,YCSB_A,STATIC_BPLUS,6,134775813,6,YCSB_A,60000,70000,10000,4050200,2469013.8758579823,200.0,300.0,400.0,0,0,0,0,0,0
YCSB_VALIDATION,YCSB_A,STATIC_BPLUS,6,134775813,7,YCSB_A,70000,80000,10000,2730700,3662064.6720621088,200.0,300.0,400.0,0,0,0,0,0,0
YCSB_VALIDATION,YCSB_A,STATIC_BPLUS,6,134775813,8,YCSB_A,80000,90000,10000,2625600,3808653.2602071906,200.0,300.0,400.0,0,0,0,0,0,0
YCSB_VALIDATION,YCSB_A,STATIC_BPLUS,6,134775813,9,YCSB_A,90000,100000,10000,2765800,3615590.425916552,200.0,300.0,400.0,0,0,0,0,0,0
YCSB_VALIDATION,YCSB_A,STATIC_BPLUS,6,134775813,10,YCSB_A,100000,110000,10000,2809300,3559605.595699996,200.0,300.0,400.0,0,0,0,0,0,0
YCSB_VALIDATION,YCSB_A,STATIC_BPLUS,6,134775813,11,YCSB_A,110000,120000,10000,2781800,3594794.737220505,200.0,300.0,400.0,0,0,0,0,0,0
YCSB_VALIDATION,YCSB_A,STATIC_BPLUS,6,134775813,12,YCSB_A,120000,130000,10000,2891300,3458651.81752153,200.0,400.0,600.0,0,0,0,0,0,0
YCSB_VALIDATION,YCSB_A,STATIC_BPLUS,6,134775813,13,YCSB_A,130000,140000,10000,3793000,2636435.539151068,200.0,300.0,400.0,0,0,0,0,0,0
YCSB_VALIDATION,YCSB_A,STATIC_BPLUS,6,134775813,14,YCSB_A,140000,150000,10000,2689600,3718024.9851279003,200.0,300.0,400.0,0,0,0,0,0,0
YCSB_VALIDATION,YCSB_A,STATIC_BPLUS,6,134775813,15,YCSB_A,150000,160000,10000,2731500,3660992.128866923,200.0,300.0,400.0,0,0,0,0,0,0
YCSB_VALIDATION,YCSB_A,STATIC_BPLUS,6,134775813,16,YCSB_A,160000,170000,10000,2855100,3502504.290567756,200.0,300.0,400.0,0,0,0,0,0,0
YCSB_VALIDATION,YCSB_A,STATIC_BPLUS,6,134775813,17,YCSB_A,170000,180000,10000,2752600,3632928.867252779,200.0,300.0,400.0,0,0,0,0,0,0
YCSB_VALIDATION,YCSB_A,STATIC_BPLUS,6,134775813,18,YCSB_A,180000,190000,10000,2680200,3731064.845907022,200.0,300.0,400.0,0,0,0,0,0,0
YCSB_VALIDATION,YCSB_A,STATIC_BPLUS,6,134775813,19,YCSB_A,190000,200000,10000,2589700,3861451.1333359075,200.0,300.0,400.0,0,0,0,0,0,0
YCSB_VALIDATION,YCSB_A,STATIC_BPLUS,6,134775813,20,YCSB_A,200000,210000,10000,2542000,3933910.3068450037,200.0,300.0,400.0,0,0,0,0,0,0
YCSB_VALIDATION,YCSB_A,STATIC_BPLUS,6,134775813,21,YCSB_A,210000,220000,10000,2665500,3751641.343087601,200.0,300.0,400.0,0,0,0,0,0,0
YCSB_VALIDATION,YCSB_A,STATIC_BPLUS,6,134775813,22,YCSB_A,220000,230000,10000,3126400,3198567.0419651996,200.0,400.0,700.0,0,0,0,0,0,0
YCSB_VALIDATION,YCSB_A,STATIC_BPLUS,6,134775813,23,YCSB_A,230000,240000,10000,2657300,3763218.3042938323,200.0,300.0,400.0,0,0,0,0,0,0
YCSB_VALIDATION,YCSB_A,STATIC_BPLUS,6,134775813,24,YCSB_A,240000,250000,10000,2385700,4191641.8661189587,200.0,300.0,400.0,0,0,0,0,0,0
YCSB_VALIDATION,YCSB_A,STATIC_BPLUS,6,134775813,25,YCSB_A,250000,260000,10000,2630400,3801703.1630170317,200.0,300.0,400.0,0,0,0,0,0,0
YCSB_VALIDATION,YCSB_A,STATIC_BPLUS,6,134775813,26,YCSB_A,260000,270000,10000,4144200,2413010.955069736,200.0,300.0,400.0,0,0,0,0,0,0
YCSB_VALIDATION,YCSB_A,STATIC_BPLUS,6,134775813,27,YCSB_A,270000,280000,10000,2535200,3944461.975386557,200.0,300.0,400.0,0,0,0,0,0,0
YCSB_VALIDATION,YCSB_A,STATIC_BPLUS,6,134775813,28,YCSB_A,280000,290000,10000,3120000,3205128.205128205,200.0,400.0,500.0,0,0,0,0,0,0
YCSB_VALIDATION,YCSB_A,STATIC_BPLUS,6,134775813,29,YCSB_A,290000,300000,10000,2598500,3848374.0619588224,200.0,300.0,400.0,0,0,0,0,0,0
YCSB_VALIDATION,YCSB_A,STATIC_BPLUS,7,16807,0,YCSB_A,0,10000,10000,7350800,1360396.1473581106,300.0,500.0,800.0,0,0,0,0,0,0
YCSB_VALIDATION,YCSB_A,STATIC_BPLUS,7,16807,1,YCSB_A,10000,20000,10000,5046100,1981728.463565922,300.0,500.0,600.0,0,0,0,0,0,0
YCSB_VALIDATION,YCSB_A,STATIC_BPLUS,7,16807,2,YCSB_A,20000,30000,10000,4598300,2174716.7431442053,300.0,400.0,500.0,0,0,0,0,0,0
YCSB_VALIDATION,YCSB_A,STATIC_BPLUS,7,16807,3,YCSB_A,30000,40000,10000,4917300,2033636.3451487606,300.0,400.0,600.0,0,0,0,0,0,0
YCSB_VALIDATION,YCSB_A,STATIC_BPLUS,7,16807,4,YCSB_A,40000,50000,10000,5044600,1982317.7258851049,300.0,500.0,600.0,0,0,0,0,0,0
YCSB_VALIDATION,YCSB_A,STATIC_BPLUS,7,16807,5,YCSB_A,50000,60000,10000,4912900,2035457.672657697,300.0,500.0,700.0,0,0,0,0,0,0
YCSB_VALIDATION,YCSB_A,STATIC_BPLUS,7,16807,6,YCSB_A,60000,70000,10000,4752400,2104199.9831664003,200.0,400.0,500.0,0,0,0,0,0,0
YCSB_VALIDATION,YCSB_A,STATIC_BPLUS,7,16807,7,YCSB_A,70000,80000,10000,2978200,3357732.858773756,200.0,400.0,500.0,0,0,0,0,0,0
YCSB_VALIDATION,YCSB_A,STATIC_BPLUS,7,16807,8,YCSB_A,80000,90000,10000,2981000,3354579.0003354577,200.0,400.0,500.0,0,0,0,0,0,0
YCSB_VALIDATION,YCSB_A,STATIC_BPLUS,7,16807,9,YCSB_A,90000,100000,10000,3023700,3307206.4027515957,200.0,400.0,500.0,0,0,0,0,0,0
YCSB_VALIDATION,YCSB_A,STATIC_BPLUS,7,16807,10,YCSB_A,100000,110000,10000,2958800,3379748.5467081247,200.0,400.0,400.0,0,0,0,0,0,0
YCSB_VALIDATION,YCSB_A,STATIC_BPLUS,7,16807,11,YCSB_A,110000,120000,10000,2794600,3578329.635726043,200.0,300.0,400.0,0,0,0,0,0,0
YCSB_VALIDATION,YCSB_A,STATIC_BPLUS,7,16807,12,YCSB_A,120000,130000,10000,2721200,3674849.331177422,200.0,300.0,400.0,0,0,0,0,0,0
YCSB_VALIDATION,YCSB_A,STATIC_BPLUS,7,16807,13,YCSB_A,130000,140000,10000,3991500,2505323.8131028437,200.0,400.0,500.0,0,0,0,0,0,0
YCSB_VALIDATION,YCSB_A,STATIC_BPLUS,7,16807,14,YCSB_A,140000,150000,10000,2920100,3424540.255470703,200.0,400.0,500.0,0,0,0,0,0,0
YCSB_VALIDATION,YCSB_A,STATIC_BPLUS,7,16807,15,YCSB_A,150000,160000,10000,2882500,3469210.754553339,200.0,400.0,500.0,0,0,0,0,0,0
YCSB_VALIDATION,YCSB_A,STATIC_BPLUS,7,16807,16,YCSB_A,160000,170000,10000,2702200,3700688.3280290132,200.0,300.0,400.0,0,0,0,0,0,0
YCSB_VALIDATION,YCSB_A,STATIC_BPLUS,7,16807,17,YCSB_A,170000,180000,10000,2802900,3567733.4189589354,200.0,400.0,500.0,0,0,0,0,0,0
YCSB_VALIDATION,YCSB_A,STATIC_BPLUS,7,16807,18,YCSB_A,180000,190000,10000,2849800,3509018.1767141554,200.0,400.0,400.0,0,0,0,0,0,0
YCSB_VALIDATION,YCSB_A,STATIC_BPLUS,7,16807,19,YCSB_A,190000,200000,10000,3062300,3265519.3808575254,200.0,400.0,500.0,0,0,0,0,0,0
YCSB_VALIDATION,YCSB_A,STATIC_BPLUS,7,16807,20,YCSB_A,200000,210000,10000,3060700,3267226.451465351,200.0,400.0,500.0,0,0,0,0,0,0
YCSB_VALIDATION,YCSB_A,STATIC_BPLUS,7,16807,21,YCSB_A,210000,220000,10000,2950700,3389026.3327346053,200.0,400.0,500.0,0,0,0,0,0,0
YCSB_VALIDATION,YCSB_A,STATIC_BPLUS,7,16807,22,YCSB_A,220000,230000,10000,2938200,3403444.2856170447,200.0,400.0,500.0,0,0,0,0,0,0
YCSB_VALIDATION,YCSB_A,STATIC_BPLUS,7,16807,23,YCSB_A,230000,240000,10000,2925400,3418335.954057565,200.0,400.0,500.0,0,0,0,0,0,0
YCSB_VALIDATION,YCSB_A,STATIC_BPLUS,7,16807,24,YCSB_A,240000,250000,10000,2763600,3618468.6640613694,200.0,300.0,500.0,0,0,0,0,0,0
YCSB_VALIDATION,YCSB_A,STATIC_BPLUS,7,16807,25,YCSB_A,250000,260000,10000,2711300,3688267.6206985577,200.0,300.0,400.0,0,0,0,0,0,0
YCSB_VALIDATION,YCSB_A,STATIC_BPLUS,7,16807,26,YCSB_A,260000,270000,10000,4183900,2390114.4864839027,200.0,300.0,400.0,0,0,0,0,0,0
YCSB_VALIDATION,YCSB_A,STATIC_BPLUS,7,16807,27,YCSB_A,270000,280000,10000,2437700,4102227.509537679,200.0,300.0,400.0,0,0,0,0,0,0
YCSB_VALIDATION,YCSB_A,STATIC_BPLUS,7,16807,28,YCSB_A,280000,290000,10000,2368900,4221368.567689645,200.0,300.0,400.0,0,0,0,0,0,0
YCSB_VALIDATION,YCSB_A,STATIC_BPLUS,7,16807,29,YCSB_A,290000,300000,10000,2325700,4299780.71118373,200.0,300.0,400.0,0,0,0,0,0,0
YCSB_VALIDATION,YCSB_A,STATIC_BPLUS,8,2147483647,0,YCSB_A,0,10000,10000,5583400,1791023.3907654835,200.0,400.0,600.0,0,0,0,0,0,0
YCSB_VALIDATION,YCSB_A,STATIC_BPLUS,8,2147483647,1,YCSB_A,10000,20000,10000,4334100,2307284.095890727,200.0,400.0,500.0,0,0,0,0,0,0
YCSB_VALIDATION,YCSB_A,STATIC_BPLUS,8,2147483647,2,YCSB_A,20000,30000,10000,3870700,2583512.026248482,200.0,400.0,500.0,0,0,0,0,0,0
YCSB_VALIDATION,YCSB_A,STATIC_BPLUS,8,2147483647,3,YCSB_A,30000,40000,10000,3797000,2633658.151171978,200.0,300.0,400.0,0,0,0,0,0,0
YCSB_VALIDATION,YCSB_A,STATIC_BPLUS,8,2147483647,4,YCSB_A,40000,50000,10000,3694500,2706726.214643389,200.0,300.0,400.0,0,0,0,0,0,0
YCSB_VALIDATION,YCSB_A,STATIC_BPLUS,8,2147483647,5,YCSB_A,50000,60000,10000,3497500,2859185.1322373124,200.0,300.0,400.0,0,0,0,0,0,0
YCSB_VALIDATION,YCSB_A,STATIC_BPLUS,8,2147483647,6,YCSB_A,60000,70000,10000,3826800,2613149.367617853,200.0,300.0,400.0,0,0,0,0,0,0
YCSB_VALIDATION,YCSB_A,STATIC_BPLUS,8,2147483647,7,YCSB_A,70000,80000,10000,2663000,3755163.349605708,200.0,300.0,400.0,0,0,0,0,0,0
YCSB_VALIDATION,YCSB_A,STATIC_BPLUS,8,2147483647,8,YCSB_A,80000,90000,10000,2708500,3692080.4873546246,200.0,300.0,400.0,0,0,0,0,0,0
YCSB_VALIDATION,YCSB_A,STATIC_BPLUS,8,2147483647,9,YCSB_A,90000,100000,10000,2753500,3631741.420010895,200.0,300.0,400.0,0,0,0,0,0,0
YCSB_VALIDATION,YCSB_A,STATIC_BPLUS,8,2147483647,10,YCSB_A,100000,110000,10000,2712900,3686092.373474879,200.0,300.0,400.0,0,0,0,0,0,0
YCSB_VALIDATION,YCSB_A,STATIC_BPLUS,8,2147483647,11,YCSB_A,110000,120000,10000,2852800,3505328.098710039,200.0,300.0,400.0,0,0,0,0,0,0
YCSB_VALIDATION,YCSB_A,STATIC_BPLUS,8,2147483647,12,YCSB_A,120000,130000,10000,2897200,3451608.4495374844,200.0,400.0,500.0,0,0,0,0,0,0
YCSB_VALIDATION,YCSB_A,STATIC_BPLUS,8,2147483647,13,YCSB_A,130000,140000,10000,4084900,2448040.3437048644,200.0,400.0,500.0,0,0,0,0,0,0
YCSB_VALIDATION,YCSB_A,STATIC_BPLUS,8,2147483647,14,YCSB_A,140000,150000,10000,2725800,3668647.7364443466,200.0,300.0,400.0,0,0,0,0,0,0
YCSB_VALIDATION,YCSB_A,STATIC_BPLUS,8,2147483647,15,YCSB_A,150000,160000,10000,3165800,3158759.239370775,200.0,400.0,500.0,0,0,0,0,0,0
YCSB_VALIDATION,YCSB_A,STATIC_BPLUS,8,2147483647,16,YCSB_A,160000,170000,10000,2910400,3435953.820780649,200.0,400.0,500.0,0,0,0,0,0,0
YCSB_VALIDATION,YCSB_A,STATIC_BPLUS,8,2147483647,17,YCSB_A,170000,180000,10000,2652500,3770028.275212064,200.0,300.0,400.0,0,0,0,0,0,0
YCSB_VALIDATION,YCSB_A,STATIC_BPLUS,8,2147483647,18,YCSB_A,180000,190000,10000,2563500,3900916.7154281256,200.0,300.0,400.0,0,0,0,0,0,0
YCSB_VALIDATION,YCSB_A,STATIC_BPLUS,8,2147483647,19,YCSB_A,190000,200000,10000,2543500,3931590.3282877924,200.0,300.0,400.0,0,0,0,0,0,0
YCSB_VALIDATION,YCSB_A,STATIC_BPLUS,8,2147483647,20,YCSB_A,200000,210000,10000,2653700,3768323.4728869125,200.0,300.0,400.0,0,0,0,0,0,0
YCSB_VALIDATION,YCSB_A,STATIC_BPLUS,8,2147483647,21,YCSB_A,210000,220000,10000,2838000,3523608.1747709652,200.0,400.0,500.0,0,0,0,0,0,0
YCSB_VALIDATION,YCSB_A,STATIC_BPLUS,8,2147483647,22,YCSB_A,220000,230000,10000,2687300,3721207.159602575,200.0,300.0,400.0,0,0,0,0,0,0
YCSB_VALIDATION,YCSB_A,STATIC_BPLUS,8,2147483647,23,YCSB_A,230000,240000,10000,2462300,4061243.55277586,200.0,300.0,400.0,0,0,0,0,0,0
YCSB_VALIDATION,YCSB_A,STATIC_BPLUS,8,2147483647,24,YCSB_A,240000,250000,10000,2468400,4051207.2597634094,200.0,300.0,400.0,0,0,0,0,0,0
YCSB_VALIDATION,YCSB_A,STATIC_BPLUS,8,2147483647,25,YCSB_A,250000,260000,10000,2487900,4019454.1581253265,200.0,300.0,400.0,0,0,0,0,0,0
YCSB_VALIDATION,YCSB_A,STATIC_BPLUS,8,2147483647,26,YCSB_A,260000,270000,10000,4279000,2336994.6249123625,200.0,300.0,400.0,0,0,0,0,0,0
YCSB_VALIDATION,YCSB_A,STATIC_BPLUS,8,2147483647,27,YCSB_A,270000,280000,10000,2508600,3986287.17212788,200.0,300.0,400.0,0,0,0,0,0,0
YCSB_VALIDATION,YCSB_A,STATIC_BPLUS,8,2147483647,28,YCSB_A,280000,290000,10000,2512000,3980891.719745223,200.0,300.0,400.0,0,0,0,0,0,0
YCSB_VALIDATION,YCSB_A,STATIC_BPLUS,8,2147483647,29,YCSB_A,290000,300000,10000,2518400,3970775.0952986022,200.0,300.0,400.0,0,0,0,0,0,0
YCSB_VALIDATION,YCSB_A,STATIC_BPLUS,9,6364136223846793005,0,YCSB_A,0,10000,10000,6349400,1574951.963965099,300.0,500.0,700.0,0,0,0,0,0,0
YCSB_VALIDATION,YCSB_A,STATIC_BPLUS,9,6364136223846793005,1,YCSB_A,10000,20000,10000,4391200,2277281.836400073,200.0,400.0,500.0,0,0,0,0,0,0
YCSB_VALIDATION,YCSB_A,STATIC_BPLUS,9,6364136223846793005,2,YCSB_A,20000,30000,10000,3582200,2791580.592931718,200.0,300.0,400.0,0,0,0,0,0,0
YCSB_VALIDATION,YCSB_A,STATIC_BPLUS,9,6364136223846793005,3,YCSB_A,30000,40000,10000,3723800,2685428.8629894196,200.0,300.0,400.0,0,0,0,0,0,0
YCSB_VALIDATION,YCSB_A,STATIC_BPLUS,9,6364136223846793005,4,YCSB_A,40000,50000,10000,3508500,2850220.8921191394,200.0,300.0,400.0,0,0,0,0,0,0
YCSB_VALIDATION,YCSB_A,STATIC_BPLUS,9,6364136223846793005,5,YCSB_A,50000,60000,10000,3664600,2728810.7842602194,200.0,300.0,400.0,0,0,0,0,0,0
YCSB_VALIDATION,YCSB_A,STATIC_BPLUS,9,6364136223846793005,6,YCSB_A,60000,70000,10000,4258400,2348299.830922412,200.0,400.0,400.0,0,0,0,0,0,0
YCSB_VALIDATION,YCSB_A,STATIC_BPLUS,9,6364136223846793005,7,YCSB_A,70000,80000,10000,2713800,3684869.9240916795,200.0,300.0,400.0,0,0,0,0,0,0
YCSB_VALIDATION,YCSB_A,STATIC_BPLUS,9,6364136223846793005,8,YCSB_A,80000,90000,10000,2563300,3901221.0821987283,200.0,300.0,400.0,0,0,0,0,0,0
YCSB_VALIDATION,YCSB_A,STATIC_BPLUS,9,6364136223846793005,9,YCSB_A,90000,100000,10000,2611300,3829510.205644698,200.0,300.0,400.0,0,0,0,0,0,0
YCSB_VALIDATION,YCSB_A,STATIC_BPLUS,9,6364136223846793005,10,YCSB_A,100000,110000,10000,3465900,2885253.469517297,200.0,400.0,500.0,0,0,0,0,0,0
YCSB_VALIDATION,YCSB_A,STATIC_BPLUS,9,6364136223846793005,11,YCSB_A,110000,120000,10000,3343500,2990877.822640945,200.0,400.0,500.0,0,0,0,0,0,0
YCSB_VALIDATION,YCSB_A,STATIC_BPLUS,9,6364136223846793005,12,YCSB_A,120000,130000,10000,2721200,3674849.331177422,200.0,300.0,400.0,0,0,0,0,0,0
YCSB_VALIDATION,YCSB_A,STATIC_BPLUS,9,6364136223846793005,13,YCSB_A,130000,140000,10000,3848900,2598144.92452389,200.0,400.0,400.0,0,0,0,0,0,0
YCSB_VALIDATION,YCSB_A,STATIC_BPLUS,9,6364136223846793005,14,YCSB_A,140000,150000,10000,2974800,3361570.5257496303,200.0,400.0,600.0,0,0,0,0,0,0
YCSB_VALIDATION,YCSB_A,STATIC_BPLUS,9,6364136223846793005,15,YCSB_A,150000,160000,10000,3218900,3106651.3405200536,200.0,400.0,500.0,0,0,0,0,0,0
YCSB_VALIDATION,YCSB_A,STATIC_BPLUS,9,6364136223846793005,16,YCSB_A,160000,170000,10000,2667000,3749531.3085864265,200.0,300.0,400.0,0,0,0,0,0,0
YCSB_VALIDATION,YCSB_A,STATIC_BPLUS,9,6364136223846793005,17,YCSB_A,170000,180000,10000,2608100,3834208.8110118476,200.0,300.0,400.0,0,0,0,0,0,0
YCSB_VALIDATION,YCSB_A,STATIC_BPLUS,9,6364136223846793005,18,YCSB_A,180000,190000,10000,2771700,3607894.072230039,200.0,300.0,400.0,0,0,0,0,0,0
YCSB_VALIDATION,YCSB_A,STATIC_BPLUS,9,6364136223846793005,19,YCSB_A,190000,200000,10000,2541900,3934065.0694362484,200.0,300.0,400.0,0,0,0,0,0,0
YCSB_VALIDATION,YCSB_A,STATIC_BPLUS,9,6364136223846793005,20,YCSB_A,200000,210000,10000,2808200,3560999.9287800016,200.0,300.0,400.0,0,0,0,0,0,0
YCSB_VALIDATION,YCSB_A,STATIC_BPLUS,9,6364136223846793005,21,YCSB_A,210000,220000,10000,2729100,3664211.6448646076,200.0,300.0,400.0,0,0,0,0,0,0
YCSB_VALIDATION,YCSB_A,STATIC_BPLUS,9,6364136223846793005,22,YCSB_A,220000,230000,10000,2798900,3572832.1840723143,200.0,300.0,500.0,0,0,0,0,0,0
YCSB_VALIDATION,YCSB_A,STATIC_BPLUS,9,6364136223846793005,23,YCSB_A,230000,240000,10000,2639400,3788739.8651208607,200.0,300.0,400.0,0,0,0,0,0,0
YCSB_VALIDATION,YCSB_A,STATIC_BPLUS,9,6364136223846793005,24,YCSB_A,240000,250000,10000,2330200,4291477.126426917,200.0,300.0,400.0,0,0,0,0,0,0
YCSB_VALIDATION,YCSB_A,STATIC_BPLUS,9,6364136223846793005,25,YCSB_A,250000,260000,10000,2388400,4186903.3662703065,200.0,300.0,400.0,0,0,0,0,0,0
YCSB_VALIDATION,YCSB_A,STATIC_BPLUS,9,6364136223846793005,26,YCSB_A,260000,270000,10000,4116500,2429248.1476982874,200.0,300.0,400.0,0,0,0,0,0,0
YCSB_VALIDATION,YCSB_A,STATIC_BPLUS,9,6364136223846793005,27,YCSB_A,270000,280000,10000,2353400,4249171.411574743,200.0,300.0,400.0,0,0,0,0,0,0
YCSB_VALIDATION,YCSB_A,STATIC_BPLUS,9,6364136223846793005,28,YCSB_A,280000,290000,10000,2421700,4129330.635503985,200.0,300.0,400.0,0,0,0,0,0,0
YCSB_VALIDATION,YCSB_A,STATIC_BPLUS,9,6364136223846793005,29,YCSB_A,290000,300000,10000,2334600,4283389.017390559,200.0,300.0,400.0,0,0,0,0,0,0
YCSB_VALIDATION,YCSB_B,LARS_FULL,0,1103515245,0,YCSB_B,0,10000,10000,9612900,1040268.8054593307,300.0,700.0,1900.0,0,0,0,0,0,0
YCSB_VALIDATION,YCSB_B,LARS_FULL,0,1103515245,1,YCSB_B,10000,20000,10000,5471600,1827618.9779954676,300.0,500.0,600.0,0,0,17300,0,0,0
YCSB_VALIDATION,YCSB_B,LARS_FULL,0,1103515245,2,YCSB_B,20000,30000,10000,5195200,1924853.711117955,300.0,500.0,600.0,0,0,0,0,0,0
YCSB_VALIDATION,YCSB_B,LARS_FULL,0,1103515245,3,YCSB_B,30000,40000,10000,5663300,1765754.9485282432,300.0,500.0,600.0,0,0,10600,0,0,0
YCSB_VALIDATION,YCSB_B,LARS_FULL,0,1103515245,4,YCSB_B,40000,50000,10000,5113800,1955492.9797802025,300.0,400.0,600.0,0,0,11400,0,0,0
YCSB_VALIDATION,YCSB_B,LARS_FULL,0,1103515245,5,YCSB_B,50000,60000,10000,5221000,1915341.888527102,300.0,500.0,600.0,0,0,22800,0,0,0
YCSB_VALIDATION,YCSB_B,LARS_FULL,0,1103515245,6,YCSB_B,60000,70000,10000,5173600,1932890.0572135458,300.0,400.0,500.0,0,0,0,0,0,0
YCSB_VALIDATION,YCSB_B,LARS_FULL,0,1103515245,7,YCSB_B,70000,80000,10000,3399800,2941349.491146538,300.0,400.0,500.0,0,0,18000,0,0,0
YCSB_VALIDATION,YCSB_B,LARS_FULL,0,1103515245,8,YCSB_B,80000,90000,10000,3027500,3303055.3261767137,200.0,400.0,500.0,0,0,9700,0,0,0
YCSB_VALIDATION,YCSB_B,LARS_FULL,0,1103515245,9,YCSB_B,90000,100000,10000,2960900,3377351.4809686244,200.0,400.0,500.0,0,0,25300,0,0,0
YCSB_VALIDATION,YCSB_B,LARS_FULL,0,1103515245,10,YCSB_B,100000,110000,10000,3243800,3082804.1186263026,200.0,400.0,700.0,0,0,9500,0,0,0
YCSB_VALIDATION,YCSB_B,LARS_FULL,0,1103515245,11,YCSB_B,110000,120000,10000,3038300,3291314.221768752,200.0,400.0,500.0,0,0,19600,0,0,0
YCSB_VALIDATION,YCSB_B,LARS_FULL,0,1103515245,12,YCSB_B,120000,130000,10000,2862100,3493938.0175395687,200.0,400.0,500.0,0,0,0,0,0,0
YCSB_VALIDATION,YCSB_B,LARS_FULL,0,1103515245,13,YCSB_B,130000,140000,10000,4117000,2428953.121204761,200.0,400.0,500.0,0,0,27600,0,0,0
YCSB_VALIDATION,YCSB_B,LARS_FULL,0,1103515245,14,YCSB_B,140000,150000,10000,3023400,3307534.563736191,200.0,400.0,500.0,0,0,13800,0,0,0
YCSB_VALIDATION,YCSB_B,LARS_FULL,0,1103515245,15,YCSB_B,150000,160000,10000,3228000,3097893.432465923,200.0,400.0,500.0,0,0,9900,0,0,0
YCSB_VALIDATION,YCSB_B,LARS_FULL,0,1103515245,16,YCSB_B,160000,170000,10000,3994600,2503379.5624092524,200.0,400.0,600.0,0,0,42800,0,0,0
YCSB_VALIDATION,YCSB_B,LARS_FULL,0,1103515245,17,YCSB_B,170000,180000,10000,3149500,3175107.1598666455,200.0,400.0,700.0,0,0,18600,0,0,0
YCSB_VALIDATION,YCSB_B,LARS_FULL,0,1103515245,18,YCSB_B,180000,190000,10000,3290100,3039421.294185587,200.0,400.0,500.0,0,0,46400,0,0,0
YCSB_VALIDATION,YCSB_B,LARS_FULL,0,1103515245,19,YCSB_B,190000,200000,10000,3152600,3171985.0282306666,200.0,400.0,500.0,0,0,27800,0,0,0
YCSB_VALIDATION,YCSB_B,LARS_FULL,0,1103515245,20,YCSB_B,200000,210000,10000,3125200,3199795.213106361,200.0,400.0,500.0,0,0,7700,0,0,0
YCSB_VALIDATION,YCSB_B,LARS_FULL,0,1103515245,21,YCSB_B,210000,220000,10000,3112800,3212541.7630429193,200.0,400.0,500.0,0,0,27100,0,0,0
YCSB_VALIDATION,YCSB_B,LARS_FULL,0,1103515245,22,YCSB_B,220000,230000,10000,2823100,3542205.3770677624,200.0,400.0,400.0,0,0,7200,0,0,0
YCSB_VALIDATION,YCSB_B,LARS_FULL,0,1103515245,23,YCSB_B,230000,240000,10000,3766300,2655125.7202028516,200.0,400.0,600.0,0,0,56000,0,0,0
YCSB_VALIDATION,YCSB_B,LARS_FULL,0,1103515245,24,YCSB_B,240000,250000,10000,2632000,3799392.0972644375,200.0,300.0,400.0,0,0,7600,0,0,0
YCSB_VALIDATION,YCSB_B,LARS_FULL,0,1103515245,25,YCSB_B,250000,260000,10000,2277100,4391550.656536823,200.0,300.0,400.0,0,0,14600,0,0,0
YCSB_VALIDATION,YCSB_B,LARS_FULL,0,1103515245,26,YCSB_B,260000,270000,10000,3363100,2973447.11724302,200.0,300.0,400.0,0,0,116300,0,0,0
YCSB_VALIDATION,YCSB_B,LARS_FULL,0,1103515245,27,YCSB_B,270000,280000,10000,3147100,3177528.518318452,200.0,300.0,400.0,0,0,19300,0,0,0
YCSB_VALIDATION,YCSB_B,LARS_FULL,0,1103515245,28,YCSB_B,280000,290000,10000,2271700,4401989.699344103,200.0,300.0,400.0,0,0,10300,0,0,0
YCSB_VALIDATION,YCSB_B,LARS_FULL,0,1103515245,29,YCSB_B,290000,300000,10000,2272700,4400052.800633607,200.0,300.0,400.0,0,0,27200,0,0,0
YCSB_VALIDATION,YCSB_B,LARS_FULL,1,214013,0,YCSB_B,0,10000,10000,8327800,1200797.3294267394,300.0,600.0,1800.0,0,0,0,0,0,0
YCSB_VALIDATION,YCSB_B,LARS_FULL,1,214013,1,YCSB_B,10000,20000,10000,5308600,1883735.8248879176,300.0,500.0,600.0,0,0,12800,0,0,0
YCSB_VALIDATION,YCSB_B,LARS_FULL,1,214013,2,YCSB_B,20000,30000,10000,5170400,1934086.3376141111,300.0,500.0,600.0,0,0,0,0,0,0
YCSB_VALIDATION,YCSB_B,LARS_FULL,1,214013,3,YCSB_B,30000,40000,10000,4893900,2043360.1013506611,300.0,400.0,500.0,0,0,9200,0,0,0
YCSB_VALIDATION,YCSB_B,LARS_FULL,1,214013,4,YCSB_B,40000,50000,10000,4655800,2147858.584990764,300.0,400.0,500.0,0,0,10800,0,0,0
YCSB_VALIDATION,YCSB_B,LARS_FULL,1,214013,5,YCSB_B,50000,60000,10000,4729300,2114477.8296999554,300.0,400.0,500.0,0,0,17200,0,0,0
YCSB_VALIDATION,YCSB_B,LARS_FULL,1,214013,6,YCSB_B,60000,70000,10000,5731100,1744865.7325818778,300.0,500.0,700.0,0,0,14000,0,0,0
YCSB_VALIDATION,YCSB_B,LARS_FULL,1,214013,7,YCSB_B,70000,80000,10000,3237700,3088612.286499676,200.0,400.0,500.0,0,0,18400,0,0,0
YCSB_VALIDATION,YCSB_B,LARS_FULL,1,214013,8,YCSB_B,80000,90000,10000,3253700,3073424.101791806,200.0,400.0,500.0,0,0,18600,0,0,0
YCSB_VALIDATION,YCSB_B,LARS_FULL,1,214013,9,YCSB_B,90000,100000,10000,2905000,3442340.791738382,200.0,400.0,500.0,0,0,13000,0,0,0
YCSB_VALIDATION,YCSB_B,LARS_FULL,1,214013,10,YCSB_B,100000,110000,10000,3055600,3272679.670113889,200.0,400.0,500.0,0,0,7900,0,0,0
YCSB_VALIDATION,YCSB_B,LARS_FULL,1,214013,11,YCSB_B,110000,120000,10000,3349600,2985431.0962502984,200.0,400.0,500.0,0,0,11100,0,0,0
YCSB_VALIDATION,YCSB_B,LARS_FULL,1,214013,12,YCSB_B,120000,130000,10000,3056300,3271930.111572817,200.0,400.0,500.0,0,0,20600,0,0,0
YCSB_VALIDATION,YCSB_B,LARS_FULL,1,214013,13,YCSB_B,130000,140000,10000,3936600,2540263.171264543,200.0,400.0,500.0,0,0,22100,0,0,0
YCSB_VALIDATION,YCSB_B,LARS_FULL,1,214013,14,YCSB_B,140000,150000,10000,3214700,3110710.175132983,200.0,400.0,600.0,0,0,14100,0,0,0
YCSB_VALIDATION,YCSB_B,LARS_FULL,1,214013,15,YCSB_B,150000,160000,10000,3705500,2698691.134799622,300.0,500.0,600.0,0,0,22500,0,0,0
YCSB_VALIDATION,YCSB_B,LARS_FULL,1,214013,16,YCSB_B,160000,170000,10000,3220500,3105107.902499612,200.0,400.0,500.0,0,0,8300,0,0,0
YCSB_VALIDATION,YCSB_B,LARS_FULL,1,214013,17,YCSB_B,170000,180000,10000,3199600,3125390.6738342294,200.0,400.0,500.0,0,0,17200,0,0,0
YCSB_VALIDATION,YCSB_B,LARS_FULL,1,214013,18,YCSB_B,180000,190000,10000,3239200,3087182.020251914,200.0,400.0,500.0,0,0,66200,0,0,0
YCSB_VALIDATION,YCSB_B,LARS_FULL,1,214013,19,YCSB_B,190000,200000,10000,3311800,3019506.0088169575,200.0,400.0,500.0,0,0,45600,0,0,0
YCSB_VALIDATION,YCSB_B,LARS_FULL,1,214013,20,YCSB_B,200000,210000,10000,3241700,3084801.184563655,200.0,400.0,600.0,0,0,9300,0,0,0
YCSB_VALIDATION,YCSB_B,LARS_FULL,1,214013,21,YCSB_B,210000,220000,10000,3252900,3074179.9624950043,200.0,400.0,500.0,0,0,27500,0,0,0
YCSB_VALIDATION,YCSB_B,LARS_FULL,1,214013,22,YCSB_B,220000,230000,10000,2872700,3481045.7061301214,200.0,400.0,500.0,0,0,0,0,0,0
YCSB_VALIDATION,YCSB_B,LARS_FULL,1,214013,23,YCSB_B,230000,240000,10000,2958900,3379634.32356619,200.0,400.0,500.0,0,0,83900,0,0,0
YCSB_VALIDATION,YCSB_B,LARS_FULL,1,214013,24,YCSB_B,240000,250000,10000,3009300,3323031.934336889,200.0,400.0,400.0,0,0,15300,0,0,0
YCSB_VALIDATION,YCSB_B,LARS_FULL,1,214013,25,YCSB_B,250000,260000,10000,2578500,3878223.7735117315,200.0,300.0,400.0,0,0,50900,0,0,0
YCSB_VALIDATION,YCSB_B,LARS_FULL,1,214013,26,YCSB_B,260000,270000,10000,3230900,3095112.816862175,200.0,300.0,400.0,0,0,47400,0,0,0
YCSB_VALIDATION,YCSB_B,LARS_FULL,1,214013,27,YCSB_B,270000,280000,10000,3143300,3181369.897878026,200.0,300.0,400.0,0,0,16200,0,0,0
YCSB_VALIDATION,YCSB_B,LARS_FULL,1,214013,28,YCSB_B,280000,290000,10000,2277000,4391743.522178304,200.0,300.0,400.0,0,0,22400,0,0,0
YCSB_VALIDATION,YCSB_B,LARS_FULL,1,214013,29,YCSB_B,290000,300000,10000,2298100,4351420.738871242,200.0,300.0,400.0,0,0,21900,0,0,0
YCSB_VALIDATION,YCSB_B,LARS_FULL,2,1664525,0,YCSB_B,0,10000,10000,9028000,1107665.0420912716,300.0,700.0,2500.0,0,0,0,0,0,0
YCSB_VALIDATION,YCSB_B,LARS_FULL,2,1664525,1,YCSB_B,10000,20000,10000,5135700,1947154.234086882,300.0,500.0,600.0,0,0,11900,0,0,0
YCSB_VALIDATION,YCSB_B,LARS_FULL,2,1664525,2,YCSB_B,20000,30000,10000,4878100,2049978.4752260102,300.0,400.0,600.0,0,0,0,0,0,0
YCSB_VALIDATION,YCSB_B,LARS_FULL,2,1664525,3,YCSB_B,30000,40000,10000,4932200,2027492.8024005515,300.0,400.0,500.0,0,0,9200,0,0,0
YCSB_VALIDATION,YCSB_B,LARS_FULL,2,1664525,4,YCSB_B,40000,50000,10000,4876600,2050609.030882172,300.0,400.0,600.0,0,0,10700,0,0,0
YCSB_VALIDATION,YCSB_B,LARS_FULL,2,1664525,5,YCSB_B,50000,60000,10000,4900000,2040816.3265306123,300.0,400.0,600.0,0,0,20600,0,0,0
YCSB_VALIDATION,YCSB_B,LARS_FULL,2,1664525,6,YCSB_B,60000,70000,10000,5061600,1975659.8703967126,300.0,400.0,700.0,0,0,0,0,0,0
YCSB_VALIDATION,YCSB_B,LARS_FULL,2,1664525,7,YCSB_B,70000,80000,10000,3162400,3162155.325069567,200.0,400.0,500.0,0,0,20600,0,0,0
YCSB_VALIDATION,YCSB_B,LARS_FULL,2,1664525,8,YCSB_B,80000,90000,10000,2863400,3492351.7496682266,200.0,400.0,500.0,0,0,12200,0,0,0
YCSB_VALIDATION,YCSB_B,LARS_FULL,2,1664525,9,YCSB_B,90000,100000,10000,2636200,3793338.8968970487,200.0,300.0,400.0,0,0,12900,0,0,0
YCSB_VALIDATION,YCSB_B,LARS_FULL,2,1664525,10,YCSB_B,100000,110000,10000,3145200,3179448.0478188987,200.0,400.0,500.0,0,0,8100,0,0,0
YCSB_VALIDATION,YCSB_B,LARS_FULL,2,1664525,11,YCSB_B,110000,120000,10000,3440500,2906554.279901177,200.0,400.0,500.0,0,0,24700,0,0,0
YCSB_VALIDATION,YCSB_B,LARS_FULL,2,1664525,12,YCSB_B,120000,130000,10000,3107300,3218228.0436391723,200.0,400.0,600.0,0,0,7400,0,0,0
YCSB_VALIDATION,YCSB_B,LARS_FULL,2,1664525,13,YCSB_B,130000,140000,10000,4210100,2375240.4930999265,200.0,400.0,500.0,0,0,28200,0,0,0
YCSB_VALIDATION,YCSB_B,LARS_FULL,2,1664525,14,YCSB_B,140000,150000,10000,3099500,3226326.826907566,200.0,400.0,500.0,0,0,11800,0,0,0
YCSB_VALIDATION,YCSB_B,LARS_FULL,2,1664525,15,YCSB_B,150000,160000,10000,3327400,3005349.522149426,200.0,400.0,500.0,0,0,31600,0,0,0
YCSB_VALIDATION,YCSB_B,LARS_FULL,2,1664525,16,YCSB_B,160000,170000,10000,3041000,3288391.9763235776,200.0,400.0,500.0,0,0,0,0,0,0
YCSB_VALIDATION,YCSB_B,LARS_FULL,2,1664525,17,YCSB_B,170000,180000,10000,8340000,1199040.7673860912,200.0,500.0,600.0,0,0,3824700,0,0,0
YCSB_VALIDATION,YCSB_B,LARS_FULL,2,1664525,18,YCSB_B,180000,190000,10000,3908100,2558788.1579284053,300.0,500.0,600.0,0,0,33700,0,0,0
YCSB_VALIDATION,YCSB_B,LARS_FULL,2,1664525,19,YCSB_B,190000,200000,10000,3222800,3102891.8952463698,200.0,400.0,500.0,0,0,25100,0,0,0
YCSB_VALIDATION,YCSB_B,LARS_FULL,2,1664525,20,YCSB_B,200000,210000,10000,3121000,3204101.2495994875,200.0,400.0,500.0,0,0,23000,0,0,0
YCSB_VALIDATION,YCSB_B,LARS_FULL,2,1664525,21,YCSB_B,210000,220000,10000,2690200,3717195.747528065,200.0,400.0,500.0,0,0,16800,0,0,0
YCSB_VALIDATION,YCSB_B,LARS_FULL,2,1664525,22,YCSB_B,220000,230000,10000,2699500,3704389.701796629,200.0,300.0,400.0,0,0,0,0,0,0
YCSB_VALIDATION,YCSB_B,LARS_FULL,2,1664525,23,YCSB_B,230000,240000,10000,2338100,4276977.032633334,200.0,300.0,400.0,0,0,57500,0,0,0
YCSB_VALIDATION,YCSB_B,LARS_FULL,2,1664525,24,YCSB_B,240000,250000,10000,2095100,4773041.859577108,200.0,300.0,400.0,0,0,12400,0,0,0
YCSB_VALIDATION,YCSB_B,LARS_FULL,2,1664525,25,YCSB_B,250000,260000,10000,2159900,4629843.974258067,200.0,300.0,400.0,0,0,13400,0,0,0
YCSB_VALIDATION,YCSB_B,LARS_FULL,2,1664525,26,YCSB_B,260000,270000,10000,3110500,3214917.215881691,200.0,300.0,400.0,0,0,66500,0,0,0
YCSB_VALIDATION,YCSB_B,LARS_FULL,2,1664525,27,YCSB_B,270000,280000,10000,3089900,3236350.6909608725,200.0,300.0,400.0,0,0,54700,0,0,0
YCSB_VALIDATION,YCSB_B,LARS_FULL,2,1664525,28,YCSB_B,280000,290000,10000,2839700,3521498.7498679436,200.0,300.0,400.0,0,0,16800,0,0,0
YCSB_VALIDATION,YCSB_B,LARS_FULL,2,1664525,29,YCSB_B,290000,300000,10000,2240300,4463687.898942106,200.0,300.0,400.0,0,0,27700,0,0,0
YCSB_VALIDATION,YCSB_B,LARS_FULL,3,22695477,0,YCSB_B,0,10000,10000,9299600,1075315.0673147233,300.0,600.0,2000.0,0,0,0,0,0,0
YCSB_VALIDATION,YCSB_B,LARS_FULL,3,22695477,1,YCSB_B,10000,20000,10000,5196400,1924409.2063736434,300.0,500.0,600.0,0,0,0,0,0,0
YCSB_VALIDATION,YCSB_B,LARS_FULL,3,22695477,2,YCSB_B,20000,30000,10000,5003600,1998561.036054041,300.0,400.0,600.0,0,0,11800,0,0,0
YCSB_VALIDATION,YCSB_B,LARS_FULL,3,22695477,3,YCSB_B,30000,40000,10000,4823300,2073269.338419754,300.0,400.0,500.0,0,0,0,0,0,0
YCSB_VALIDATION,YCSB_B,LARS_FULL,3,22695477,4,YCSB_B,40000,50000,10000,4746800,2106682.396561894,300.0,400.0,500.0,0,0,16900,0,0,0
YCSB_VALIDATION,YCSB_B,LARS_FULL,3,22695477,5,YCSB_B,50000,60000,10000,4846100,2063514.9914364128,300.0,400.0,600.0,0,0,13600,0,0,0
YCSB_VALIDATION,YCSB_B,LARS_FULL,3,22695477,6,YCSB_B,60000,70000,10000,6329100,1580003.476007647,300.0,600.0,900.0,0,0,8700,0,0,0
YCSB_VALIDATION,YCSB_B,LARS_FULL,3,22695477,7,YCSB_B,70000,80000,10000,3246500,3080240.2587401816,300.0,400.0,500.0,0,0,12600,0,0,0
YCSB_VALIDATION,YCSB_B,LARS_FULL,3,22695477,8,YCSB_B,80000,90000,10000,2985300,3349747.094094396,200.0,400.0,500.0,0,0,13600,0,0,0
YCSB_VALIDATION,YCSB_B,LARS_FULL,3,22695477,9,YCSB_B,90000,100000,10000,3166600,3157961.2202362153,200.0,400.0,500.0,0,0,22400,0,0,0
YCSB_VALIDATION,YCSB_B,LARS_FULL,3,22695477,10,YCSB_B,100000,110000,10000,3108400,3217089.177712006,200.0,400.0,500.0,0,0,10100,0,0,0
YCSB_VALIDATION,YCSB_B,LARS_FULL,3,22695477,11,YCSB_B,110000,120000,10000,3165300,3159258.2061731904,200.0,400.0,500.0,0,0,7800,0,0,0
YCSB_VALIDATION,YCSB_B,LARS_FULL,3,22695477,12,YCSB_B,120000,130000,10000,3131600,3193255.843658194,200.0,400.0,500.0,0,0,26200,0,0,0
YCSB_VALIDATION,YCSB_B,LARS_FULL,3,22695477,13,YCSB_B,130000,140000,10000,3854800,2594168.3096399293,200.0,400.0,500.0,0,0,10500,0,0,0
YCSB_VALIDATION,YCSB_B,LARS_FULL,3,22695477,14,YCSB_B,140000,150000,10000,3349100,2985876.8027231195,200.0,400.0,500.0,0,0,33600,0,0,0
YCSB_VALIDATION,YCSB_B,LARS_FULL,3,22695477,15,YCSB_B,150000,160000,10000,2937200,3404603.023287485,200.0,400.0,500.0,0,0,0,0,0,0
YCSB_VALIDATION,YCSB_B,LARS_FULL,3,22695477,16,YCSB_B,160000,170000,10000,2989900,3344593.46466437,200.0,400.0,500.0,0,0,17100,0,0,0
YCSB_VALIDATION,YCSB_B,LARS_FULL,3,22695477,17,YCSB_B,170000,180000,10000,3423200,2921243.281140453,200.0,400.0,500.0,0,0,30300,0,0,0
YCSB_VALIDATION,YCSB_B,LARS_FULL,3,22695477,18,YCSB_B,180000,190000,10000,8404700,1189810.4631932133,300.0,500.0,700.0,0,0,3002300,0,0,0
YCSB_VALIDATION,YCSB_B,LARS_FULL,3,22695477,19,YCSB_B,190000,200000,10000,3693000,2707825.6160303275,300.0,400.0,600.0,0,0,0,0,0,0
YCSB_VALIDATION,YCSB_B,LARS_FULL,3,22695477,20,YCSB_B,200000,210000,10000,3088400,3237922.5488926303,200.0,400.0,500.0,0,0,36300,0,0,0
YCSB_VALIDATION,YCSB_B,LARS_FULL,3,22695477,21,YCSB_B,210000,220000,10000,2856800,3500420.0504060485,200.0,400.0,500.0,0,0,12700,0,0,0
YCSB_VALIDATION,YCSB_B,LARS_FULL,3,22695477,22,YCSB_B,220000,230000,10000,2878700,3473790.252544551,200.0,400.0,500.0,0,0,21900,0,0,0
YCSB_VALIDATION,YCSB_B,LARS_FULL,3,22695477,23,YCSB_B,230000,240000,10000,2619000,3818251.2409316534,200.0,300.0,400.0,0,0,41600,0,0,0
YCSB_VALIDATION,YCSB_B,LARS_FULL,3,22695477,24,YCSB_B,240000,250000,10000,2154400,4641663.572224285,200.0,300.0,400.0,0,0,14200,0,0,0
YCSB_VALIDATION,YCSB_B,LARS_FULL,3,22695477,25,YCSB_B,250000,260000,10000,2335200,4282288.454950325,200.0,300.0,400.0,0,0,32800,0,0,0
YCSB_VALIDATION,YCSB_B,LARS_FULL,3,22695477,26,YCSB_B,260000,270000,10000,3832300,2609399.0553975417,200.0,400.0,500.0,0,0,180700,0,0,0
YCSB_VALIDATION,YCSB_B,LARS_FULL,3,22695477,27,YCSB_B,270000,280000,10000,3432000,2913752.913752914,200.0,300.0,400.0,0,0,159700,0,0,0
YCSB_VALIDATION,YCSB_B,LARS_FULL,3,22695477,28,YCSB_B,280000,290000,10000,2206200,4532680.627322999,200.0,300.0,400.0,0,0,22100,0,0,0
YCSB_VALIDATION,YCSB_B,LARS_FULL,3,22695477,29,YCSB_B,290000,300000,10000,2129200,4696599.661844824,200.0,300.0,400.0,0,0,14500,0,0,0
YCSB_VALIDATION,YCSB_B,LARS_FULL,4,69069,0,YCSB_B,0,10000,10000,9899600,1010141.8239120772,300.0,700.0,2100.0,0,0,0,0,0,0
YCSB_VALIDATION,YCSB_B,LARS_FULL,4,69069,1,YCSB_B,10000,20000,10000,5332700,1875222.68269357,300.0,500.0,600.0,0,0,0,0,0,0
YCSB_VALIDATION,YCSB_B,LARS_FULL,4,69069,2,YCSB_B,20000,30000,10000,5216800,1916883.9135101978,300.0,500.0,600.0,0,0,11300,0,0,0
YCSB_VALIDATION,YCSB_B,LARS_FULL,4,69069,3,YCSB_B,30000,40000,10000,5076500,1969861.1247907022,300.0,400.0,500.0,0,0,9600,0,0,0
YCSB_VALIDATION,YCSB_B,LARS_FULL,4,69069,4,YCSB_B,40000,50000,10000,4678000,2137665.6690893546,200.0,400.0,500.0,0,0,8800,0,0,0
YCSB_VALIDATION,YCSB_B,LARS_FULL,4,69069,5,YCSB_B,50000,60000,10000,5202100,1922300.609369293,300.0,500.0,600.0,0,0,15500,0,0,0
YCSB_VALIDATION,YCSB_B,LARS_FULL,4,69069,6,YCSB_B,60000,70000,10000,5422100,1844303.8675052102,300.0,500.0,600.0,0,0,8300,0,0,0
YCSB_VALIDATION,YCSB_B,LARS_FULL,4,69069,7,YCSB_B,70000,80000,10000,3494000,2862049.2272467087,300.0,400.0,500.0,0,0,31800,0,0,0
YCSB_VALIDATION,YCSB_B,LARS_FULL,4,69069,8,YCSB_B,80000,90000,10000,2936300,3405646.5619997955,200.0,400.0,500.0,0,0,0,0,0,0
YCSB_VALIDATION,YCSB_B,LARS_FULL,4,69069,9,YCSB_B,90000,100000,10000,8001700,1249734.4314333205,200.0,400.0,600.0,0,0,3634500,0,0,0
YCSB_VALIDATION,YCSB_B,LARS_FULL,4,69069,10,YCSB_B,100000,110000,10000,4107800,2434393.1057987246,300.0,500.0,800.0,0,0,16500,0,0,0
YCSB_VALIDATION,YCSB_B,LARS_FULL,4,69069,11,YCSB_B,110000,120000,10000,3428800,2916472.235184321,200.0,400.0,500.0,0,0,0,0,0,0
YCSB_VALIDATION,YCSB_B,LARS_FULL,4,69069,12,YCSB_B,120000,130000,10000,3522700,2838731.6546966815,200.0,400.0,600.0,0,0,36800,0,0,0
YCSB_VALIDATION,YCSB_B,LARS_FULL,4,69069,13,YCSB_B,130000,140000,10000,4857600,2058629.7760210803,300.0,500.0,600.0,0,0,39400,0,0,0
YCSB_VALIDATION,YCSB_B,LARS_FULL,4,69069,14,YCSB_B,140000,150000,10000,3374600,2963314.1705683637,200.0,400.0,500.0,0,0,20200,0,0,0
YCSB_VALIDATION,YCSB_B,LARS_FULL,4,69069,15,YCSB_B,150000,160000,10000,3334700,2998770.5040933215,200.0,400.0,500.0,0,0,16200,0,0,0
YCSB_VALIDATION,YCSB_B,LARS_FULL,4,69069,16,YCSB_B,160000,170000,10000,3542300,2823024.588544166,200.0,400.0,500.0,0,0,19600,0,0,0
YCSB_VALIDATION,YCSB_B,LARS_FULL,4,69069,17,YCSB_B,170000,180000,10000,3288600,3040807.638508788,200.0,400.0,500.0,0,0,19200,0,0,0
YCSB_VALIDATION,YCSB_B,LARS_FULL,4,69069,18,YCSB_B,180000,190000,10000,3182200,3142480.0452517127,200.0,400.0,500.0,0,0,24200,0,0,0
YCSB_VALIDATION,YCSB_B,LARS_FULL,4,69069,19,YCSB_B,190000,200000,10000,3971400,2518003.7266455153,200.0,500.0,800.0,0,0,186600,0,0,0
YCSB_VALIDATION,YCSB_B,LARS_FULL,4,69069,20,YCSB_B,200000,210000,10000,3065000,3262642.740619902,200.0,400.0,600.0,0,0,22000,0,0,0
YCSB_VALIDATION,YCSB_B,LARS_FULL,4,69069,21,YCSB_B,210000,220000,10000,2791100,3582816.810576475,200.0,400.0,400.0,0,0,8900,0,0,0
YCSB_VALIDATION,YCSB_B,LARS_FULL,4,69069,22,YCSB_B,220000,230000,10000,2789300,3585128.8853834295,200.0,400.0,400.0,0,0,6200,0,0,0
YCSB_VALIDATION,YCSB_B,LARS_FULL,4,69069,23,YCSB_B,230000,240000,10000,2833500,3529204.164460914,200.0,300.0,400.0,0,0,73200,0,0,0
YCSB_VALIDATION,YCSB_B,LARS_FULL,4,69069,24,YCSB_B,240000,250000,10000,2667700,3748547.4378678263,200.0,300.0,400.0,0,0,11900,0,0,0
YCSB_VALIDATION,YCSB_B,LARS_FULL,4,69069,25,YCSB_B,250000,260000,10000,2837400,3524353.2811729047,200.0,400.0,400.0,0,0,14600,0,0,0
YCSB_VALIDATION,YCSB_B,LARS_FULL,4,69069,26,YCSB_B,260000,270000,10000,3959400,2525635.1972521087,200.0,400.0,500.0,0,0,34300,0,0,0
YCSB_VALIDATION,YCSB_B,LARS_FULL,4,69069,27,YCSB_B,270000,280000,10000,4235900,2360773.389362355,200.0,400.0,500.0,0,0,204300,0,0,0
YCSB_VALIDATION,YCSB_B,LARS_FULL,4,69069,28,YCSB_B,280000,290000,10000,2798500,3573342.862247633,200.0,300.0,500.0,0,0,19500,0,0,0
YCSB_VALIDATION,YCSB_B,LARS_FULL,4,69069,29,YCSB_B,290000,300000,10000,2545200,3928964.325003929,200.0,300.0,400.0,0,0,19400,0,0,0
YCSB_VALIDATION,YCSB_B,LARS_FULL,5,48271,0,YCSB_B,0,10000,10000,9424700,1061041.7307712713,300.0,700.0,2000.0,0,0,0,0,0,0
YCSB_VALIDATION,YCSB_B,LARS_FULL,5,48271,1,YCSB_B,10000,20000,10000,5290700,1890109.059292721,300.0,500.0,600.0,0,0,12000,0,0,0
YCSB_VALIDATION,YCSB_B,LARS_FULL,5,48271,2,YCSB_B,20000,30000,10000,5063300,1974996.5437560484,300.0,400.0,600.0,0,0,0,0,0,0
YCSB_VALIDATION,YCSB_B,LARS_FULL,5,48271,3,YCSB_B,30000,40000,10000,4996300,2001481.0960110482,300.0,400.0,600.0,0,0,9300,0,0,0
YCSB_VALIDATION,YCSB_B,LARS_FULL,5,48271,4,YCSB_B,40000,50000,10000,4728200,2114969.7559324903,300.0,400.0,500.0,0,0,9200,0,0,0
YCSB_VALIDATION,YCSB_B,LARS_FULL,5,48271,5,YCSB_B,50000,60000,10000,4847500,2062919.0304280557,300.0,400.0,600.0,0,0,12500,0,0,0
YCSB_VALIDATION,YCSB_B,LARS_FULL,5,48271,6,YCSB_B,60000,70000,10000,6082200,1644141.9223307355,300.0,500.0,700.0,0,0,8200,0,0,0
YCSB_VALIDATION,YCSB_B,LARS_FULL,5,48271,7,YCSB_B,70000,80000,10000,3509900,2849084.019487735,300.0,400.0,500.0,0,0,29900,0,0,0
YCSB_VALIDATION,YCSB_B,LARS_FULL,5,48271,8,YCSB_B,80000,90000,10000,3136300,3188470.4907056084,200.0,400.0,600.0,0,0,0,0,0,0
YCSB_VALIDATION,YCSB_B,LARS_FULL,5,48271,9,YCSB_B,90000,100000,10000,2845100,3514814.944993146,200.0,400.0,500.0,0,0,24400,0,0,0
YCSB_VALIDATION,YCSB_B,LARS_FULL,5,48271,10,YCSB_B,100000,110000,10000,2951500,3388107.74182619,200.0,400.0,500.0,0,0,5800,0,0,0
YCSB_VALIDATION,YCSB_B,LARS_FULL,5,48271,11,YCSB_B,110000,120000,10000,2941700,3399394.9077064283,200.0,400.0,500.0,0,0,12000,0,0,0
YCSB_VALIDATION,YCSB_B,LARS_FULL,5,48271,12,YCSB_B,120000,130000,10000,2986800,3348064.818534887,200.0,400.0,500.0,0,0,17500,0,0,0
YCSB_VALIDATION,YCSB_B,LARS_FULL,5,48271,13,YCSB_B,130000,140000,10000,3948200,2532799.7568512233,200.0,400.0,500.0,0,0,28400,0,0,0
YCSB_VALIDATION,YCSB_B,LARS_FULL,5,48271,14,YCSB_B,140000,150000,10000,3097200,3228722.717293039,200.0,400.0,500.0,0,0,13600,0,0,0
YCSB_VALIDATION,YCSB_B,LARS_FULL,5,48271,15,YCSB_B,150000,160000,10000,3073800,3253302.1016331576,200.0,400.0,500.0,0,0,15000,0,0,0
YCSB_VALIDATION,YCSB_B,LARS_FULL,5,48271,16,YCSB_B,160000,170000,10000,3509700,2849246.374333989,200.0,400.0,600.0,0,0,13600,0,0,0
YCSB_VALIDATION,YCSB_B,LARS_FULL,5,48271,17,YCSB_B,170000,180000,10000,2980300,3355366.90937154,200.0,400.0,500.0,0,0,20600,0,0,0
YCSB_VALIDATION,YCSB_B,LARS_FULL,5,48271,18,YCSB_B,180000,190000,10000,3096400,3229556.9047926622,200.0,400.0,500.0,0,0,59600,0,0,0
YCSB_VALIDATION,YCSB_B,LARS_FULL,5,48271,19,YCSB_B,190000,200000,10000,2872200,3481651.6955643757,200.0,400.0,500.0,0,0,18500,0,0,0
YCSB_VALIDATION,YCSB_B,LARS_FULL,5,48271,20,YCSB_B,200000,210000,10000,3229400,3096550.4428067133,200.0,400.0,500.0,0,0,13300,0,0,0
YCSB_VALIDATION,YCSB_B,LARS_FULL,5,48271,21,YCSB_B,210000,220000,10000,7908800,1264414.3232854542,200.0,400.0,800.0,0,0,3234500,0,0,0
YCSB_VALIDATION,YCSB_B,LARS_FULL,5,48271,22,YCSB_B,220000,230000,10000,3586000,2788622.420524261,200.0,400.0,600.0,0,0,28600,0,0,0
YCSB_VALIDATION,YCSB_B,LARS_FULL,5,48271,23,YCSB_B,230000,240000,10000,3135700,3189080.5880664606,200.0,400.0,500.0,0,0,69000,0,0,0
YCSB_VALIDATION,YCSB_B,LARS_FULL,5,48271,24,YCSB_B,240000,250000,10000,3093600,3232479.9586242563,200.0,300.0,400.0,0,0,13800,0,0,0
YCSB_VALIDATION,YCSB_B,LARS_FULL,5,48271,25,YCSB_B,250000,260000,10000,2938600,3402981.0113659566,200.0,300.0,400.0,0,0,198500,0,0,0
YCSB_VALIDATION,YCSB_B,LARS_FULL,5,48271,26,YCSB_B,260000,270000,10000,3458300,2891594.1358470926,200.0,300.0,400.0,0,0,69400,0,0,0
YCSB_VALIDATION,YCSB_B,LARS_FULL,5,48271,27,YCSB_B,270000,280000,10000,3593000,2783189.5352073475,200.0,300.0,400.0,0,0,106600,0,0,0
YCSB_VALIDATION,YCSB_B,LARS_FULL,5,48271,28,YCSB_B,280000,290000,10000,2744500,3643650.9382401165,200.0,300.0,400.0,0,0,16600,0,0,0
YCSB_VALIDATION,YCSB_B,LARS_FULL,5,48271,29,YCSB_B,290000,300000,10000,2595400,3852970.6403637202,200.0,300.0,400.0,0,0,34000,0,0,0
YCSB_VALIDATION,YCSB_B,LARS_FULL,6,134775813,0,YCSB_B,0,10000,10000,8630600,1158667.9952726346,300.0,800.0,2200.0,0,0,0,0,0,0
YCSB_VALIDATION,YCSB_B,LARS_FULL,6,134775813,1,YCSB_B,10000,20000,10000,5670700,1763450.7203696193,300.0,500.0,700.0,0,0,12400,0,0,0
YCSB_VALIDATION,YCSB_B,LARS_FULL,6,134775813,2,YCSB_B,20000,30000,10000,4828600,2070993.662759392,300.0,400.0,600.0,0,0,0,0,0,0
YCSB_VALIDATION,YCSB_B,LARS_FULL,6,134775813,3,YCSB_B,30000,40000,10000,5116200,1954575.6616238614,300.0,400.0,600.0,0,0,9300,0,0,0
YCSB_VALIDATION,YCSB_B,LARS_FULL,6,134775813,4,YCSB_B,40000,50000,10000,5982500,1671541.997492687,300.0,500.0,700.0,0,0,14100,0,0,0
YCSB_VALIDATION,YCSB_B,LARS_FULL,6,134775813,5,YCSB_B,50000,60000,10000,6363400,1571486.9409435207,300.0,600.0,1300.0,0,0,13100,0,0,0
YCSB_VALIDATION,YCSB_B,LARS_FULL,6,134775813,6,YCSB_B,60000,70000,10000,5172600,1933263.735838843,300.0,500.0,600.0,0,0,12000,0,0,0
YCSB_VALIDATION,YCSB_B,LARS_FULL,6,134775813,7,YCSB_B,70000,80000,10000,3195400,3129498.6543155788,200.0,400.0,500.0,0,0,12900,0,0,0
YCSB_VALIDATION,YCSB_B,LARS_FULL,6,134775813,8,YCSB_B,80000,90000,10000,2987500,3347280.3347280333,200.0,400.0,500.0,0,0,10900,0,0,0
YCSB_VALIDATION,YCSB_B,LARS_FULL,6,134775813,9,YCSB_B,90000,100000,10000,3485500,2869028.833739779,200.0,400.0,500.0,0,0,31600,0,0,0
YCSB_VALIDATION,YCSB_B,LARS_FULL,6,134775813,10,YCSB_B,100000,110000,10000,3037700,3291964.315106824,200.0,400.0,500.0,0,0,8800,0,0,0
YCSB_VALIDATION,YCSB_B,LARS_FULL,6,134775813,11,YCSB_B,110000,120000,10000,3581500,2792126.2041044254,200.0,400.0,600.0,0,0,14000,0,0,0
YCSB_VALIDATION,YCSB_B,LARS_FULL,6,134775813,12,YCSB_B,120000,130000,10000,3148800,3175813.0081300815,200.0,400.0,500.0,0,0,14500,0,0,0
YCSB_VALIDATION,YCSB_B,LARS_FULL,6,134775813,13,YCSB_B,130000,140000,10000,4822300,2073699.2721315555,300.0,500.0,800.0,0,0,34900,0,0,0
YCSB_VALIDATION,YCSB_B,LARS_FULL,6,134775813,14,YCSB_B,140000,150000,10000,3497100,2859512.1672242717,300.0,400.0,600.0,0,0,34200,0,0,0
YCSB_VALIDATION,YCSB_B,LARS_FULL,6,134775813,15,YCSB_B,150000,160000,10000,3595200,2781486.4263462396,300.0,500.0,700.0,0,0,11600,0,0,0
YCSB_VALIDATION,YCSB_B,LARS_FULL,6,134775813,16,YCSB_B,160000,170000,10000,3295300,3034625.0720723453,200.0,400.0,500.0,0,0,11600,0,0,0
YCSB_VALIDATION,YCSB_B,LARS_FULL,6,134775813,17,YCSB_B,170000,180000,10000,3433400,2912564.8045669016,200.0,400.0,500.0,0,0,13500,0,0,0
YCSB_VALIDATION,YCSB_B,LARS_FULL,6,134775813,18,YCSB_B,180000,190000,10000,3336600,2997062.8783791885,200.0,400.0,500.0,0,0,84100,0,0,0
YCSB_VALIDATION,YCSB_B,LARS_FULL,6,134775813,19,YCSB_B,190000,200000,10000,3314100,3017410.4583446486,200.0,400.0,500.0,0,0,11000,0,0,0
YCSB_VALIDATION,YCSB_B,LARS_FULL,6,134775813,20,YCSB_B,200000,210000,10000,3542100,2823183.9869004264,200.0,400.0,600.0,0,0,65000,0,0,0
YCSB_VALIDATION,YCSB_B,LARS_FULL,6,134775813,21,YCSB_B,210000,220000,10000,3078300,3248546.2755416953,200.0,400.0,500.0,0,0,11900,0,0,0
YCSB_VALIDATION,YCSB_B,LARS_FULL,6,134775813,22,YCSB_B,220000,230000,10000,3132300,3192542.2213708777,200.0,400.0,600.0,0,0,116700,0,0,0
YCSB_VALIDATION,YCSB_B,LARS_FULL,6,134775813,23,YCSB_B,230000,240000,10000,2927000,3416467.3727365904,200.0,400.0,500.0,0,0,0,0,0,0
YCSB_VALIDATION,YCSB_B,LARS_FULL,6,134775813,24,YCSB_B,240000,250000,10000,2635300,3794634.386976815,200.0,300.0,400.0,0,0,32200,0,0,0
YCSB_VALIDATION,YCSB_B,LARS_FULL,6,134775813,25,YCSB_B,250000,260000,10000,2716300,3681478.481758274,200.0,300.0,400.0,0,0,71900,0,0,0
YCSB_VALIDATION,YCSB_B,LARS_FULL,6,134775813,26,YCSB_B,260000,270000,10000,3445800,2902083.6960937954,200.0,400.0,500.0,0,0,0,0,0,0
YCSB_VALIDATION,YCSB_B,LARS_FULL,6,134775813,27,YCSB_B,270000,280000,10000,3409100,2933325.51113197,200.0,400.0,500.0,0,0,38700,0,0,0
YCSB_VALIDATION,YCSB_B,LARS_FULL,6,134775813,28,YCSB_B,280000,290000,10000,2479000,4033884.6308995564,200.0,400.0,400.0,0,0,14500,0,0,0
YCSB_VALIDATION,YCSB_B,LARS_FULL,6,134775813,29,YCSB_B,290000,300000,10000,2370000,4219409.282700422,200.0,300.0,400.0,0,0,20900,0,0,0
YCSB_VALIDATION,YCSB_B,LARS_FULL,7,16807,0,YCSB_B,0,10000,10000,9543600,1047822.6245861101,300.0,700.0,2100.0,0,0,0,0,0,0
YCSB_VALIDATION,YCSB_B,LARS_FULL,7,16807,1,YCSB_B,10000,20000,10000,5345000,1870907.3900841908,300.0,500.0,600.0,0,0,0,0,0,0
YCSB_VALIDATION,YCSB_B,LARS_FULL,7,16807,2,YCSB_B,20000,30000,10000,5063100,1975074.5590646046,300.0,400.0,600.0,0,0,13500,0,0,0
YCSB_VALIDATION,YCSB_B,LARS_FULL,7,16807,3,YCSB_B,30000,40000,10000,4974800,2010131.0605451476,300.0,400.0,500.0,0,0,9600,0,0,0
YCSB_VALIDATION,YCSB_B,LARS_FULL,7,16807,4,YCSB_B,40000,50000,10000,4596300,2175663.033309401,300.0,400.0,500.0,0,0,9400,0,0,0
YCSB_VALIDATION,YCSB_B,LARS_FULL,7,16807,5,YCSB_B,50000,60000,10000,5940600,1683331.6500016833,300.0,600.0,800.0,0,0,16800,0,0,0
YCSB_VALIDATION,YCSB_B,LARS_FULL,7,16807,6,YCSB_B,60000,70000,10000,5304700,1885120.741983524,300.0,500.0,600.0,0,0,10300,0,0,0
YCSB_VALIDATION,YCSB_B,LARS_FULL,7,16807,7,YCSB_B,70000,80000,10000,3497300,2859348.6403797213,200.0,400.0,500.0,0,0,39900,0,0,0
YCSB_VALIDATION,YCSB_B,LARS_FULL,7,16807,8,YCSB_B,80000,90000,10000,3300800,3029568.589432865,200.0,400.0,600.0,0,0,11600,0,0,0
YCSB_VALIDATION,YCSB_B,LARS_FULL,7,16807,9,YCSB_B,90000,100000,10000,2741300,3647904.2789917192,200.0,400.0,400.0,0,0,12900,0,0,0
YCSB_VALIDATION,YCSB_B,LARS_FULL,7,16807,10,YCSB_B,100000,110000,10000,3347300,2987482.448540615,200.0,400.0,500.0,0,0,8500,0,0,0
YCSB_VALIDATION,YCSB_B,LARS_FULL,7,16807,11,YCSB_B,110000,120000,10000,3254800,3072385.400024579,200.0,400.0,500.0,0,0,12400,0,0,0
YCSB_VALIDATION,YCSB_B,LARS_FULL,7,16807,12,YCSB_B,120000,130000,10000,3070800,3256480.395988016,200.0,400.0,500.0,0,0,23900,0,0,0
YCSB_VALIDATION,YCSB_B,LARS_FULL,7,16807,13,YCSB_B,130000,140000,10000,4014700,2490846.140433905,200.0,400.0,500.0,0,0,16400,0,0,0
YCSB_VALIDATION,YCSB_B,LARS_FULL,7,16807,14,YCSB_B,140000,150000,10000,3173400,3151194.3026407007,200.0,400.0,500.0,0,0,21200,0,0,0
YCSB_VALIDATION,YCSB_B,LARS_FULL,7,16807,15,YCSB_B,150000,160000,10000,3598100,2779244.601317362,300.0,400.0,700.0,0,0,17200,0,0,0
YCSB_VALIDATION,YCSB_B,LARS_FULL,7,16807,16,YCSB_B,160000,170000,10000,3274000,3054367.7458766038,200.0,400.0,500.0,0,0,10600,0,0,0
YCSB_VALIDATION,YCSB_B,LARS_FULL,7,16807,17,YCSB_B,170000,180000,10000,2955300,3383751.2266098196,200.0,400.0,500.0,0,0,16800,0,0,0
YCSB_VALIDATION,YCSB_B,LARS_FULL,7,16807,18,YCSB_B,180000,190000,10000,3308000,3022974.607013301,200.0,400.0,500.0,0,0,98500,0,0,0
YCSB_VALIDATION,YCSB_B,LARS_FULL,7,16807,19,YCSB_B,190000,200000,10000,3090100,3236141.225203068,200.0,400.0,500.0,0,0,18600,0,0,0
YCSB_VALIDATION,YCSB_B,LARS_FULL,7,16807,20,YCSB_B,200000,210000,10000,3271100,3057075.6014796244,200.0,400.0,500.0,0,0,15600,0,0,0
YCSB_VALIDATION,YCSB_B,LARS_FULL,7,16807,21,YCSB_B,210000,220000,10000,2910100,3436308.030651868,200.0,400.0,500.0,0,0,17400,0,0,0
YCSB_VALIDATION,YCSB_B,LARS_FULL,7,16807,22,YCSB_B,220000,230000,10000,2648600,3775579.5514611495,200.0,300.0,400.0,0,0,4900,0,0,0
YCSB_VALIDATION,YCSB_B,LARS_FULL,7,16807,23,YCSB_B,230000,240000,10000,3116700,3208521.8339910805,200.0,400.0,700.0,0,0,85500,0,0,0
YCSB_VALIDATION,YCSB_B,LARS_FULL,7,16807,24,YCSB_B,240000,250000,10000,2876100,3476930.565696603,200.0,400.0,500.0,0,0,20100,0,0,0
YCSB_VALIDATION,YCSB_B,LARS_FULL,7,16807,25,YCSB_B,250000,260000,10000,2610500,3830683.777054204,200.0,400.0,500.0,0,0,42400,0,0,0
YCSB_VALIDATION,YCSB_B,LARS_FULL,7,16807,26,YCSB_B,260000,270000,10000,3486900,2867876.910722992,200.0,400.0,400.0,0,0,55500,0,0,0
YCSB_VALIDATION,YCSB_B,LARS_FULL,7,16807,27,YCSB_B,270000,280000,10000,3288200,3041177.5439450154,200.0,300.0,400.0,0,0,16100,0,0,0
YCSB_VALIDATION,YCSB_B,LARS_FULL,7,16807,28,YCSB_B,280000,290000,10000,8578400,1165718.5489135503,300.0,400.0,500.0,0,0,3073500,0,0,0
YCSB_VALIDATION,YCSB_B,LARS_FULL,7,16807,29,YCSB_B,290000,300000,10000,4219200,2370117.5578308683,200.0,500.0,600.0,0,0,89100,0,0,0
YCSB_VALIDATION,YCSB_B,LARS_FULL,8,2147483647,0,YCSB_B,0,10000,10000,10067300,993314.9901165159,300.0,700.0,2100.0,0,0,0,0,0,0
YCSB_VALIDATION,YCSB_B,LARS_FULL,8,2147483647,1,YCSB_B,10000,20000,10000,5660200,1766722.0239567508,300.0,500.0,600.0,0,0,13200,0,0,0
YCSB_VALIDATION,YCSB_B,LARS_FULL,8,2147483647,2,YCSB_B,20000,30000,10000,5201600,1922485.3891110427,300.0,500.0,600.0,0,0,0,0,0,0
YCSB_VALIDATION,YCSB_B,LARS_FULL,8,2147483647,3,YCSB_B,30000,40000,10000,5245900,1906250.5957033113,300.0,400.0,600.0,0,0,9700,0,0,0
YCSB_VALIDATION,YCSB_B,LARS_FULL,8,2147483647,4,YCSB_B,40000,50000,10000,4751300,2104687.138256898,300.0,400.0,500.0,0,0,9700,0,0,0
YCSB_VALIDATION,YCSB_B,LARS_FULL,8,2147483647,5,YCSB_B,50000,60000,10000,4824100,2072925.519786074,300.0,400.0,600.0,0,0,12600,0,0,0
YCSB_VALIDATION,YCSB_B,LARS_FULL,8,2147483647,6,YCSB_B,60000,70000,10000,6154700,1624774.5625294491,300.0,500.0,700.0,0,0,9400,0,0,0
YCSB_VALIDATION,YCSB_B,LARS_FULL,8,2147483647,7,YCSB_B,70000,80000,10000,3347100,2987660.9602342327,200.0,400.0,600.0,0,0,13700,0,0,0
YCSB_VALIDATION,YCSB_B,LARS_FULL,8,2147483647,8,YCSB_B,80000,90000,10000,3155300,3169270.750800241,200.0,400.0,500.0,0,0,17700,0,0,0
YCSB_VALIDATION,YCSB_B,LARS_FULL,8,2147483647,9,YCSB_B,90000,100000,10000,3093600,3232479.9586242563,200.0,400.0,500.0,0,0,17000,0,0,0
YCSB_VALIDATION,YCSB_B,LARS_FULL,8,2147483647,10,YCSB_B,100000,110000,10000,4678800,2137300.162434812,300.0,500.0,900.0,0,0,11600,0,0,0
YCSB_VALIDATION,YCSB_B,LARS_FULL,8,2147483647,11,YCSB_B,110000,120000,10000,3389400,2950374.6975865937,200.0,400.0,600.0,0,0,20300,0,0,0
YCSB_VALIDATION,YCSB_B,LARS_FULL,8,2147483647,12,YCSB_B,120000,130000,10000,3259900,3067578.7600846654,200.0,400.0,500.0,0,0,17300,0,0,0
YCSB_VALIDATION,YCSB_B,LARS_FULL,8,2147483647,13,YCSB_B,130000,140000,10000,4078600,2451821.7035257197,200.0,400.0,500.0,0,0,32800,0,0,0
YCSB_VALIDATION,YCSB_B,LARS_FULL,8,2147483647,14,YCSB_B,140000,150000,10000,3149400,3175207.976122436,200.0,400.0,500.0,0,0,8800,0,0,0
YCSB_VALIDATION,YCSB_B,LARS_FULL,8,2147483647,15,YCSB_B,150000,160000,10000,3079500,3247280.40266277,200.0,400.0,500.0,0,0,14600,0,0,0
YCSB_VALIDATION,YCSB_B,LARS_FULL,8,2147483647,16,YCSB_B,160000,170000,10000,3169000,3155569.5803092457,200.0,400.0,500.0,0,0,8300,0,0,0
YCSB_VALIDATION,YCSB_B,LARS_FULL,8,2147483647,17,YCSB_B,170000,180000,10000,3329000,3003905.0765995793,200.0,400.0,600.0,0,0,14700,0,0,0
YCSB_VALIDATION,YCSB_B,LARS_FULL,8,2147483647,18,YCSB_B,180000,190000,10000,8518000,1173984.5034045551,300.0,500.0,700.0,0,0,3708300,0,0,0
YCSB_VALIDATION,YCSB_B,LARS_FULL,8,2147483647,19,YCSB_B,190000,200000,10000,3702300,2701023.6879777433,300.0,500.0,700.0,0,0,35700,0,0,0
YCSB_VALIDATION,YCSB_B,LARS_FULL,8,2147483647,20,YCSB_B,200000,210000,10000,3642800,2745141.100252553,200.0,500.0,600.0,0,0,36500,0,0,0
YCSB_VALIDATION,YCSB_B,LARS_FULL,8,2147483647,21,YCSB_B,210000,220000,10000,3349700,2985341.970922769,200.0,400.0,500.0,0,0,24300,0,0,0
YCSB_VALIDATION,YCSB_B,LARS_FULL,8,2147483647,22,YCSB_B,220000,230000,10000,3581600,2792048.246593701,300.0,500.0,1200.0,0,0,0,0,0,0
YCSB_VALIDATION,YCSB_B,LARS_FULL,8,2147483647,23,YCSB_B,230000,240000,10000,4631000,2159360.8291945583,200.0,400.0,700.0,0,0,142400,0,0,0
YCSB_VALIDATION,YCSB_B,LARS_FULL,8,2147483647,24,YCSB_B,240000,250000,10000,2743500,3644979.041370512,200.0,300.0,400.0,0,0,13600,0,0,0
YCSB_VALIDATION,YCSB_B,LARS_FULL,8,2147483647,25,YCSB_B,250000,260000,10000,3098900,3226951.498918971,200.0,400.0,500.0,0,0,153200,0,0,0
YCSB_VALIDATION,YCSB_B,LARS_FULL,8,2147483647,26,YCSB_B,260000,270000,10000,4085800,2447501.1013754955,200.0,400.0,500.0,0,0,73000,0,0,0
YCSB_VALIDATION,YCSB_B,LARS_FULL,8,2147483647,27,YCSB_B,270000,280000,10000,3933700,2542135.9025853523,200.0,400.0,500.0,0,0,129900,0,0,0
YCSB_VALIDATION,YCSB_B,LARS_FULL,8,2147483647,28,YCSB_B,280000,290000,10000,3704300,2699565.369975434,200.0,400.0,500.0,0,0,45600,0,0,0
YCSB_VALIDATION,YCSB_B,LARS_FULL,8,2147483647,29,YCSB_B,290000,300000,10000,3751500,2665600.426496068,200.0,400.0,500.0,0,0,51300,0,0,0
YCSB_VALIDATION,YCSB_B,LARS_FULL,9,6364136223846793005,0,YCSB_B,0,10000,10000,8332700,1200091.2069317268,300.0,600.0,1700.0,0,0,0,0,0,0
YCSB_VALIDATION,YCSB_B,LARS_FULL,9,6364136223846793005,1,YCSB_B,10000,20000,10000,5343700,1871362.539064693,300.0,500.0,600.0,0,0,12300,0,0,0
YCSB_VALIDATION,YCSB_B,LARS_FULL,9,6364136223846793005,2,YCSB_B,20000,30000,10000,5008000,1996805.1118210861,300.0,500.0,600.0,0,0,0,0,0,0
YCSB_VALIDATION,YCSB_B,LARS_FULL,9,6364136223846793005,3,YCSB_B,30000,40000,10000,5270500,1897353.192296746,300.0,500.0,600.0,0,0,10600,0,0,0
YCSB_VALIDATION,YCSB_B,LARS_FULL,9,6364136223846793005,4,YCSB_B,40000,50000,10000,4945900,2021876.7059584707,300.0,400.0,600.0,0,0,11300,0,0,0
YCSB_VALIDATION,YCSB_B,LARS_FULL,9,6364136223846793005,5,YCSB_B,50000,60000,10000,4397900,2273812.5014211326,200.0,400.0,500.0,0,0,11900,0,0,0
YCSB_VALIDATION,YCSB_B,LARS_FULL,9,6364136223846793005,6,YCSB_B,60000,70000,10000,5193000,1925669.1700365876,300.0,400.0,600.0,0,0,12800,0,0,0
YCSB_VALIDATION,YCSB_B,LARS_FULL,9,6364136223846793005,7,YCSB_B,70000,80000,10000,3347700,2987125.489141799,200.0,400.0,600.0,0,0,29100,0,0,0
YCSB_VALIDATION,YCSB_B,LARS_FULL,9,6364136223846793005,8,YCSB_B,80000,90000,10000,2805600,3564299.9714856003,200.0,400.0,500.0,0,0,0,0,0,0
YCSB_VALIDATION,YCSB_B,LARS_FULL,9,6364136223846793005,9,YCSB_B,90000,100000,10000,4176200,2394521.3351850966,300.0,500.0,600.0,0,0,76300,0,0,0
YCSB_VALIDATION,YCSB_B,LARS_FULL,9,6364136223846793005,10,YCSB_B,100000,110000,10000,3656100,2735154.946527721,300.0,400.0,500.0,0,0,0,0,0,0
YCSB_VALIDATION,YCSB_B,LARS_FULL,9,6364136223846793005,11,YCSB_B,110000,120000,10000,3306100,3024711.8961918876,200.0,400.0,500.0,0,0,14200,0,0,0
YCSB_VALIDATION,YCSB_B,LARS_FULL,9,6364136223846793005,12,YCSB_B,120000,130000,10000,3344700,2989804.7657487965,200.0,400.0,500.0,0,0,14800,0,0,0
YCSB_VALIDATION,YCSB_B,LARS_FULL,9,6364136223846793005,13,YCSB_B,130000,140000,10000,4164100,2401479.3112557335,200.0,400.0,500.0,0,0,42000,0,0,0
YCSB_VALIDATION,YCSB_B,LARS_FULL,9,6364136223846793005,14,YCSB_B,140000,150000,10000,3222500,3103180.760279286,200.0,400.0,500.0,0,0,17300,0,0,0
YCSB_VALIDATION,YCSB_B,LARS_FULL,9,6364136223846793005,15,YCSB_B,150000,160000,10000,3529400,2833342.7778092595,200.0,400.0,800.0,0,0,20400,0,0,0
YCSB_VALIDATION,YCSB_B,LARS_FULL,9,6364136223846793005,16,YCSB_B,160000,170000,10000,3538700,2825896.5156695964,200.0,400.0,600.0,0,0,11100,0,0,0
YCSB_VALIDATION,YCSB_B,LARS_FULL,9,6364136223846793005,17,YCSB_B,170000,180000,10000,3418000,2925687.5365710943,200.0,400.0,500.0,0,0,14600,0,0,0
YCSB_VALIDATION,YCSB_B,LARS_FULL,9,6364136223846793005,18,YCSB_B,180000,190000,10000,3174000,3150598.61373661,200.0,400.0,500.0,0,0,111300,0,0,0
YCSB_VALIDATION,YCSB_B,LARS_FULL,9,6364136223846793005,19,YCSB_B,190000,200000,10000,3002000,3331112.5916055962,200.0,400.0,500.0,0,0,18300,0,0,0
YCSB_VALIDATION,YCSB_B,LARS_FULL,9,6364136223846793005,20,YCSB_B,200000,210000,10000,3000600,3332666.799973339,200.0,400.0,500.0,0,0,10600,0,0,0
YCSB_VALIDATION,YCSB_B,LARS_FULL,9,6364136223846793005,21,YCSB_B,210000,220000,10000,3016900,3314660.744472803,200.0,400.0,500.0,0,0,26800,0,0,0
YCSB_VALIDATION,YCSB_B,LARS_FULL,9,6364136223846793005,22,YCSB_B,220000,230000,10000,2807200,3562268.452550584,200.0,400.0,400.0,0,0,24900,0,0,0
YCSB_VALIDATION,YCSB_B,LARS_FULL,9,6364136223846793005,23,YCSB_B,230000,240000,10000,3247300,3079481.4153296584,200.0,400.0,700.0,0,0,32600,0,0,0
YCSB_VALIDATION,YCSB_B,LARS_FULL,9,6364136223846793005,24,YCSB_B,240000,250000,10000,2418800,4134281.461881925,200.0,300.0,400.0,0,0,15800,0,0,0
YCSB_VALIDATION,YCSB_B,LARS_FULL,9,6364136223846793005,25,YCSB_B,250000,260000,10000,2345300,4263846.842621413,200.0,300.0,400.0,0,0,7600,0,0,0
YCSB_VALIDATION,YCSB_B,LARS_FULL,9,6364136223846793005,26,YCSB_B,260000,270000,10000,3694000,2707092.5825663237,200.0,400.0,500.0,0,0,53000,0,0,0
YCSB_VALIDATION,YCSB_B,LARS_FULL,9,6364136223846793005,27,YCSB_B,270000,280000,10000,3195700,3129204.869042776,200.0,300.0,400.0,0,0,30700,0,0,0
YCSB_VALIDATION,YCSB_B,LARS_FULL,9,6364136223846793005,28,YCSB_B,280000,290000,10000,2250600,4443259.575224385,200.0,300.0,400.0,0,0,10300,0,0,0
YCSB_VALIDATION,YCSB_B,LARS_FULL,9,6364136223846793005,29,YCSB_B,290000,300000,10000,2347500,4259850.905218317,200.0,300.0,400.0,0,0,28100,0,0,0
YCSB_VALIDATION,YCSB_B,LARS_MONITOR_ONLY,0,1103515245,0,YCSB_B,0,10000,10000,8177100,1222927.4437147644,300.0,600.0,1800.0,0,0,0,0,0,0
YCSB_VALIDATION,YCSB_B,LARS_MONITOR_ONLY,0,1103515245,1,YCSB_B,10000,20000,10000,5253100,1903637.851935048,300.0,500.0,600.0,0,0,12200,0,0,0
YCSB_VALIDATION,YCSB_B,LARS_MONITOR_ONLY,0,1103515245,2,YCSB_B,20000,30000,10000,4772000,2095557.4182732606,300.0,400.0,600.0,0,0,0,0,0,0
YCSB_VALIDATION,YCSB_B,LARS_MONITOR_ONLY,0,1103515245,3,YCSB_B,30000,40000,10000,4878300,2049894.4304368326,300.0,400.0,500.0,0,0,9500,0,0,0
YCSB_VALIDATION,YCSB_B,LARS_MONITOR_ONLY,0,1103515245,4,YCSB_B,40000,50000,10000,4755700,2102739.870050676,200.0,400.0,500.0,0,0,8900,0,0,0
YCSB_VALIDATION,YCSB_B,LARS_MONITOR_ONLY,0,1103515245,5,YCSB_B,50000,60000,10000,4990700,2003726.9320936943,300.0,500.0,700.0,0,0,20500,0,0,0
YCSB_VALIDATION,YCSB_B,LARS_MONITOR_ONLY,0,1103515245,6,YCSB_B,60000,70000,10000,6166000,1621796.951021732,300.0,500.0,900.0,0,0,0,0,0,0
YCSB_VALIDATION,YCSB_B,LARS_MONITOR_ONLY,0,1103515245,7,YCSB_B,70000,80000,10000,3455000,2894356.005788712,300.0,500.0,700.0,0,0,15100,0,0,0
YCSB_VALIDATION,YCSB_B,LARS_MONITOR_ONLY,0,1103515245,8,YCSB_B,80000,90000,10000,3148600,3176014.7367083784,200.0,400.0,500.0,0,0,9200,0,0,0
YCSB_VALIDATION,YCSB_B,LARS_MONITOR_ONLY,0,1103515245,9,YCSB_B,90000,100000,10000,3004300,3328562.3939020736,200.0,400.0,500.0,0,0,22200,0,0,0
YCSB_VALIDATION,YCSB_B,LARS_MONITOR_ONLY,0,1103515245,10,YCSB_B,100000,110000,10000,3211400,3113906.7073550476,200.0,400.0,500.0,0,0,8700,0,0,0
YCSB_VALIDATION,YCSB_B,LARS_MONITOR_ONLY,0,1103515245,11,YCSB_B,110000,120000,10000,3164100,3160456.3698998136,200.0,400.0,500.0,0,0,26200,0,0,0
YCSB_VALIDATION,YCSB_B,LARS_MONITOR_ONLY,0,1103515245,12,YCSB_B,120000,130000,10000,3111500,3213883.9787883656,200.0,400.0,500.0,0,0,0,0,0,0
YCSB_VALIDATION,YCSB_B,LARS_MONITOR_ONLY,0,1103515245,13,YCSB_B,130000,140000,10000,4180800,2391886.720244929,200.0,400.0,500.0,0,0,37400,0,0,0
YCSB_VALIDATION,YCSB_B,LARS_MONITOR_ONLY,0,1103515245,14,YCSB_B,140000,150000,10000,3376200,2961909.8394644866,200.0,400.0,500.0,0,0,20500,0,0,0
YCSB_VALIDATION,YCSB_B,LARS_MONITOR_ONLY,0,1103515245,15,YCSB_B,150000,160000,10000,3246800,3079955.6486386596,200.0,400.0,500.0,0,0,12700,0,0,0
YCSB_VALIDATION,YCSB_B,LARS_MONITOR_ONLY,0,1103515245,16,YCSB_B,160000,170000,10000,3260800,3066732.090284593,200.0,400.0,500.0,0,0,18800,0,0,0
YCSB_VALIDATION,YCSB_B,LARS_MONITOR_ONLY,0,1103515245,17,YCSB_B,170000,180000,10000,3400500,2940744.008234083,300.0,400.0,500.0,0,0,25500,0,0,0
YCSB_VALIDATION,YCSB_B,LARS_MONITOR_ONLY,0,1103515245,18,YCSB_B,180000,190000,10000,3289000,3040437.8230465185,200.0,400.0,500.0,0,0,32600,0,0,0
YCSB_VALIDATION,YCSB_B,LARS_MONITOR_ONLY,0,1103515245,19,YCSB_B,190000,200000,10000,3214100,3111290.874583865,200.0,400.0,500.0,0,0,29600,0,0,0
YCSB_VALIDATION,YCSB_B,LARS_MONITOR_ONLY,0,1103515245,20,YCSB_B,200000,210000,10000,3467400,2884005.306569764,200.0,400.0,500.0,0,0,10000,0,0,0
YCSB_VALIDATION,YCSB_B,LARS_MONITOR_ONLY,0,1103515245,21,YCSB_B,210000,220000,10000,3366600,2970355.848630666,200.0,400.0,500.0,0,0,31100,0,0,0
YCSB_VALIDATION,YCSB_B,LARS_MONITOR_ONLY,0,1103515245,22,YCSB_B,220000,230000,10000,2757900,3625947.2787265675,200.0,400.0,400.0,0,0,6100,0,0,0
YCSB_VALIDATION,YCSB_B,LARS_MONITOR_ONLY,0,1103515245,23,YCSB_B,230000,240000,10000,3079800,3246964.08857718,200.0,400.0,500.0,0,0,87900,0,0,0
YCSB_VALIDATION,YCSB_B,LARS_MONITOR_ONLY,0,1103515245,24,YCSB_B,240000,250000,10000,2803600,3566842.6309031243,200.0,400.0,500.0,0,0,7400,0,0,0
YCSB_VALIDATION,YCSB_B,LARS_MONITOR_ONLY,0,1103515245,25,YCSB_B,250000,260000,10000,2351600,4252423.881612519,200.0,300.0,400.0,0,0,15200,0,0,0
YCSB_VALIDATION,YCSB_B,LARS_MONITOR_ONLY,0,1103515245,26,YCSB_B,260000,270000,10000,3721800,2686871.943683164,200.0,400.0,500.0,0,0,60800,0,0,0
YCSB_VALIDATION,YCSB_B,LARS_MONITOR_ONLY,0,1103515245,27,YCSB_B,270000,280000,10000,3227400,3098469.356138068,200.0,300.0,400.0,0,0,21500,0,0,0
YCSB_VALIDATION,YCSB_B,LARS_MONITOR_ONLY,0,1103515245,28,YCSB_B,280000,290000,10000,2599400,3847041.624990382,200.0,400.0,800.0,0,0,10900,0,0,0
YCSB_VALIDATION,YCSB_B,LARS_MONITOR_ONLY,0,1103515245,29,YCSB_B,290000,300000,10000,2528800,3954444.7959506484,200.0,400.0,600.0,0,0,27400,0,0,0
YCSB_VALIDATION,YCSB_B,LARS_MONITOR_ONLY,1,214013,0,YCSB_B,0,10000,10000,8303100,1204369.45237321,300.0,600.0,1900.0,0,0,0,0,0,0
YCSB_VALIDATION,YCSB_B,LARS_MONITOR_ONLY,1,214013,1,YCSB_B,10000,20000,10000,5152900,1940654.7769217333,300.0,500.0,600.0,0,0,12000,0,0,0
YCSB_VALIDATION,YCSB_B,LARS_MONITOR_ONLY,1,214013,2,YCSB_B,20000,30000,10000,4665800,2143255.17596125,300.0,400.0,500.0,0,0,0,0,0,0
YCSB_VALIDATION,YCSB_B,LARS_MONITOR_ONLY,1,214013,3,YCSB_B,30000,40000,10000,4797800,2084288.6322897994,300.0,400.0,500.0,0,0,9100,0,0,0
YCSB_VALIDATION,YCSB_B,LARS_MONITOR_ONLY,1,214013,4,YCSB_B,40000,50000,10000,4688000,2133105.8020477816,300.0,400.0,500.0,0,0,10900,0,0,0
YCSB_VALIDATION,YCSB_B,LARS_MONITOR_ONLY,1,214013,5,YCSB_B,50000,60000,10000,4102700,2437419.2604869963,200.0,400.0,500.0,0,0,11900,0,0,0
YCSB_VALIDATION,YCSB_B,LARS_MONITOR_ONLY,1,214013,6,YCSB_B,60000,70000,10000,4969500,2012274.8767481637,300.0,400.0,500.0,0,0,12900,0,0,0
YCSB_VALIDATION,YCSB_B,LARS_MONITOR_ONLY,1,214013,7,YCSB_B,70000,80000,10000,2948900,3391094.9845705177,200.0,400.0,500.0,0,0,15700,0,0,0
YCSB_VALIDATION,YCSB_B,LARS_MONITOR_ONLY,1,214013,8,YCSB_B,80000,90000,10000,2852100,3506188.4225658285,200.0,400.0,400.0,0,0,13600,0,0,0
YCSB_VALIDATION,YCSB_B,LARS_MONITOR_ONLY,1,214013,9,YCSB_B,90000,100000,10000,2719900,3676605.7575646164,200.0,400.0,400.0,0,0,12700,0,0,0
YCSB_VALIDATION,YCSB_B,LARS_MONITOR_ONLY,1,214013,10,YCSB_B,100000,110000,10000,3021600,3309504.898067249,200.0,400.0,500.0,0,0,7200,0,0,0
YCSB_VALIDATION,YCSB_B,LARS_MONITOR_ONLY,1,214013,11,YCSB_B,110000,120000,10000,3010100,3322148.7658217335,200.0,400.0,500.0,0,0,12100,0,0,0
YCSB_VALIDATION,YCSB_B,LARS_MONITOR_ONLY,1,214013,12,YCSB_B,120000,130000,10000,3069600,3257753.4532186603,200.0,400.0,500.0,0,0,19200,0,0,0
YCSB_VALIDATION,YCSB_B,LARS_MONITOR_ONLY,1,214013,13,YCSB_B,130000,140000,10000,4156200,2406043.982484,200.0,400.0,500.0,0,0,27400,0,0,0
YCSB_VALIDATION,YCSB_B,LARS_MONITOR_ONLY,1,214013,14,YCSB_B,140000,150000,10000,3122400,3202664.616961312,200.0,400.0,500.0,0,0,13000,0,0,0
YCSB_VALIDATION,YCSB_B,LARS_MONITOR_ONLY,1,214013,15,YCSB_B,150000,160000,10000,3253700,3073424.101791806,200.0,400.0,500.0,0,0,17700,0,0,0
YCSB_VALIDATION,YCSB_B,LARS_MONITOR_ONLY,1,214013,16,YCSB_B,160000,170000,10000,2993600,3340459.647247461,200.0,400.0,500.0,0,0,8200,0,0,0
YCSB_VALIDATION,YCSB_B,LARS_MONITOR_ONLY,1,214013,17,YCSB_B,170000,180000,10000,3156300,3168266.6413205336,200.0,400.0,500.0,0,0,16300,0,0,0
YCSB_VALIDATION,YCSB_B,LARS_MONITOR_ONLY,1,214013,18,YCSB_B,180000,190000,10000,2996100,3337672.307332866,200.0,400.0,500.0,0,0,23700,0,0,0
YCSB_VALIDATION,YCSB_B,LARS_MONITOR_ONLY,1,214013,19,YCSB_B,190000,200000,10000,3071600,3255632.2437817426,200.0,400.0,500.0,0,0,39700,0,0,0
YCSB_VALIDATION,YCSB_B,LARS_MONITOR_ONLY,1,214013,20,YCSB_B,200000,210000,10000,2956600,3382263.4106744234,200.0,400.0,500.0,0,0,5700,0,0,0
YCSB_VALIDATION,YCSB_B,LARS_MONITOR_ONLY,1,214013,21,YCSB_B,210000,220000,10000,2673400,3740555.098376599,200.0,300.0,400.0,0,0,31500,0,0,0
YCSB_VALIDATION,YCSB_B,LARS_MONITOR_ONLY,1,214013,22,YCSB_B,220000,230000,10000,2444900,4090146.836271422,200.0,300.0,400.0,0,0,0,0,0,0
YCSB_VALIDATION,YCSB_B,LARS_MONITOR_ONLY,1,214013,23,YCSB_B,230000,240000,10000,2708900,3691535.3095352356,200.0,300.0,600.0,0,0,66500,0,0,0
YCSB_VALIDATION,YCSB_B,LARS_MONITOR_ONLY,1,214013,24,YCSB_B,240000,250000,10000,2720500,3675794.890645102,200.0,300.0,400.0,0,0,11700,0,0,0
YCSB_VALIDATION,YCSB_B,LARS_MONITOR_ONLY,1,214013,25,YCSB_B,250000,260000,10000,2473100,4043508.1476689177,200.0,300.0,400.0,0,0,30200,0,0,0
YCSB_VALIDATION,YCSB_B,LARS_MONITOR_ONLY,1,214013,26,YCSB_B,260000,270000,10000,3237400,3088898.4987953296,200.0,300.0,400.0,0,0,45500,0,0,0
YCSB_VALIDATION,YCSB_B,LARS_MONITOR_ONLY,1,214013,27,YCSB_B,270000,280000,10000,3062000,3265839.3207054213,200.0,300.0,400.0,0,0,20100,0,0,0
YCSB_VALIDATION,YCSB_B,LARS_MONITOR_ONLY,1,214013,28,YCSB_B,280000,290000,10000,2185600,4575402.635431918,200.0,300.0,400.0,0,0,22400,0,0,0
YCSB_VALIDATION,YCSB_B,LARS_MONITOR_ONLY,1,214013,29,YCSB_B,290000,300000,10000,2193300,4559339.80759586,200.0,300.0,400.0,0,0,22200,0,0,0
YCSB_VALIDATION,YCSB_B,LARS_MONITOR_ONLY,2,1664525,0,YCSB_B,0,10000,10000,8294100,1205676.324134023,300.0,600.0,1700.0,0,0,0,0,0,0
YCSB_VALIDATION,YCSB_B,LARS_MONITOR_ONLY,2,1664525,1,YCSB_B,10000,20000,10000,5735200,1743618.3568140606,300.0,500.0,700.0,0,0,16500,0,0,0
YCSB_VALIDATION,YCSB_B,LARS_MONITOR_ONLY,2,1664525,2,YCSB_B,20000,30000,10000,5722800,1747396.379394702,300.0,500.0,700.0,0,0,0,0,0,0
YCSB_VALIDATION,YCSB_B,LARS_MONITOR_ONLY,2,1664525,3,YCSB_B,30000,40000,10000,5408300,1849009.8552225283,300.0,500.0,600.0,0,0,11700,0,0,0
YCSB_VALIDATION,YCSB_B,LARS_MONITOR_ONLY,2,1664525,4,YCSB_B,40000,50000,10000,5420700,1844780.1944398326,300.0,500.0,700.0,0,0,12400,0,0,0
YCSB_VALIDATION,YCSB_B,LARS_MONITOR_ONLY,2,1664525,5,YCSB_B,50000,60000,10000,4704300,2125714.771591948,300.0,400.0,500.0,0,0,30100,0,0,0
YCSB_VALIDATION,YCSB_B,LARS_MONITOR_ONLY,2,1664525,6,YCSB_B,60000,70000,10000,4844500,2064196.5115078955,300.0,400.0,500.0,0,0,0,0,0,0
YCSB_VALIDATION,YCSB_B,LARS_MONITOR_ONLY,2,1664525,7,YCSB_B,70000,80000,10000,3794600,2635323.8813050124,300.0,500.0,800.0,0,0,48800,0,0,0
YCSB_VALIDATION,YCSB_B,LARS_MONITOR_ONLY,2,1664525,8,YCSB_B,80000,90000,10000,3139000,3185727.9388340237,200.0,400.0,500.0,0,0,7300,0,0,0
YCSB_VALIDATION,YCSB_B,LARS_MONITOR_ONLY,2,1664525,9,YCSB_B,90000,100000,10000,2848400,3510742.8731919676,200.0,400.0,500.0,0,0,14600,0,0,0
YCSB_VALIDATION,YCSB_B,LARS_MONITOR_ONLY,2,1664525,10,YCSB_B,100000,110000,10000,3068900,3258496.5297011957,200.0,400.0,500.0,0,0,8500,0,0,0
YCSB_VALIDATION,YCSB_B,LARS_MONITOR_ONLY,2,1664525,11,YCSB_B,110000,120000,10000,3476900,2876125.284017372,200.0,400.0,600.0,0,0,21900,0,0,0
YCSB_VALIDATION,YCSB_B,LARS_MONITOR_ONLY,2,1664525,12,YCSB_B,120000,130000,10000,3228200,3097701.5054829316,200.0,400.0,500.0,0,0,9400,0,0,0
YCSB_VALIDATION,YCSB_B,LARS_MONITOR_ONLY,2,1664525,13,YCSB_B,130000,140000,10000,3872800,2582111.13406321,200.0,400.0,500.0,0,0,26300,0,0,0
YCSB_VALIDATION,YCSB_B,LARS_MONITOR_ONLY,2,1664525,14,YCSB_B,140000,150000,10000,3155600,3168969.4511344912,200.0,400.0,500.0,0,0,16500,0,0,0
YCSB_VALIDATION,YCSB_B,LARS_MONITOR_ONLY,2,1664525,15,YCSB_B,150000,160000,10000,3048400,3280409.3950925074,200.0,400.0,500.0,0,0,20400,0,0,0
YCSB_VALIDATION,YCSB_B,LARS_MONITOR_ONLY,2,1664525,16,YCSB_B,160000,170000,10000,2925400,3418335.954057565,200.0,400.0,500.0,0,0,0,0,0,0
YCSB_VALIDATION,YCSB_B,LARS_MONITOR_ONLY,2,1664525,17,YCSB_B,170000,180000,10000,3207700,3117498.5191882034,200.0,400.0,800.0,0,0,34700,0,0,0
YCSB_VALIDATION,YCSB_B,LARS_MONITOR_ONLY,2,1664525,18,YCSB_B,180000,190000,10000,3086700,3239705.8347102082,200.0,400.0,500.0,0,0,22700,0,0,0
YCSB_VALIDATION,YCSB_B,LARS_MONITOR_ONLY,2,1664525,19,YCSB_B,190000,200000,10000,3232400,3093676.525182527,200.0,400.0,500.0,0,0,28100,0,0,0
YCSB_VALIDATION,YCSB_B,LARS_MONITOR_ONLY,2,1664525,20,YCSB_B,200000,210000,10000,3242200,3084325.4580223304,200.0,400.0,500.0,0,0,17800,0,0,0
YCSB_VALIDATION,YCSB_B,LARS_MONITOR_ONLY,2,1664525,21,YCSB_B,210000,220000,10000,3134200,3190606.853423521,200.0,400.0,700.0,0,0,28300,0,0,0
YCSB_VALIDATION,YCSB_B,LARS_MONITOR_ONLY,2,1664525,22,YCSB_B,220000,230000,10000,2906600,3440445.8817862794,200.0,400.0,500.0,0,0,0,0,0,0
YCSB_VALIDATION,YCSB_B,LARS_MONITOR_ONLY,2,1664525,23,YCSB_B,230000,240000,10000,5251500,1904217.8425211844,300.0,500.0,700.0,0,0,154700,0,0,0
YCSB_VALIDATION,YCSB_B,LARS_MONITOR_ONLY,2,1664525,24,YCSB_B,240000,250000,10000,3693100,2707752.29482007,300.0,400.0,600.0,0,0,18200,0,0,0
YCSB_VALIDATION,YCSB_B,LARS_MONITOR_ONLY,2,1664525,25,YCSB_B,250000,260000,10000,3070600,3256692.503093858,200.0,400.0,500.0,0,0,105100,0,0,0
YCSB_VALIDATION,YCSB_B,LARS_MONITOR_ONLY,2,1664525,26,YCSB_B,260000,270000,10000,4705100,2125353.3399927737,300.0,500.0,800.0,0,0,97800,0,0,0
YCSB_VALIDATION,YCSB_B,LARS_MONITOR_ONLY,2,1664525,27,YCSB_B,270000,280000,10000,4268400,2342798.238215725,200.0,500.0,700.0,0,0,42200,0,0,0
YCSB_VALIDATION,YCSB_B,LARS_MONITOR_ONLY,2,1664525,28,YCSB_B,280000,290000,10000,2457400,4069341.58053227,200.0,400.0,400.0,0,0,19100,0,0,0
YCSB_VALIDATION,YCSB_B,LARS_MONITOR_ONLY,2,1664525,29,YCSB_B,290000,300000,10000,2378900,4203623.523477238,200.0,300.0,400.0,0,0,33200,0,0,0
YCSB_VALIDATION,YCSB_B,LARS_MONITOR_ONLY,3,22695477,0,YCSB_B,0,10000,10000,9058800,1103898.9711661588,300.0,600.0,2100.0,0,0,0,0,0,0
YCSB_VALIDATION,YCSB_B,LARS_MONITOR_ONLY,3,22695477,1,YCSB_B,10000,20000,10000,5388100,1855941.797665225,300.0,500.0,600.0,0,0,0,0,0,0
YCSB_VALIDATION,YCSB_B,LARS_MONITOR_ONLY,3,22695477,2,YCSB_B,20000,30000,10000,5151700,1941106.8191082554,300.0,500.0,600.0,0,0,11900,0,0,0
YCSB_VALIDATION,YCSB_B,LARS_MONITOR_ONLY,3,22695477,3,YCSB_B,30000,40000,10000,5242500,1907486.8860276586,300.0,500.0,600.0,0,0,0,0,0,0
YCSB_VALIDATION,YCSB_B,LARS_MONITOR_ONLY,3,22695477,4,YCSB_B,40000,50000,10000,4771000,2095996.6464053658,300.0,400.0,600.0,0,0,18000,0,0,0
YCSB_VALIDATION,YCSB_B,LARS_MONITOR_ONLY,3,22695477,5,YCSB_B,50000,60000,10000,4766600,2097931.439600554,300.0,400.0,600.0,0,0,13100,0,0,0
YCSB_VALIDATION,YCSB_B,LARS_MONITOR_ONLY,3,22695477,6,YCSB_B,60000,70000,10000,5246700,1905959.93672213,300.0,400.0,600.0,0,0,10100,0,0,0
YCSB_VALIDATION,YCSB_B,LARS_MONITOR_ONLY,3,22695477,7,YCSB_B,70000,80000,10000,2993900,3340124.920672033,200.0,400.0,500.0,0,0,10200,0,0,0
YCSB_VALIDATION,YCSB_B,LARS_MONITOR_ONLY,3,22695477,8,YCSB_B,80000,90000,10000,2733200,3658715.059271184,200.0,400.0,400.0,0,0,12000,0,0,0
YCSB_VALIDATION,YCSB_B,LARS_MONITOR_ONLY,3,22695477,9,YCSB_B,90000,100000,10000,2738600,3651500.766815161,200.0,300.0,400.0,0,0,18100,0,0,0
YCSB_VALIDATION,YCSB_B,LARS_MONITOR_ONLY,3,22695477,10,YCSB_B,100000,110000,10000,3347200,2987571.701720841,200.0,400.0,500.0,0,0,22200,0,0,0
YCSB_VALIDATION,YCSB_B,LARS_MONITOR_ONLY,3,22695477,11,YCSB_B,110000,120000,10000,2959700,3378720.816298949,200.0,400.0,500.0,0,0,9200,0,0,0
YCSB_VALIDATION,YCSB_B,LARS_MONITOR_ONLY,3,22695477,12,YCSB_B,120000,130000,10000,3214700,3110710.175132983,200.0,400.0,600.0,0,0,22400,0,0,0
YCSB_VALIDATION,YCSB_B,LARS_MONITOR_ONLY,3,22695477,13,YCSB_B,130000,140000,10000,3957700,2526720.064684034,200.0,400.0,500.0,0,0,12800,0,0,0
YCSB_VALIDATION,YCSB_B,LARS_MONITOR_ONLY,3,22695477,14,YCSB_B,140000,150000,10000,2997000,3336670.00333667,200.0,400.0,500.0,0,0,29400,0,0,0
YCSB_VALIDATION,YCSB_B,LARS_MONITOR_ONLY,3,22695477,15,YCSB_B,150000,160000,10000,2945300,3395239.873697077,200.0,400.0,500.0,0,0,0,0,0,0
YCSB_VALIDATION,YCSB_B,LARS_MONITOR_ONLY,3,22695477,16,YCSB_B,160000,170000,10000,2921900,3422430.610219378,200.0,400.0,500.0,0,0,20100,0,0,0
YCSB_VALIDATION,YCSB_B,LARS_MONITOR_ONLY,3,22695477,17,YCSB_B,170000,180000,10000,2916900,3428297.164798245,200.0,400.0,500.0,0,0,17800,0,0,0
YCSB_VALIDATION,YCSB_B,LARS_MONITOR_ONLY,3,22695477,18,YCSB_B,180000,190000,10000,2806700,3562903.053407917,200.0,400.0,400.0,0,0,35600,0,0,0
YCSB_VALIDATION,YCSB_B,LARS_MONITOR_ONLY,3,22695477,19,YCSB_B,190000,200000,10000,3078000,3248862.897985705,200.0,400.0,800.0,0,0,0,0,0,0
YCSB_VALIDATION,YCSB_B,LARS_MONITOR_ONLY,3,22695477,20,YCSB_B,200000,210000,10000,3278500,3050175.3850846426,200.0,400.0,500.0,0,0,32500,0,0,0
YCSB_VALIDATION,YCSB_B,LARS_MONITOR_ONLY,3,22695477,21,YCSB_B,210000,220000,10000,3359300,2976810.6450748667,200.0,400.0,500.0,0,0,16300,0,0,0
YCSB_VALIDATION,YCSB_B,LARS_MONITOR_ONLY,3,22695477,22,YCSB_B,220000,230000,10000,2824500,3540449.6371039124,200.0,400.0,500.0,0,0,20600,0,0,0
YCSB_VALIDATION,YCSB_B,LARS_MONITOR_ONLY,3,22695477,23,YCSB_B,230000,240000,10000,3010400,3321817.6986446986,200.0,400.0,500.0,0,0,20700,0,0,0
YCSB_VALIDATION,YCSB_B,LARS_MONITOR_ONLY,3,22695477,24,YCSB_B,240000,250000,10000,2807000,3562522.265764161,200.0,400.0,500.0,0,0,21600,0,0,0
YCSB_VALIDATION,YCSB_B,LARS_MONITOR_ONLY,3,22695477,25,YCSB_B,250000,260000,10000,2755900,3628578.6857288,200.0,400.0,500.0,0,0,100700,0,0,0
YCSB_VALIDATION,YCSB_B,LARS_MONITOR_ONLY,3,22695477,26,YCSB_B,260000,270000,10000,3217300,3108196.313679172,200.0,300.0,400.0,0,0,23600,0,0,0
YCSB_VALIDATION,YCSB_B,LARS_MONITOR_ONLY,3,22695477,27,YCSB_B,270000,280000,10000,3527300,2835029.6260595922,200.0,400.0,400.0,0,0,160700,0,0,0
YCSB_VALIDATION,YCSB_B,LARS_MONITOR_ONLY,3,22695477,28,YCSB_B,280000,290000,10000,2872000,3481894.150417827,200.0,400.0,500.0,0,0,24200,0,0,0
YCSB_VALIDATION,YCSB_B,LARS_MONITOR_ONLY,3,22695477,29,YCSB_B,290000,300000,10000,2695400,3710024.4861616087,200.0,400.0,500.0,0,0,19200,0,0,0
YCSB_VALIDATION,YCSB_B,LARS_MONITOR_ONLY,4,69069,0,YCSB_B,0,10000,10000,10221700,978310.848488999,400.0,700.0,1800.0,0,0,0,0,0,0
YCSB_VALIDATION,YCSB_B,LARS_MONITOR_ONLY,4,69069,1,YCSB_B,10000,20000,10000,6290600,1589673.4810669888,300.0,600.0,700.0,0,0,0,0,0,0
YCSB_VALIDATION,YCSB_B,LARS_MONITOR_ONLY,4,69069,2,YCSB_B,20000,30000,10000,5303500,1885547.2800980485,300.0,500.0,700.0,0,0,15400,0,0,0
YCSB_VALIDATION,YCSB_B,LARS_MONITOR_ONLY,4,69069,3,YCSB_B,30000,40000,10000,5067300,1973437.5308349614,300.0,400.0,500.0,0,0,9600,0,0,0
YCSB_VALIDATION,YCSB_B,LARS_MONITOR_ONLY,4,69069,4,YCSB_B,40000,50000,10000,5387900,1856010.690621578,300.0,500.0,600.0,0,0,22700,0,0,0
YCSB_VALIDATION,YCSB_B,LARS_MONITOR_ONLY,4,69069,5,YCSB_B,50000,60000,10000,5429700,1841722.3787686245,300.0,500.0,600.0,0,0,22900,0,0,0
YCSB_VALIDATION,YCSB_B,LARS_MONITOR_ONLY,4,69069,6,YCSB_B,60000,70000,10000,5692600,1756666.5495555634,300.0,500.0,600.0,0,0,10500,0,0,0
YCSB_VALIDATION,YCSB_B,LARS_MONITOR_ONLY,4,69069,7,YCSB_B,70000,80000,10000,3587200,2787689.5628902763,200.0,400.0,600.0,0,0,25700,0,0,0
YCSB_VALIDATION,YCSB_B,LARS_MONITOR_ONLY,4,69069,8,YCSB_B,80000,90000,10000,3313400,3018047.9266010746,200.0,400.0,500.0,0,0,0,0,0,0
YCSB_VALIDATION,YCSB_B,LARS_MONITOR_ONLY,4,69069,9,YCSB_B,90000,100000,10000,3169500,3155071.7778829467,200.0,400.0,500.0,0,0,24300,0,0,0
YCSB_VALIDATION,YCSB_B,LARS_MONITOR_ONLY,4,69069,10,YCSB_B,100000,110000,10000,2972600,3364058.4000538248,200.0,400.0,500.0,0,0,7100,0,0,0
YCSB_VALIDATION,YCSB_B,LARS_MONITOR_ONLY,4,69069,11,YCSB_B,110000,120000,10000,3502200,2855348.0669293585,200.0,500.0,800.0,0,0,0,0,0,0
YCSB_VALIDATION,YCSB_B,LARS_MONITOR_ONLY,4,69069,12,YCSB_B,120000,130000,10000,3314800,3016773.2593218293,200.0,400.0,500.0,0,0,38900,0,0,0
YCSB_VALIDATION,YCSB_B,LARS_MONITOR_ONLY,4,69069,13,YCSB_B,130000,140000,10000,4743300,2108236.8814960048,300.0,500.0,600.0,0,0,28700,0,0,0
YCSB_VALIDATION,YCSB_B,LARS_MONITOR_ONLY,4,69069,14,YCSB_B,140000,150000,10000,3366100,2970797.0648525,300.0,400.0,500.0,0,0,18200,0,0,0
YCSB_VALIDATION,YCSB_B,LARS_MONITOR_ONLY,4,69069,15,YCSB_B,150000,160000,10000,3898500,2565089.1368475053,300.0,500.0,700.0,0,0,26900,0,0,0
YCSB_VALIDATION,YCSB_B,LARS_MONITOR_ONLY,4,69069,16,YCSB_B,160000,170000,10000,3190000,3134796.238244514,200.0,400.0,500.0,0,0,11300,0,0,0
YCSB_VALIDATION,YCSB_B,LARS_MONITOR_ONLY,4,69069,17,YCSB_B,170000,180000,10000,3029100,3301310.6203162656,200.0,400.0,500.0,0,0,23900,0,0,0
YCSB_VALIDATION,YCSB_B,LARS_MONITOR_ONLY,4,69069,18,YCSB_B,180000,190000,10000,3237000,3089280.1977139325,200.0,400.0,500.0,0,0,105800,0,0,0
YCSB_VALIDATION,YCSB_B,LARS_MONITOR_ONLY,4,69069,19,YCSB_B,190000,200000,10000,2893200,3456380.478363058,200.0,400.0,500.0,0,0,25000,0,0,0
YCSB_VALIDATION,YCSB_B,LARS_MONITOR_ONLY,4,69069,20,YCSB_B,200000,210000,10000,4384600,2280709.75687634,300.0,500.0,800.0,0,0,47400,0,0,0
YCSB_VALIDATION,YCSB_B,LARS_MONITOR_ONLY,4,69069,21,YCSB_B,210000,220000,10000,3927800,2545954.478333927,300.0,400.0,500.0,0,0,20000,0,0,0
YCSB_VALIDATION,YCSB_B,LARS_MONITOR_ONLY,4,69069,22,YCSB_B,220000,230000,10000,3505300,2852822.868228112,200.0,400.0,500.0,0,0,12500,0,0,0
YCSB_VALIDATION,YCSB_B,LARS_MONITOR_ONLY,4,69069,23,YCSB_B,230000,240000,10000,3220000,3105590.0621118015,200.0,400.0,600.0,0,0,34700,0,0,0
YCSB_VALIDATION,YCSB_B,LARS_MONITOR_ONLY,4,69069,24,YCSB_B,240000,250000,10000,3742300,2672153.4884963795,300.0,500.0,900.0,0,0,37200,0,0,0
YCSB_VALIDATION,YCSB_B,LARS_MONITOR_ONLY,4,69069,25,YCSB_B,250000,260000,10000,2486600,4021555.5376819754,200.0,300.0,400.0,0,0,46900,0,0,0
YCSB_VALIDATION,YCSB_B,LARS_MONITOR_ONLY,4,69069,26,YCSB_B,260000,270000,10000,3531900,2831337.2405787255,200.0,400.0,500.0,0,0,11400,0,0,0
YCSB_VALIDATION,YCSB_B,LARS_MONITOR_ONLY,4,69069,27,YCSB_B,270000,280000,10000,3222300,3103373.3668497656,200.0,300.0,400.0,0,0,73500,0,0,0
YCSB_VALIDATION,YCSB_B,LARS_MONITOR_ONLY,4,69069,28,YCSB_B,280000,290000,10000,2529900,3952725.4041661727,200.0,400.0,500.0,0,0,26100,0,0,0
YCSB_VALIDATION,YCSB_B,LARS_MONITOR_ONLY,4,69069,29,YCSB_B,290000,300000,10000,2247700,4448992.303243316,200.0,300.0,400.0,0,0,16600,0,0,0
YCSB_VALIDATION,YCSB_B,LARS_MONITOR_ONLY,5,48271,0,YCSB_B,0,10000,10000,9614300,1040117.3252342864,300.0,700.0,2100.0,0,0,0,0,0,0
YCSB_VALIDATION,YCSB_B,LARS_MONITOR_ONLY,5,48271,1,YCSB_B,10000,20000,10000,5583700,1790927.1629922811,300.0,500.0,600.0,0,0,13400,0,0,0
YCSB_VALIDATION,YCSB_B,LARS_MONITOR_ONLY,5,48271,2,YCSB_B,20000,30000,10000,4832100,2069493.5949173237,300.0,400.0,600.0,0,0,0,0,0,0
YCSB_VALIDATION,YCSB_B,LARS_MONITOR_ONLY,5,48271,3,YCSB_B,30000,40000,10000,5530600,1808122.0844031388,300.0,500.0,600.0,0,0,11400,0,0,0
YCSB_VALIDATION,YCSB_B,LARS_MONITOR_ONLY,5,48271,4,YCSB_B,40000,50000,10000,6745300,1482513.750315034,400.0,700.0,1000.0,0,0,15600,0,0,0
YCSB_VALIDATION,YCSB_B,LARS_MONITOR_ONLY,5,48271,5,YCSB_B,50000,60000,10000,6732100,1485420.5968419958,300.0,700.0,1000.0,0,0,15700,0,0,0
YCSB_VALIDATION,YCSB_B,LARS_MONITOR_ONLY,5,48271,6,YCSB_B,60000,70000,10000,6727900,1486347.8945882074,300.0,700.0,1100.0,0,0,21100,0,0,0
YCSB_VALIDATION,YCSB_B,LARS_MONITOR_ONLY,5,48271,7,YCSB_B,70000,80000,10000,6547400,1527323.8231969941,400.0,1100.0,1700.0,0,0,66400,0,0,0
YCSB_VALIDATION,YCSB_B,LARS_MONITOR_ONLY,5,48271,8,YCSB_B,80000,90000,10000,4978600,2008596.7942795164,300.0,800.0,1100.0,0,0,0,0,0,0
YCSB_VALIDATION,YCSB_B,LARS_MONITOR_ONLY,5,48271,9,YCSB_B,90000,100000,10000,3769300,2653012.4956888547,300.0,500.0,600.0,0,0,35600,0,0,0
YCSB_VALIDATION,YCSB_B,LARS_MONITOR_ONLY,5,48271,10,YCSB_B,100000,110000,10000,3878000,2578648.7880350696,300.0,500.0,600.0,0,0,12000,0,0,0
YCSB_VALIDATION,YCSB_B,LARS_MONITOR_ONLY,5,48271,11,YCSB_B,110000,120000,10000,3655000,2735978.112175103,300.0,500.0,800.0,0,0,20700,0,0,0
YCSB_VALIDATION,YCSB_B,LARS_MONITOR_ONLY,5,48271,12,YCSB_B,120000,130000,10000,3605600,2773463.501220324,300.0,400.0,500.0,0,0,25500,0,0,0
YCSB_VALIDATION,YCSB_B,LARS_MONITOR_ONLY,5,48271,13,YCSB_B,130000,140000,10000,4740600,2109437.6239294605,300.0,400.0,600.0,0,0,31500,0,0,0
YCSB_VALIDATION,YCSB_B,LARS_MONITOR_ONLY,5,48271,14,YCSB_B,140000,150000,10000,3245700,3080999.476230089,200.0,400.0,500.0,0,0,14600,0,0,0
YCSB_VALIDATION,YCSB_B,LARS_MONITOR_ONLY,5,48271,15,YCSB_B,150000,160000,10000,3659600,2732539.075308777,300.0,400.0,700.0,0,0,20600,0,0,0
YCSB_VALIDATION,YCSB_B,LARS_MONITOR_ONLY,5,48271,16,YCSB_B,160000,170000,10000,4436200,2254181.506694919,300.0,600.0,900.0,0,0,18000,0,0,0
YCSB_VALIDATION,YCSB_B,LARS_MONITOR_ONLY,5,48271,17,YCSB_B,170000,180000,10000,3199100,3125879.153511925,200.0,400.0,500.0,0,0,27900,0,0,0
YCSB_VALIDATION,YCSB_B,LARS_MONITOR_ONLY,5,48271,18,YCSB_B,180000,190000,10000,3529700,2833101.963339661,300.0,400.0,600.0,0,0,34600,0,0,0
YCSB_VALIDATION,YCSB_B,LARS_MONITOR_ONLY,5,48271,19,YCSB_B,190000,200000,10000,3368400,2968768.5548034674,200.0,400.0,700.0,0,0,23000,0,0,0
YCSB_VALIDATION,YCSB_B,LARS_MONITOR_ONLY,5,48271,20,YCSB_B,200000,210000,10000,3084500,3242016.534284325,200.0,400.0,500.0,0,0,12800,0,0,0
YCSB_VALIDATION,YCSB_B,LARS_MONITOR_ONLY,5,48271,21,YCSB_B,210000,220000,10000,2979300,3356493.135971537,200.0,400.0,500.0,0,0,16000,0,0,0
YCSB_VALIDATION,YCSB_B,LARS_MONITOR_ONLY,5,48271,22,YCSB_B,220000,230000,10000,3142100,3182584.8954520863,200.0,400.0,500.0,0,0,19800,0,0,0
YCSB_VALIDATION,YCSB_B,LARS_MONITOR_ONLY,5,48271,23,YCSB_B,230000,240000,10000,3100700,3225078.2081465474,200.0,400.0,500.0,0,0,140600,0,0,0
YCSB_VALIDATION,YCSB_B,LARS_MONITOR_ONLY,5,48271,24,YCSB_B,240000,250000,10000,3126800,3198157.8610720225,200.0,400.0,500.0,0,0,11100,0,0,0
YCSB_VALIDATION,YCSB_B,LARS_MONITOR_ONLY,5,48271,25,YCSB_B,250000,260000,10000,2740000,3649635.0364963505,200.0,400.0,500.0,0,0,157200,0,0,0
YCSB_VALIDATION,YCSB_B,LARS_MONITOR_ONLY,5,48271,26,YCSB_B,260000,270000,10000,3251800,3075219.878221293,200.0,300.0,400.0,0,0,40200,0,0,0
YCSB_VALIDATION,YCSB_B,LARS_MONITOR_ONLY,5,48271,27,YCSB_B,270000,280000,10000,3373500,2964280.42092782,200.0,300.0,400.0,0,0,31900,0,0,0
YCSB_VALIDATION,YCSB_B,LARS_MONITOR_ONLY,5,48271,28,YCSB_B,280000,290000,10000,2399200,4168056.018672891,200.0,300.0,400.0,0,0,14800,0,0,0
YCSB_VALIDATION,YCSB_B,LARS_MONITOR_ONLY,5,48271,29,YCSB_B,290000,300000,10000,2384600,4193575.4424222093,200.0,300.0,400.0,0,0,31700,0,0,0
YCSB_VALIDATION,YCSB_B,LARS_MONITOR_ONLY,6,134775813,0,YCSB_B,0,10000,10000,9090500,1100049.5022276002,300.0,700.0,1900.0,0,0,0,0,0,0
YCSB_VALIDATION,YCSB_B,LARS_MONITOR_ONLY,6,134775813,1,YCSB_B,10000,20000,10000,5314100,1881786.1914529272,300.0,500.0,600.0,0,0,11500,0,0,0
YCSB_VALIDATION,YCSB_B,LARS_MONITOR_ONLY,6,134775813,2,YCSB_B,20000,30000,10000,4723500,2117074.203450831,300.0,400.0,500.0,0,0,0,0,0,0
YCSB_VALIDATION,YCSB_B,LARS_MONITOR_ONLY,6,134775813,3,YCSB_B,30000,40000,10000,4978800,2008516.1082991885,300.0,400.0,500.0,0,0,9100,0,0,0
YCSB_VALIDATION,YCSB_B,LARS_MONITOR_ONLY,6,134775813,4,YCSB_B,40000,50000,10000,4972100,2011222.6222320548,300.0,400.0,600.0,0,0,10500,0,0,0
YCSB_VALIDATION,YCSB_B,LARS_MONITOR_ONLY,6,134775813,5,YCSB_B,50000,60000,10000,5052800,1979100.6966434452,300.0,400.0,600.0,0,0,14100,0,0,0
YCSB_VALIDATION,YCSB_B,LARS_MONITOR_ONLY,6,134775813,6,YCSB_B,60000,70000,10000,5667700,1764384.1417153343,300.0,500.0,600.0,0,0,10300,0,0,0
YCSB_VALIDATION,YCSB_B,LARS_MONITOR_ONLY,6,134775813,7,YCSB_B,70000,80000,10000,3423100,2921328.620256493,300.0,400.0,600.0,0,0,13200,0,0,0
YCSB_VALIDATION,YCSB_B,LARS_MONITOR_ONLY,6,134775813,8,YCSB_B,80000,90000,10000,2788000,3586800.573888092,200.0,400.0,500.0,0,0,11900,0,0,0
YCSB_VALIDATION,YCSB_B,LARS_MONITOR_ONLY,6,134775813,9,YCSB_B,90000,100000,10000,2971000,3365870.077415012,200.0,400.0,500.0,0,0,21700,0,0,0
YCSB_VALIDATION,YCSB_B,LARS_MONITOR_ONLY,6,134775813,10,YCSB_B,100000,110000,10000,3100800,3224974.2002063985,200.0,400.0,500.0,0,0,9300,0,0,0
YCSB_VALIDATION,YCSB_B,LARS_MONITOR_ONLY,6,134775813,11,YCSB_B,110000,120000,10000,3248200,3078628.163290438,200.0,400.0,500.0,0,0,14100,0,0,0
YCSB_VALIDATION,YCSB_B,LARS_MONITOR_ONLY,6,134775813,12,YCSB_B,120000,130000,10000,4195000,2383790.2264600717,300.0,500.0,800.0,0,0,15500,0,0,0
YCSB_VALIDATION,YCSB_B,LARS_MONITOR_ONLY,6,134775813,13,YCSB_B,130000,140000,10000,4111000,2432498.1756263683,200.0,400.0,500.0,0,0,34600,0,0,0
YCSB_VALIDATION,YCSB_B,LARS_MONITOR_ONLY,6,134775813,14,YCSB_B,140000,150000,10000,3118300,3206875.5411602478,200.0,400.0,500.0,0,0,28600,0,0,0
YCSB_VALIDATION,YCSB_B,LARS_MONITOR_ONLY,6,134775813,15,YCSB_B,150000,160000,10000,3188200,3136566.0874474626,200.0,400.0,500.0,0,0,10200,0,0,0
YCSB_VALIDATION,YCSB_B,LARS_MONITOR_ONLY,6,134775813,16,YCSB_B,160000,170000,10000,3275300,3053155.436143254,200.0,400.0,500.0,0,0,17200,0,0,0
YCSB_VALIDATION,YCSB_B,LARS_MONITOR_ONLY,6,134775813,17,YCSB_B,170000,180000,10000,3026600,3304037.5338663845,200.0,400.0,600.0,0,0,9900,0,0,0
YCSB_VALIDATION,YCSB_B,LARS_MONITOR_ONLY,6,134775813,18,YCSB_B,180000,190000,10000,3240400,3086038.7606468336,200.0,400.0,500.0,0,0,46000,0,0,0
YCSB_VALIDATION,YCSB_B,LARS_MONITOR_ONLY,6,134775813,19,YCSB_B,190000,200000,10000,3325500,3007066.6065253345,200.0,400.0,600.0,0,0,12200,0,0,0
YCSB_VALIDATION,YCSB_B,LARS_MONITOR_ONLY,6,134775813,20,YCSB_B,200000,210000,10000,3364100,2972563.241282958,200.0,400.0,800.0,0,0,40400,0,0,0
YCSB_VALIDATION,YCSB_B,LARS_MONITOR_ONLY,6,134775813,21,YCSB_B,210000,220000,10000,3070900,3256374.352795597,200.0,400.0,500.0,0,0,13300,0,0,0
YCSB_VALIDATION,YCSB_B,LARS_MONITOR_ONLY,6,134775813,22,YCSB_B,220000,230000,10000,2867300,3487601.5763959126,200.0,400.0,500.0,0,0,59800,0,0,0
YCSB_VALIDATION,YCSB_B,LARS_MONITOR_ONLY,6,134775813,23,YCSB_B,230000,240000,10000,2509200,3985333.9709867686,200.0,300.0,400.0,0,0,0,0,0,0
YCSB_VALIDATION,YCSB_B,LARS_MONITOR_ONLY,6,134775813,24,YCSB_B,240000,250000,10000,2566400,3896508.728179551,200.0,300.0,400.0,0,0,35000,0,0,0
YCSB_VALIDATION,YCSB_B,LARS_MONITOR_ONLY,6,134775813,25,YCSB_B,250000,260000,10000,2638700,3789744.950164854,200.0,300.0,400.0,0,0,373600,0,0,0
YCSB_VALIDATION,YCSB_B,LARS_MONITOR_ONLY,6,134775813,26,YCSB_B,260000,270000,10000,3162800,3161755.406601745,200.0,300.0,400.0,0,0,0,0,0,0
YCSB_VALIDATION,YCSB_B,LARS_MONITOR_ONLY,6,134775813,27,YCSB_B,270000,280000,10000,3212200,3113131.187348235,200.0,300.0,400.0,0,0,122900,0,0,0
YCSB_VALIDATION,YCSB_B,LARS_MONITOR_ONLY,6,134775813,28,YCSB_B,280000,290000,10000,2178700,4589893.055491807,200.0,300.0,400.0,0,0,12300,0,0,0
YCSB_VALIDATION,YCSB_B,LARS_MONITOR_ONLY,6,134775813,29,YCSB_B,290000,300000,10000,2169000,4610419.548178884,200.0,300.0,400.0,0,0,22700,0,0,0
YCSB_VALIDATION,YCSB_B,LARS_MONITOR_ONLY,7,16807,0,YCSB_B,0,10000,10000,8476200,1179773.9553101626,300.0,600.0,1800.0,0,0,0,0,0,0
YCSB_VALIDATION,YCSB_B,LARS_MONITOR_ONLY,7,16807,1,YCSB_B,10000,20000,10000,5083200,1967264.7151400691,300.0,400.0,600.0,0,0,0,0,0,0
YCSB_VALIDATION,YCSB_B,LARS_MONITOR_ONLY,7,16807,2,YCSB_B,20000,30000,10000,4949200,2020528.5702739838,300.0,500.0,600.0,0,0,12600,0,0,0
YCSB_VALIDATION,YCSB_B,LARS_MONITOR_ONLY,7,16807,3,YCSB_B,30000,40000,10000,4989600,2004168.6708353376,300.0,400.0,500.0,0,0,9700,0,0,0
YCSB_VALIDATION,YCSB_B,LARS_MONITOR_ONLY,7,16807,4,YCSB_B,40000,50000,10000,5105700,1958595.2954541002,300.0,500.0,600.0,0,0,11700,0,0,0
YCSB_VALIDATION,YCSB_B,LARS_MONITOR_ONLY,7,16807,5,YCSB_B,50000,60000,10000,4911100,2036203.70181833,300.0,400.0,600.0,0,0,16400,0,0,0
YCSB_VALIDATION,YCSB_B,LARS_MONITOR_ONLY,7,16807,6,YCSB_B,60000,70000,10000,5198300,1923705.8269049497,300.0,500.0,600.0,0,0,8300,0,0,0
YCSB_VALIDATION,YCSB_B,LARS_MONITOR_ONLY,7,16807,7,YCSB_B,70000,80000,10000,3501100,2856245.180086259,300.0,400.0,500.0,0,0,29400,0,0,0
YCSB_VALIDATION,YCSB_B,LARS_MONITOR_ONLY,7,16807,8,YCSB_B,80000,90000,10000,3219100,3106458.326861545,200.0,400.0,500.0,0,0,10100,0,0,0
YCSB_VALIDATION,YCSB_B,LARS_MONITOR_ONLY,7,16807,9,YCSB_B,90000,100000,10000,2945700,3394778.8301592153,200.0,400.0,500.0,0,0,14000,0,0,0
YCSB_VALIDATION,YCSB_B,LARS_MONITOR_ONLY,7,16807,10,YCSB_B,100000,110000,10000,3327700,3005078.58280494,200.0,400.0,500.0,0,0,10000,0,0,0
YCSB_VALIDATION,YCSB_B,LARS_MONITOR_ONLY,7,16807,11,YCSB_B,110000,120000,10000,3553800,2813889.3578704484,300.0,400.0,600.0,0,0,12900,0,0,0
YCSB_VALIDATION,YCSB_B,LARS_MONITOR_ONLY,7,16807,12,YCSB_B,120000,130000,10000,3229500,3096454.559529339,200.0,400.0,500.0,0,0,21500,0,0,0
YCSB_VALIDATION,YCSB_B,LARS_MONITOR_ONLY,7,16807,13,YCSB_B,130000,140000,10000,4658000,2146844.1391155003,300.0,500.0,600.0,0,0,22200,0,0,0
YCSB_VALIDATION,YCSB_B,LARS_MONITOR_ONLY,7,16807,14,YCSB_B,140000,150000,10000,3308100,3022883.2260209788,300.0,400.0,500.0,0,0,24300,0,0,0
YCSB_VALIDATION,YCSB_B,LARS_MONITOR_ONLY,7,16807,15,YCSB_B,150000,160000,10000,3276200,3052316.7083816617,200.0,400.0,500.0,0,0,15300,0,0,0
YCSB_VALIDATION,YCSB_B,LARS_MONITOR_ONLY,7,16807,16,YCSB_B,160000,170000,10000,3240300,3086133.9999382775,200.0,400.0,500.0,0,0,11500,0,0,0
YCSB_VALIDATION,YCSB_B,LARS_MONITOR_ONLY,7,16807,17,YCSB_B,170000,180000,10000,3104500,3221130.616846513,200.0,400.0,500.0,0,0,14300,0,0,0
YCSB_VALIDATION,YCSB_B,LARS_MONITOR_ONLY,7,16807,18,YCSB_B,180000,190000,10000,3230100,3095879.3845391786,200.0,400.0,500.0,0,0,46300,0,0,0
YCSB_VALIDATION,YCSB_B,LARS_MONITOR_ONLY,7,16807,19,YCSB_B,190000,200000,10000,3221900,3103758.6517272415,200.0,400.0,500.0,0,0,19200,0,0,0
YCSB_VALIDATION,YCSB_B,LARS_MONITOR_ONLY,7,16807,20,YCSB_B,200000,210000,10000,3417500,2926115.581565472,200.0,400.0,500.0,0,0,24900,0,0,0
YCSB_VALIDATION,YCSB_B,LARS_MONITOR_ONLY,7,16807,21,YCSB_B,210000,220000,10000,2914000,3431708.9910775567,200.0,400.0,500.0,0,0,18500,0,0,0
YCSB_VALIDATION,YCSB_B,LARS_MONITOR_ONLY,7,16807,22,YCSB_B,220000,230000,10000,2938900,3402633.63843615,200.0,400.0,500.0,0,0,5900,0,0,0
YCSB_VALIDATION,YCSB_B,LARS_MONITOR_ONLY,7,16807,23,YCSB_B,230000,240000,10000,2974300,3362135.628551256,200.0,400.0,700.0,0,0,29800,0,0,0
YCSB_VALIDATION,YCSB_B,LARS_MONITOR_ONLY,7,16807,24,YCSB_B,240000,250000,10000,2544100,3930663.1028654533,200.0,300.0,400.0,0,0,16200,0,0,0
YCSB_VALIDATION,YCSB_B,LARS_MONITOR_ONLY,7,16807,25,YCSB_B,250000,260000,10000,2338200,4276794.115131297,200.0,300.0,400.0,0,0,27800,0,0,0
YCSB_VALIDATION,YCSB_B,LARS_MONITOR_ONLY,7,16807,26,YCSB_B,260000,270000,10000,3117300,3207904.2761364,200.0,300.0,400.0,0,0,15300,0,0,0
YCSB_VALIDATION,YCSB_B,LARS_MONITOR_ONLY,7,16807,27,YCSB_B,270000,280000,10000,3137100,3187657.39058366,200.0,300.0,400.0,0,0,17400,0,0,0
YCSB_VALIDATION,YCSB_B,LARS_MONITOR_ONLY,7,16807,28,YCSB_B,280000,290000,10000,2404400,4159041.756779238,200.0,300.0,400.0,0,0,53600,0,0,0
YCSB_VALIDATION,YCSB_B,LARS_MONITOR_ONLY,7,16807,29,YCSB_B,290000,300000,10000,2273300,4398891.479347205,200.0,300.0,400.0,0,0,32900,0,0,0
YCSB_VALIDATION,YCSB_B,LARS_MONITOR_ONLY,8,2147483647,0,YCSB_B,0,10000,10000,10150200,985202.2620243937,300.0,700.0,2400.0,0,0,0,0,0,0
YCSB_VALIDATION,YCSB_B,LARS_MONITOR_ONLY,8,2147483647,1,YCSB_B,10000,20000,10000,5951800,1680163.9840048389,300.0,500.0,700.0,0,0,12800,0,0,0
YCSB_VALIDATION,YCSB_B,LARS_MONITOR_ONLY,8,2147483647,2,YCSB_B,20000,30000,10000,5103700,1959362.8152124928,300.0,400.0,600.0,0,0,0,0,0,0
YCSB_VALIDATION,YCSB_B,LARS_MONITOR_ONLY,8,2147483647,3,YCSB_B,30000,40000,10000,4909200,2036991.770553247,300.0,400.0,500.0,0,0,9000,0,0,0
YCSB_VALIDATION,YCSB_B,LARS_MONITOR_ONLY,8,2147483647,4,YCSB_B,40000,50000,10000,5115000,1955034.2130987293,300.0,400.0,600.0,0,0,11000,0,0,0
YCSB_VALIDATION,YCSB_B,LARS_MONITOR_ONLY,8,2147483647,5,YCSB_B,50000,60000,10000,5207100,1920454.7636880414,300.0,500.0,900.0,0,0,16500,0,0,0
YCSB_VALIDATION,YCSB_B,LARS_MONITOR_ONLY,8,2147483647,6,YCSB_B,60000,70000,10000,5129600,1949469.7442295696,300.0,400.0,500.0,0,0,11200,0,0,0
YCSB_VALIDATION,YCSB_B,LARS_MONITOR_ONLY,8,2147483647,7,YCSB_B,70000,80000,10000,3206600,3118567.953595709,200.0,400.0,500.0,0,0,19700,0,0,0
YCSB_VALIDATION,YCSB_B,LARS_MONITOR_ONLY,8,2147483647,8,YCSB_B,80000,90000,10000,3116800,3208418.8911704314,200.0,400.0,500.0,0,0,35600,0,0,0
YCSB_VALIDATION,YCSB_B,LARS_MONITOR_ONLY,8,2147483647,9,YCSB_B,90000,100000,10000,2892500,3457216.9403630076,200.0,400.0,500.0,0,0,16000,0,0,0
YCSB_VALIDATION,YCSB_B,LARS_MONITOR_ONLY,8,2147483647,10,YCSB_B,100000,110000,10000,3330600,3002462.0188554614,200.0,400.0,500.0,0,0,8800,0,0,0
YCSB_VALIDATION,YCSB_B,LARS_MONITOR_ONLY,8,2147483647,11,YCSB_B,110000,120000,10000,3938800,2538844.3180664163,300.0,500.0,600.0,0,0,20200,0,0,0
YCSB_VALIDATION,YCSB_B,LARS_MONITOR_ONLY,8,2147483647,12,YCSB_B,120000,130000,10000,2880800,3471257.983893363,200.0,400.0,400.0,0,0,12800,0,0,0
YCSB_VALIDATION,YCSB_B,LARS_MONITOR_ONLY,8,2147483647,13,YCSB_B,130000,140000,10000,3941500,2537105.1630090065,200.0,400.0,500.0,0,0,27600,0,0,0
YCSB_VALIDATION,YCSB_B,LARS_MONITOR_ONLY,8,2147483647,14,YCSB_B,140000,150000,10000,3203500,3121585.7655689092,200.0,400.0,500.0,0,0,10600,0,0,0
YCSB_VALIDATION,YCSB_B,LARS_MONITOR_ONLY,8,2147483647,15,YCSB_B,150000,160000,10000,3198000,3126954.3464665418,200.0,400.0,700.0,0,0,14700,0,0,0
YCSB_VALIDATION,YCSB_B,LARS_MONITOR_ONLY,8,2147483647,16,YCSB_B,160000,170000,10000,3689700,2710247.4455917827,300.0,400.0,500.0,0,0,12400,0,0,0
YCSB_VALIDATION,YCSB_B,LARS_MONITOR_ONLY,8,2147483647,17,YCSB_B,170000,180000,10000,3069500,3257859.5862518325,200.0,400.0,500.0,0,0,22200,0,0,0
YCSB_VALIDATION,YCSB_B,LARS_MONITOR_ONLY,8,2147483647,18,YCSB_B,180000,190000,10000,3025200,3305566.5741108027,200.0,400.0,500.0,0,0,34900,0,0,0
YCSB_VALIDATION,YCSB_B,LARS_MONITOR_ONLY,8,2147483647,19,YCSB_B,190000,200000,10000,2979700,3356042.5546195926,200.0,400.0,500.0,0,0,25700,0,0,0
YCSB_VALIDATION,YCSB_B,LARS_MONITOR_ONLY,8,2147483647,20,YCSB_B,200000,210000,10000,3065700,3261897.7721238215,200.0,400.0,500.0,0,0,20600,0,0,0
YCSB_VALIDATION,YCSB_B,LARS_MONITOR_ONLY,8,2147483647,21,YCSB_B,210000,220000,10000,3066200,3261365.8600221775,200.0,400.0,600.0,0,0,20600,0,0,0
YCSB_VALIDATION,YCSB_B,LARS_MONITOR_ONLY,8,2147483647,22,YCSB_B,220000,230000,10000,2822400,3543083.9002267574,200.0,400.0,500.0,0,0,0,0,0,0
YCSB_VALIDATION,YCSB_B,LARS_MONITOR_ONLY,8,2147483647,23,YCSB_B,230000,240000,10000,3243900,3082709.0847436725,200.0,400.0,500.0,0,0,96600,0,0,0
YCSB_VALIDATION,YCSB_B,LARS_MONITOR_ONLY,8,2147483647,24,YCSB_B,240000,250000,10000,2792600,3580892.358375707,200.0,400.0,500.0,0,0,15100,0,0,0
YCSB_VALIDATION,YCSB_B,LARS_MONITOR_ONLY,8,2147483647,25,YCSB_B,250000,260000,10000,2756200,3628183.731224149,200.0,400.0,400.0,0,0,146200,0,0,0
YCSB_VALIDATION,YCSB_B,LARS_MONITOR_ONLY,8,2147483647,26,YCSB_B,260000,270000,10000,3523700,2837926.043647303,200.0,400.0,500.0,0,0,19900,0,0,0
YCSB_VALIDATION,YCSB_B,LARS_MONITOR_ONLY,8,2147483647,27,YCSB_B,270000,280000,10000,3556800,2811515.9694107063,200.0,400.0,500.0,0,0,160700,0,0,0
YCSB_VALIDATION,YCSB_B,LARS_MONITOR_ONLY,8,2147483647,28,YCSB_B,280000,290000,10000,2413100,4144047.076374788,200.0,300.0,400.0,0,0,22000,0,0,0
YCSB_VALIDATION,YCSB_B,LARS_MONITOR_ONLY,8,2147483647,29,YCSB_B,290000,300000,10000,2325300,4300520.362963919,200.0,300.0,400.0,0,0,26900,0,0,0
YCSB_VALIDATION,YCSB_B,LARS_MONITOR_ONLY,9,6364136223846793005,0,YCSB_B,0,10000,10000,8992300,1112062.5423973845,300.0,700.0,2100.0,0,0,0,0,0,0
YCSB_VALIDATION,YCSB_B,LARS_MONITOR_ONLY,9,6364136223846793005,1,YCSB_B,10000,20000,10000,5112600,1955951.9618198178,300.0,500.0,600.0,0,0,17500,0,0,0
YCSB_VALIDATION,YCSB_B,LARS_MONITOR_ONLY,9,6364136223846793005,2,YCSB_B,20000,30000,10000,4918800,2033016.1828088153,300.0,400.0,600.0,0,0,0,0,0,0
YCSB_VALIDATION,YCSB_B,LARS_MONITOR_ONLY,9,6364136223846793005,3,YCSB_B,30000,40000,10000,5102800,1959708.3953907657,300.0,400.0,600.0,0,0,11100,0,0,0
YCSB_VALIDATION,YCSB_B,LARS_MONITOR_ONLY,9,6364136223846793005,4,YCSB_B,40000,50000,10000,4733700,2112512.411010415,300.0,400.0,600.0,0,0,14600,0,0,0
YCSB_VALIDATION,YCSB_B,LARS_MONITOR_ONLY,9,6364136223846793005,5,YCSB_B,50000,60000,10000,4669100,2141740.378231351,200.0,400.0,500.0,0,0,18100,0,0,0
YCSB_VALIDATION,YCSB_B,LARS_MONITOR_ONLY,9,6364136223846793005,6,YCSB_B,60000,70000,10000,5165400,1935958.493049909,200.0,400.0,600.0,0,0,8600,0,0,0
YCSB_VALIDATION,YCSB_B,LARS_MONITOR_ONLY,9,6364136223846793005,7,YCSB_B,70000,80000,10000,3183600,3141098.127905516,200.0,400.0,500.0,0,0,25800,0,0,0
YCSB_VALIDATION,YCSB_B,LARS_MONITOR_ONLY,9,6364136223846793005,8,YCSB_B,80000,90000,10000,2943500,3397316.1202649907,200.0,400.0,600.0,0,0,0,0,0,0
YCSB_VALIDATION,YCSB_B,LARS_MONITOR_ONLY,9,6364136223846793005,9,YCSB_B,90000,100000,10000,3107800,3217710.277366626,200.0,400.0,500.0,0,0,36700,0,0,0
YCSB_VALIDATION,YCSB_B,LARS_MONITOR_ONLY,9,6364136223846793005,10,YCSB_B,100000,110000,10000,2871200,3482864.3076065755,200.0,400.0,500.0,0,0,0,0,0,0
YCSB_VALIDATION,YCSB_B,LARS_MONITOR_ONLY,9,6364136223846793005,11,YCSB_B,110000,120000,10000,2814200,3553407.7180015636,200.0,400.0,400.0,0,0,11300,0,0,0
YCSB_VALIDATION,YCSB_B,LARS_MONITOR_ONLY,9,6364136223846793005,12,YCSB_B,120000,130000,10000,3020900,3310271.773312589,200.0,400.0,500.0,0,0,14700,0,0,0
YCSB_VALIDATION,YCSB_B,LARS_MONITOR_ONLY,9,6364136223846793005,13,YCSB_B,130000,140000,10000,3987900,2507585.4459740715,200.0,400.0,500.0,0,0,34400,0,0,0
YCSB_VALIDATION,YCSB_B,LARS_MONITOR_ONLY,9,6364136223846793005,14,YCSB_B,140000,150000,10000,2966400,3371089.5361380796,200.0,400.0,500.0,0,0,14600,0,0,0
YCSB_VALIDATION,YCSB_B,LARS_MONITOR_ONLY,9,6364136223846793005,15,YCSB_B,150000,160000,10000,3111000,3214400.5143040824,200.0,400.0,500.0,0,0,15600,0,0,0
YCSB_VALIDATION,YCSB_B,LARS_MONITOR_ONLY,9,6364136223846793005,16,YCSB_B,160000,170000,10000,3161600,3162955.4655870446,200.0,400.0,500.0,0,0,12200,0,0,0
YCSB_VALIDATION,YCSB_B,LARS_MONITOR_ONLY,9,6364136223846793005,17,YCSB_B,170000,180000,10000,2971700,3365077.228522395,200.0,400.0,500.0,0,0,10800,0,0,0
YCSB_VALIDATION,YCSB_B,LARS_MONITOR_ONLY,9,6364136223846793005,18,YCSB_B,180000,190000,10000,2962200,3375869.2863412327,200.0,400.0,500.0,0,0,40400,0,0,0
YCSB_VALIDATION,YCSB_B,LARS_MONITOR_ONLY,9,6364136223846793005,19,YCSB_B,190000,200000,10000,3376800,2961383.558398484,200.0,400.0,600.0,0,0,26400,0,0,0
YCSB_VALIDATION,YCSB_B,LARS_MONITOR_ONLY,9,6364136223846793005,20,YCSB_B,200000,210000,10000,3168800,3155768.7452663467,200.0,400.0,700.0,0,0,14600,0,0,0
YCSB_VALIDATION,YCSB_B,LARS_MONITOR_ONLY,9,6364136223846793005,21,YCSB_B,210000,220000,10000,3238900,3087467.967519837,200.0,400.0,500.0,0,0,32300,0,0,0
YCSB_VALIDATION,YCSB_B,LARS_MONITOR_ONLY,9,6364136223846793005,22,YCSB_B,220000,230000,10000,2723200,3672150.411280846,200.0,400.0,400.0,0,0,8800,0,0,0
YCSB_VALIDATION,YCSB_B,LARS_MONITOR_ONLY,9,6364136223846793005,23,YCSB_B,230000,240000,10000,2727900,3665823.5272553978,200.0,300.0,400.0,0,0,65800,0,0,0
YCSB_VALIDATION,YCSB_B,LARS_MONITOR_ONLY,9,6364136223846793005,24,YCSB_B,240000,250000,10000,2957300,3381462.820816285,200.0,400.0,400.0,0,0,18700,0,0,0
YCSB_VALIDATION,YCSB_B,LARS_MONITOR_ONLY,9,6364136223846793005,25,YCSB_B,250000,260000,10000,2225600,4493170.381020849,200.0,300.0,400.0,0,0,9000,0,0,0
YCSB_VALIDATION,YCSB_B,LARS_MONITOR_ONLY,9,6364136223846793005,26,YCSB_B,260000,270000,10000,3323000,3009328.919650918,200.0,300.0,400.0,0,0,167100,0,0,0
YCSB_VALIDATION,YCSB_B,LARS_MONITOR_ONLY,9,6364136223846793005,27,YCSB_B,270000,280000,10000,3429500,2915876.9499927103,200.0,300.0,400.0,0,0,184600,0,0,0
YCSB_VALIDATION,YCSB_B,LARS_MONITOR_ONLY,9,6364136223846793005,28,YCSB_B,280000,290000,10000,2155300,4639725.328260567,200.0,300.0,400.0,0,0,9900,0,0,0
YCSB_VALIDATION,YCSB_B,LARS_MONITOR_ONLY,9,6364136223846793005,29,YCSB_B,290000,300000,10000,2224900,4494584.02624837,200.0,300.0,400.0,0,0,27700,0,0,0
YCSB_VALIDATION,YCSB_B,STATIC_BPLUS,0,1103515245,0,YCSB_B,0,10000,10000,6050300,1652810.604432838,300.0,500.0,600.0,0,0,0,0,0,0
YCSB_VALIDATION,YCSB_B,STATIC_BPLUS,0,1103515245,1,YCSB_B,10000,20000,10000,4975500,2009848.2564566375,300.0,500.0,600.0,0,0,0,0,0,0
YCSB_VALIDATION,YCSB_B,STATIC_BPLUS,0,1103515245,2,YCSB_B,20000,30000,10000,4161700,2402864.214143259,200.0,400.0,500.0,0,0,0,0,0,0
YCSB_VALIDATION,YCSB_B,STATIC_BPLUS,0,1103515245,3,YCSB_B,30000,40000,10000,4310800,2319755.0338684237,200.0,400.0,500.0,0,0,0,0,0,0
YCSB_VALIDATION,YCSB_B,STATIC_BPLUS,0,1103515245,4,YCSB_B,40000,50000,10000,3710100,2695345.1389450417,200.0,300.0,400.0,0,0,0,0,0,0
YCSB_VALIDATION,YCSB_B,STATIC_BPLUS,0,1103515245,5,YCSB_B,50000,60000,10000,3840200,2604031.0400499976,200.0,400.0,500.0,0,0,0,0,0,0
YCSB_VALIDATION,YCSB_B,STATIC_BPLUS,0,1103515245,6,YCSB_B,60000,70000,10000,4707300,2124360.0365389925,200.0,400.0,500.0,0,0,0,0,0,0
YCSB_VALIDATION,YCSB_B,STATIC_BPLUS,0,1103515245,7,YCSB_B,70000,80000,10000,2698800,3705350.5261597745,200.0,300.0,400.0,0,0,0,0,0,0
YCSB_VALIDATION,YCSB_B,STATIC_BPLUS,0,1103515245,8,YCSB_B,80000,90000,10000,2526100,3958671.4698547167,200.0,300.0,400.0,0,0,0,0,0,0
YCSB_VALIDATION,YCSB_B,STATIC_BPLUS,0,1103515245,9,YCSB_B,90000,100000,10000,2738700,3651367.437105196,200.0,400.0,500.0,0,0,0,0,0,0
YCSB_VALIDATION,YCSB_B,STATIC_BPLUS,0,1103515245,10,YCSB_B,100000,110000,10000,2919200,3425596.053713346,200.0,400.0,500.0,0,0,0,0,0,0
YCSB_VALIDATION,YCSB_B,STATIC_BPLUS,0,1103515245,11,YCSB_B,110000,120000,10000,2721300,3674714.2909638775,200.0,300.0,400.0,0,0,0,0,0,0
YCSB_VALIDATION,YCSB_B,STATIC_BPLUS,0,1103515245,12,YCSB_B,120000,130000,10000,2641000,3786444.528587656,200.0,300.0,400.0,0,0,0,0,0,0
YCSB_VALIDATION,YCSB_B,STATIC_BPLUS,0,1103515245,13,YCSB_B,130000,140000,10000,3902100,2562722.6365290484,200.0,400.0,500.0,0,0,0,0,0,0
YCSB_VALIDATION,YCSB_B,STATIC_BPLUS,0,1103515245,14,YCSB_B,140000,150000,10000,2880100,3472101.6631366964,200.0,400.0,500.0,0,0,0,0,0,0
YCSB_VALIDATION,YCSB_B,STATIC_BPLUS,0,1103515245,15,YCSB_B,150000,160000,10000,2775600,3602824.6144977664,200.0,300.0,400.0,0,0,0,0,0,0
YCSB_VALIDATION,YCSB_B,STATIC_BPLUS,0,1103515245,16,YCSB_B,160000,170000,10000,2948700,3391324.9906738563,200.0,400.0,500.0,0,0,0,0,0,0
YCSB_VALIDATION,YCSB_B,STATIC_BPLUS,0,1103515245,17,YCSB_B,170000,180000,10000,2776700,3601397.3421687614,200.0,400.0,400.0,0,0,0,0,0,0
YCSB_VALIDATION,YCSB_B,STATIC_BPLUS,0,1103515245,18,YCSB_B,180000,190000,10000,2929200,3413901.4065273795,200.0,400.0,600.0,0,0,0,0,0,0
YCSB_VALIDATION,YCSB_B,STATIC_BPLUS,0,1103515245,19,YCSB_B,190000,200000,10000,3001100,3332111.5590949985,200.0,400.0,500.0,0,0,0,0,0,0
YCSB_VALIDATION,YCSB_B,STATIC_BPLUS,0,1103515245,20,YCSB_B,200000,210000,10000,2760800,3622138.5105766444,200.0,300.0,400.0,0,0,0,0,0,0
YCSB_VALIDATION,YCSB_B,STATIC_BPLUS,0,1103515245,21,YCSB_B,210000,220000,10000,2695500,3709886.848451122,200.0,300.0,400.0,0,0,0,0,0,0
YCSB_VALIDATION,YCSB_B,STATIC_BPLUS,0,1103515245,22,YCSB_B,220000,230000,10000,2696600,3708373.507379663,200.0,300.0,400.0,0,0,0,0,0,0
YCSB_VALIDATION,YCSB_B,STATIC_BPLUS,0,1103515245,23,YCSB_B,230000,240000,10000,2642000,3785011.355034065,200.0,300.0,400.0,0,0,0,0,0,0
YCSB_VALIDATION,YCSB_B,STATIC_BPLUS,0,1103515245,24,YCSB_B,240000,250000,10000,2657400,3763076.691502973,200.0,400.0,400.0,0,0,0,0,0,0
YCSB_VALIDATION,YCSB_B,STATIC_BPLUS,0,1103515245,25,YCSB_B,250000,260000,10000,2919900,3424774.8210555157,200.0,400.0,500.0,0,0,0,0,0,0
YCSB_VALIDATION,YCSB_B,STATIC_BPLUS,0,1103515245,26,YCSB_B,260000,270000,10000,3952700,2529916.2597718015,200.0,400.0,600.0,0,0,0,0,0,0
YCSB_VALIDATION,YCSB_B,STATIC_BPLUS,0,1103515245,27,YCSB_B,270000,280000,10000,3445000,2902757.619738752,200.0,300.0,400.0,0,0,0,0,0,0
YCSB_VALIDATION,YCSB_B,STATIC_BPLUS,0,1103515245,28,YCSB_B,280000,290000,10000,2477700,4036001.130080316,200.0,300.0,400.0,0,0,0,0,0,0
YCSB_VALIDATION,YCSB_B,STATIC_BPLUS,0,1103515245,29,YCSB_B,290000,300000,10000,2408900,4151272.3649798664,200.0,300.0,400.0,0,0,0,0,0,0
YCSB_VALIDATION,YCSB_B,STATIC_BPLUS,1,214013,0,YCSB_B,0,10000,10000,6112800,1635911.5299044629,300.0,500.0,700.0,0,0,0,0,0,0
YCSB_VALIDATION,YCSB_B,STATIC_BPLUS,1,214013,1,YCSB_B,10000,20000,10000,4028100,2482560.015888384,200.0,400.0,500.0,0,0,0,0,0,0
YCSB_VALIDATION,YCSB_B,STATIC_BPLUS,1,214013,2,YCSB_B,20000,30000,10000,4960700,2015844.538069224,300.0,400.0,600.0,0,0,0,0,0,0
YCSB_VALIDATION,YCSB_B,STATIC_BPLUS,1,214013,3,YCSB_B,30000,40000,10000,4470600,2236836.2188520557,200.0,400.0,500.0,0,0,0,0,0,0
YCSB_VALIDATION,YCSB_B,STATIC_BPLUS,1,214013,4,YCSB_B,40000,50000,10000,3882300,2575792.7002034876,200.0,400.0,500.0,0,0,0,0,0,0
YCSB_VALIDATION,YCSB_B,STATIC_BPLUS,1,214013,5,YCSB_B,50000,60000,10000,3942700,2536332.9697922743,200.0,400.0,500.0,0,0,0,0,0,0
YCSB_VALIDATION,YCSB_B,STATIC_BPLUS,1,214013,6,YCSB_B,60000,70000,10000,4462700,2240795.93071459,200.0,400.0,500.0,0,0,0,0,0,0
YCSB_VALIDATION,YCSB_B,STATIC_BPLUS,1,214013,7,YCSB_B,70000,80000,10000,2695000,3710575.139146568,200.0,300.0,400.0,0,0,0,0,0,0
YCSB_VALIDATION,YCSB_B,STATIC_BPLUS,1,214013,8,YCSB_B,80000,90000,10000,2724200,3670802.4374128184,200.0,300.0,400.0,0,0,0,0,0,0
YCSB_VALIDATION,YCSB_B,STATIC_BPLUS,1,214013,9,YCSB_B,90000,100000,10000,2802300,3568497.305784534,200.0,400.0,600.0,0,0,0,0,0,0
YCSB_VALIDATION,YCSB_B,STATIC_BPLUS,1,214013,10,YCSB_B,100000,110000,10000,2768900,3611542.4897973924,200.0,400.0,500.0,0,0,0,0,0,0
YCSB_VALIDATION,YCSB_B,STATIC_BPLUS,1,214013,11,YCSB_B,110000,120000,10000,2834000,3528581.5102328863,200.0,400.0,500.0,0,0,0,0,0,0
YCSB_VALIDATION,YCSB_B,STATIC_BPLUS,1,214013,12,YCSB_B,120000,130000,10000,2817500,3549245.78527063,200.0,400.0,500.0,0,0,0,0,0,0
YCSB_VALIDATION,YCSB_B,STATIC_BPLUS,1,214013,13,YCSB_B,130000,140000,10000,3792400,2636852.652673769,200.0,400.0,400.0,0,0,0,0,0,0
YCSB_VALIDATION,YCSB_B,STATIC_BPLUS,1,214013,14,YCSB_B,140000,150000,10000,2788100,3586671.9271188267,200.0,300.0,400.0,0,0,0,0,0,0
YCSB_VALIDATION,YCSB_B,STATIC_BPLUS,1,214013,15,YCSB_B,150000,160000,10000,2615100,3823945.5470154104,200.0,300.0,400.0,0,0,0,0,0,0
YCSB_VALIDATION,YCSB_B,STATIC_BPLUS,1,214013,16,YCSB_B,160000,170000,10000,2775900,3602435.246226449,200.0,300.0,500.0,0,0,0,0,0,0
YCSB_VALIDATION,YCSB_B,STATIC_BPLUS,1,214013,17,YCSB_B,170000,180000,10000,2462600,4060748.8020791034,200.0,300.0,400.0,0,0,0,0,0,0
YCSB_VALIDATION,YCSB_B,STATIC_BPLUS,1,214013,18,YCSB_B,180000,190000,10000,2435400,4106101.667077277,200.0,300.0,400.0,0,0,0,0,0,0
YCSB_VALIDATION,YCSB_B,STATIC_BPLUS,1,214013,19,YCSB_B,190000,200000,10000,2541100,3935303.608673409,200.0,300.0,500.0,0,0,0,0,0,0
YCSB_VALIDATION,YCSB_B,STATIC_BPLUS,1,214013,20,YCSB_B,200000,210000,10000,2476700,4037630.7182945046,200.0,300.0,400.0,0,0,0,0,0,0
YCSB_VALIDATION,YCSB_B,STATIC_BPLUS,1,214013,21,YCSB_B,210000,220000,10000,2384400,4193927.193423922,200.0,300.0,400.0,0,0,0,0,0,0
YCSB_VALIDATION,YCSB_B,STATIC_BPLUS,1,214013,22,YCSB_B,220000,230000,10000,2698400,3705899.7924696114,200.0,300.0,400.0,0,0,0,0,0,0
YCSB_VALIDATION,YCSB_B,STATIC_BPLUS,1,214013,23,YCSB_B,230000,240000,10000,2459600,4065701.740120345,200.0,300.0,400.0,0,0,0,0,0,0
YCSB_VALIDATION,YCSB_B,STATIC_BPLUS,1,214013,24,YCSB_B,240000,250000,10000,2575500,3882741.2152980003,200.0,300.0,400.0,0,0,0,0,0,0
YCSB_VALIDATION,YCSB_B,STATIC_BPLUS,1,214013,25,YCSB_B,250000,260000,10000,2367300,4224221.687154142,200.0,300.0,400.0,0,0,0,0,0,0
YCSB_VALIDATION,YCSB_B,STATIC_BPLUS,1,214013,26,YCSB_B,260000,270000,10000,3214500,3110903.7175299423,200.0,300.0,400.0,0,0,0,0,0,0
YCSB_VALIDATION,YCSB_B,STATIC_BPLUS,1,214013,27,YCSB_B,270000,280000,10000,3234700,3091476.7984666275,200.0,300.0,400.0,0,0,0,0,0,0
YCSB_VALIDATION,YCSB_B,STATIC_BPLUS,1,214013,28,YCSB_B,280000,290000,10000,2259800,4425170.369059209,200.0,300.0,400.0,0,0,0,0,0,0
YCSB_VALIDATION,YCSB_B,STATIC_BPLUS,1,214013,29,YCSB_B,290000,300000,10000,2289100,4368529.11624656,100.0,300.0,400.0,0,0,0,0,0,0
YCSB_VALIDATION,YCSB_B,STATIC_BPLUS,2,1664525,0,YCSB_B,0,10000,10000,5598900,1786065.1199342727,200.0,400.0,700.0,0,0,0,0,0,0
YCSB_VALIDATION,YCSB_B,STATIC_BPLUS,2,1664525,1,YCSB_B,10000,20000,10000,4562600,2191732.783938982,200.0,500.0,1000.0,0,0,0,0,0,0
YCSB_VALIDATION,YCSB_B,STATIC_BPLUS,2,1664525,2,YCSB_B,20000,30000,10000,3802700,2629710.4688773765,200.0,300.0,400.0,0,0,0,0,0,0
YCSB_VALIDATION,YCSB_B,STATIC_BPLUS,2,1664525,3,YCSB_B,30000,40000,10000,4285600,2333395.557214859,200.0,400.0,500.0,0,0,0,0,0,0
YCSB_VALIDATION,YCSB_B,STATIC_BPLUS,2,1664525,4,YCSB_B,40000,50000,10000,3531900,2831337.2405787255,200.0,300.0,400.0,0,0,0,0,0,0
YCSB_VALIDATION,YCSB_B,STATIC_BPLUS,2,1664525,5,YCSB_B,50000,60000,10000,3547100,2819204.4205125314,200.0,300.0,400.0,0,0,0,0,0,0
YCSB_VALIDATION,YCSB_B,STATIC_BPLUS,2,1664525,6,YCSB_B,60000,70000,10000,4052700,2467490.808596738,200.0,300.0,400.0,0,0,0,0,0,0
YCSB_VALIDATION,YCSB_B,STATIC_BPLUS,2,1664525,7,YCSB_B,70000,80000,10000,2569900,3891201.9922954203,200.0,300.0,400.0,0,0,0,0,0,0
YCSB_VALIDATION,YCSB_B,STATIC_BPLUS,2,1664525,8,YCSB_B,80000,90000,10000,2541500,3934684.2415896123,200.0,300.0,400.0,0,0,0,0,0,0
YCSB_VALIDATION,YCSB_B,STATIC_BPLUS,2,1664525,9,YCSB_B,90000,100000,10000,2409000,4151100.0415110006,200.0,300.0,400.0,0,0,0,0,0,0
YCSB_VALIDATION,YCSB_B,STATIC_BPLUS,2,1664525,10,YCSB_B,100000,110000,10000,2545500,3928501.276762915,200.0,300.0,400.0,0,0,0,0,0,0
YCSB_VALIDATION,YCSB_B,STATIC_BPLUS,2,1664525,11,YCSB_B,110000,120000,10000,2467800,4052192.235999676,200.0,300.0,400.0,0,0,0,0,0,0
YCSB_VALIDATION,YCSB_B,STATIC_BPLUS,2,1664525,12,YCSB_B,120000,130000,10000,2612700,3827458.1850193287,200.0,300.0,400.0,0,0,0,0,0,0
YCSB_VALIDATION,YCSB_B,STATIC_BPLUS,2,1664525,13,YCSB_B,130000,140000,10000,3609300,2770620.3418945502,200.0,300.0,400.0,0,0,0,0,0,0
YCSB_VALIDATION,YCSB_B,STATIC_BPLUS,2,1664525,14,YCSB_B,140000,150000,10000,2677700,3734548.306382343,200.0,300.0,400.0,0,0,0,0,0,0
YCSB_VALIDATION,YCSB_B,STATIC_BPLUS,2,1664525,15,YCSB_B,150000,160000,10000,3037300,3292397.8533566,200.0,400.0,500.0,0,0,0,0,0,0
YCSB_VALIDATION,YCSB_B,STATIC_BPLUS,2,1664525,16,YCSB_B,160000,170000,10000,2878000,3474635.1633078526,200.0,400.0,500.0,0,0,0,0,0,0
YCSB_VALIDATION,YCSB_B,STATIC_BPLUS,2,1664525,17,YCSB_B,170000,180000,10000,2598100,3848966.552480659,200.0,300.0,400.0,0,0,0,0,0,0
YCSB_VALIDATION,YCSB_B,STATIC_BPLUS,2,1664525,18,YCSB_B,180000,190000,10000,2788000,3586800.573888092,200.0,300.0,500.0,0,0,0,0,0,0
YCSB_VALIDATION,YCSB_B,STATIC_BPLUS,2,1664525,19,YCSB_B,190000,200000,10000,2640700,3786874.692316431,200.0,300.0,400.0,0,0,0,0,0,0
YCSB_VALIDATION,YCSB_B,STATIC_BPLUS,2,1664525,20,YCSB_B,200000,210000,10000,2534500,3945551.3908068654,200.0,300.0,400.0,0,0,0,0,0,0
YCSB_VALIDATION,YCSB_B,STATIC_BPLUS,2,1664525,21,YCSB_B,210000,220000,10000,2576000,3881987.5776397516,200.0,300.0,400.0,0,0,0,0,0,0
YCSB_VALIDATION,YCSB_B,STATIC_BPLUS,2,1664525,22,YCSB_B,220000,230000,10000,2540500,3936233.0249950797,200.0,300.0,400.0,0,0,0,0,0,0
YCSB_VALIDATION,YCSB_B,STATIC_BPLUS,2,1664525,23,YCSB_B,230000,240000,10000,2592900,3856685.5644259322,200.0,300.0,400.0,0,0,0,0,0,0
YCSB_VALIDATION,YCSB_B,STATIC_BPLUS,2,1664525,24,YCSB_B,240000,250000,10000,2839600,3521622.763769545,200.0,400.0,400.0,0,0,0,0,0,0
YCSB_VALIDATION,YCSB_B,STATIC_BPLUS,2,1664525,25,YCSB_B,250000,260000,10000,2759400,3623976.2267159526,200.0,300.0,500.0,0,0,0,0,0,0
YCSB_VALIDATION,YCSB_B,STATIC_BPLUS,2,1664525,26,YCSB_B,260000,270000,10000,3404700,2937116.3391781948,200.0,300.0,400.0,0,0,0,0,0,0
YCSB_VALIDATION,YCSB_B,STATIC_BPLUS,2,1664525,27,YCSB_B,270000,280000,10000,3310200,3020965.5005739834,200.0,300.0,400.0,0,0,0,0,0,0
YCSB_VALIDATION,YCSB_B,STATIC_BPLUS,2,1664525,28,YCSB_B,280000,290000,10000,2628500,3804451.2079132586,200.0,400.0,600.0,0,0,0,0,0,0
YCSB_VALIDATION,YCSB_B,STATIC_BPLUS,2,1664525,29,YCSB_B,290000,300000,10000,2574900,3883645.9668336636,200.0,300.0,400.0,0,0,0,0,0,0
YCSB_VALIDATION,YCSB_B,STATIC_BPLUS,3,22695477,0,YCSB_B,0,10000,10000,5529400,1808514.4862010344,200.0,400.0,600.0,0,0,0,0,0,0
YCSB_VALIDATION,YCSB_B,STATIC_BPLUS,3,22695477,1,YCSB_B,10000,20000,10000,4129200,2421776.6153250025,200.0,400.0,500.0,0,0,0,0,0,0
YCSB_VALIDATION,YCSB_B,STATIC_BPLUS,3,22695477,2,YCSB_B,20000,30000,10000,3879600,2577585.3180740285,200.0,300.0,500.0,0,0,0,0,0,0
YCSB_VALIDATION,YCSB_B,STATIC_BPLUS,3,22695477,3,YCSB_B,30000,40000,10000,4186900,2388401.920275144,200.0,400.0,500.0,0,0,0,0,0,0
YCSB_VALIDATION,YCSB_B,STATIC_BPLUS,3,22695477,4,YCSB_B,40000,50000,10000,3575800,2796576.9897645283,200.0,300.0,400.0,0,0,0,0,0,0
YCSB_VALIDATION,YCSB_B,STATIC_BPLUS,3,22695477,5,YCSB_B,50000,60000,10000,3556800,2811515.9694107063,200.0,300.0,400.0,0,0,0,0,0,0
YCSB_VALIDATION,YCSB_B,STATIC_BPLUS,3,22695477,6,YCSB_B,60000,70000,10000,4193000,2384927.259718579,200.0,300.0,400.0,0,0,0,0,0,0
YCSB_VALIDATION,YCSB_B,STATIC_BPLUS,3,22695477,7,YCSB_B,70000,80000,10000,2724700,3670128.8215216356,200.0,300.0,400.0,0,0,0,0,0,0
YCSB_VALIDATION,YCSB_B,STATIC_BPLUS,3,22695477,8,YCSB_B,80000,90000,10000,2417300,4136846.895296405,200.0,300.0,400.0,0,0,0,0,0,0
YCSB_VALIDATION,YCSB_B,STATIC_BPLUS,3,22695477,9,YCSB_B,90000,100000,10000,2542000,3933910.3068450037,200.0,300.0,400.0,0,0,0,0,0,0
YCSB_VALIDATION,YCSB_B,STATIC_BPLUS,3,22695477,10,YCSB_B,100000,110000,10000,2734400,3657109.4207138675,200.0,300.0,400.0,0,0,0,0,0,0
YCSB_VALIDATION,YCSB_B,STATIC_BPLUS,3,22695477,11,YCSB_B,110000,120000,10000,2911200,3435009.6180269304,200.0,400.0,500.0,0,0,0,0,0,0
YCSB_VALIDATION,YCSB_B,STATIC_BPLUS,3,22695477,12,YCSB_B,120000,130000,10000,2626300,3807638.1220728783,200.0,300.0,400.0,0,0,0,0,0,0
YCSB_VALIDATION,YCSB_B,STATIC_BPLUS,3,22695477,13,YCSB_B,130000,140000,10000,3946900,2533633.9912336264,200.0,400.0,500.0,0,0,0,0,0,0
YCSB_VALIDATION,YCSB_B,STATIC_BPLUS,3,22695477,14,YCSB_B,140000,150000,10000,2785400,3590148.6321533713,200.0,300.0,400.0,0,0,0,0,0,0
YCSB_VALIDATION,YCSB_B,STATIC_BPLUS,3,22695477,15,YCSB_B,150000,160000,10000,2690400,3716919.4171870355,200.0,300.0,400.0,0,0,0,0,0,0
YCSB_VALIDATION,YCSB_B,STATIC_BPLUS,3,22695477,16,YCSB_B,160000,170000,10000,2895100,3454112.1204794305,200.0,400.0,500.0,0,0,0,0,0,0
YCSB_VALIDATION,YCSB_B,STATIC_BPLUS,3,22695477,17,YCSB_B,170000,180000,10000,2543600,3931435.760339676,200.0,300.0,400.0,0,0,0,0,0,0
YCSB_VALIDATION,YCSB_B,STATIC_BPLUS,3,22695477,18,YCSB_B,180000,190000,10000,2882000,3469812.630117974,200.0,400.0,500.0,0,0,0,0,0,0
YCSB_VALIDATION,YCSB_B,STATIC_BPLUS,3,22695477,19,YCSB_B,190000,200000,10000,2665200,3752063.6349992496,200.0,300.0,400.0,0,0,0,0,0,0
YCSB_VALIDATION,YCSB_B,STATIC_BPLUS,3,22695477,20,YCSB_B,200000,210000,10000,2573200,3886211.72081455,200.0,300.0,400.0,0,0,0,0,0,0
YCSB_VALIDATION,YCSB_B,STATIC_BPLUS,3,22695477,21,YCSB_B,210000,220000,10000,2527700,3956165.684218855,200.0,300.0,400.0,0,0,0,0,0,0
YCSB_VALIDATION,YCSB_B,STATIC_BPLUS,3,22695477,22,YCSB_B,220000,230000,10000,2502700,3995684.660566588,200.0,300.0,400.0,0,0,0,0,0,0
YCSB_VALIDATION,YCSB_B,STATIC_BPLUS,3,22695477,23,YCSB_B,230000,240000,10000,2445900,4088474.5901304223,200.0,300.0,400.0,0,0,0,0,0,0
YCSB_VALIDATION,YCSB_B,STATIC_BPLUS,3,22695477,24,YCSB_B,240000,250000,10000,2688100,3720099.6986719244,200.0,300.0,500.0,0,0,0,0,0,0
YCSB_VALIDATION,YCSB_B,STATIC_BPLUS,3,22695477,25,YCSB_B,250000,260000,10000,2720500,3675794.890645102,200.0,400.0,500.0,0,0,0,0,0,0
YCSB_VALIDATION,YCSB_B,STATIC_BPLUS,3,22695477,26,YCSB_B,260000,270000,10000,3559900,2809067.6704401807,200.0,300.0,400.0,0,0,0,0,0,0
YCSB_VALIDATION,YCSB_B,STATIC_BPLUS,3,22695477,27,YCSB_B,270000,280000,10000,3557700,2810804.733395171,200.0,300.0,400.0,0,0,0,0,0,0
YCSB_VALIDATION,YCSB_B,STATIC_BPLUS,3,22695477,28,YCSB_B,280000,290000,10000,2399800,4167013.9178264854,200.0,300.0,400.0,0,0,0,0,0,0
YCSB_VALIDATION,YCSB_B,STATIC_BPLUS,3,22695477,29,YCSB_B,290000,300000,10000,2465300,4056301.4643248287,200.0,300.0,400.0,0,0,0,0,0,0
YCSB_VALIDATION,YCSB_B,STATIC_BPLUS,4,69069,0,YCSB_B,0,10000,10000,6227300,1605832.38321584,300.0,500.0,800.0,0,0,0,0,0,0
YCSB_VALIDATION,YCSB_B,STATIC_BPLUS,4,69069,1,YCSB_B,10000,20000,10000,3940300,2537877.8265614295,200.0,400.0,400.0,0,0,0,0,0,0
YCSB_VALIDATION,YCSB_B,STATIC_BPLUS,4,69069,2,YCSB_B,20000,30000,10000,3547400,2818966.0032700007,200.0,300.0,400.0,0,0,0,0,0,0
YCSB_VALIDATION,YCSB_B,STATIC_BPLUS,4,69069,3,YCSB_B,30000,40000,10000,3727500,2682763.246143528,200.0,300.0,400.0,0,0,0,0,0,0
YCSB_VALIDATION,YCSB_B,STATIC_BPLUS,4,69069,4,YCSB_B,40000,50000,10000,3749400,2667093.4016109244,200.0,300.0,400.0,0,0,0,0,0,0
YCSB_VALIDATION,YCSB_B,STATIC_BPLUS,4,69069,5,YCSB_B,50000,60000,10000,3535500,2828454.2497525103,200.0,300.0,400.0,0,0,0,0,0,0
YCSB_VALIDATION,YCSB_B,STATIC_BPLUS,4,69069,6,YCSB_B,60000,70000,10000,4047300,2470782.991129889,200.0,300.0,400.0,0,0,0,0,0,0
YCSB_VALIDATION,YCSB_B,STATIC_BPLUS,4,69069,7,YCSB_B,70000,80000,10000,2793400,3579866.828953963,200.0,400.0,500.0,0,0,0,0,0,0
YCSB_VALIDATION,YCSB_B,STATIC_BPLUS,4,69069,8,YCSB_B,80000,90000,10000,12675100,788948.4106634267,400.0,700.0,900.0,0,0,0,0,0,0
YCSB_VALIDATION,YCSB_B,STATIC_BPLUS,4,69069,9,YCSB_B,90000,100000,10000,4617700,2165580.267232605,300.0,600.0,1000.0,0,0,0,0,0,0
YCSB_VALIDATION,YCSB_B,STATIC_BPLUS,4,69069,10,YCSB_B,100000,110000,10000,3273000,3055300.9471432935,200.0,400.0,500.0,0,0,0,0,0,0
YCSB_VALIDATION,YCSB_B,STATIC_BPLUS,4,69069,11,YCSB_B,110000,120000,10000,4285100,2333667.8257216867,300.0,500.0,600.0,0,0,0,0,0,0
YCSB_VALIDATION,YCSB_B,STATIC_BPLUS,4,69069,12,YCSB_B,120000,130000,10000,4075700,2453566.2585568125,300.0,500.0,700.0,0,0,0,0,0,0
YCSB_VALIDATION,YCSB_B,STATIC_BPLUS,4,69069,13,YCSB_B,130000,140000,10000,4274700,2339345.4511427702,200.0,400.0,500.0,0,0,0,0,0,0
YCSB_VALIDATION,YCSB_B,STATIC_BPLUS,4,69069,14,YCSB_B,140000,150000,10000,2953600,3385698.8082340197,200.0,400.0,500.0,0,0,0,0,0,0
YCSB_VALIDATION,YCSB_B,STATIC_BPLUS,4,69069,15,YCSB_B,150000,160000,10000,2672700,3741534.7775657573,200.0,300.0,400.0,0,0,0,0,0,0
YCSB_VALIDATION,YCSB_B,STATIC_BPLUS,4,69069,16,YCSB_B,160000,170000,10000,2723400,3671880.737313652,200.0,300.0,400.0,0,0,0,0,0,0
YCSB_VALIDATION,YCSB_B,STATIC_BPLUS,4,69069,17,YCSB_B,170000,180000,10000,2806400,3563283.922462942,200.0,400.0,500.0,0,0,0,0,0,0
YCSB_VALIDATION,YCSB_B,STATIC_BPLUS,4,69069,18,YCSB_B,180000,190000,10000,2610400,3830830.5240576155,200.0,300.0,400.0,0,0,0,0,0,0
YCSB_VALIDATION,YCSB_B,STATIC_BPLUS,4,69069,19,YCSB_B,190000,200000,10000,2544400,3930199.6541424305,200.0,300.0,400.0,0,0,0,0,0,0
YCSB_VALIDATION,YCSB_B,STATIC_BPLUS,4,69069,20,YCSB_B,200000,210000,10000,2627100,3806478.6266225115,200.0,300.0,400.0,0,0,0,0,0,0
YCSB_VALIDATION,YCSB_B,STATIC_BPLUS,4,69069,21,YCSB_B,210000,220000,10000,2559400,3907165.7419707743,200.0,300.0,400.0,0,0,0,0,0,0
YCSB_VALIDATION,YCSB_B,STATIC_BPLUS,4,69069,22,YCSB_B,220000,230000,10000,2747300,3639937.393076839,200.0,300.0,400.0,0,0,0,0,0,0
YCSB_VALIDATION,YCSB_B,STATIC_BPLUS,4,69069,23,YCSB_B,230000,240000,10000,2819400,3546853.940554728,200.0,400.0,600.0,0,0,0,0,0,0
YCSB_VALIDATION,YCSB_B,STATIC_BPLUS,4,69069,24,YCSB_B,240000,250000,10000,2739100,3650834.2156182686,200.0,300.0,500.0,0,0,0,0,0,0
YCSB_VALIDATION,YCSB_B,STATIC_BPLUS,4,69069,25,YCSB_B,250000,260000,10000,2417800,4135991.397137894,200.0,300.0,400.0,0,0,0,0,0,0
YCSB_VALIDATION,YCSB_B,STATIC_BPLUS,4,69069,26,YCSB_B,260000,270000,10000,3261900,3065697.90612833,200.0,300.0,400.0,0,0,0,0,0,0
YCSB_VALIDATION,YCSB_B,STATIC_BPLUS,4,69069,27,YCSB_B,270000,280000,10000,3261800,3065791.894046232,200.0,300.0,400.0,0,0,0,0,0,0
YCSB_VALIDATION,YCSB_B,STATIC_BPLUS,4,69069,28,YCSB_B,280000,290000,10000,2386000,4191114.836546521,200.0,300.0,400.0,0,0,0,0,0,0
YCSB_VALIDATION,YCSB_B,STATIC_BPLUS,4,69069,29,YCSB_B,290000,300000,10000,2417800,4135991.397137894,200.0,300.0,400.0,0,0,0,0,0,0
YCSB_VALIDATION,YCSB_B,STATIC_BPLUS,5,48271,0,YCSB_B,0,10000,10000,6773500,1476341.6254521296,300.0,500.0,700.0,0,0,0,0,0,0
YCSB_VALIDATION,YCSB_B,STATIC_BPLUS,5,48271,1,YCSB_B,10000,20000,10000,4249800,2353051.9083250975,200.0,400.0,500.0,0,0,0,0,0,0
YCSB_VALIDATION,YCSB_B,STATIC_BPLUS,5,48271,2,YCSB_B,20000,30000,10000,3925100,2547705.7909352626,200.0,400.0,500.0,0,0,0,0,0,0
YCSB_VALIDATION,YCSB_B,STATIC_BPLUS,5,48271,3,YCSB_B,30000,40000,10000,3915800,2553756.575923183,200.0,300.0,400.0,0,0,0,0,0,0
YCSB_VALIDATION,YCSB_B,STATIC_BPLUS,5,48271,4,YCSB_B,40000,50000,10000,3814000,2621919.2448872575,200.0,300.0,400.0,0,0,0,0,0,0
YCSB_VALIDATION,YCSB_B,STATIC_BPLUS,5,48271,5,YCSB_B,50000,60000,10000,3628200,2756187.6412546164,200.0,300.0,400.0,0,0,0,0,0,0
YCSB_VALIDATION,YCSB_B,STATIC_BPLUS,5,48271,6,YCSB_B,60000,70000,10000,4389700,2278060.004100508,200.0,300.0,400.0,0,0,0,0,0,0
YCSB_VALIDATION,YCSB_B,STATIC_BPLUS,5,48271,7,YCSB_B,70000,80000,10000,2580900,3874617.3815335734,200.0,300.0,400.0,0,0,0,0,0,0
YCSB_VALIDATION,YCSB_B,STATIC_BPLUS,5,48271,8,YCSB_B,80000,90000,10000,2540200,3936697.8978033224,200.0,300.0,400.0,0,0,0,0,0,0
YCSB_VALIDATION,YCSB_B,STATIC_BPLUS,5,48271,9,YCSB_B,90000,100000,10000,2701300,3701921.2971532224,200.0,300.0,400.0,0,0,0,0,0,0
YCSB_VALIDATION,YCSB_B,STATIC_BPLUS,5,48271,10,YCSB_B,100000,110000,10000,2721000,3675119.4413818447,200.0,300.0,400.0,0,0,0,0,0,0
YCSB_VALIDATION,YCSB_B,STATIC_BPLUS,5,48271,11,YCSB_B,110000,120000,10000,2817500,3549245.78527063,200.0,300.0,400.0,0,0,0,0,0,0
YCSB_VALIDATION,YCSB_B,STATIC_BPLUS,5,48271,12,YCSB_B,120000,130000,10000,2584800,3868771.27824203,200.0,300.0,400.0,0,0,0,0,0,0
YCSB_VALIDATION,YCSB_B,STATIC_BPLUS,5,48271,13,YCSB_B,130000,140000,10000,3644700,2743710.0447224737,200.0,300.0,400.0,0,0,0,0,0,0
YCSB_VALIDATION,YCSB_B,STATIC_BPLUS,5,48271,14,YCSB_B,140000,150000,10000,2628500,3804451.2079132586,200.0,300.0,400.0,0,0,0,0,0,0
YCSB_VALIDATION,YCSB_B,STATIC_BPLUS,5,48271,15,YCSB_B,150000,160000,10000,2629600,3802859.7505324003,200.0,300.0,400.0,0,0,0,0,0,0
YCSB_VALIDATION,YCSB_B,STATIC_BPLUS,5,48271,16,YCSB_B,160000,170000,10000,3138800,3185930.929017459,200.0,400.0,600.0,0,0,0,0,0,0
YCSB_VALIDATION,YCSB_B,STATIC_BPLUS,5,48271,17,YCSB_B,170000,180000,10000,2639100,3789170.550566481,200.0,300.0,400.0,0,0,0,0,0,0
YCSB_VALIDATION,YCSB_B,STATIC_BPLUS,5,48271,18,YCSB_B,180000,190000,10000,2521200,3966365.2229097257,200.0,300.0,400.0,0,0,0,0,0,0
YCSB_VALIDATION,YCSB_B,STATIC_BPLUS,5,48271,19,YCSB_B,190000,200000,10000,2740000,3649635.0364963505,200.0,300.0,400.0,0,0,0,0,0,0
YCSB_VALIDATION,YCSB_B,STATIC_BPLUS,5,48271,20,YCSB_B,200000,210000,10000,2717600,3679717.397703856,200.0,300.0,400.0,0,0,0,0,0,0
YCSB_VALIDATION,YCSB_B,STATIC_BPLUS,5,48271,21,YCSB_B,210000,220000,10000,2548500,3923876.790268786,200.0,300.0,400.0,0,0,0,0,0,0
YCSB_VALIDATION,YCSB_B,STATIC_BPLUS,5,48271,22,YCSB_B,220000,230000,10000,2763800,3618206.8167016427,200.0,300.0,400.0,0,0,0,0,0,0
YCSB_VALIDATION,YCSB_B,STATIC_BPLUS,5,48271,23,YCSB_B,230000,240000,10000,2678700,3733154.1419345206,200.0,300.0,400.0,0,0,0,0,0,0
YCSB_VALIDATION,YCSB_B,STATIC_BPLUS,5,48271,24,YCSB_B,240000,250000,10000,2708100,3692625.826225029,200.0,300.0,500.0,0,0,0,0,0,0
YCSB_VALIDATION,YCSB_B,STATIC_BPLUS,5,48271,25,YCSB_B,250000,260000,10000,2725800,3668647.7364443466,200.0,300.0,500.0,0,0,0,0,0,0
YCSB_VALIDATION,YCSB_B,STATIC_BPLUS,5,48271,26,YCSB_B,260000,270000,10000,3319500,3012501.8828136767,200.0,300.0,400.0,0,0,0,0,0,0
YCSB_VALIDATION,YCSB_B,STATIC_BPLUS,5,48271,27,YCSB_B,270000,280000,10000,3313700,3017774.692941425,200.0,300.0,400.0,0,0,0,0,0,0
YCSB_VALIDATION,YCSB_B,STATIC_BPLUS,5,48271,28,YCSB_B,280000,290000,10000,2290200,4366430.8793991795,200.0,300.0,400.0,0,0,0,0,0,0
YCSB_VALIDATION,YCSB_B,STATIC_BPLUS,5,48271,29,YCSB_B,290000,300000,10000,2205200,4534736.078360239,100.0,300.0,400.0,0,0,0,0,0,0
YCSB_VALIDATION,YCSB_B,STATIC_BPLUS,6,134775813,0,YCSB_B,0,10000,10000,6731700,1485508.8610603563,300.0,500.0,700.0,0,0,0,0,0,0
YCSB_VALIDATION,YCSB_B,STATIC_BPLUS,6,134775813,1,YCSB_B,10000,20000,10000,5254400,1903166.8696711329,300.0,400.0,600.0,0,0,0,0,0,0
YCSB_VALIDATION,YCSB_B,STATIC_BPLUS,6,134775813,2,YCSB_B,20000,30000,10000,5597300,1786575.6704125204,300.0,600.0,800.0,0,0,0,0,0,0
YCSB_VALIDATION,YCSB_B,STATIC_BPLUS,6,134775813,3,YCSB_B,30000,40000,10000,5841000,1712035.6103406951,300.0,500.0,800.0,0,0,0,0,0,0
YCSB_VALIDATION,YCSB_B,STATIC_BPLUS,6,134775813,4,YCSB_B,40000,50000,10000,4592900,2177273.617975571,200.0,400.0,500.0,0,0,0,0,0,0
YCSB_VALIDATION,YCSB_B,STATIC_BPLUS,6,134775813,5,YCSB_B,50000,60000,10000,4746300,2106904.3254745803,300.0,400.0,500.0,0,0,0,0,0,0
YCSB_VALIDATION,YCSB_B,STATIC_BPLUS,6,134775813,6,YCSB_B,60000,70000,10000,6087300,1642764.4440063739,300.0,500.0,600.0,0,0,0,0,0,0
YCSB_VALIDATION,YCSB_B,STATIC_BPLUS,6,134775813,7,YCSB_B,70000,80000,10000,3139100,3185626.4534420692,200.0,400.0,500.0,0,0,0,0,0,0
YCSB_VALIDATION,YCSB_B,STATIC_BPLUS,6,134775813,8,YCSB_B,80000,90000,10000,2942600,3398355.196085095,200.0,400.0,500.0,0,0,0,0,0,0
YCSB_VALIDATION,YCSB_B,STATIC_BPLUS,6,134775813,9,YCSB_B,90000,100000,10000,2786600,3588602.598148281,200.0,400.0,500.0,0,0,0,0,0,0
YCSB_VALIDATION,YCSB_B,STATIC_BPLUS,6,134775813,10,YCSB_B,100000,110000,10000,3441200,2905963.0361501803,200.0,400.0,500.0,0,0,0,0,0,0
YCSB_VALIDATION,YCSB_B,STATIC_BPLUS,6,134775813,11,YCSB_B,110000,120000,10000,2753300,3632005.2300875313,200.0,400.0,400.0,0,0,0,0,0,0
YCSB_VALIDATION,YCSB_B,STATIC_BPLUS,6,134775813,12,YCSB_B,120000,130000,10000,3136300,3188470.4907056084,200.0,400.0,500.0,0,0,0,0,0,0
YCSB_VALIDATION,YCSB_B,STATIC_BPLUS,6,134775813,13,YCSB_B,130000,140000,10000,4054500,2466395.3631767174,200.0,400.0,500.0,0,0,0,0,0,0
YCSB_VALIDATION,YCSB_B,STATIC_BPLUS,6,134775813,14,YCSB_B,140000,150000,10000,2785800,3589633.1394931437,200.0,400.0,400.0,0,0,0,0,0,0
YCSB_VALIDATION,YCSB_B,STATIC_BPLUS,6,134775813,15,YCSB_B,150000,160000,10000,2892900,3456738.9125099382,200.0,400.0,400.0,0,0,0,0,0,0
YCSB_VALIDATION,YCSB_B,STATIC_BPLUS,6,134775813,16,YCSB_B,160000,170000,10000,3178900,3145742.237881028,200.0,400.0,800.0,0,0,0,0,0,0
YCSB_VALIDATION,YCSB_B,STATIC_BPLUS,6,134775813,17,YCSB_B,170000,180000,10000,2811500,3556820.2027387517,200.0,400.0,500.0,0,0,0,0,0,0
YCSB_VALIDATION,YCSB_B,STATIC_BPLUS,6,134775813,18,YCSB_B,180000,190000,10000,2529200,3953819.389530286,200.0,300.0,400.0,0,0,0,0,0,0
YCSB_VALIDATION,YCSB_B,STATIC_BPLUS,6,134775813,19,YCSB_B,190000,200000,10000,2499900,4000160.006400256,200.0,300.0,400.0,0,0,0,0,0,0
YCSB_VALIDATION,YCSB_B,STATIC_BPLUS,6,134775813,20,YCSB_B,200000,210000,10000,2503500,3994407.829039345,200.0,300.0,400.0,0,0,0,0,0,0
YCSB_VALIDATION,YCSB_B,STATIC_BPLUS,6,134775813,21,YCSB_B,210000,220000,10000,2382800,4196743.327178109,200.0,300.0,400.0,0,0,0,0,0,0
YCSB_VALIDATION,YCSB_B,STATIC_BPLUS,6,134775813,22,YCSB_B,220000,230000,10000,2488700,4018162.092658818,200.0,300.0,400.0,0,0,0,0,0,0
YCSB_VALIDATION,YCSB_B,STATIC_BPLUS,6,134775813,23,YCSB_B,230000,240000,10000,2729100,3664211.6448646076,200.0,300.0,500.0,0,0,0,0,0,0
YCSB_VALIDATION,YCSB_B,STATIC_BPLUS,6,134775813,24,YCSB_B,240000,250000,10000,2607300,3835385.264449814,200.0,300.0,400.0,0,0,0,0,0,0
YCSB_VALIDATION,YCSB_B,STATIC_BPLUS,6,134775813,25,YCSB_B,250000,260000,10000,2365000,4228329.809725159,200.0,300.0,400.0,0,0,0,0,0,0
YCSB_VALIDATION,YCSB_B,STATIC_BPLUS,6,134775813,26,YCSB_B,260000,270000,10000,3188600,3136172.614940726,200.0,300.0,400.0,0,0,0,0,0,0
YCSB_VALIDATION,YCSB_B,STATIC_BPLUS,6,134775813,27,YCSB_B,270000,280000,10000,3181900,3142776.328608693,200.0,300.0,400.0,0,0,0,0,0,0
YCSB_VALIDATION,YCSB_B,STATIC_BPLUS,6,134775813,28,YCSB_B,280000,290000,10000,2716400,3681342.953909586,200.0,300.0,400.0,0,0,0,0,0,0
YCSB_VALIDATION,YCSB_B,STATIC_BPLUS,6,134775813,29,YCSB_B,290000,300000,10000,2372600,4214785.467419708,200.0,300.0,400.0,0,0,0,0,0,0
YCSB_VALIDATION,YCSB_B,STATIC_BPLUS,7,16807,0,YCSB_B,0,10000,10000,6887000,1452011.0352838682,300.0,600.0,700.0,0,0,0,0,0,0
YCSB_VALIDATION,YCSB_B,STATIC_BPLUS,7,16807,1,YCSB_B,10000,20000,10000,5064700,1974450.609118013,300.0,400.0,600.0,0,0,0,0,0,0
YCSB_VALIDATION,YCSB_B,STATIC_BPLUS,7,16807,2,YCSB_B,20000,30000,10000,4045600,2471821.237888076,200.0,400.0,500.0,0,0,0,0,0,0
YCSB_VALIDATION,YCSB_B,STATIC_BPLUS,7,16807,3,YCSB_B,30000,40000,10000,4459600,2242353.5743115973,200.0,400.0,500.0,0,0,0,0,0,0
YCSB_VALIDATION,YCSB_B,STATIC_BPLUS,7,16807,4,YCSB_B,40000,50000,10000,4236700,2360327.61347275,200.0,400.0,500.0,0,0,0,0,0,0
YCSB_VALIDATION,YCSB_B,STATIC_BPLUS,7,16807,5,YCSB_B,50000,60000,10000,4295400,2328071.89085999,200.0,400.0,500.0,0,0,0,0,0,0
YCSB_VALIDATION,YCSB_B,STATIC_BPLUS,7,16807,6,YCSB_B,60000,70000,10000,4433700,2255452.556555473,200.0,400.0,500.0,0,0,0,0,0,0
YCSB_VALIDATION,YCSB_B,STATIC_BPLUS,7,16807,7,YCSB_B,70000,80000,10000,2773400,3605682.5557077955,200.0,400.0,400.0,0,0,0,0,0,0
YCSB_VALIDATION,YCSB_B,STATIC_BPLUS,7,16807,8,YCSB_B,80000,90000,10000,2694200,3711676.935639522,200.0,300.0,400.0,0,0,0,0,0,0
YCSB_VALIDATION,YCSB_B,STATIC_BPLUS,7,16807,9,YCSB_B,90000,100000,10000,2472700,4044162.251789542,200.0,300.0,400.0,0,0,0,0,0,0
YCSB_VALIDATION,YCSB_B,STATIC_BPLUS,7,16807,10,YCSB_B,100000,110000,10000,2563300,3901221.0821987283,200.0,300.0,400.0,0,0,0,0,0,0
YCSB_VALIDATION,YCSB_B,STATIC_BPLUS,7,16807,11,YCSB_B,110000,120000,10000,4295700,2327909.304653491,300.0,500.0,800.0,0,0,0,0,0,0
YCSB_VALIDATION,YCSB_B,STATIC_BPLUS,7,16807,12,YCSB_B,120000,130000,10000,3044200,3284935.2867748505,200.0,400.0,600.0,0,0,0,0,0,0
YCSB_VALIDATION,YCSB_B,STATIC_BPLUS,7,16807,13,YCSB_B,130000,140000,10000,3889900,2570760.1737833875,200.0,300.0,400.0,0,0,0,0,0,0
YCSB_VALIDATION,YCSB_B,STATIC_BPLUS,7,16807,14,YCSB_B,140000,150000,10000,3029600,3300765.7776604174,200.0,400.0,500.0,0,0,0,0,0,0
YCSB_VALIDATION,YCSB_B,STATIC_BPLUS,7,16807,15,YCSB_B,150000,160000,10000,2916300,3429002.503171827,200.0,400.0,400.0,0,0,0,0,0,0
YCSB_VALIDATION,YCSB_B,STATIC_BPLUS,7,16807,16,YCSB_B,160000,170000,10000,3677600,2719164.6726125735,200.0,500.0,700.0,0,0,0,0,0,0
YCSB_VALIDATION,YCSB_B,STATIC_BPLUS,7,16807,17,YCSB_B,170000,180000,10000,3647900,2741303.215548672,200.0,400.0,500.0,0,0,0,0,0,0
YCSB_VALIDATION,YCSB_B,STATIC_BPLUS,7,16807,18,YCSB_B,180000,190000,10000,3197400,3127541.1271658223,200.0,400.0,600.0,0,0,0,0,0,0
YCSB_VALIDATION,YCSB_B,STATIC_BPLUS,7,16807,19,YCSB_B,190000,200000,10000,2880900,3471137.4917560485,200.0,400.0,500.0,0,0,0,0,0,0
YCSB_VALIDATION,YCSB_B,STATIC_BPLUS,7,16807,20,YCSB_B,200000,210000,10000,2599900,3846301.7808377245,200.0,300.0,400.0,0,0,0,0,0,0
YCSB_VALIDATION,YCSB_B,STATIC_BPLUS,7,16807,21,YCSB_B,210000,220000,10000,2712100,3687179.6762656244,200.0,300.0,400.0,0,0,0,0,0,0
YCSB_VALIDATION,YCSB_B,STATIC_BPLUS,7,16807,22,YCSB_B,220000,230000,10000,2593800,3855347.3667977485,200.0,300.0,400.0,0,0,0,0,0,0
YCSB_VALIDATION,YCSB_B,STATIC_BPLUS,7,16807,23,YCSB_B,230000,240000,10000,2679700,3731761.018024406,200.0,300.0,500.0,0,0,0,0,0,0
YCSB_VALIDATION,YCSB_B,STATIC_BPLUS,7,16807,24,YCSB_B,240000,250000,10000,2889400,3460926.1438360903,200.0,400.0,600.0,0,0,0,0,0,0
YCSB_VALIDATION,YCSB_B,STATIC_BPLUS,7,16807,25,YCSB_B,250000,260000,10000,2578800,3877772.607414301,200.0,300.0,400.0,0,0,0,0,0,0
YCSB_VALIDATION,YCSB_B,STATIC_BPLUS,7,16807,26,YCSB_B,260000,270000,10000,3354600,2980981.3390568173,200.0,300.0,400.0,0,0,0,0,0,0
YCSB_VALIDATION,YCSB_B,STATIC_BPLUS,7,16807,27,YCSB_B,270000,280000,10000,3236800,3089471.082550667,200.0,300.0,400.0,0,0,0,0,0,0
YCSB_VALIDATION,YCSB_B,STATIC_BPLUS,7,16807,28,YCSB_B,280000,290000,10000,2355100,4246104.199397054,200.0,300.0,400.0,0,0,0,0,0,0
YCSB_VALIDATION,YCSB_B,STATIC_BPLUS,7,16807,29,YCSB_B,290000,300000,10000,2465800,4055478.952064239,200.0,300.0,400.0,0,0,0,0,0,0
YCSB_VALIDATION,YCSB_B,STATIC_BPLUS,8,2147483647,0,YCSB_B,0,10000,10000,6416100,1558579.1992020074,300.0,500.0,800.0,0,0,0,0,0,0
YCSB_VALIDATION,YCSB_B,STATIC_BPLUS,8,2147483647,1,YCSB_B,10000,20000,10000,4146600,2411614.334635605,200.0,400.0,500.0,0,0,0,0,0,0
YCSB_VALIDATION,YCSB_B,STATIC_BPLUS,8,2147483647,2,YCSB_B,20000,30000,10000,4316700,2316584.4279194754,200.0,400.0,500.0,0,0,0,0,0,0
YCSB_VALIDATION,YCSB_B,STATIC_BPLUS,8,2147483647,3,YCSB_B,30000,40000,10000,4034400,2478683.3234186,200.0,400.0,400.0,0,0,0,0,0,0
YCSB_VALIDATION,YCSB_B,STATIC_BPLUS,8,2147483647,4,YCSB_B,40000,50000,10000,4013700,2491466.7264618683,200.0,400.0,500.0,0,0,0,0,0,0
YCSB_VALIDATION,YCSB_B,STATIC_BPLUS,8,2147483647,5,YCSB_B,50000,60000,10000,3840400,2603895.427559629,200.0,400.0,400.0,0,0,0,0,0,0
YCSB_VALIDATION,YCSB_B,STATIC_BPLUS,8,2147483647,6,YCSB_B,60000,70000,10000,4290300,2330839.3352446216,200.0,400.0,500.0,0,0,0,0,0,0
YCSB_VALIDATION,YCSB_B,STATIC_BPLUS,8,2147483647,7,YCSB_B,70000,80000,10000,2926300,3417284.625636469,200.0,400.0,500.0,0,0,0,0,0,0
YCSB_VALIDATION,YCSB_B,STATIC_BPLUS,8,2147483647,8,YCSB_B,80000,90000,10000,2560100,3906097.4180696066,200.0,300.0,400.0,0,0,0,0,0,0
YCSB_VALIDATION,YCSB_B,STATIC_BPLUS,8,2147483647,9,YCSB_B,90000,100000,10000,2569400,3891959.2122674556,200.0,300.0,400.0,0,0,0,0,0,0
YCSB_VALIDATION,YCSB_B,STATIC_BPLUS,8,2147483647,10,YCSB_B,100000,110000,10000,2997000,3336670.00333667,200.0,400.0,500.0,0,0,0,0,0,0
YCSB_VALIDATION,YCSB_B,STATIC_BPLUS,8,2147483647,11,YCSB_B,110000,120000,10000,3141900,3182787.485279608,200.0,400.0,500.0,0,0,0,0,0,0
YCSB_VALIDATION,YCSB_B,STATIC_BPLUS,8,2147483647,12,YCSB_B,120000,130000,10000,2763300,3618861.5061701587,200.0,300.0,400.0,0,0,0,0,0,0
YCSB_VALIDATION,YCSB_B,STATIC_BPLUS,8,2147483647,13,YCSB_B,130000,140000,10000,3681200,2716505.4873410845,200.0,400.0,400.0,0,0,0,0,0,0
YCSB_VALIDATION,YCSB_B,STATIC_BPLUS,8,2147483647,14,YCSB_B,140000,150000,10000,2635300,3794634.386976815,200.0,300.0,400.0,0,0,0,0,0,0
YCSB_VALIDATION,YCSB_B,STATIC_BPLUS,8,2147483647,15,YCSB_B,150000,160000,10000,3031800,3298370.604921169,200.0,400.0,700.0,0,0,0,0,0,0
YCSB_VALIDATION,YCSB_B,STATIC_BPLUS,8,2147483647,16,YCSB_B,160000,170000,10000,2704700,3697267.719155544,200.0,300.0,400.0,0,0,0,0,0,0
YCSB_VALIDATION,YCSB_B,STATIC_BPLUS,8,2147483647,17,YCSB_B,170000,180000,10000,2627900,3805319.837132311,200.0,300.0,400.0,0,0,0,0,0,0
YCSB_VALIDATION,YCSB_B,STATIC_BPLUS,8,2147483647,18,YCSB_B,180000,190000,10000,2910400,3435953.820780649,200.0,400.0,400.0,0,0,0,0,0,0
YCSB_VALIDATION,YCSB_B,STATIC_BPLUS,8,2147483647,19,YCSB_B,190000,200000,10000,2798700,3573087.5049129953,200.0,400.0,500.0,0,0,0,0,0,0
YCSB_VALIDATION,YCSB_B,STATIC_BPLUS,8,2147483647,20,YCSB_B,200000,210000,10000,2645700,3779718.033034736,200.0,300.0,400.0,0,0,0,0,0,0
YCSB_VALIDATION,YCSB_B,STATIC_BPLUS,8,2147483647,21,YCSB_B,210000,220000,10000,2747600,3639539.962148784,200.0,300.0,400.0,0,0,0,0,0,0
YCSB_VALIDATION,YCSB_B,STATIC_BPLUS,8,2147483647,22,YCSB_B,220000,230000,10000,2773300,3605812.5698626186,200.0,300.0,400.0,0,0,0,0,0,0
YCSB_VALIDATION,YCSB_B,STATIC_BPLUS,8,2147483647,23,YCSB_B,230000,240000,10000,2735000,3656307.129798903,200.0,300.0,400.0,0,0,0,0,0,0
YCSB_VALIDATION,YCSB_B,STATIC_BPLUS,8,2147483647,24,YCSB_B,240000,250000,10000,2896300,3452681.0068017817,200.0,400.0,700.0,0,0,0,0,0,0
YCSB_VALIDATION,YCSB_B,STATIC_BPLUS,8,2147483647,25,YCSB_B,250000,260000,10000,2667400,3748969.033515783,200.0,300.0,400.0,0,0,0,0,0,0
YCSB_VALIDATION,YCSB_B,STATIC_BPLUS,8,2147483647,26,YCSB_B,260000,270000,10000,3797400,2633380.7341865487,200.0,400.0,400.0,0,0,0,0,0,0
YCSB_VALIDATION,YCSB_B,STATIC_BPLUS,8,2147483647,27,YCSB_B,270000,280000,10000,3714300,2692297.3373179333,200.0,400.0,400.0,0,0,0,0,0,0
YCSB_VALIDATION,YCSB_B,STATIC_BPLUS,8,2147483647,28,YCSB_B,280000,290000,10000,2462700,4060583.911966541,200.0,300.0,400.0,0,0,0,0,0,0
YCSB_VALIDATION,YCSB_B,STATIC_BPLUS,8,2147483647,29,YCSB_B,290000,300000,10000,2550400,3920953.575909661,200.0,300.0,400.0,0,0,0,0,0,0
YCSB_VALIDATION,YCSB_B,STATIC_BPLUS,9,6364136223846793005,0,YCSB_B,0,10000,10000,6028800,1658704.8832271763,300.0,400.0,600.0,0,0,0,0,0,0
YCSB_VALIDATION,YCSB_B,STATIC_BPLUS,9,6364136223846793005,1,YCSB_B,10000,20000,10000,4701500,2126980.750824205,200.0,400.0,600.0,0,0,0,0,0,0
YCSB_VALIDATION,YCSB_B,STATIC_BPLUS,9,6364136223846793005,2,YCSB_B,20000,30000,10000,3758900,2660352.762776344,200.0,400.0,500.0,0,0,0,0,0,0
YCSB_VALIDATION,YCSB_B,STATIC_BPLUS,9,6364136223846793005,3,YCSB_B,30000,40000,10000,3769000,2653223.666755107,200.0,300.0,400.0,0,0,0,0,0,0
YCSB_VALIDATION,YCSB_B,STATIC_BPLUS,9,6364136223846793005,4,YCSB_B,40000,50000,10000,3663300,2729779.160865886,200.0,300.0,400.0,0,0,0,0,0,0
YCSB_VALIDATION,YCSB_B,STATIC_BPLUS,9,6364136223846793005,5,YCSB_B,50000,60000,10000,3623300,2759914.994618166,200.0,300.0,400.0,0,0,0,0,0,0
YCSB_VALIDATION,YCSB_B,STATIC_BPLUS,9,6364136223846793005,6,YCSB_B,60000,70000,10000,4058200,2464146.6660095607,200.0,300.0,500.0,0,0,0,0,0,0
YCSB_VALIDATION,YCSB_B,STATIC_BPLUS,9,6364136223846793005,7,YCSB_B,70000,80000,10000,2603600,3840835.7658626516,200.0,300.0,400.0,0,0,0,0,0,0
YCSB_VALIDATION,YCSB_B,STATIC_BPLUS,9,6364136223846793005,8,YCSB_B,80000,90000,10000,2721000,3675119.4413818447,200.0,400.0,500.0,0,0,0,0,0,0
YCSB_VALIDATION,YCSB_B,STATIC_BPLUS,9,6364136223846793005,9,YCSB_B,90000,100000,10000,2702100,3700825.2840383407,200.0,300.0,400.0,0,0,0,0,0,0
YCSB_VALIDATION,YCSB_B,STATIC_BPLUS,9,6364136223846793005,10,YCSB_B,100000,110000,10000,2678200,3733851.0940183704,200.0,300.0,400.0,0,0,0,0,0,0
YCSB_VALIDATION,YCSB_B,STATIC_BPLUS,9,6364136223846793005,11,YCSB_B,110000,120000,10000,2603300,3841278.3774440135,200.0,300.0,400.0,0,0,0,0,0,0
YCSB_VALIDATION,YCSB_B,STATIC_BPLUS,9,6364136223846793005,12,YCSB_B,120000,130000,10000,2809500,3559352.1978999823,200.0,400.0,400.0,0,0,0,0,0,0
YCSB_VALIDATION,YCSB_B,STATIC_BPLUS,9,6364136223846793005,13,YCSB_B,130000,140000,10000,3782000,2644103.6488630353,200.0,400.0,500.0,0,0,0,0,0,0
YCSB_VALIDATION,YCSB_B,STATIC_BPLUS,9,6364136223846793005,14,YCSB_B,140000,150000,10000,2624700,3809959.233436202,200.0,300.0,400.0,0,0,0,0,0,0
YCSB_VALIDATION,YCSB_B,STATIC_BPLUS,9,6364136223846793005,15,YCSB_B,150000,160000,10000,2982700,3352667.0466355984,200.0,400.0,500.0,0,0,0,0,0,0
YCSB_VALIDATION,YCSB_B,STATIC_BPLUS,9,6364136223846793005,16,YCSB_B,160000,170000,10000,2671800,3742795.1193951643,200.0,300.0,400.0,0,0,0,0,0,0
YCSB_VALIDATION,YCSB_B,STATIC_BPLUS,9,6364136223846793005,17,YCSB_B,170000,180000,10000,2573600,3885607.7090456947,200.0,300.0,400.0,0,0,0,0,0,0
YCSB_VALIDATION,YCSB_B,STATIC_BPLUS,9,6364136223846793005,18,YCSB_B,180000,190000,10000,2647200,3777576.3070414024,200.0,300.0,400.0,0,0,0,0,0,0
YCSB_VALIDATION,YCSB_B,STATIC_BPLUS,9,6364136223846793005,19,YCSB_B,190000,200000,10000,3003900,3329005.626019508,200.0,400.0,500.0,0,0,0,0,0,0
YCSB_VALIDATION,YCSB_B,STATIC_BPLUS,9,6364136223846793005,20,YCSB_B,200000,210000,10000,2631400,3800258.417572395,200.0,300.0,400.0,0,0,0,0,0,0
YCSB_VALIDATION,YCSB_B,STATIC_BPLUS,9,6364136223846793005,21,YCSB_B,210000,220000,10000,3087400,3238971.302714258,200.0,400.0,600.0,0,0,0,0,0,0
YCSB_VALIDATION,YCSB_B,STATIC_BPLUS,9,6364136223846793005,22,YCSB_B,220000,230000,10000,2871700,3482257.896019779,200.0,300.0,500.0,0,0,0,0,0,0
YCSB_VALIDATION,YCSB_B,STATIC_BPLUS,9,6364136223846793005,23,YCSB_B,230000,240000,10000,2550100,3921414.846476609,200.0,300.0,400.0,0,0,0,0,0,0
YCSB_VALIDATION,YCSB_B,STATIC_BPLUS,9,6364136223846793005,24,YCSB_B,240000,250000,10000,2375000,4210526.315789473,200.0,300.0,400.0,0,0,0,0,0,0
YCSB_VALIDATION,YCSB_B,STATIC_BPLUS,9,6364136223846793005,25,YCSB_B,250000,260000,10000,2498300,4002721.850858584,200.0,300.0,400.0,0,0,0,0,0,0
YCSB_VALIDATION,YCSB_B,STATIC_BPLUS,9,6364136223846793005,26,YCSB_B,260000,270000,10000,4473800,2235236.2644731547,200.0,400.0,500.0,0,0,0,0,0,0
YCSB_VALIDATION,YCSB_B,STATIC_BPLUS,9,6364136223846793005,27,YCSB_B,270000,280000,10000,4150100,2409580.4920363366,200.0,300.0,400.0,0,0,0,0,0,0
YCSB_VALIDATION,YCSB_B,STATIC_BPLUS,9,6364136223846793005,28,YCSB_B,280000,290000,10000,2730700,3662064.6720621088,200.0,300.0,400.0,0,0,0,0,0,0
YCSB_VALIDATION,YCSB_B,STATIC_BPLUS,9,6364136223846793005,29,YCSB_B,290000,300000,10000,2472300,4044816.5675686607,200.0,300.0,400.0,0,0,0,0,0,0
YCSB_VALIDATION,YCSB_E,LARS_FULL,0,1103515245,0,YCSB_E,0,10000,10000,22350500,447417.28372967045,1200.0,4000.0,7900.0,0,0,0,0,0,0
YCSB_VALIDATION,YCSB_E,LARS_FULL,0,1103515245,1,YCSB_E,10000,20000,10000,15768600,634171.7083317479,1100.0,3400.0,5000.0,0,0,0,0,0,0
YCSB_VALIDATION,YCSB_E,LARS_FULL,0,1103515245,2,YCSB_E,20000,30000,10000,37810900,264474.00088334316,1000.0,3000.0,5000.0,0,0,15000,0,0,0
YCSB_VALIDATION,YCSB_E,LARS_FULL,0,1103515245,3,YCSB_E,30000,40000,10000,8885600,1125416.4040695056,600.0,1400.0,2300.0,0,0,0,0,0,0
YCSB_VALIDATION,YCSB_E,LARS_FULL,0,1103515245,4,YCSB_E,40000,50000,10000,8939900,1118580.74475106,600.0,1400.0,2300.0,0,0,68400,0,0,0
YCSB_VALIDATION,YCSB_E,LARS_FULL,0,1103515245,5,YCSB_E,50000,60000,10000,8478100,1179509.5599249832,600.0,1300.0,2200.0,0,0,0,0,0,0
YCSB_VALIDATION,YCSB_E,LARS_FULL,0,1103515245,6,YCSB_E,60000,70000,10000,10942800,913842.892129985,700.0,1600.0,2700.0,0,0,33000,0,0,0
YCSB_VALIDATION,YCSB_E,LARS_FULL,0,1103515245,7,YCSB_E,70000,80000,10000,11832000,845165.6524678837,900.0,1800.0,2900.0,0,0,0,0,0,0
YCSB_VALIDATION,YCSB_E,LARS_FULL,0,1103515245,8,YCSB_E,80000,90000,10000,9657400,1035475.386750057,700.0,1500.0,2400.0,0,0,27200,0,0,0
YCSB_VALIDATION,YCSB_E,LARS_FULL,0,1103515245,9,YCSB_E,90000,100000,10000,19966600,500836.396782627,900.0,1800.0,3000.0,0,0,38800,0,0,0
YCSB_VALIDATION,YCSB_E,LARS_FULL,0,1103515245,10,YCSB_E,100000,110000,10000,9948300,1005196.8678065599,700.0,1600.0,2500.0,0,0,21700,0,0,0
YCSB_VALIDATION,YCSB_E,LARS_FULL,0,1103515245,11,YCSB_E,110000,120000,10000,9567700,1045183.2728869007,700.0,1400.0,2400.0,0,0,11500,0,0,0
YCSB_VALIDATION,YCSB_E,LARS_FULL,0,1103515245,12,YCSB_E,120000,130000,10000,9912200,1008857.7712314118,700.0,1500.0,2500.0,0,0,20400,0,0,0
YCSB_VALIDATION,YCSB_E,LARS_FULL,0,1103515245,13,YCSB_E,130000,140000,10000,10619000,941708.2587814295,700.0,1500.0,2400.0,0,0,10700,0,0,0
YCSB_VALIDATION,YCSB_E,LARS_FULL,0,1103515245,14,YCSB_E,140000,150000,10000,8902600,1123267.3600970502,700.0,1400.0,2200.0,0,0,35400,0,0,0
YCSB_VALIDATION,YCSB_E,LARS_FULL,0,1103515245,15,YCSB_E,150000,160000,10000,7925300,1261781.888382774,600.0,1200.0,2000.0,0,0,8500,0,0,0
YCSB_VALIDATION,YCSB_E,LARS_FULL,0,1103515245,16,YCSB_E,160000,170000,10000,9311200,1073975.42744222,600.0,1300.0,2000.0,0,0,11800,0,0,0
YCSB_VALIDATION,YCSB_E,LARS_FULL,0,1103515245,17,YCSB_E,170000,180000,10000,9562800,1045718.8271217635,700.0,1600.0,2500.0,0,0,20900,0,0,0
YCSB_VALIDATION,YCSB_E,LARS_FULL,0,1103515245,18,YCSB_E,180000,190000,10000,8500200,1176442.9072257124,700.0,1300.0,2100.0,0,0,28400,0,0,0
YCSB_VALIDATION,YCSB_E,LARS_FULL,0,1103515245,19,YCSB_E,190000,200000,10000,8687400,1151092.3866749546,700.0,1300.0,2100.0,0,0,30400,0,0,0
YCSB_VALIDATION,YCSB_E,LARS_FULL,0,1103515245,20,YCSB_E,200000,210000,10000,13141800,760930.7705184983,1000.0,2100.0,3400.0,0,0,29000,0,0,0
YCSB_VALIDATION,YCSB_E,LARS_FULL,0,1103515245,21,YCSB_E,210000,220000,10000,11853000,843668.269636379,800.0,1800.0,3800.0,0,0,54900,0,0,0
YCSB_VALIDATION,YCSB_E,LARS_FULL,0,1103515245,22,YCSB_E,220000,230000,10000,9840800,1016177.5465409317,700.0,1500.0,2400.0,0,0,320400,0,0,0
YCSB_VALIDATION,YCSB_E,LARS_FULL,0,1103515245,23,YCSB_E,230000,240000,10000,8791300,1137488.1985599399,700.0,1400.0,2000.0,0,0,12800,0,0,0
YCSB_VALIDATION,YCSB_E,LARS_FULL,0,1103515245,24,YCSB_E,240000,250000,10000,10199400,980449.8303821794,700.0,1400.0,2200.0,0,0,31200,0,0,0
YCSB_VALIDATION,YCSB_E,LARS_FULL,0,1103515245,25,YCSB_E,250000,260000,10000,8683200,1151649.1615994105,700.0,1300.0,2100.0,0,0,28600,0,0,0
YCSB_VALIDATION,YCSB_E,LARS_FULL,0,1103515245,26,YCSB_E,260000,270000,10000,9358000,1068604.4026501388,700.0,1300.0,2000.0,0,0,9900,0,0,0
YCSB_VALIDATION,YCSB_E,LARS_FULL,0,1103515245,27,YCSB_E,270000,280000,10000,10231500,977373.7966085129,700.0,1300.0,2100.0,0,0,99600,0,0,0
YCSB_VALIDATION,YCSB_E,LARS_FULL,0,1103515245,28,YCSB_E,280000,290000,10000,8932600,1119494.8839083805,700.0,1300.0,2100.0,0,0,42900,0,0,0
YCSB_VALIDATION,YCSB_E,LARS_FULL,0,1103515245,29,YCSB_E,290000,300000,10000,8819000,1133915.4099104207,700.0,1300.0,1900.0,0,0,124300,0,0,0
YCSB_VALIDATION,YCSB_E,LARS_FULL,1,214013,0,YCSB_E,0,10000,10000,22758700,439392.4081779715,1100.0,4200.0,11300.0,0,0,0,0,0,0
YCSB_VALIDATION,YCSB_E,LARS_FULL,1,214013,1,YCSB_E,10000,20000,10000,14428800,693058.3277888667,1000.0,3000.0,4700.0,0,0,0,0,0,0
YCSB_VALIDATION,YCSB_E,LARS_FULL,1,214013,2,YCSB_E,20000,30000,10000,36888100,271090.134758906,900.0,2900.0,4500.0,0,0,12900,0,0,0
YCSB_VALIDATION,YCSB_E,LARS_FULL,1,214013,3,YCSB_E,30000,40000,10000,8528300,1172566.6310988122,600.0,1500.0,2500.0,0,0,0,0,0,0
YCSB_VALIDATION,YCSB_E,LARS_FULL,1,214013,4,YCSB_E,40000,50000,10000,8318400,1202154.260434699,600.0,1400.0,2300.0,0,0,18000,0,0,0
YCSB_VALIDATION,YCSB_E,LARS_FULL,1,214013,5,YCSB_E,50000,60000,10000,9381800,1065893.5385533692,600.0,1400.0,2500.0,0,0,12700,0,0,0
YCSB_VALIDATION,YCSB_E,LARS_FULL,1,214013,6,YCSB_E,60000,70000,10000,9951400,1004883.7349518661,600.0,1500.0,2600.0,0,0,25600,0,0,0
YCSB_VALIDATION,YCSB_E,LARS_FULL,1,214013,7,YCSB_E,70000,80000,10000,8718100,1147038.9190305227,600.0,1400.0,2400.0,0,0,0,0,0,0
YCSB_VALIDATION,YCSB_E,LARS_FULL,1,214013,8,YCSB_E,80000,90000,10000,8225100,1215790.6894749,600.0,1200.0,2100.0,0,0,20800,0,0,0
YCSB_VALIDATION,YCSB_E,LARS_FULL,1,214013,9,YCSB_E,90000,100000,10000,16296500,613628.6932776977,700.0,1500.0,2600.0,0,0,9100,0,0,0
YCSB_VALIDATION,YCSB_E,LARS_FULL,1,214013,10,YCSB_E,100000,110000,10000,9788700,1021586.1146015304,700.0,1500.0,2500.0,0,0,34100,0,0,0
YCSB_VALIDATION,YCSB_E,LARS_FULL,1,214013,11,YCSB_E,110000,120000,10000,11934400,837913.9294811637,800.0,1900.0,3500.0,0,0,0,0,0,0
YCSB_VALIDATION,YCSB_E,LARS_FULL,1,214013,12,YCSB_E,120000,130000,10000,9379400,1066166.2792929185,700.0,1600.0,2600.0,0,0,25700,0,0,0
YCSB_VALIDATION,YCSB_E,LARS_FULL,1,214013,13,YCSB_E,130000,140000,10000,9811600,1019201.7611806433,600.0,1400.0,2400.0,0,0,20600,0,0,0
YCSB_VALIDATION,YCSB_E,LARS_FULL,1,214013,14,YCSB_E,140000,150000,10000,9746200,1026040.9185118303,700.0,1600.0,2500.0,0,0,40700,0,0,0
YCSB_VALIDATION,YCSB_E,LARS_FULL,1,214013,15,YCSB_E,150000,160000,10000,7992300,1251204.284123469,600.0,1200.0,1900.0,0,0,8000,0,0,0
YCSB_VALIDATION,YCSB_E,LARS_FULL,1,214013,16,YCSB_E,160000,170000,10000,9128500,1095470.2305964835,600.0,1200.0,2000.0,0,0,25000,0,0,0
YCSB_VALIDATION,YCSB_E,LARS_FULL,1,214013,17,YCSB_E,170000,180000,10000,7453400,1341669.5736174094,600.0,1200.0,2000.0,0,0,0,0,0,0
YCSB_VALIDATION,YCSB_E,LARS_FULL,1,214013,18,YCSB_E,180000,190000,10000,7286100,1372476.3590947145,600.0,1100.0,1900.0,0,0,25000,0,0,0
YCSB_VALIDATION,YCSB_E,LARS_FULL,1,214013,19,YCSB_E,190000,200000,10000,8041400,1243564.553435969,600.0,1300.0,2100.0,0,0,25800,0,0,0
YCSB_VALIDATION,YCSB_E,LARS_FULL,1,214013,20,YCSB_E,200000,210000,10000,8172400,1223630.7571827124,600.0,1300.0,2100.0,0,0,25400,0,0,0
YCSB_VALIDATION,YCSB_E,LARS_FULL,1,214013,21,YCSB_E,210000,220000,10000,8552300,1169276.1011657682,600.0,1300.0,2200.0,0,0,59700,0,0,0
YCSB_VALIDATION,YCSB_E,LARS_FULL,1,214013,22,YCSB_E,220000,230000,10000,8051900,1241942.8954656664,600.0,1300.0,2100.0,0,0,14700,0,0,0
YCSB_VALIDATION,YCSB_E,LARS_FULL,1,214013,23,YCSB_E,230000,240000,10000,7702800,1298229.2153502624,600.0,1200.0,1900.0,0,0,7400,0,0,0
YCSB_VALIDATION,YCSB_E,LARS_FULL,1,214013,24,YCSB_E,240000,250000,10000,9370900,1067133.3596559563,600.0,1300.0,2200.0,0,0,22100,0,0,0
YCSB_VALIDATION,YCSB_E,LARS_FULL,1,214013,25,YCSB_E,250000,260000,10000,7819800,1278805.0845290162,600.0,1300.0,2100.0,0,0,15200,0,0,0
YCSB_VALIDATION,YCSB_E,LARS_FULL,1,214013,26,YCSB_E,260000,270000,10000,9467600,1056233.8924331404,600.0,1200.0,2200.0,0,0,145100,0,0,0
YCSB_VALIDATION,YCSB_E,LARS_FULL,1,214013,27,YCSB_E,270000,280000,10000,9087900,1100364.2205570044,600.0,1300.0,2200.0,0,0,31700,0,0,0
YCSB_VALIDATION,YCSB_E,LARS_FULL,1,214013,28,YCSB_E,280000,290000,10000,9074200,1102025.5229111107,600.0,1400.0,2300.0,0,0,37200,0,0,0
YCSB_VALIDATION,YCSB_E,LARS_FULL,1,214013,29,YCSB_E,290000,300000,10000,8676400,1152551.7495735558,600.0,1300.0,2100.0,0,0,70900,0,0,0
YCSB_VALIDATION,YCSB_E,LARS_FULL,2,1664525,0,YCSB_E,0,10000,10000,22893400,436807.1147142845,1400.0,4200.0,8500.0,0,0,0,0,0,0
YCSB_VALIDATION,YCSB_E,LARS_FULL,2,1664525,1,YCSB_E,10000,20000,10000,14983300,667409.7161506477,1000.0,3100.0,4700.0,0,0,0,0,0,0
YCSB_VALIDATION,YCSB_E,LARS_FULL,2,1664525,2,YCSB_E,20000,30000,10000,42105300,237499.79218768183,1000.0,3100.0,5200.0,0,0,17100,0,0,0
YCSB_VALIDATION,YCSB_E,LARS_FULL,2,1664525,3,YCSB_E,30000,40000,10000,10460900,955940.693439379,700.0,1700.0,2800.0,0,0,0,0,0,0
YCSB_VALIDATION,YCSB_E,LARS_FULL,2,1664525,4,YCSB_E,40000,50000,10000,9540300,1048185.0675555276,700.0,1600.0,2400.0,0,0,25000,0,0,0
YCSB_VALIDATION,YCSB_E,LARS_FULL,2,1664525,5,YCSB_E,50000,60000,10000,11603500,861808.9369586762,700.0,2000.0,3800.0,0,0,0,0,0,0
YCSB_VALIDATION,YCSB_E,LARS_FULL,2,1664525,6,YCSB_E,60000,70000,10000,11853700,843618.4482482263,800.0,1800.0,3100.0,0,0,23900,0,0,0
YCSB_VALIDATION,YCSB_E,LARS_FULL,2,1664525,7,YCSB_E,70000,80000,10000,9945200,1005510.1958733861,700.0,1500.0,2500.0,0,0,0,0,0,0
YCSB_VALIDATION,YCSB_E,LARS_FULL,2,1664525,8,YCSB_E,80000,90000,10000,9651500,1036108.3769362275,700.0,1400.0,2300.0,0,0,23600,0,0,0
YCSB_VALIDATION,YCSB_E,LARS_FULL,2,1664525,9,YCSB_E,90000,100000,10000,21031200,475484.04275552515,800.0,1600.0,2400.0,0,0,20700,0,0,0
YCSB_VALIDATION,YCSB_E,LARS_FULL,2,1664525,10,YCSB_E,100000,110000,10000,12193500,820109.0745069095,900.0,1900.0,3000.0,0,0,41000,0,0,0
YCSB_VALIDATION,YCSB_E,LARS_FULL,2,1664525,11,YCSB_E,110000,120000,10000,10201900,980209.5688058106,700.0,1600.0,2500.0,0,0,15600,0,0,0
YCSB_VALIDATION,YCSB_E,LARS_FULL,2,1664525,12,YCSB_E,120000,130000,10000,9706000,1030290.541932825,700.0,1400.0,2300.0,0,0,41100,0,0,0
YCSB_VALIDATION,YCSB_E,LARS_FULL,2,1664525,13,YCSB_E,130000,140000,10000,10446200,957285.9030077923,700.0,1400.0,2300.0,0,0,0,0,0,0
YCSB_VALIDATION,YCSB_E,LARS_FULL,2,1664525,14,YCSB_E,140000,150000,10000,9182400,1089039.9024220246,700.0,1400.0,2300.0,0,0,42100,0,0,0
YCSB_VALIDATION,YCSB_E,LARS_FULL,2,1664525,15,YCSB_E,150000,160000,10000,8349400,1197690.8520372722,700.0,1300.0,2000.0,0,0,0,0,0,0
YCSB_VALIDATION,YCSB_E,LARS_FULL,2,1664525,16,YCSB_E,160000,170000,10000,10762800,929126.2496748058,700.0,1600.0,2500.0,0,0,32300,0,0,0
YCSB_VALIDATION,YCSB_E,LARS_FULL,2,1664525,17,YCSB_E,170000,180000,10000,8775600,1139523.2234832945,700.0,1400.0,2200.0,0,0,0,0,0,0
YCSB_VALIDATION,YCSB_E,LARS_FULL,2,1664525,18,YCSB_E,180000,190000,10000,8530800,1172223.0037042247,700.0,1300.0,2000.0,0,0,36700,0,0,0
YCSB_VALIDATION,YCSB_E,LARS_FULL,2,1664525,19,YCSB_E,190000,200000,10000,8797300,1136712.400395576,700.0,1300.0,2000.0,0,0,18600,0,0,0
YCSB_VALIDATION,YCSB_E,LARS_FULL,2,1664525,20,YCSB_E,200000,210000,10000,9184300,1088814.6075367748,700.0,1400.0,2200.0,0,0,40000,0,0,0
YCSB_VALIDATION,YCSB_E,LARS_FULL,2,1664525,21,YCSB_E,210000,220000,10000,10337500,967351.8742442563,800.0,1700.0,2600.0,0,0,66000,0,0,0
YCSB_VALIDATION,YCSB_E,LARS_FULL,2,1664525,22,YCSB_E,220000,230000,10000,9114400,1097164.925831651,700.0,1400.0,2300.0,0,0,11100,0,0,0
YCSB_VALIDATION,YCSB_E,LARS_FULL,2,1664525,23,YCSB_E,230000,240000,10000,9209100,1085882.4423667893,700.0,1500.0,2300.0,0,0,30800,0,0,0
YCSB_VALIDATION,YCSB_E,LARS_FULL,2,1664525,24,YCSB_E,240000,250000,10000,10834800,922951.969579503,700.0,1600.0,2600.0,0,0,25900,0,0,0
YCSB_VALIDATION,YCSB_E,LARS_FULL,2,1664525,25,YCSB_E,250000,260000,10000,12180100,821011.3217461269,900.0,1900.0,3300.0,0,0,48500,0,0,0
YCSB_VALIDATION,YCSB_E,LARS_FULL,2,1664525,26,YCSB_E,260000,270000,10000,11041300,905690.4531169337,700.0,1600.0,2500.0,0,0,132600,0,0,0
YCSB_VALIDATION,YCSB_E,LARS_FULL,2,1664525,27,YCSB_E,270000,280000,10000,10433100,958487.8895055162,700.0,1500.0,2400.0,0,0,50500,0,0,0
YCSB_VALIDATION,YCSB_E,LARS_FULL,2,1664525,28,YCSB_E,280000,290000,10000,10087100,991365.2090293543,800.0,1600.0,2600.0,0,0,36400,0,0,0
YCSB_VALIDATION,YCSB_E,LARS_FULL,2,1664525,29,YCSB_E,290000,300000,10000,10463600,955694.0250009557,800.0,1700.0,2800.0,0,0,69000,0,0,0
YCSB_VALIDATION,YCSB_E,LARS_FULL,3,22695477,0,YCSB_E,0,10000,10000,27170700,368043.5174655051,1500.0,4700.0,10300.0,0,0,0,0,0,0
YCSB_VALIDATION,YCSB_E,LARS_FULL,3,22695477,1,YCSB_E,10000,20000,10000,18868200,529992.2621129731,1400.0,4000.0,6000.0,0,0,0,0,0,0
YCSB_VALIDATION,YCSB_E,LARS_FULL,3,22695477,2,YCSB_E,20000,30000,10000,44674700,223840.3391628819,1100.0,3400.0,5700.0,0,0,14900,0,0,0
YCSB_VALIDATION,YCSB_E,LARS_FULL,3,22695477,3,YCSB_E,30000,40000,10000,10143000,985901.6070196194,700.0,1900.0,2900.0,0,0,0,0,0,0
YCSB_VALIDATION,YCSB_E,LARS_FULL,3,22695477,4,YCSB_E,40000,50000,10000,10692400,935243.7245146085,700.0,1900.0,3200.0,0,0,37700,0,0,0
YCSB_VALIDATION,YCSB_E,LARS_FULL,3,22695477,5,YCSB_E,50000,60000,10000,10519500,950615.5235514996,700.0,1800.0,3100.0,0,0,0,0,0,0
YCSB_VALIDATION,YCSB_E,LARS_FULL,3,22695477,6,YCSB_E,60000,70000,10000,11699300,854751.9937090253,800.0,1800.0,2800.0,0,0,32600,0,0,0
YCSB_VALIDATION,YCSB_E,LARS_FULL,3,22695477,7,YCSB_E,70000,80000,10000,14133700,707528.8141109546,1100.0,2000.0,3000.0,0,0,14000,0,0,0
YCSB_VALIDATION,YCSB_E,LARS_FULL,3,22695477,8,YCSB_E,80000,90000,10000,9969800,1003029.1480270417,700.0,1500.0,2400.0,0,0,13400,0,0,0
YCSB_VALIDATION,YCSB_E,LARS_FULL,3,22695477,9,YCSB_E,90000,100000,10000,23002000,434744.80479958263,800.0,1600.0,2800.0,0,0,20200,0,0,0
YCSB_VALIDATION,YCSB_E,LARS_FULL,3,22695477,10,YCSB_E,100000,110000,10000,10087200,991355.3810770084,700.0,1500.0,2400.0,0,0,25700,0,0,0
YCSB_VALIDATION,YCSB_E,LARS_FULL,3,22695477,11,YCSB_E,110000,120000,10000,9996600,1000340.1156393173,700.0,1600.0,2500.0,0,0,12300,0,0,0
YCSB_VALIDATION,YCSB_E,LARS_FULL,3,22695477,12,YCSB_E,120000,130000,10000,10081900,991876.531209395,700.0,1500.0,2400.0,0,0,55200,0,0,0
YCSB_VALIDATION,YCSB_E,LARS_FULL,3,22695477,13,YCSB_E,130000,140000,10000,10578300,945331.4804836316,700.0,1500.0,2400.0,0,0,11900,0,0,0
YCSB_VALIDATION,YCSB_E,LARS_FULL,3,22695477,14,YCSB_E,140000,150000,10000,9543700,1047811.6453786268,700.0,1500.0,2400.0,0,0,36900,0,0,0
YCSB_VALIDATION,YCSB_E,LARS_FULL,3,22695477,15,YCSB_E,150000,160000,10000,9277200,1077911.4387961884,700.0,1500.0,2400.0,0,0,10200,0,0,0
YCSB_VALIDATION,YCSB_E,LARS_FULL,3,22695477,16,YCSB_E,160000,170000,10000,11132000,898311.1749910169,700.0,1600.0,2500.0,0,0,25500,0,0,0
YCSB_VALIDATION,YCSB_E,LARS_FULL,3,22695477,17,YCSB_E,170000,180000,10000,8861700,1128451.651488992,700.0,1300.0,2200.0,0,0,15400,0,0,0
YCSB_VALIDATION,YCSB_E,LARS_FULL,3,22695477,18,YCSB_E,180000,190000,10000,9072500,1102232.0198401765,700.0,1300.0,2200.0,0,0,35600,0,0,0
YCSB_VALIDATION,YCSB_E,LARS_FULL,3,22695477,19,YCSB_E,190000,200000,10000,9893000,1010815.7282927323,700.0,1600.0,2500.0,0,0,39900,0,0,0
YCSB_VALIDATION,YCSB_E,LARS_FULL,3,22695477,20,YCSB_E,200000,210000,10000,9267900,1078993.0836543338,700.0,1400.0,2300.0,0,0,21200,0,0,0
YCSB_VALIDATION,YCSB_E,LARS_FULL,3,22695477,21,YCSB_E,210000,220000,10000,9306100,1074563.9956587614,700.0,1400.0,2300.0,0,0,50700,0,0,0
YCSB_VALIDATION,YCSB_E,LARS_FULL,3,22695477,22,YCSB_E,220000,230000,10000,8430600,1186155.1965459161,700.0,1200.0,1900.0,0,0,0,0,0,0
YCSB_VALIDATION,YCSB_E,LARS_FULL,3,22695477,23,YCSB_E,230000,240000,10000,8817300,1134134.031959897,700.0,1300.0,2000.0,0,0,124500,0,0,0
YCSB_VALIDATION,YCSB_E,LARS_FULL,3,22695477,24,YCSB_E,240000,250000,10000,10127500,987410.5159219946,700.0,1400.0,2200.0,0,0,23700,0,0,0
YCSB_VALIDATION,YCSB_E,LARS_FULL,3,22695477,25,YCSB_E,250000,260000,10000,7920400,1262562.4968435937,600.0,1200.0,1900.0,0,0,31400,0,0,0
YCSB_VALIDATION,YCSB_E,LARS_FULL,3,22695477,26,YCSB_E,260000,270000,10000,11492700,870117.5528813943,700.0,1600.0,2400.0,0,0,119200,0,0,0
YCSB_VALIDATION,YCSB_E,LARS_FULL,3,22695477,27,YCSB_E,270000,280000,10000,9409900,1062710.549527625,700.0,1300.0,2000.0,0,0,25400,0,0,0
YCSB_VALIDATION,YCSB_E,LARS_FULL,3,22695477,28,YCSB_E,280000,290000,10000,11067800,903521.9284772042,800.0,1700.0,3400.0,0,0,56500,0,0,0
YCSB_VALIDATION,YCSB_E,LARS_FULL,3,22695477,29,YCSB_E,290000,300000,10000,18071400,553360.55867282,1100.0,2700.0,13500.0,0,0,182400,0,0,0
YCSB_VALIDATION,YCSB_E,LARS_FULL,4,69069,0,YCSB_E,0,10000,10000,28052500,356474.4675162641,1500.0,4900.0,14000.0,0,0,0,0,0,0
YCSB_VALIDATION,YCSB_E,LARS_FULL,4,69069,1,YCSB_E,10000,20000,10000,19528100,512082.5886799023,1400.0,4000.0,6200.0,0,0,0,0,0,0
YCSB_VALIDATION,YCSB_E,LARS_FULL,4,69069,2,YCSB_E,20000,30000,10000,43984600,227352.30057792953,1100.0,3700.0,5900.0,0,0,14300,0,0,0
YCSB_VALIDATION,YCSB_E,LARS_FULL,4,69069,3,YCSB_E,30000,40000,10000,11807500,846919.3309337286,800.0,2200.0,3800.0,0,0,0,0,0,0
YCSB_VALIDATION,YCSB_E,LARS_FULL,4,69069,4,YCSB_E,40000,50000,10000,9258200,1080123.566135966,700.0,1500.0,2300.0,0,0,59600,0,0,0
YCSB_VALIDATION,YCSB_E,LARS_FULL,4,69069,5,YCSB_E,50000,60000,10000,9115100,1097080.668341543,700.0,1400.0,2300.0,0,0,0,0,0,0
YCSB_VALIDATION,YCSB_E,LARS_FULL,4,69069,6,YCSB_E,60000,70000,10000,10888300,918417.0164304804,700.0,1600.0,2600.0,0,0,58200,0,0,0
YCSB_VALIDATION,YCSB_E,LARS_FULL,4,69069,7,YCSB_E,70000,80000,10000,9317600,1073237.7436249678,700.0,1300.0,2200.0,0,0,11500,0,0,0
YCSB_VALIDATION,YCSB_E,LARS_FULL,4,69069,8,YCSB_E,80000,90000,10000,9343400,1070274.2042511292,700.0,1400.0,2100.0,0,0,12300,0,0,0
YCSB_VALIDATION,YCSB_E,LARS_FULL,4,69069,9,YCSB_E,90000,100000,10000,21979700,454965.26340213924,800.0,1700.0,3200.0,0,0,22900,0,0,0
YCSB_VALIDATION,YCSB_E,LARS_FULL,4,69069,10,YCSB_E,100000,110000,10000,11747500,851244.9457331348,800.0,1800.0,4300.0,0,0,21100,0,0,0
YCSB_VALIDATION,YCSB_E,LARS_FULL,4,69069,11,YCSB_E,110000,120000,10000,10654300,938588.175666163,800.0,1600.0,2600.0,0,0,0,0,0,0
YCSB_VALIDATION,YCSB_E,LARS_FULL,4,69069,12,YCSB_E,120000,130000,10000,9848400,1015393.3633889769,700.0,1400.0,2400.0,0,0,30100,0,0,0
YCSB_VALIDATION,YCSB_E,LARS_FULL,4,69069,13,YCSB_E,130000,140000,10000,13352100,748945.8587038743,900.0,2000.0,2800.0,0,0,24900,0,0,0
YCSB_VALIDATION,YCSB_E,LARS_FULL,4,69069,14,YCSB_E,140000,150000,10000,9116000,1096972.3562966213,700.0,1400.0,2300.0,0,0,36600,0,0,0
YCSB_VALIDATION,YCSB_E,LARS_FULL,4,69069,15,YCSB_E,150000,160000,10000,8768800,1140406.8971809142,700.0,1400.0,2200.0,0,0,16900,0,0,0
YCSB_VALIDATION,YCSB_E,LARS_FULL,4,69069,16,YCSB_E,160000,170000,10000,9650000,1036269.4300518135,700.0,1300.0,2100.0,0,0,22900,0,0,0
YCSB_VALIDATION,YCSB_E,LARS_FULL,4,69069,17,YCSB_E,170000,180000,10000,8479700,1179287.0030779392,700.0,1300.0,2000.0,0,0,0,0,0,0
YCSB_VALIDATION,YCSB_E,LARS_FULL,4,69069,18,YCSB_E,180000,190000,10000,8309900,1203383.9155705846,700.0,1200.0,1900.0,0,0,17700,0,0,0
YCSB_VALIDATION,YCSB_E,LARS_FULL,4,69069,19,YCSB_E,190000,200000,10000,9118600,1096659.5749347487,700.0,1300.0,2100.0,0,0,42500,0,0,0
YCSB_VALIDATION,YCSB_E,LARS_FULL,4,69069,20,YCSB_E,200000,210000,10000,8371800,1194486.2514632456,700.0,1300.0,2000.0,0,0,25000,0,0,0
YCSB_VALIDATION,YCSB_E,LARS_FULL,4,69069,21,YCSB_E,210000,220000,10000,8957300,1116407.8461143426,700.0,1300.0,2000.0,0,0,7300,0,0,0
YCSB_VALIDATION,YCSB_E,LARS_FULL,4,69069,22,YCSB_E,220000,230000,10000,8410900,1188933.407839827,700.0,1200.0,1900.0,0,0,20800,0,0,0
YCSB_VALIDATION,YCSB_E,LARS_FULL,4,69069,23,YCSB_E,230000,240000,10000,9673600,1033741.3165729408,700.0,1500.0,2400.0,0,0,124000,0,0,0
YCSB_VALIDATION,YCSB_E,LARS_FULL,4,69069,24,YCSB_E,240000,250000,10000,10675000,936768.149882904,700.0,1500.0,2400.0,0,0,25800,0,0,0
YCSB_VALIDATION,YCSB_E,LARS_FULL,4,69069,25,YCSB_E,250000,260000,10000,8793600,1137190.6841339155,700.0,1300.0,2100.0,0,0,28000,0,0,0
YCSB_VALIDATION,YCSB_E,LARS_FULL,4,69069,26,YCSB_E,260000,270000,10000,9483300,1054485.2530237364,700.0,1300.0,2000.0,0,0,13400,0,0,0
YCSB_VALIDATION,YCSB_E,LARS_FULL,4,69069,27,YCSB_E,270000,280000,10000,10525000,950118.7648456057,700.0,1400.0,2100.0,0,0,418200,0,0,0
YCSB_VALIDATION,YCSB_E,LARS_FULL,4,69069,28,YCSB_E,280000,290000,10000,8988800,1112495.5500178,700.0,1300.0,2100.0,0,0,69400,0,0,0
YCSB_VALIDATION,YCSB_E,LARS_FULL,4,69069,29,YCSB_E,290000,300000,10000,8895400,1124176.540683949,700.0,1300.0,2000.0,0,0,41900,0,0,0
YCSB_VALIDATION,YCSB_E,LARS_FULL,5,48271,0,YCSB_E,0,10000,10000,29922200,334200.02539920196,1600.0,5000.0,14000.0,0,0,0,0,0,0
YCSB_VALIDATION,YCSB_E,LARS_FULL,5,48271,1,YCSB_E,10000,20000,10000,24742300,404166.1446187299,1600.0,4700.0,8500.0,0,0,0,0,0,0
YCSB_VALIDATION,YCSB_E,LARS_FULL,5,48271,2,YCSB_E,20000,30000,10000,42468100,235470.85930380685,1000.0,3000.0,5000.0,0,0,14100,0,0,0
YCSB_VALIDATION,YCSB_E,LARS_FULL,5,48271,3,YCSB_E,30000,40000,10000,10057300,994302.6458393406,700.0,1800.0,3000.0,0,0,0,0,0,0
YCSB_VALIDATION,YCSB_E,LARS_FULL,5,48271,4,YCSB_E,40000,50000,10000,9894400,1010672.7037516171,700.0,1600.0,2600.0,0,0,35700,0,0,0
YCSB_VALIDATION,YCSB_E,LARS_FULL,5,48271,5,YCSB_E,50000,60000,10000,9875300,1012627.4644820917,700.0,1700.0,2800.0,0,0,0,0,0,0
YCSB_VALIDATION,YCSB_E,LARS_FULL,5,48271,6,YCSB_E,60000,70000,10000,10918500,915876.7229930852,800.0,1500.0,2600.0,0,0,53200,0,0,0
YCSB_VALIDATION,YCSB_E,LARS_FULL,5,48271,7,YCSB_E,70000,80000,10000,9336000,1071122.5364181662,700.0,1400.0,2200.0,0,0,0,0,0,0
YCSB_VALIDATION,YCSB_E,LARS_FULL,5,48271,8,YCSB_E,80000,90000,10000,9293600,1076009.2967203236,700.0,1300.0,2100.0,0,0,22600,0,0,0
YCSB_VALIDATION,YCSB_E,LARS_FULL,5,48271,9,YCSB_E,90000,100000,10000,19808800,504826.13787811477,800.0,1600.0,2700.0,0,0,21700,0,0,0
YCSB_VALIDATION,YCSB_E,LARS_FULL,5,48271,10,YCSB_E,100000,110000,10000,10430700,958708.4280057906,800.0,1600.0,2500.0,0,0,22400,0,0,0
YCSB_VALIDATION,YCSB_E,LARS_FULL,5,48271,11,YCSB_E,110000,120000,10000,10468400,955255.8175079286,800.0,1600.0,2700.0,0,0,0,0,0,0
YCSB_VALIDATION,YCSB_E,LARS_FULL,5,48271,12,YCSB_E,120000,130000,10000,10963000,912159.0805436468,800.0,1700.0,3100.0,0,0,34300,0,0,0
YCSB_VALIDATION,YCSB_E,LARS_FULL,5,48271,13,YCSB_E,130000,140000,10000,11076000,902853.0155290719,800.0,1500.0,2500.0,0,0,22100,0,0,0
YCSB_VALIDATION,YCSB_E,LARS_FULL,5,48271,14,YCSB_E,140000,150000,10000,10902400,917229.2339301439,800.0,1800.0,3300.0,0,0,31300,0,0,0
YCSB_VALIDATION,YCSB_E,LARS_FULL,5,48271,15,YCSB_E,150000,160000,10000,9240400,1082204.2335829618,700.0,1500.0,2300.0,0,0,8500,0,0,0
YCSB_VALIDATION,YCSB_E,LARS_FULL,5,48271,16,YCSB_E,160000,170000,10000,9732200,1027516.9026530486,700.0,1300.0,2200.0,0,0,21300,0,0,0
YCSB_VALIDATION,YCSB_E,LARS_FULL,5,48271,17,YCSB_E,170000,180000,10000,8727400,1145816.6235075737,700.0,1300.0,2100.0,0,0,10600,0,0,0
YCSB_VALIDATION,YCSB_E,LARS_FULL,5,48271,18,YCSB_E,180000,190000,10000,11802000,847314.0145738011,900.0,1800.0,2800.0,0,0,60500,0,0,0
YCSB_VALIDATION,YCSB_E,LARS_FULL,5,48271,19,YCSB_E,190000,200000,10000,9122500,1096190.7371882708,700.0,1400.0,2200.0,0,0,22700,0,0,0
YCSB_VALIDATION,YCSB_E,LARS_FULL,5,48271,20,YCSB_E,200000,210000,10000,8637400,1157755.806145368,700.0,1300.0,2100.0,0,0,19300,0,0,0
YCSB_VALIDATION,YCSB_E,LARS_FULL,5,48271,21,YCSB_E,210000,220000,10000,9238500,1082426.80088759,700.0,1400.0,2200.0,0,0,15200,0,0,0
YCSB_VALIDATION,YCSB_E,LARS_FULL,5,48271,22,YCSB_E,220000,230000,10000,8881500,1125935.9342453415,700.0,1300.0,1900.0,0,0,225400,0,0,0
YCSB_VALIDATION,YCSB_E,LARS_FULL,5,48271,23,YCSB_E,230000,240000,10000,9839700,1016291.1470878177,700.0,1500.0,2300.0,0,0,22400,0,0,0
YCSB_VALIDATION,YCSB_E,LARS_FULL,5,48271,24,YCSB_E,240000,250000,10000,10405800,961002.5178265967,700.0,1400.0,2200.0,0,0,30200,0,0,0
YCSB_VALIDATION,YCSB_E,LARS_FULL,5,48271,25,YCSB_E,250000,260000,10000,8842100,1130953.0541387226,700.0,1400.0,2100.0,0,0,17100,0,0,0
YCSB_VALIDATION,YCSB_E,LARS_FULL,5,48271,26,YCSB_E,260000,270000,10000,10145600,985648.9512695159,700.0,1400.0,2200.0,0,0,152100,0,0,0
YCSB_VALIDATION,YCSB_E,LARS_FULL,5,48271,27,YCSB_E,270000,280000,10000,10108300,989286.0322705103,700.0,1400.0,2300.0,0,0,22700,0,0,0
YCSB_VALIDATION,YCSB_E,LARS_FULL,5,48271,28,YCSB_E,280000,290000,10000,9111700,1097490.0402778846,700.0,1300.0,2200.0,0,0,48700,0,0,0
YCSB_VALIDATION,YCSB_E,LARS_FULL,5,48271,29,YCSB_E,290000,300000,10000,9848500,1015383.0532568411,700.0,1500.0,2400.0,0,0,95700,0,0,0
YCSB_VALIDATION,YCSB_E,LARS_FULL,6,134775813,0,YCSB_E,0,10000,10000,24450000,408997.95501022495,1400.0,4400.0,8200.0,0,0,0,0,0,0
YCSB_VALIDATION,YCSB_E,LARS_FULL,6,134775813,1,YCSB_E,10000,20000,10000,17831400,560808.4614780667,1400.0,3700.0,5300.0,0,0,0,0,0,0
YCSB_VALIDATION,YCSB_E,LARS_FULL,6,134775813,2,YCSB_E,20000,30000,10000,44767600,223375.83430874115,1300.0,3800.0,6300.0,0,0,14200,0,0,0
YCSB_VALIDATION,YCSB_E,LARS_FULL,6,134775813,3,YCSB_E,30000,40000,10000,10876200,919438.7745720013,700.0,1900.0,3200.0,0,0,0,0,0,0
YCSB_VALIDATION,YCSB_E,LARS_FULL,6,134775813,4,YCSB_E,40000,50000,10000,10785500,927170.7384914932,700.0,1900.0,3100.0,0,0,53400,0,0,0
YCSB_VALIDATION,YCSB_E,LARS_FULL,6,134775813,5,YCSB_E,50000,60000,10000,10137700,986417.0373950698,700.0,1800.0,3000.0,0,0,0,0,0,0
YCSB_VALIDATION,YCSB_E,LARS_FULL,6,134775813,6,YCSB_E,60000,70000,10000,11056900,904412.6292179544,800.0,1700.0,3000.0,0,0,28800,0,0,0
YCSB_VALIDATION,YCSB_E,LARS_FULL,6,134775813,7,YCSB_E,70000,80000,10000,9474800,1055431.2492084266,700.0,1500.0,2300.0,0,0,12000,0,0,0
YCSB_VALIDATION,YCSB_E,LARS_FULL,6,134775813,8,YCSB_E,80000,90000,10000,9193000,1087784.1836179702,700.0,1400.0,2100.0,0,0,12200,0,0,0
YCSB_VALIDATION,YCSB_E,LARS_FULL,6,134775813,9,YCSB_E,90000,100000,10000,21349200,468401.6262904465,800.0,1600.0,2700.0,0,0,29800,0,0,0
YCSB_VALIDATION,YCSB_E,LARS_FULL,6,134775813,10,YCSB_E,100000,110000,10000,11615200,860940.8361457401,800.0,1800.0,2900.0,0,0,24600,0,0,0
YCSB_VALIDATION,YCSB_E,LARS_FULL,6,134775813,11,YCSB_E,110000,120000,10000,9660500,1035143.108534755,700.0,1500.0,2400.0,0,0,0,0,0,0
YCSB_VALIDATION,YCSB_E,LARS_FULL,6,134775813,12,YCSB_E,120000,130000,10000,10879700,919142.9910751216,800.0,1600.0,2800.0,0,0,30900,0,0,0
YCSB_VALIDATION,YCSB_E,LARS_FULL,6,134775813,13,YCSB_E,130000,140000,10000,10668800,937312.5374925015,700.0,1700.0,2700.0,0,0,11000,0,0,0
YCSB_VALIDATION,YCSB_E,LARS_FULL,6,134775813,14,YCSB_E,140000,150000,10000,8778100,1139198.687643112,700.0,1400.0,2200.0,0,0,32100,0,0,0
YCSB_VALIDATION,YCSB_E,LARS_FULL,6,134775813,15,YCSB_E,150000,160000,10000,10012600,998741.5856021413,800.0,1600.0,2500.0,0,0,14300,0,0,0
YCSB_VALIDATION,YCSB_E,LARS_FULL,6,134775813,16,YCSB_E,160000,170000,10000,10171300,983158.4949809759,700.0,1500.0,2300.0,0,0,22900,0,0,0
YCSB_VALIDATION,YCSB_E,LARS_FULL,6,134775813,17,YCSB_E,170000,180000,10000,8492200,1177551.1645981018,700.0,1300.0,2100.0,0,0,0,0,0,0
YCSB_VALIDATION,YCSB_E,LARS_FULL,6,134775813,18,YCSB_E,180000,190000,10000,8680500,1152007.3728471862,700.0,1300.0,2100.0,0,0,30500,0,0,0
YCSB_VALIDATION,YCSB_E,LARS_FULL,6,134775813,19,YCSB_E,190000,200000,10000,8383100,1192876.1436700027,700.0,1200.0,1900.0,0,0,24600,0,0,0
YCSB_VALIDATION,YCSB_E,LARS_FULL,6,134775813,20,YCSB_E,200000,210000,10000,9053700,1104520.8036493368,700.0,1400.0,2200.0,0,0,23300,0,0,0
YCSB_VALIDATION,YCSB_E,LARS_FULL,6,134775813,21,YCSB_E,210000,220000,10000,8752000,1142595.9780621573,700.0,1300.0,2100.0,0,0,23900,0,0,0
YCSB_VALIDATION,YCSB_E,LARS_FULL,6,134775813,22,YCSB_E,220000,230000,10000,8954000,1116819.2986374805,700.0,1400.0,2100.0,0,0,0,0,0,0
YCSB_VALIDATION,YCSB_E,LARS_FULL,6,134775813,23,YCSB_E,230000,240000,10000,8533900,1171797.1853431608,700.0,1300.0,1900.0,0,0,110200,0,0,0
YCSB_VALIDATION,YCSB_E,LARS_FULL,6,134775813,24,YCSB_E,240000,250000,10000,10307000,970214.4173862423,700.0,1400.0,2300.0,0,0,34900,0,0,0
YCSB_VALIDATION,YCSB_E,LARS_FULL,6,134775813,25,YCSB_E,250000,260000,10000,8467900,1180930.336919425,700.0,1300.0,2000.0,0,0,22700,0,0,0
YCSB_VALIDATION,YCSB_E,LARS_FULL,6,134775813,26,YCSB_E,260000,270000,10000,9178700,1089478.9022410582,700.0,1300.0,2000.0,0,0,6800,0,0,0
YCSB_VALIDATION,YCSB_E,LARS_FULL,6,134775813,27,YCSB_E,270000,280000,10000,10427100,959039.4261108075,700.0,1400.0,2200.0,0,0,77800,0,0,0
YCSB_VALIDATION,YCSB_E,LARS_FULL,6,134775813,28,YCSB_E,280000,290000,10000,9448900,1058324.2493835262,700.0,1500.0,2300.0,0,0,32100,0,0,0
YCSB_VALIDATION,YCSB_E,LARS_FULL,6,134775813,29,YCSB_E,290000,300000,10000,9012900,1109520.7979673578,700.0,1400.0,2200.0,0,0,40400,0,0,0
YCSB_VALIDATION,YCSB_E,LARS_FULL,7,16807,0,YCSB_E,0,10000,10000,18567800,538566.7661219961,1000.0,3400.0,6300.0,0,0,0,0,0,0
YCSB_VALIDATION,YCSB_E,LARS_FULL,7,16807,1,YCSB_E,10000,20000,10000,15894600,629144.489323418,1000.0,3500.0,5900.0,0,0,0,0,0,0
YCSB_VALIDATION,YCSB_E,LARS_FULL,7,16807,2,YCSB_E,20000,30000,10000,40182800,248862.69747255044,900.0,2900.0,4800.0,0,0,14000,0,0,0
YCSB_VALIDATION,YCSB_E,LARS_FULL,7,16807,3,YCSB_E,30000,40000,10000,11845400,844209.5665828085,800.0,1700.0,2700.0,0,0,0,0,0,0
YCSB_VALIDATION,YCSB_E,LARS_FULL,7,16807,4,YCSB_E,40000,50000,10000,8856900,1129063.2162494778,600.0,1400.0,2300.0,0,0,36500,0,0,0
YCSB_VALIDATION,YCSB_E,LARS_FULL,7,16807,5,YCSB_E,50000,60000,10000,9669100,1034222.419873618,700.0,1500.0,2500.0,0,0,0,0,0,0
YCSB_VALIDATION,YCSB_E,LARS_FULL,7,16807,6,YCSB_E,60000,70000,10000,9925000,1007556.6750629722,700.0,1400.0,2500.0,0,0,31900,0,0,0
YCSB_VALIDATION,YCSB_E,LARS_FULL,7,16807,7,YCSB_E,70000,80000,10000,8833500,1132054.1121865625,600.0,1400.0,2200.0,0,0,11700,0,0,0
YCSB_VALIDATION,YCSB_E,LARS_FULL,7,16807,8,YCSB_E,80000,90000,10000,8713000,1147710.3179157581,600.0,1300.0,2200.0,0,0,11900,0,0,0
YCSB_VALIDATION,YCSB_E,LARS_FULL,7,16807,9,YCSB_E,90000,100000,10000,20230100,494312.9297433033,700.0,1600.0,2700.0,0,0,85200,0,0,0
YCSB_VALIDATION,YCSB_E,LARS_FULL,7,16807,10,YCSB_E,100000,110000,10000,11176000,894774.5168217609,800.0,1700.0,2900.0,0,0,26900,0,0,0
YCSB_VALIDATION,YCSB_E,LARS_FULL,7,16807,11,YCSB_E,110000,120000,10000,9558900,1046145.4769900303,700.0,1600.0,2600.0,0,0,0,0,0,0
YCSB_VALIDATION,YCSB_E,LARS_FULL,7,16807,12,YCSB_E,120000,130000,10000,10661100,937989.5132772416,700.0,1700.0,3400.0,0,0,54500,0,0,0
YCSB_VALIDATION,YCSB_E,LARS_FULL,7,16807,13,YCSB_E,130000,140000,10000,10724400,932453.0976091903,700.0,1600.0,2500.0,0,0,11700,0,0,0
YCSB_VALIDATION,YCSB_E,LARS_FULL,7,16807,14,YCSB_E,140000,150000,10000,9452000,1057977.1476936098,700.0,1700.0,2700.0,0,0,38300,0,0,0
YCSB_VALIDATION,YCSB_E,LARS_FULL,7,16807,15,YCSB_E,150000,160000,10000,8156800,1225970.9690074539,600.0,1300.0,2100.0,0,0,6500,0,0,0
YCSB_VALIDATION,YCSB_E,LARS_FULL,7,16807,16,YCSB_E,160000,170000,10000,10554900,947427.2612720159,700.0,1500.0,2400.0,0,0,27500,0,0,0
YCSB_VALIDATION,YCSB_E,LARS_FULL,7,16807,17,YCSB_E,170000,180000,10000,9524600,1049912.8572328496,700.0,1600.0,2800.0,0,0,0,0,0,0
YCSB_VALIDATION,YCSB_E,LARS_FULL,7,16807,18,YCSB_E,180000,190000,10000,8435800,1185424.0261741625,600.0,1300.0,2300.0,0,0,42200,0,0,0
YCSB_VALIDATION,YCSB_E,LARS_FULL,7,16807,19,YCSB_E,190000,200000,10000,7941000,1259287.2434202242,600.0,1300.0,2000.0,0,0,17100,0,0,0
YCSB_VALIDATION,YCSB_E,LARS_FULL,7,16807,20,YCSB_E,200000,210000,10000,8082500,1237240.9526755335,600.0,1300.0,2100.0,0,0,27800,0,0,0
YCSB_VALIDATION,YCSB_E,LARS_FULL,7,16807,21,YCSB_E,210000,220000,10000,8708300,1148329.7543722657,600.0,1300.0,2100.0,0,0,296100,0,0,0
YCSB_VALIDATION,YCSB_E,LARS_FULL,7,16807,22,YCSB_E,220000,230000,10000,8091700,1235834.249910402,600.0,1300.0,2100.0,0,0,23200,0,0,0
YCSB_VALIDATION,YCSB_E,LARS_FULL,7,16807,23,YCSB_E,230000,240000,10000,7875300,1269792.8967785353,600.0,1200.0,2000.0,0,0,12000,0,0,0
YCSB_VALIDATION,YCSB_E,LARS_FULL,7,16807,24,YCSB_E,240000,250000,10000,9477600,1055119.4395205537,600.0,1300.0,2100.0,0,0,39900,0,0,0
YCSB_VALIDATION,YCSB_E,LARS_FULL,7,16807,25,YCSB_E,250000,260000,10000,7848900,1274063.8815630216,600.0,1200.0,1900.0,0,0,11800,0,0,0
YCSB_VALIDATION,YCSB_E,LARS_FULL,7,16807,26,YCSB_E,260000,270000,10000,9271200,1078609.025800328,600.0,1200.0,2000.0,0,0,104400,0,0,0
YCSB_VALIDATION,YCSB_E,LARS_FULL,7,16807,27,YCSB_E,270000,280000,10000,9049400,1105045.6383848654,600.0,1300.0,2100.0,0,0,18800,0,0,0
YCSB_VALIDATION,YCSB_E,LARS_FULL,7,16807,28,YCSB_E,280000,290000,10000,8224600,1215864.6013179973,600.0,1300.0,2000.0,0,0,44400,0,0,0
YCSB_VALIDATION,YCSB_E,LARS_FULL,7,16807,29,YCSB_E,290000,300000,10000,8519300,1173805.359595272,600.0,1200.0,2100.0,0,0,52400,0,0,0
YCSB_VALIDATION,YCSB_E,LARS_FULL,8,2147483647,0,YCSB_E,0,10000,10000,24826500,402795.4000765311,1200.0,4200.0,11000.0,0,0,0,0,0,0
YCSB_VALIDATION,YCSB_E,LARS_FULL,8,2147483647,1,YCSB_E,10000,20000,10000,15550100,643082.6811403142,1100.0,3200.0,5100.0,0,0,0,0,0,0
YCSB_VALIDATION,YCSB_E,LARS_FULL,8,2147483647,2,YCSB_E,20000,30000,10000,40992900,243944.68310365942,900.0,2700.0,4500.0,0,0,13900,0,0,0
YCSB_VALIDATION,YCSB_E,LARS_FULL,8,2147483647,3,YCSB_E,30000,40000,10000,13510200,740181.4925019615,1000.0,2100.0,3100.0,0,0,0,0,0,0
YCSB_VALIDATION,YCSB_E,LARS_FULL,8,2147483647,4,YCSB_E,40000,50000,10000,9622200,1039263.3701232566,700.0,1500.0,2500.0,0,0,32700,0,0,0
YCSB_VALIDATION,YCSB_E,LARS_FULL,8,2147483647,5,YCSB_E,50000,60000,10000,8214100,1217418.8285996031,600.0,1200.0,2100.0,0,0,0,0,0,0
YCSB_VALIDATION,YCSB_E,LARS_FULL,8,2147483647,6,YCSB_E,60000,70000,10000,10311900,969753.3917124876,700.0,1600.0,2800.0,0,0,24300,0,0,0
YCSB_VALIDATION,YCSB_E,LARS_FULL,8,2147483647,7,YCSB_E,70000,80000,10000,9867700,1013407.3796325385,700.0,1600.0,2700.0,0,0,0,0,0,0
YCSB_VALIDATION,YCSB_E,LARS_FULL,8,2147483647,8,YCSB_E,80000,90000,10000,8693900,1150231.7717019978,700.0,1300.0,2100.0,0,0,20200,0,0,0
YCSB_VALIDATION,YCSB_E,LARS_FULL,8,2147483647,9,YCSB_E,90000,100000,10000,20547700,486672.47429152654,800.0,1800.0,3400.0,0,0,25900,0,0,0
YCSB_VALIDATION,YCSB_E,LARS_FULL,8,2147483647,10,YCSB_E,100000,110000,10000,11452000,873209.9196646874,800.0,1900.0,3300.0,0,0,26100,0,0,0
YCSB_VALIDATION,YCSB_E,LARS_FULL,8,2147483647,11,YCSB_E,110000,120000,10000,10187100,981633.6346948592,800.0,1500.0,2500.0,0,0,10700,0,0,0
YCSB_VALIDATION,YCSB_E,LARS_FULL,8,2147483647,12,YCSB_E,120000,130000,10000,10329500,968101.0697516821,800.0,1700.0,2800.0,0,0,30000,0,0,0
YCSB_VALIDATION,YCSB_E,LARS_FULL,8,2147483647,13,YCSB_E,130000,140000,10000,10950800,913175.2931292692,700.0,1700.0,2800.0,0,0,22100,0,0,0
YCSB_VALIDATION,YCSB_E,LARS_FULL,8,2147483647,14,YCSB_E,140000,150000,10000,9932900,1006755.3282525748,700.0,1500.0,2500.0,0,0,26900,0,0,0
YCSB_VALIDATION,YCSB_E,LARS_FULL,8,2147483647,15,YCSB_E,150000,160000,10000,9158900,1091834.1722259223,700.0,1400.0,2300.0,0,0,7700,0,0,0
YCSB_VALIDATION,YCSB_E,LARS_FULL,8,2147483647,16,YCSB_E,160000,170000,10000,10996300,909396.7971044806,700.0,1700.0,2800.0,0,0,31100,0,0,0
YCSB_VALIDATION,YCSB_E,LARS_FULL,8,2147483647,17,YCSB_E,170000,180000,10000,9776700,1022840.0175928483,700.0,1600.0,2600.0,0,0,0,0,0,0
YCSB_VALIDATION,YCSB_E,LARS_FULL,8,2147483647,18,YCSB_E,180000,190000,10000,10144500,985755.8282813347,800.0,1600.0,2700.0,0,0,30400,0,0,0
YCSB_VALIDATION,YCSB_E,LARS_FULL,8,2147483647,19,YCSB_E,190000,200000,10000,9494800,1053208.071786662,700.0,1600.0,2400.0,0,0,40900,0,0,0
YCSB_VALIDATION,YCSB_E,LARS_FULL,8,2147483647,20,YCSB_E,200000,210000,10000,9578100,1044048.4020839207,700.0,1500.0,2400.0,0,0,24300,0,0,0
YCSB_VALIDATION,YCSB_E,LARS_FULL,8,2147483647,21,YCSB_E,210000,220000,10000,10631700,940583.349793542,800.0,1600.0,2700.0,0,0,233100,0,0,0
YCSB_VALIDATION,YCSB_E,LARS_FULL,8,2147483647,22,YCSB_E,220000,230000,10000,8996700,1111518.6679560284,700.0,1400.0,2200.0,0,0,16900,0,0,0
YCSB_VALIDATION,YCSB_E,LARS_FULL,8,2147483647,23,YCSB_E,230000,240000,10000,8943500,1118130.485827696,700.0,1400.0,2100.0,0,0,24100,0,0,0
YCSB_VALIDATION,YCSB_E,LARS_FULL,8,2147483647,24,YCSB_E,240000,250000,10000,10664800,937664.0912159628,700.0,1500.0,2200.0,0,0,33700,0,0,0
YCSB_VALIDATION,YCSB_E,LARS_FULL,8,2147483647,25,YCSB_E,250000,260000,10000,9321000,1072846.26113078,700.0,1500.0,2400.0,0,0,21700,0,0,0
YCSB_VALIDATION,YCSB_E,LARS_FULL,8,2147483647,26,YCSB_E,260000,270000,10000,10823900,923881.4105821376,700.0,1700.0,2500.0,0,0,138200,0,0,0
YCSB_VALIDATION,YCSB_E,LARS_FULL,8,2147483647,27,YCSB_E,270000,280000,10000,9806000,1019783.8058331633,700.0,1400.0,2200.0,0,0,29100,0,0,0
YCSB_VALIDATION,YCSB_E,LARS_FULL,8,2147483647,28,YCSB_E,280000,290000,10000,10087900,991286.5908662854,800.0,1600.0,2600.0,0,0,49900,0,0,0
YCSB_VALIDATION,YCSB_E,LARS_FULL,8,2147483647,29,YCSB_E,290000,300000,10000,9595800,1042122.5953021114,700.0,1500.0,2300.0,0,0,50200,0,0,0
YCSB_VALIDATION,YCSB_E,LARS_FULL,9,6364136223846793005,0,YCSB_E,0,10000,10000,29286400,341455.4195804196,1600.0,4900.0,9600.0,0,0,0,0,0,0
YCSB_VALIDATION,YCSB_E,LARS_FULL,9,6364136223846793005,1,YCSB_E,10000,20000,10000,19015700,525881.2454971418,1400.0,3600.0,5400.0,0,0,0,0,0,0
YCSB_VALIDATION,YCSB_E,LARS_FULL,9,6364136223846793005,2,YCSB_E,20000,30000,10000,45380500,220358.9647535836,1300.0,3800.0,6700.0,0,0,24400,0,0,0
YCSB_VALIDATION,YCSB_E,LARS_FULL,9,6364136223846793005,3,YCSB_E,30000,40000,10000,17498200,571487.3529848785,1100.0,2200.0,4500.0,0,0,0,0,0,0
YCSB_VALIDATION,YCSB_E,LARS_FULL,9,6364136223846793005,4,YCSB_E,40000,50000,10000,13336600,749816.2950077232,800.0,2000.0,3500.0,0,0,30700,0,0,0
YCSB_VALIDATION,YCSB_E,LARS_FULL,9,6364136223846793005,5,YCSB_E,50000,60000,10000,9147800,1093159.0109097268,600.0,1500.0,2500.0,0,0,0,0,0,0
YCSB_VALIDATION,YCSB_E,LARS_FULL,9,6364136223846793005,6,YCSB_E,60000,70000,10000,11153000,896619.7435667533,800.0,1700.0,2800.0,0,0,58000,0,0,0
YCSB_VALIDATION,YCSB_E,LARS_FULL,9,6364136223846793005,7,YCSB_E,70000,80000,10000,9672200,1033890.945183102,700.0,1500.0,2400.0,0,0,15900,0,0,0
YCSB_VALIDATION,YCSB_E,LARS_FULL,9,6364136223846793005,8,YCSB_E,80000,90000,10000,8899000,1123721.7664906168,700.0,1400.0,2300.0,0,0,14800,0,0,0
YCSB_VALIDATION,YCSB_E,LARS_FULL,9,6364136223846793005,9,YCSB_E,90000,100000,10000,26090700,383278.33289256325,800.0,1800.0,2900.0,0,0,20000,0,0,0
YCSB_VALIDATION,YCSB_E,LARS_FULL,9,6364136223846793005,10,YCSB_E,100000,110000,10000,11207900,892227.8036028158,800.0,1800.0,2800.0,0,0,21000,0,0,0
YCSB_VALIDATION,YCSB_E,LARS_FULL,9,6364136223846793005,11,YCSB_E,110000,120000,10000,9592800,1042448.5030439496,700.0,1500.0,2400.0,0,0,0,0,0,0
YCSB_VALIDATION,YCSB_E,LARS_FULL,9,6364136223846793005,12,YCSB_E,120000,130000,10000,9986500,1001351.824963701,700.0,1500.0,2500.0,0,0,69000,0,0,0
YCSB_VALIDATION,YCSB_E,LARS_FULL,9,6364136223846793005,13,YCSB_E,130000,140000,10000,10334800,967604.59805705,700.0,1400.0,2400.0,0,0,0,0,0,0
YCSB_VALIDATION,YCSB_E,LARS_FULL,9,6364136223846793005,14,YCSB_E,140000,150000,10000,9671800,1033933.7041708885,700.0,1600.0,2700.0,0,0,51600,0,0,0
YCSB_VALIDATION,YCSB_E,LARS_FULL,9,6364136223846793005,15,YCSB_E,150000,160000,10000,8469300,1180735.1256892541,700.0,1300.0,2100.0,0,0,18600,0,0,0
YCSB_VALIDATION,YCSB_E,LARS_FULL,9,6364136223846793005,16,YCSB_E,160000,170000,10000,9705000,1030396.7027305512,700.0,1300.0,2200.0,0,0,11100,0,0,0
YCSB_VALIDATION,YCSB_E,LARS_FULL,9,6364136223846793005,17,YCSB_E,170000,180000,10000,8591200,1163981.7487661794,700.0,1300.0,2100.0,0,0,10800,0,0,0
YCSB_VALIDATION,YCSB_E,LARS_FULL,9,6364136223846793005,18,YCSB_E,180000,190000,10000,8883900,1125631.7608257635,700.0,1300.0,2000.0,0,0,30300,0,0,0
YCSB_VALIDATION,YCSB_E,LARS_FULL,9,6364136223846793005,19,YCSB_E,190000,200000,10000,8635900,1157956.9008441507,700.0,1300.0,2100.0,0,0,37600,0,0,0
YCSB_VALIDATION,YCSB_E,LARS_FULL,9,6364136223846793005,20,YCSB_E,200000,210000,10000,8523000,1173295.7878681216,700.0,1300.0,2000.0,0,0,24100,0,0,0
YCSB_VALIDATION,YCSB_E,LARS_FULL,9,6364136223846793005,21,YCSB_E,210000,220000,10000,8681000,1151941.0206197442,700.0,1300.0,2100.0,0,0,22600,0,0,0
YCSB_VALIDATION,YCSB_E,LARS_FULL,9,6364136223846793005,22,YCSB_E,220000,230000,10000,9633700,1038022.7742196664,700.0,1400.0,2400.0,0,0,52900,0,0,0
YCSB_VALIDATION,YCSB_E,LARS_FULL,9,6364136223846793005,23,YCSB_E,230000,240000,10000,10440900,957771.8395923723,700.0,1600.0,2700.0,0,0,310200,0,0,0
YCSB_VALIDATION,YCSB_E,LARS_FULL,9,6364136223846793005,24,YCSB_E,240000,250000,10000,10296100,971241.5380580997,700.0,1400.0,2400.0,0,0,46800,0,0,0
YCSB_VALIDATION,YCSB_E,LARS_FULL,9,6364136223846793005,25,YCSB_E,250000,260000,10000,8616700,1160537.0965682918,700.0,1300.0,2100.0,0,0,9300,0,0,0
YCSB_VALIDATION,YCSB_E,LARS_FULL,9,6364136223846793005,26,YCSB_E,260000,270000,10000,9353000,1069175.6655618518,700.0,1300.0,2100.0,0,0,21700,0,0,0
YCSB_VALIDATION,YCSB_E,LARS_FULL,9,6364136223846793005,27,YCSB_E,270000,280000,10000,10714100,933349.5113915307,700.0,1400.0,2200.0,0,0,256100,0,0,0
YCSB_VALIDATION,YCSB_E,LARS_FULL,9,6364136223846793005,28,YCSB_E,280000,290000,10000,8764500,1140966.398539563,700.0,1300.0,2100.0,0,0,39900,0,0,0
YCSB_VALIDATION,YCSB_E,LARS_FULL,9,6364136223846793005,29,YCSB_E,290000,300000,10000,9063800,1103290.010812242,700.0,1300.0,2100.0,0,0,42400,0,0,0
YCSB_VALIDATION,YCSB_E,LARS_MONITOR_ONLY,0,1103515245,0,YCSB_E,0,10000,10000,20834800,479966.21037878934,1100.0,3800.0,8200.0,0,0,0,0,0,0
YCSB_VALIDATION,YCSB_E,LARS_MONITOR_ONLY,0,1103515245,1,YCSB_E,10000,20000,10000,14476400,690779.4755602222,1000.0,3200.0,4900.0,0,0,0,0,0,0
YCSB_VALIDATION,YCSB_E,LARS_MONITOR_ONLY,0,1103515245,2,YCSB_E,20000,30000,10000,42280400,236516.21082108968,900.0,2900.0,4700.0,0,0,14200,0,0,0
YCSB_VALIDATION,YCSB_E,LARS_MONITOR_ONLY,0,1103515245,3,YCSB_E,30000,40000,10000,8266500,1209701.8085042038,600.0,1300.0,2300.0,0,0,0,0,0,0
YCSB_VALIDATION,YCSB_E,LARS_MONITOR_ONLY,0,1103515245,4,YCSB_E,40000,50000,10000,8382600,1192947.295588481,600.0,1400.0,2300.0,0,0,26400,0,0,0
YCSB_VALIDATION,YCSB_E,LARS_MONITOR_ONLY,0,1103515245,5,YCSB_E,50000,60000,10000,8125300,1230723.788660111,600.0,1300.0,2200.0,0,0,0,0,0,0
YCSB_VALIDATION,YCSB_E,LARS_MONITOR_ONLY,0,1103515245,6,YCSB_E,60000,70000,10000,9849700,1015259.3480004467,600.0,1500.0,2400.0,0,0,28200,0,0,0
YCSB_VALIDATION,YCSB_E,LARS_MONITOR_ONLY,0,1103515245,7,YCSB_E,70000,80000,10000,12984000,770178.6814540974,1000.0,1900.0,2900.0,0,0,0,0,0,0
YCSB_VALIDATION,YCSB_E,LARS_MONITOR_ONLY,0,1103515245,8,YCSB_E,80000,90000,10000,11072100,903171.0334986136,800.0,1600.0,2700.0,0,0,29700,0,0,0
YCSB_VALIDATION,YCSB_E,LARS_MONITOR_ONLY,0,1103515245,9,YCSB_E,90000,100000,10000,20123500,496931.4483067061,700.0,1700.0,3000.0,0,0,85100,0,0,0
YCSB_VALIDATION,YCSB_E,LARS_MONITOR_ONLY,0,1103515245,10,YCSB_E,100000,110000,10000,9873700,1012791.5573695778,700.0,1700.0,2600.0,0,0,33200,0,0,0
YCSB_VALIDATION,YCSB_E,LARS_MONITOR_ONLY,0,1103515245,11,YCSB_E,110000,120000,10000,10510400,951438.5751255899,700.0,1800.0,2800.0,0,0,12500,0,0,0
YCSB_VALIDATION,YCSB_E,LARS_MONITOR_ONLY,0,1103515245,12,YCSB_E,120000,130000,10000,8872800,1127039.942295555,600.0,1300.0,2300.0,0,0,20100,0,0,0
YCSB_VALIDATION,YCSB_E,LARS_MONITOR_ONLY,0,1103515245,13,YCSB_E,130000,140000,10000,9518800,1050552.5906626885,600.0,1400.0,2200.0,0,0,10900,0,0,0
YCSB_VALIDATION,YCSB_E,LARS_MONITOR_ONLY,0,1103515245,14,YCSB_E,140000,150000,10000,9180100,1089312.7525843945,600.0,1500.0,2600.0,0,0,34800,0,0,0
YCSB_VALIDATION,YCSB_E,LARS_MONITOR_ONLY,0,1103515245,15,YCSB_E,150000,160000,10000,11948000,836960.1606963509,900.0,1800.0,2800.0,0,0,12700,0,0,0
YCSB_VALIDATION,YCSB_E,LARS_MONITOR_ONLY,0,1103515245,16,YCSB_E,160000,170000,10000,11171800,895110.9042410355,800.0,1600.0,2500.0,0,0,14500,0,0,0
YCSB_VALIDATION,YCSB_E,LARS_MONITOR_ONLY,0,1103515245,17,YCSB_E,170000,180000,10000,8069800,1239188.0839673846,600.0,1200.0,2100.0,0,0,15300,0,0,0
YCSB_VALIDATION,YCSB_E,LARS_MONITOR_ONLY,0,1103515245,18,YCSB_E,180000,190000,10000,7823200,1278249.3097453727,600.0,1200.0,2000.0,0,0,28600,0,0,0
YCSB_VALIDATION,YCSB_E,LARS_MONITOR_ONLY,0,1103515245,19,YCSB_E,190000,200000,10000,8166600,1224499.7918350354,600.0,1300.0,2000.0,0,0,29500,0,0,0
YCSB_VALIDATION,YCSB_E,LARS_MONITOR_ONLY,0,1103515245,20,YCSB_E,200000,210000,10000,8759400,1141630.7052994496,600.0,1500.0,2400.0,0,0,18400,0,0,0
YCSB_VALIDATION,YCSB_E,LARS_MONITOR_ONLY,0,1103515245,21,YCSB_E,210000,220000,10000,9307200,1074436.9950146123,700.0,1600.0,2500.0,0,0,45200,0,0,0
YCSB_VALIDATION,YCSB_E,LARS_MONITOR_ONLY,0,1103515245,22,YCSB_E,220000,230000,10000,8261100,1210492.5494183584,600.0,1300.0,2100.0,0,0,12900,0,0,0
YCSB_VALIDATION,YCSB_E,LARS_MONITOR_ONLY,0,1103515245,23,YCSB_E,230000,240000,10000,10455800,956406.9702939995,700.0,1800.0,2900.0,0,0,14000,0,0,0
YCSB_VALIDATION,YCSB_E,LARS_MONITOR_ONLY,0,1103515245,24,YCSB_E,240000,250000,10000,10787300,927016.028107126,700.0,1600.0,2500.0,0,0,31300,0,0,0
YCSB_VALIDATION,YCSB_E,LARS_MONITOR_ONLY,0,1103515245,25,YCSB_E,250000,260000,10000,10346100,966547.781289568,700.0,1800.0,4800.0,0,0,40100,0,0,0
YCSB_VALIDATION,YCSB_E,LARS_MONITOR_ONLY,0,1103515245,26,YCSB_E,260000,270000,10000,9793200,1021116.6932157007,700.0,1500.0,2400.0,0,0,12800,0,0,0
YCSB_VALIDATION,YCSB_E,LARS_MONITOR_ONLY,0,1103515245,27,YCSB_E,270000,280000,10000,10394200,962075.0033672625,700.0,1600.0,2500.0,0,0,84700,0,0,0
YCSB_VALIDATION,YCSB_E,LARS_MONITOR_ONLY,0,1103515245,28,YCSB_E,280000,290000,10000,8849600,1129994.576026035,600.0,1400.0,2300.0,0,0,31800,0,0,0
YCSB_VALIDATION,YCSB_E,LARS_MONITOR_ONLY,0,1103515245,29,YCSB_E,290000,300000,10000,10249000,975704.9468240804,700.0,1700.0,3500.0,0,0,72700,0,0,0
YCSB_VALIDATION,YCSB_E,LARS_MONITOR_ONLY,1,214013,0,YCSB_E,0,10000,10000,21703800,460748.80896432884,1100.0,4100.0,9400.0,0,0,0,0,0,0
YCSB_VALIDATION,YCSB_E,LARS_MONITOR_ONLY,1,214013,1,YCSB_E,10000,20000,10000,17107700,584532.1112715327,1100.0,3600.0,6600.0,0,0,0,0,0,0
YCSB_VALIDATION,YCSB_E,LARS_MONITOR_ONLY,1,214013,2,YCSB_E,20000,30000,10000,41903500,238643.55006145072,1000.0,3300.0,5300.0,0,0,15600,0,0,0
YCSB_VALIDATION,YCSB_E,LARS_MONITOR_ONLY,1,214013,3,YCSB_E,30000,40000,10000,8558100,1168483.6587560324,600.0,1400.0,2500.0,0,0,0,0,0,0
YCSB_VALIDATION,YCSB_E,LARS_MONITOR_ONLY,1,214013,4,YCSB_E,40000,50000,10000,9117700,1096767.8252190794,600.0,1600.0,2600.0,0,0,16200,0,0,0
YCSB_VALIDATION,YCSB_E,LARS_MONITOR_ONLY,1,214013,5,YCSB_E,50000,60000,10000,9455200,1057619.0879092985,600.0,1700.0,2800.0,0,0,12700,0,0,0
YCSB_VALIDATION,YCSB_E,LARS_MONITOR_ONLY,1,214013,6,YCSB_E,60000,70000,10000,11877300,841942.1922490802,800.0,1800.0,3100.0,0,0,30100,0,0,0
YCSB_VALIDATION,YCSB_E,LARS_MONITOR_ONLY,1,214013,7,YCSB_E,70000,80000,10000,8932600,1119494.8839083805,600.0,1500.0,2400.0,0,0,0,0,0,0
YCSB_VALIDATION,YCSB_E,LARS_MONITOR_ONLY,1,214013,8,YCSB_E,80000,90000,10000,8908700,1122498.2320652844,600.0,1400.0,2300.0,0,0,22100,0,0,0
YCSB_VALIDATION,YCSB_E,LARS_MONITOR_ONLY,1,214013,9,YCSB_E,90000,100000,10000,21414900,466964.5900751346,800.0,1700.0,3000.0,0,0,27500,0,0,0
YCSB_VALIDATION,YCSB_E,LARS_MONITOR_ONLY,1,214013,10,YCSB_E,100000,110000,10000,11032000,906453.9521392314,700.0,1900.0,3300.0,0,0,44600,0,0,0
YCSB_VALIDATION,YCSB_E,LARS_MONITOR_ONLY,1,214013,11,YCSB_E,110000,120000,10000,9936600,1006380.452066099,700.0,1700.0,2800.0,0,0,0,0,0,0
YCSB_VALIDATION,YCSB_E,LARS_MONITOR_ONLY,1,214013,12,YCSB_E,120000,130000,10000,10109500,989168.6037885158,700.0,1800.0,2700.0,0,0,31800,0,0,0
YCSB_VALIDATION,YCSB_E,LARS_MONITOR_ONLY,1,214013,13,YCSB_E,130000,140000,10000,12183000,820815.8909956496,800.0,1900.0,3200.0,0,0,24500,0,0,0
YCSB_VALIDATION,YCSB_E,LARS_MONITOR_ONLY,1,214013,14,YCSB_E,140000,150000,10000,10523800,950227.1042779224,700.0,2000.0,3300.0,0,0,47600,0,0,0
YCSB_VALIDATION,YCSB_E,LARS_MONITOR_ONLY,1,214013,15,YCSB_E,150000,160000,10000,8763300,1141122.6364497393,700.0,1500.0,2400.0,0,0,11500,0,0,0
YCSB_VALIDATION,YCSB_E,LARS_MONITOR_ONLY,1,214013,16,YCSB_E,160000,170000,10000,10252300,975390.8878983252,700.0,1500.0,2500.0,0,0,46600,0,0,0
YCSB_VALIDATION,YCSB_E,LARS_MONITOR_ONLY,1,214013,17,YCSB_E,170000,180000,10000,8148000,1227295.0417280314,600.0,1300.0,2100.0,0,0,0,0,0,0
YCSB_VALIDATION,YCSB_E,LARS_MONITOR_ONLY,1,214013,18,YCSB_E,180000,190000,10000,8083700,1237057.288123013,600.0,1300.0,2000.0,0,0,25700,0,0,0
YCSB_VALIDATION,YCSB_E,LARS_MONITOR_ONLY,1,214013,19,YCSB_E,190000,200000,10000,7860900,1272118.9685659404,600.0,1200.0,1900.0,0,0,23300,0,0,0
YCSB_VALIDATION,YCSB_E,LARS_MONITOR_ONLY,1,214013,20,YCSB_E,200000,210000,10000,8037500,1244167.9626749612,600.0,1300.0,2000.0,0,0,24100,0,0,0
YCSB_VALIDATION,YCSB_E,LARS_MONITOR_ONLY,1,214013,21,YCSB_E,210000,220000,10000,8471600,1180414.5615940318,600.0,1300.0,2200.0,0,0,32500,0,0,0
YCSB_VALIDATION,YCSB_E,LARS_MONITOR_ONLY,1,214013,22,YCSB_E,220000,230000,10000,8227700,1215406.4927014841,600.0,1300.0,2100.0,0,0,11800,0,0,0
YCSB_VALIDATION,YCSB_E,LARS_MONITOR_ONLY,1,214013,23,YCSB_E,230000,240000,10000,8182000,1222195.0623319482,600.0,1300.0,2000.0,0,0,7200,0,0,0
YCSB_VALIDATION,YCSB_E,LARS_MONITOR_ONLY,1,214013,24,YCSB_E,240000,250000,10000,10028100,997197.8739741327,600.0,1400.0,2200.0,0,0,40200,0,0,0
YCSB_VALIDATION,YCSB_E,LARS_MONITOR_ONLY,1,214013,25,YCSB_E,250000,260000,10000,8184000,1221896.3831867059,600.0,1400.0,2100.0,0,0,17200,0,0,0
YCSB_VALIDATION,YCSB_E,LARS_MONITOR_ONLY,1,214013,26,YCSB_E,260000,270000,10000,9825800,1017728.8363288485,600.0,1300.0,2200.0,0,0,128500,0,0,0
YCSB_VALIDATION,YCSB_E,LARS_MONITOR_ONLY,1,214013,27,YCSB_E,270000,280000,10000,9135700,1094606.871941942,600.0,1300.0,2200.0,0,0,30700,0,0,0
YCSB_VALIDATION,YCSB_E,LARS_MONITOR_ONLY,1,214013,28,YCSB_E,280000,290000,10000,8220100,1216530.212527828,600.0,1300.0,2100.0,0,0,23900,0,0,0
YCSB_VALIDATION,YCSB_E,LARS_MONITOR_ONLY,1,214013,29,YCSB_E,290000,300000,10000,8634700,1158117.8269077097,600.0,1400.0,2200.0,0,0,63700,0,0,0
YCSB_VALIDATION,YCSB_E,LARS_MONITOR_ONLY,2,1664525,0,YCSB_E,0,10000,10000,21731100,460169.9867931214,1400.0,4100.0,6800.0,0,0,0,0,0,0
YCSB_VALIDATION,YCSB_E,LARS_MONITOR_ONLY,2,1664525,1,YCSB_E,10000,20000,10000,17217600,580801.0407954651,1300.0,3400.0,5100.0,0,0,0,0,0,0
YCSB_VALIDATION,YCSB_E,LARS_MONITOR_ONLY,2,1664525,2,YCSB_E,20000,30000,10000,38717500,258281.13901982308,1000.0,3100.0,4800.0,0,0,15800,0,0,0
YCSB_VALIDATION,YCSB_E,LARS_MONITOR_ONLY,2,1664525,3,YCSB_E,30000,40000,10000,10816100,924547.6650548719,700.0,1900.0,3100.0,0,0,0,0,0,0
YCSB_VALIDATION,YCSB_E,LARS_MONITOR_ONLY,2,1664525,4,YCSB_E,40000,50000,10000,9858300,1014373.674974387,700.0,1800.0,2700.0,0,0,29300,0,0,0
YCSB_VALIDATION,YCSB_E,LARS_MONITOR_ONLY,2,1664525,5,YCSB_E,50000,60000,10000,9116200,1096948.2898576162,600.0,1600.0,2600.0,0,0,0,0,0,0
YCSB_VALIDATION,YCSB_E,LARS_MONITOR_ONLY,2,1664525,6,YCSB_E,60000,70000,10000,10942000,913909.7057210747,700.0,1700.0,2800.0,0,0,41100,0,0,0
YCSB_VALIDATION,YCSB_E,LARS_MONITOR_ONLY,2,1664525,7,YCSB_E,70000,80000,10000,9222600,1084292.9325786654,700.0,1400.0,2300.0,0,0,0,0,0,0
YCSB_VALIDATION,YCSB_E,LARS_MONITOR_ONLY,2,1664525,8,YCSB_E,80000,90000,10000,9171900,1090286.636356698,700.0,1300.0,2200.0,0,0,25100,0,0,0
YCSB_VALIDATION,YCSB_E,LARS_MONITOR_ONLY,2,1664525,9,YCSB_E,90000,100000,10000,17441000,573361.6191732126,800.0,1600.0,2700.0,0,0,23700,0,0,0
YCSB_VALIDATION,YCSB_E,LARS_MONITOR_ONLY,2,1664525,10,YCSB_E,100000,110000,10000,9273100,1078388.025579364,700.0,1400.0,2300.0,0,0,17000,0,0,0
YCSB_VALIDATION,YCSB_E,LARS_MONITOR_ONLY,2,1664525,11,YCSB_E,110000,120000,10000,11848800,843967.3215853082,800.0,2000.0,4200.0,0,0,17000,0,0,0
YCSB_VALIDATION,YCSB_E,LARS_MONITOR_ONLY,2,1664525,12,YCSB_E,120000,130000,10000,10068000,993245.9276916964,700.0,1500.0,2600.0,0,0,64500,0,0,0
YCSB_VALIDATION,YCSB_E,LARS_MONITOR_ONLY,2,1664525,13,YCSB_E,130000,140000,10000,10683100,936057.8858196591,700.0,1600.0,2400.0,0,0,0,0,0,0
YCSB_VALIDATION,YCSB_E,LARS_MONITOR_ONLY,2,1664525,14,YCSB_E,140000,150000,10000,9936800,1006360.1964415103,700.0,1600.0,2600.0,0,0,46800,0,0,0
YCSB_VALIDATION,YCSB_E,LARS_MONITOR_ONLY,2,1664525,15,YCSB_E,150000,160000,10000,8555400,1168852.4206933633,700.0,1300.0,2100.0,0,0,0,0,0,0
YCSB_VALIDATION,YCSB_E,LARS_MONITOR_ONLY,2,1664525,16,YCSB_E,160000,170000,10000,9642100,1037118.470042833,700.0,1300.0,2100.0,0,0,25500,0,0,0
YCSB_VALIDATION,YCSB_E,LARS_MONITOR_ONLY,2,1664525,17,YCSB_E,170000,180000,10000,9491700,1053552.0507390667,700.0,1600.0,2600.0,0,0,0,0,0,0
YCSB_VALIDATION,YCSB_E,LARS_MONITOR_ONLY,2,1664525,18,YCSB_E,180000,190000,10000,9065300,1103107.4536970647,700.0,1400.0,2300.0,0,0,38300,0,0,0
YCSB_VALIDATION,YCSB_E,LARS_MONITOR_ONLY,2,1664525,19,YCSB_E,190000,200000,10000,8700100,1149412.0757232676,700.0,1400.0,2200.0,0,0,21700,0,0,0
YCSB_VALIDATION,YCSB_E,LARS_MONITOR_ONLY,2,1664525,20,YCSB_E,200000,210000,10000,8429300,1186338.1300938393,700.0,1300.0,2000.0,0,0,28200,0,0,0
YCSB_VALIDATION,YCSB_E,LARS_MONITOR_ONLY,2,1664525,21,YCSB_E,210000,220000,10000,8368700,1194928.7225017028,700.0,1300.0,2000.0,0,0,14900,0,0,0
YCSB_VALIDATION,YCSB_E,LARS_MONITOR_ONLY,2,1664525,22,YCSB_E,220000,230000,10000,8743800,1143667.5129806262,700.0,1300.0,2100.0,0,0,5300,0,0,0
YCSB_VALIDATION,YCSB_E,LARS_MONITOR_ONLY,2,1664525,23,YCSB_E,230000,240000,10000,8567300,1167228.881911454,700.0,1300.0,2000.0,0,0,30000,0,0,0
YCSB_VALIDATION,YCSB_E,LARS_MONITOR_ONLY,2,1664525,24,YCSB_E,240000,250000,10000,9935800,1006461.4827190563,700.0,1300.0,2200.0,0,0,19900,0,0,0
YCSB_VALIDATION,YCSB_E,LARS_MONITOR_ONLY,2,1664525,25,YCSB_E,250000,260000,10000,8289900,1206287.1687233862,600.0,1200.0,1900.0,0,0,28000,0,0,0
YCSB_VALIDATION,YCSB_E,LARS_MONITOR_ONLY,2,1664525,26,YCSB_E,260000,270000,10000,9899900,1010111.2132445782,700.0,1300.0,2400.0,0,0,82200,0,0,0
YCSB_VALIDATION,YCSB_E,LARS_MONITOR_ONLY,2,1664525,27,YCSB_E,270000,280000,10000,9675900,1033495.5921412995,700.0,1300.0,2100.0,0,0,28700,0,0,0
YCSB_VALIDATION,YCSB_E,LARS_MONITOR_ONLY,2,1664525,28,YCSB_E,280000,290000,10000,8581200,1165338.181140167,700.0,1300.0,2100.0,0,0,28200,0,0,0
YCSB_VALIDATION,YCSB_E,LARS_MONITOR_ONLY,2,1664525,29,YCSB_E,290000,300000,10000,9432900,1060119.369440999,700.0,1300.0,2500.0,0,0,66500,0,0,0
YCSB_VALIDATION,YCSB_E,LARS_MONITOR_ONLY,3,22695477,0,YCSB_E,0,10000,10000,21406600,467145.64666971867,1300.0,4100.0,7700.0,0,0,0,0,0,0
YCSB_VALIDATION,YCSB_E,LARS_MONITOR_ONLY,3,22695477,1,YCSB_E,10000,20000,10000,16482600,606700.3992088627,1200.0,3300.0,5100.0,0,0,0,0,0,0
YCSB_VALIDATION,YCSB_E,LARS_MONITOR_ONLY,3,22695477,2,YCSB_E,20000,30000,10000,40100300,249374.6929574093,900.0,2700.0,4400.0,0,0,13500,0,0,0
YCSB_VALIDATION,YCSB_E,LARS_MONITOR_ONLY,3,22695477,3,YCSB_E,30000,40000,10000,9675900,1033495.5921412995,700.0,1700.0,2800.0,0,0,0,0,0,0
YCSB_VALIDATION,YCSB_E,LARS_MONITOR_ONLY,3,22695477,4,YCSB_E,40000,50000,10000,9142000,1093852.5486764384,600.0,1500.0,2600.0,0,0,28600,0,0,0
YCSB_VALIDATION,YCSB_E,LARS_MONITOR_ONLY,3,22695477,5,YCSB_E,50000,60000,10000,9173300,1090120.240262501,700.0,1400.0,2300.0,0,0,0,0,0,0
YCSB_VALIDATION,YCSB_E,LARS_MONITOR_ONLY,3,22695477,6,YCSB_E,60000,70000,10000,10311800,969762.7960200935,700.0,1500.0,2400.0,0,0,23200,0,0,0
YCSB_VALIDATION,YCSB_E,LARS_MONITOR_ONLY,3,22695477,7,YCSB_E,70000,80000,10000,9062700,1103423.9244375296,700.0,1300.0,2100.0,0,0,10400,0,0,0
YCSB_VALIDATION,YCSB_E,LARS_MONITOR_ONLY,3,22695477,8,YCSB_E,80000,90000,10000,9245000,1081665.765278529,700.0,1300.0,2100.0,0,0,12000,0,0,0
YCSB_VALIDATION,YCSB_E,LARS_MONITOR_ONLY,3,22695477,9,YCSB_E,90000,100000,10000,20543600,486769.6022118811,800.0,1600.0,3000.0,0,0,18800,0,0,0
YCSB_VALIDATION,YCSB_E,LARS_MONITOR_ONLY,3,22695477,10,YCSB_E,100000,110000,10000,9308700,1074263.8606894626,700.0,1300.0,2200.0,0,0,16600,0,0,0
YCSB_VALIDATION,YCSB_E,LARS_MONITOR_ONLY,3,22695477,11,YCSB_E,110000,120000,10000,9220900,1084492.836924812,700.0,1400.0,2200.0,0,0,15500,0,0,0
YCSB_VALIDATION,YCSB_E,LARS_MONITOR_ONLY,3,22695477,12,YCSB_E,120000,130000,10000,10560900,946888.9962029752,800.0,1600.0,2700.0,0,0,20400,0,0,0
YCSB_VALIDATION,YCSB_E,LARS_MONITOR_ONLY,3,22695477,13,YCSB_E,130000,140000,10000,11846400,844138.3036196651,800.0,1700.0,2900.0,0,0,12800,0,0,0
YCSB_VALIDATION,YCSB_E,LARS_MONITOR_ONLY,3,22695477,14,YCSB_E,140000,150000,10000,8917300,1121415.675148307,700.0,1400.0,2200.0,0,0,32300,0,0,0
YCSB_VALIDATION,YCSB_E,LARS_MONITOR_ONLY,3,22695477,15,YCSB_E,150000,160000,10000,8347300,1197992.1651312402,600.0,1200.0,2100.0,0,0,9800,0,0,0
YCSB_VALIDATION,YCSB_E,LARS_MONITOR_ONLY,3,22695477,16,YCSB_E,160000,170000,10000,9679000,1033164.5831180908,700.0,1300.0,2100.0,0,0,22000,0,0,0
YCSB_VALIDATION,YCSB_E,LARS_MONITOR_ONLY,3,22695477,17,YCSB_E,170000,180000,10000,8518700,1173888.0345592638,700.0,1300.0,2000.0,0,0,8000,0,0,0
YCSB_VALIDATION,YCSB_E,LARS_MONITOR_ONLY,3,22695477,18,YCSB_E,180000,190000,10000,8367900,1195042.9617944765,700.0,1200.0,2000.0,0,0,31100,0,0,0
YCSB_VALIDATION,YCSB_E,LARS_MONITOR_ONLY,3,22695477,19,YCSB_E,190000,200000,10000,9151200,1092752.863012501,700.0,1400.0,2300.0,0,0,25800,0,0,0
YCSB_VALIDATION,YCSB_E,LARS_MONITOR_ONLY,3,22695477,20,YCSB_E,200000,210000,10000,8707800,1148395.6912193666,700.0,1300.0,2100.0,0,0,19600,0,0,0
YCSB_VALIDATION,YCSB_E,LARS_MONITOR_ONLY,3,22695477,21,YCSB_E,210000,220000,10000,8451700,1183193.9136505083,700.0,1200.0,1900.0,0,0,23800,0,0,0
YCSB_VALIDATION,YCSB_E,LARS_MONITOR_ONLY,3,22695477,22,YCSB_E,220000,230000,10000,8115900,1232149.2379156963,600.0,1200.0,1700.0,0,0,0,0,0,0
YCSB_VALIDATION,YCSB_E,LARS_MONITOR_ONLY,3,22695477,23,YCSB_E,230000,240000,10000,8615500,1160698.7406418663,700.0,1300.0,2000.0,0,0,28300,0,0,0
YCSB_VALIDATION,YCSB_E,LARS_MONITOR_ONLY,3,22695477,24,YCSB_E,240000,250000,10000,11265800,887642.2446697083,700.0,1500.0,2300.0,0,0,32900,0,0,0
YCSB_VALIDATION,YCSB_E,LARS_MONITOR_ONLY,3,22695477,25,YCSB_E,250000,260000,10000,8775400,1139549.1943387196,700.0,1300.0,2100.0,0,0,34600,0,0,0
YCSB_VALIDATION,YCSB_E,LARS_MONITOR_ONLY,3,22695477,26,YCSB_E,260000,270000,10000,9932300,1006816.145303706,700.0,1400.0,2400.0,0,0,27500,0,0,0
YCSB_VALIDATION,YCSB_E,LARS_MONITOR_ONLY,3,22695477,27,YCSB_E,270000,280000,10000,8852400,1129637.1605440332,600.0,1200.0,1800.0,0,0,25000,0,0,0
YCSB_VALIDATION,YCSB_E,LARS_MONITOR_ONLY,3,22695477,28,YCSB_E,280000,290000,10000,9085800,1100618.5476237645,700.0,1300.0,2100.0,0,0,37200,0,0,0
YCSB_VALIDATION,YCSB_E,LARS_MONITOR_ONLY,3,22695477,29,YCSB_E,290000,300000,10000,8853600,1129484.0516851903,700.0,1200.0,2000.0,0,0,48400,0,0,0
YCSB_VALIDATION,YCSB_E,LARS_MONITOR_ONLY,4,69069,0,YCSB_E,0,10000,10000,26933100,371290.3453371502,1500.0,4700.0,9600.0,0,0,0,0,0,0
YCSB_VALIDATION,YCSB_E,LARS_MONITOR_ONLY,4,69069,1,YCSB_E,10000,20000,10000,18505800,540371.126889948,1400.0,4000.0,6600.0,0,0,0,0,0,0
YCSB_VALIDATION,YCSB_E,LARS_MONITOR_ONLY,4,69069,2,YCSB_E,20000,30000,10000,44472100,224860.08081471306,1300.0,3700.0,6700.0,0,0,21900,0,0,0
YCSB_VALIDATION,YCSB_E,LARS_MONITOR_ONLY,4,69069,3,YCSB_E,30000,40000,10000,11164000,895736.2952346829,800.0,1900.0,3200.0,0,0,0,0,0,0
YCSB_VALIDATION,YCSB_E,LARS_MONITOR_ONLY,4,69069,4,YCSB_E,40000,50000,10000,9738600,1026841.6404822048,700.0,1500.0,2500.0,0,0,68800,0,0,0
YCSB_VALIDATION,YCSB_E,LARS_MONITOR_ONLY,4,69069,5,YCSB_E,50000,60000,10000,8880500,1126062.7216935984,700.0,1400.0,2100.0,0,0,0,0,0,0
YCSB_VALIDATION,YCSB_E,LARS_MONITOR_ONLY,4,69069,6,YCSB_E,60000,70000,10000,11900200,840322.0113947665,800.0,1800.0,2900.0,0,0,39300,0,0,0
YCSB_VALIDATION,YCSB_E,LARS_MONITOR_ONLY,4,69069,7,YCSB_E,70000,80000,10000,9719900,1028817.1689009146,700.0,1500.0,2500.0,0,0,12700,0,0,0
YCSB_VALIDATION,YCSB_E,LARS_MONITOR_ONLY,4,69069,8,YCSB_E,80000,90000,10000,9549600,1047164.2791321103,700.0,1400.0,2300.0,0,0,13700,0,0,0
YCSB_VALIDATION,YCSB_E,LARS_MONITOR_ONLY,4,69069,9,YCSB_E,90000,100000,10000,21558800,463847.7095200104,800.0,1700.0,2800.0,0,0,21100,0,0,0
YCSB_VALIDATION,YCSB_E,LARS_MONITOR_ONLY,4,69069,10,YCSB_E,100000,110000,10000,10505900,951846.1055216593,800.0,1600.0,3000.0,0,0,20500,0,0,0
YCSB_VALIDATION,YCSB_E,LARS_MONITOR_ONLY,4,69069,11,YCSB_E,110000,120000,10000,10221400,978339.562095212,800.0,1500.0,2600.0,0,0,0,0,0,0
YCSB_VALIDATION,YCSB_E,LARS_MONITOR_ONLY,4,69069,12,YCSB_E,120000,130000,10000,9881900,1011951.142998816,700.0,1400.0,2400.0,0,0,32700,0,0,0
YCSB_VALIDATION,YCSB_E,LARS_MONITOR_ONLY,4,69069,13,YCSB_E,130000,140000,10000,10895300,917826.952906299,700.0,1500.0,2400.0,0,0,20800,0,0,0
YCSB_VALIDATION,YCSB_E,LARS_MONITOR_ONLY,4,69069,14,YCSB_E,140000,150000,10000,10577600,945394.0402359704,700.0,1500.0,2400.0,0,0,150100,0,0,0
YCSB_VALIDATION,YCSB_E,LARS_MONITOR_ONLY,4,69069,15,YCSB_E,150000,160000,10000,8925300,1120410.518413947,700.0,1400.0,2100.0,0,0,16900,0,0,0
YCSB_VALIDATION,YCSB_E,LARS_MONITOR_ONLY,4,69069,16,YCSB_E,160000,170000,10000,10465300,955538.7805414082,700.0,1400.0,2300.0,0,0,25300,0,0,0
YCSB_VALIDATION,YCSB_E,LARS_MONITOR_ONLY,4,69069,17,YCSB_E,170000,180000,10000,8690800,1150642.0582685138,700.0,1300.0,2100.0,0,0,0,0,0,0
YCSB_VALIDATION,YCSB_E,LARS_MONITOR_ONLY,4,69069,18,YCSB_E,180000,190000,10000,8631200,1158587.4501807396,700.0,1300.0,2000.0,0,0,19200,0,0,0
YCSB_VALIDATION,YCSB_E,LARS_MONITOR_ONLY,4,69069,19,YCSB_E,190000,200000,10000,8767500,1140575.990875392,700.0,1300.0,2000.0,0,0,44200,0,0,0
YCSB_VALIDATION,YCSB_E,LARS_MONITOR_ONLY,4,69069,20,YCSB_E,200000,210000,10000,9121300,1096334.952254613,700.0,1400.0,2100.0,0,0,31100,0,0,0
YCSB_VALIDATION,YCSB_E,LARS_MONITOR_ONLY,4,69069,21,YCSB_E,210000,220000,10000,8711400,1147921.1148609868,700.0,1300.0,2000.0,0,0,5800,0,0,0
YCSB_VALIDATION,YCSB_E,LARS_MONITOR_ONLY,4,69069,22,YCSB_E,220000,230000,10000,8388300,1192136.666547453,700.0,1200.0,1900.0,0,0,17800,0,0,0
YCSB_VALIDATION,YCSB_E,LARS_MONITOR_ONLY,4,69069,23,YCSB_E,230000,240000,10000,8541900,1170699.7272269635,700.0,1200.0,2000.0,0,0,15000,0,0,0
YCSB_VALIDATION,YCSB_E,LARS_MONITOR_ONLY,4,69069,24,YCSB_E,240000,250000,10000,10711100,933610.9269822894,700.0,1400.0,2300.0,0,0,29500,0,0,0
YCSB_VALIDATION,YCSB_E,LARS_MONITOR_ONLY,4,69069,25,YCSB_E,250000,260000,10000,8790000,1137656.4277588169,700.0,1300.0,2000.0,0,0,23200,0,0,0
YCSB_VALIDATION,YCSB_E,LARS_MONITOR_ONLY,4,69069,26,YCSB_E,260000,270000,10000,9579300,1043917.6140219014,700.0,1300.0,2000.0,0,0,14500,0,0,0
YCSB_VALIDATION,YCSB_E,LARS_MONITOR_ONLY,4,69069,27,YCSB_E,270000,280000,10000,10266100,974079.7381673664,700.0,1300.0,2100.0,0,0,99300,0,0,0
YCSB_VALIDATION,YCSB_E,LARS_MONITOR_ONLY,4,69069,28,YCSB_E,280000,290000,10000,8900100,1123582.8810912238,700.0,1300.0,2100.0,0,0,42800,0,0,0
YCSB_VALIDATION,YCSB_E,LARS_MONITOR_ONLY,4,69069,29,YCSB_E,290000,300000,10000,9271500,1078574.1250067411,700.0,1300.0,2100.0,0,0,39800,0,0,0
YCSB_VALIDATION,YCSB_E,LARS_MONITOR_ONLY,5,48271,0,YCSB_E,0,10000,10000,25609800,390475.5210895829,1600.0,4600.0,8100.0,0,0,0,0,0,0
YCSB_VALIDATION,YCSB_E,LARS_MONITOR_ONLY,5,48271,1,YCSB_E,10000,20000,10000,17488500,571804.3285587672,1400.0,3400.0,4900.0,0,0,0,0,0,0
YCSB_VALIDATION,YCSB_E,LARS_MONITOR_ONLY,5,48271,2,YCSB_E,20000,30000,10000,44404500,225202.400657591,1200.0,3100.0,5000.0,0,0,15200,0,0,0
YCSB_VALIDATION,YCSB_E,LARS_MONITOR_ONLY,5,48271,3,YCSB_E,30000,40000,10000,10341000,967024.4657189827,700.0,1900.0,3100.0,0,0,0,0,0,0
YCSB_VALIDATION,YCSB_E,LARS_MONITOR_ONLY,5,48271,4,YCSB_E,40000,50000,10000,9784300,1022045.5219075457,700.0,1700.0,2800.0,0,0,31100,0,0,0
YCSB_VALIDATION,YCSB_E,LARS_MONITOR_ONLY,5,48271,5,YCSB_E,50000,60000,10000,9801200,1020283.2306248215,700.0,1600.0,2500.0,0,0,0,0,0,0
YCSB_VALIDATION,YCSB_E,LARS_MONITOR_ONLY,5,48271,6,YCSB_E,60000,70000,10000,10062300,993808.5725927472,700.0,1500.0,2500.0,0,0,25800,0,0,0
YCSB_VALIDATION,YCSB_E,LARS_MONITOR_ONLY,5,48271,7,YCSB_E,70000,80000,10000,12738200,785040.2725659827,1000.0,1800.0,2800.0,0,0,0,0,0,0
YCSB_VALIDATION,YCSB_E,LARS_MONITOR_ONLY,5,48271,8,YCSB_E,80000,90000,10000,10963100,912150.7602776587,800.0,1600.0,2500.0,0,0,27900,0,0,0
YCSB_VALIDATION,YCSB_E,LARS_MONITOR_ONLY,5,48271,9,YCSB_E,90000,100000,10000,19337700,517124.5804826841,800.0,1700.0,3300.0,0,0,24300,0,0,0
YCSB_VALIDATION,YCSB_E,LARS_MONITOR_ONLY,5,48271,10,YCSB_E,100000,110000,10000,9497100,1052953.0067073107,700.0,1300.0,2200.0,0,0,46500,0,0,0
YCSB_VALIDATION,YCSB_E,LARS_MONITOR_ONLY,5,48271,11,YCSB_E,110000,120000,10000,9499300,1052709.1469897781,700.0,1400.0,2100.0,0,0,0,0,0,0
YCSB_VALIDATION,YCSB_E,LARS_MONITOR_ONLY,5,48271,12,YCSB_E,120000,130000,10000,10071700,992881.0429222474,700.0,1500.0,2300.0,0,0,29900,0,0,0
YCSB_VALIDATION,YCSB_E,LARS_MONITOR_ONLY,5,48271,13,YCSB_E,130000,140000,10000,10311400,969800.4150745777,700.0,1400.0,2200.0,0,0,16900,0,0,0
YCSB_VALIDATION,YCSB_E,LARS_MONITOR_ONLY,5,48271,14,YCSB_E,140000,150000,10000,9273100,1078388.025579364,700.0,1400.0,2200.0,0,0,26500,0,0,0
YCSB_VALIDATION,YCSB_E,LARS_MONITOR_ONLY,5,48271,15,YCSB_E,150000,160000,10000,8480900,1179120.1405511207,700.0,1300.0,2100.0,0,0,6000,0,0,0
YCSB_VALIDATION,YCSB_E,LARS_MONITOR_ONLY,5,48271,16,YCSB_E,160000,170000,10000,9653300,1035915.1792651218,700.0,1300.0,2200.0,0,0,20400,0,0,0
YCSB_VALIDATION,YCSB_E,LARS_MONITOR_ONLY,5,48271,17,YCSB_E,170000,180000,10000,8911400,1122158.1345243172,700.0,1300.0,2200.0,0,0,10200,0,0,0
YCSB_VALIDATION,YCSB_E,LARS_MONITOR_ONLY,5,48271,18,YCSB_E,180000,190000,10000,8936300,1119031.3664492015,700.0,1300.0,2200.0,0,0,49200,0,0,0
YCSB_VALIDATION,YCSB_E,LARS_MONITOR_ONLY,5,48271,19,YCSB_E,190000,200000,10000,8702500,1149095.0876185005,700.0,1300.0,2000.0,0,0,19900,0,0,0
YCSB_VALIDATION,YCSB_E,LARS_MONITOR_ONLY,5,48271,20,YCSB_E,200000,210000,10000,8521200,1173543.6323522509,700.0,1200.0,1900.0,0,0,20200,0,0,0
YCSB_VALIDATION,YCSB_E,LARS_MONITOR_ONLY,5,48271,21,YCSB_E,210000,220000,10000,9233200,1083048.1306589264,700.0,1400.0,2300.0,0,0,31600,0,0,0
YCSB_VALIDATION,YCSB_E,LARS_MONITOR_ONLY,5,48271,22,YCSB_E,220000,230000,10000,8561700,1167992.3379702629,700.0,1300.0,1900.0,0,0,27700,0,0,0
YCSB_VALIDATION,YCSB_E,LARS_MONITOR_ONLY,5,48271,23,YCSB_E,230000,240000,10000,8261500,1210433.9405676934,700.0,1200.0,1700.0,0,0,17600,0,0,0
YCSB_VALIDATION,YCSB_E,LARS_MONITOR_ONLY,5,48271,24,YCSB_E,240000,250000,10000,9993800,1000620.3846384758,700.0,1400.0,2400.0,0,0,28800,0,0,0
YCSB_VALIDATION,YCSB_E,LARS_MONITOR_ONLY,5,48271,25,YCSB_E,250000,260000,10000,8760500,1141487.3580275099,700.0,1300.0,2000.0,0,0,17300,0,0,0
YCSB_VALIDATION,YCSB_E,LARS_MONITOR_ONLY,5,48271,26,YCSB_E,260000,270000,10000,10623500,941309.3613215983,700.0,1500.0,2300.0,0,0,146300,0,0,0
YCSB_VALIDATION,YCSB_E,LARS_MONITOR_ONLY,5,48271,27,YCSB_E,270000,280000,10000,9861300,1014065.0826970075,700.0,1300.0,2100.0,0,0,22800,0,0,0
YCSB_VALIDATION,YCSB_E,LARS_MONITOR_ONLY,5,48271,28,YCSB_E,280000,290000,10000,9732700,1027464.1158157551,700.0,1400.0,2300.0,0,0,77600,0,0,0
YCSB_VALIDATION,YCSB_E,LARS_MONITOR_ONLY,5,48271,29,YCSB_E,290000,300000,10000,9688600,1032140.8665854716,700.0,1400.0,2400.0,0,0,54200,0,0,0
YCSB_VALIDATION,YCSB_E,LARS_MONITOR_ONLY,6,134775813,0,YCSB_E,0,10000,10000,19252800,519404.96966674976,1000.0,3800.0,6200.0,0,0,0,0,0,0
YCSB_VALIDATION,YCSB_E,LARS_MONITOR_ONLY,6,134775813,1,YCSB_E,10000,20000,10000,15025400,665539.686131484,1000.0,3400.0,5000.0,0,0,0,0,0,0
YCSB_VALIDATION,YCSB_E,LARS_MONITOR_ONLY,6,134775813,2,YCSB_E,20000,30000,10000,41974000,238242.72168485253,900.0,3000.0,4700.0,0,0,14800,0,0,0
YCSB_VALIDATION,YCSB_E,LARS_MONITOR_ONLY,6,134775813,3,YCSB_E,30000,40000,10000,9765800,1023981.6502488275,700.0,1700.0,2900.0,0,0,0,0,0,0
YCSB_VALIDATION,YCSB_E,LARS_MONITOR_ONLY,6,134775813,4,YCSB_E,40000,50000,10000,9044900,1105595.4184125862,600.0,1600.0,2500.0,0,0,63200,0,0,0
YCSB_VALIDATION,YCSB_E,LARS_MONITOR_ONLY,6,134775813,5,YCSB_E,50000,60000,10000,8188300,1221254.7170963448,600.0,1300.0,2200.0,0,0,0,0,0,0
YCSB_VALIDATION,YCSB_E,LARS_MONITOR_ONLY,6,134775813,6,YCSB_E,60000,70000,10000,10136500,986533.8134464559,700.0,1500.0,2600.0,0,0,29500,0,0,0
YCSB_VALIDATION,YCSB_E,LARS_MONITOR_ONLY,6,134775813,7,YCSB_E,70000,80000,10000,8807800,1135357.2969413474,600.0,1400.0,2300.0,0,0,11500,0,0,0
YCSB_VALIDATION,YCSB_E,LARS_MONITOR_ONLY,6,134775813,8,YCSB_E,80000,90000,10000,8530500,1172264.2283570718,600.0,1400.0,2100.0,0,0,11100,0,0,0
YCSB_VALIDATION,YCSB_E,LARS_MONITOR_ONLY,6,134775813,9,YCSB_E,90000,100000,10000,20723500,482543.97181943204,700.0,1500.0,2700.0,0,0,54900,0,0,0
YCSB_VALIDATION,YCSB_E,LARS_MONITOR_ONLY,6,134775813,10,YCSB_E,100000,110000,10000,9170500,1090453.0832560929,600.0,1600.0,2500.0,0,0,19500,0,0,0
YCSB_VALIDATION,YCSB_E,LARS_MONITOR_ONLY,6,134775813,11,YCSB_E,110000,120000,10000,10432600,958533.8266587427,700.0,1700.0,2800.0,0,0,0,0,0,0
YCSB_VALIDATION,YCSB_E,LARS_MONITOR_ONLY,6,134775813,12,YCSB_E,120000,130000,10000,8798200,1136596.121934032,600.0,1500.0,2300.0,0,0,26500,0,0,0
YCSB_VALIDATION,YCSB_E,LARS_MONITOR_ONLY,6,134775813,13,YCSB_E,130000,140000,10000,11677700,856333.0107812326,800.0,1700.0,2900.0,0,0,12700,0,0,0
YCSB_VALIDATION,YCSB_E,LARS_MONITOR_ONLY,6,134775813,14,YCSB_E,140000,150000,10000,8668400,1153615.4307600018,600.0,1500.0,2300.0,0,0,38800,0,0,0
YCSB_VALIDATION,YCSB_E,LARS_MONITOR_ONLY,6,134775813,15,YCSB_E,150000,160000,10000,7778900,1285528.802272815,600.0,1300.0,2200.0,0,0,12900,0,0,0
YCSB_VALIDATION,YCSB_E,LARS_MONITOR_ONLY,6,134775813,16,YCSB_E,160000,170000,10000,9707400,1030141.9535612008,600.0,1400.0,2500.0,0,0,23500,0,0,0
YCSB_VALIDATION,YCSB_E,LARS_MONITOR_ONLY,6,134775813,17,YCSB_E,170000,180000,10000,8012300,1248081.0753466545,600.0,1300.0,2100.0,0,0,0,0,0,0
YCSB_VALIDATION,YCSB_E,LARS_MONITOR_ONLY,6,134775813,18,YCSB_E,180000,190000,10000,8030700,1245221.46263713,600.0,1400.0,2400.0,0,0,32600,0,0,0
YCSB_VALIDATION,YCSB_E,LARS_MONITOR_ONLY,6,134775813,19,YCSB_E,190000,200000,10000,8980500,1113523.7458938812,600.0,1500.0,2300.0,0,0,47400,0,0,0
YCSB_VALIDATION,YCSB_E,LARS_MONITOR_ONLY,6,134775813,20,YCSB_E,200000,210000,10000,8111800,1232772.011144259,600.0,1300.0,2200.0,0,0,22600,0,0,0
YCSB_VALIDATION,YCSB_E,LARS_MONITOR_ONLY,6,134775813,21,YCSB_E,210000,220000,10000,8459900,1182047.069114292,600.0,1400.0,2200.0,0,0,45100,0,0,0
YCSB_VALIDATION,YCSB_E,LARS_MONITOR_ONLY,6,134775813,22,YCSB_E,220000,230000,10000,7878500,1269277.1466649743,600.0,1300.0,2000.0,0,0,0,0,0,0
YCSB_VALIDATION,YCSB_E,LARS_MONITOR_ONLY,6,134775813,23,YCSB_E,230000,240000,10000,7845800,1274567.284406944,600.0,1300.0,1900.0,0,0,21600,0,0,0
YCSB_VALIDATION,YCSB_E,LARS_MONITOR_ONLY,6,134775813,24,YCSB_E,240000,250000,10000,9821000,1018226.2498727217,600.0,1300.0,2200.0,0,0,28300,0,0,0
YCSB_VALIDATION,YCSB_E,LARS_MONITOR_ONLY,6,134775813,25,YCSB_E,250000,260000,10000,8144700,1227792.3066534065,600.0,1300.0,2200.0,0,0,28500,0,0,0
YCSB_VALIDATION,YCSB_E,LARS_MONITOR_ONLY,6,134775813,26,YCSB_E,260000,270000,10000,8688200,1150986.395340807,600.0,1300.0,2100.0,0,0,10200,0,0,0
YCSB_VALIDATION,YCSB_E,LARS_MONITOR_ONLY,6,134775813,27,YCSB_E,270000,280000,10000,9353700,1069095.6519879834,600.0,1400.0,2200.0,0,0,60000,0,0,0
YCSB_VALIDATION,YCSB_E,LARS_MONITOR_ONLY,6,134775813,28,YCSB_E,280000,290000,10000,8754600,1142256.6422223744,600.0,1400.0,2300.0,0,0,44500,0,0,0
YCSB_VALIDATION,YCSB_E,LARS_MONITOR_ONLY,6,134775813,29,YCSB_E,290000,300000,10000,8954600,1116744.4665311684,700.0,1500.0,2400.0,0,0,51000,0,0,0
YCSB_VALIDATION,YCSB_E,LARS_MONITOR_ONLY,7,16807,0,YCSB_E,0,10000,10000,18207000,549239.303564563,1000.0,3500.0,5800.0,0,0,0,0,0,0
YCSB_VALIDATION,YCSB_E,LARS_MONITOR_ONLY,7,16807,1,YCSB_E,10000,20000,10000,15154100,659887.4232056012,1100.0,3400.0,5200.0,0,0,0,0,0,0
YCSB_VALIDATION,YCSB_E,LARS_MONITOR_ONLY,7,16807,2,YCSB_E,20000,30000,10000,38147400,262141.06334900938,900.0,2900.0,4500.0,0,0,14000,0,0,0
YCSB_VALIDATION,YCSB_E,LARS_MONITOR_ONLY,7,16807,3,YCSB_E,30000,40000,10000,8201700,1219259.4218271822,600.0,1300.0,2300.0,0,0,0,0,0,0
YCSB_VALIDATION,YCSB_E,LARS_MONITOR_ONLY,7,16807,4,YCSB_E,40000,50000,10000,8238200,1213857.396033114,600.0,1300.0,2100.0,0,0,133700,0,0,0
YCSB_VALIDATION,YCSB_E,LARS_MONITOR_ONLY,7,16807,5,YCSB_E,50000,60000,10000,10148000,985415.8454867954,700.0,1500.0,2500.0,0,0,0,0,0,0
YCSB_VALIDATION,YCSB_E,LARS_MONITOR_ONLY,7,16807,6,YCSB_E,60000,70000,10000,9783700,1022108.2003740916,700.0,1400.0,2400.0,0,0,29900,0,0,0
YCSB_VALIDATION,YCSB_E,LARS_MONITOR_ONLY,7,16807,7,YCSB_E,70000,80000,10000,8507300,1175461.0746065143,600.0,1300.0,2100.0,0,0,11600,0,0,0
YCSB_VALIDATION,YCSB_E,LARS_MONITOR_ONLY,7,16807,8,YCSB_E,80000,90000,10000,8680500,1152007.3728471862,600.0,1300.0,2100.0,0,0,11900,0,0,0
YCSB_VALIDATION,YCSB_E,LARS_MONITOR_ONLY,7,16807,9,YCSB_E,90000,100000,10000,21927000,456058.7403657591,700.0,1800.0,4600.0,0,0,31500,0,0,0
YCSB_VALIDATION,YCSB_E,LARS_MONITOR_ONLY,7,16807,10,YCSB_E,100000,110000,10000,8602900,1162398.7260109964,600.0,1400.0,2300.0,0,0,23800,0,0,0
YCSB_VALIDATION,YCSB_E,LARS_MONITOR_ONLY,7,16807,11,YCSB_E,110000,120000,10000,9237300,1082567.4168858866,600.0,1600.0,3500.0,0,0,0,0,0,0
YCSB_VALIDATION,YCSB_E,LARS_MONITOR_ONLY,7,16807,12,YCSB_E,120000,130000,10000,8781800,1138718.713703341,600.0,1400.0,2500.0,0,0,26600,0,0,0
YCSB_VALIDATION,YCSB_E,LARS_MONITOR_ONLY,7,16807,13,YCSB_E,130000,140000,10000,9076800,1101709.8536929314,600.0,1300.0,2200.0,0,0,7900,0,0,0
YCSB_VALIDATION,YCSB_E,LARS_MONITOR_ONLY,7,16807,14,YCSB_E,140000,150000,10000,8997500,1111419.8388441233,600.0,1400.0,2200.0,0,0,44100,0,0,0
YCSB_VALIDATION,YCSB_E,LARS_MONITOR_ONLY,7,16807,15,YCSB_E,150000,160000,10000,8330500,1200408.1387671807,600.0,1300.0,2200.0,0,0,5400,0,0,0
YCSB_VALIDATION,YCSB_E,LARS_MONITOR_ONLY,7,16807,16,YCSB_E,160000,170000,10000,10383100,963103.5047336537,600.0,1300.0,2300.0,0,0,38800,0,0,0
YCSB_VALIDATION,YCSB_E,LARS_MONITOR_ONLY,7,16807,17,YCSB_E,170000,180000,10000,8300100,1204804.761388417,600.0,1300.0,2100.0,0,0,0,0,0,0
YCSB_VALIDATION,YCSB_E,LARS_MONITOR_ONLY,7,16807,18,YCSB_E,180000,190000,10000,8063800,1240110.121778814,600.0,1200.0,2000.0,0,0,43000,0,0,0
YCSB_VALIDATION,YCSB_E,LARS_MONITOR_ONLY,7,16807,19,YCSB_E,190000,200000,10000,7947800,1258209.819069428,600.0,1200.0,1900.0,0,0,16000,0,0,0
YCSB_VALIDATION,YCSB_E,LARS_MONITOR_ONLY,7,16807,20,YCSB_E,200000,210000,10000,7937500,1259842.5196850393,600.0,1200.0,1900.0,0,0,23500,0,0,0
YCSB_VALIDATION,YCSB_E,LARS_MONITOR_ONLY,7,16807,21,YCSB_E,210000,220000,10000,8297400,1205196.8086388507,600.0,1300.0,2000.0,0,0,46300,0,0,0
YCSB_VALIDATION,YCSB_E,LARS_MONITOR_ONLY,7,16807,22,YCSB_E,220000,230000,10000,7772300,1286620.4341057346,600.0,1200.0,1800.0,0,0,13100,0,0,0
YCSB_VALIDATION,YCSB_E,LARS_MONITOR_ONLY,7,16807,23,YCSB_E,230000,240000,10000,7728400,1293928.8856684437,600.0,1200.0,1900.0,0,0,11000,0,0,0
YCSB_VALIDATION,YCSB_E,LARS_MONITOR_ONLY,7,16807,24,YCSB_E,240000,250000,10000,9069200,1102633.0878136992,600.0,1300.0,2000.0,0,0,35800,0,0,0
YCSB_VALIDATION,YCSB_E,LARS_MONITOR_ONLY,7,16807,25,YCSB_E,250000,260000,10000,7754400,1289590.4260806767,600.0,1200.0,1900.0,0,0,10700,0,0,0
YCSB_VALIDATION,YCSB_E,LARS_MONITOR_ONLY,7,16807,26,YCSB_E,260000,270000,10000,9464900,1056535.198470137,600.0,1300.0,2100.0,0,0,106500,0,0,0
YCSB_VALIDATION,YCSB_E,LARS_MONITOR_ONLY,7,16807,27,YCSB_E,270000,280000,10000,9058500,1103935.5301650383,600.0,1300.0,2100.0,0,0,23600,0,0,0
YCSB_VALIDATION,YCSB_E,LARS_MONITOR_ONLY,7,16807,28,YCSB_E,280000,290000,10000,8340200,1199012.0141003812,600.0,1300.0,2100.0,0,0,37700,0,0,0
YCSB_VALIDATION,YCSB_E,LARS_MONITOR_ONLY,7,16807,29,YCSB_E,290000,300000,10000,8259300,1210756.3594977784,600.0,1200.0,2100.0,0,0,142500,0,0,0
YCSB_VALIDATION,YCSB_E,LARS_MONITOR_ONLY,8,2147483647,0,YCSB_E,0,10000,10000,18485800,540955.7606378951,1000.0,3500.0,6200.0,0,0,0,0,0,0
YCSB_VALIDATION,YCSB_E,LARS_MONITOR_ONLY,8,2147483647,1,YCSB_E,10000,20000,10000,14519300,688738.4378034754,1000.0,3300.0,4800.0,0,0,0,0,0,0
YCSB_VALIDATION,YCSB_E,LARS_MONITOR_ONLY,8,2147483647,2,YCSB_E,20000,30000,10000,41843200,238987.4579382074,900.0,3200.0,5100.0,0,0,15100,0,0,0
YCSB_VALIDATION,YCSB_E,LARS_MONITOR_ONLY,8,2147483647,3,YCSB_E,30000,40000,10000,8207800,1218353.2737152465,600.0,1300.0,2300.0,0,0,0,0,0,0
YCSB_VALIDATION,YCSB_E,LARS_MONITOR_ONLY,8,2147483647,4,YCSB_E,40000,50000,10000,8547100,1169987.4811339518,600.0,1400.0,2300.0,0,0,31900,0,0,0
YCSB_VALIDATION,YCSB_E,LARS_MONITOR_ONLY,8,2147483647,5,YCSB_E,50000,60000,10000,7936300,1260033.012864937,600.0,1200.0,2200.0,0,0,0,0,0,0
YCSB_VALIDATION,YCSB_E,LARS_MONITOR_ONLY,8,2147483647,6,YCSB_E,60000,70000,10000,10763800,929039.9301361972,700.0,1600.0,2700.0,0,0,47100,0,0,0
YCSB_VALIDATION,YCSB_E,LARS_MONITOR_ONLY,8,2147483647,7,YCSB_E,70000,80000,10000,12917200,774161.5830056049,1000.0,1800.0,2900.0,0,0,0,0,0,0
YCSB_VALIDATION,YCSB_E,LARS_MONITOR_ONLY,8,2147483647,8,YCSB_E,80000,90000,10000,12161700,822253.4678540006,800.0,2000.0,4800.0,0,0,39000,0,0,0
YCSB_VALIDATION,YCSB_E,LARS_MONITOR_ONLY,8,2147483647,9,YCSB_E,90000,100000,10000,23359300,428095.0199706327,900.0,2300.0,5600.0,0,0,46600,0,0,0
YCSB_VALIDATION,YCSB_E,LARS_MONITOR_ONLY,8,2147483647,10,YCSB_E,100000,110000,10000,14319700,698338.6523460688,1000.0,2500.0,4800.0,0,0,50100,0,0,0
YCSB_VALIDATION,YCSB_E,LARS_MONITOR_ONLY,8,2147483647,11,YCSB_E,110000,120000,10000,11428900,874974.8444732213,800.0,1900.0,3300.0,0,0,21500,0,0,0
YCSB_VALIDATION,YCSB_E,LARS_MONITOR_ONLY,8,2147483647,12,YCSB_E,120000,130000,10000,10582100,944992.0148174748,700.0,1700.0,2900.0,0,0,25300,0,0,0
YCSB_VALIDATION,YCSB_E,LARS_MONITOR_ONLY,8,2147483647,13,YCSB_E,130000,140000,10000,10298900,970977.4830321685,700.0,1600.0,2500.0,0,0,28500,0,0,0
YCSB_VALIDATION,YCSB_E,LARS_MONITOR_ONLY,8,2147483647,14,YCSB_E,140000,150000,10000,10651800,938808.464297114,700.0,1800.0,3300.0,0,0,58700,0,0,0
YCSB_VALIDATION,YCSB_E,LARS_MONITOR_ONLY,8,2147483647,15,YCSB_E,150000,160000,10000,8207500,1218397.8068839477,600.0,1300.0,2100.0,0,0,11200,0,0,0
YCSB_VALIDATION,YCSB_E,LARS_MONITOR_ONLY,8,2147483647,16,YCSB_E,160000,170000,10000,11387500,878155.8726673984,700.0,1700.0,3100.0,0,0,97600,0,0,0
YCSB_VALIDATION,YCSB_E,LARS_MONITOR_ONLY,8,2147483647,17,YCSB_E,170000,180000,10000,8298200,1205080.6198934708,600.0,1300.0,2200.0,0,0,0,0,0,0
YCSB_VALIDATION,YCSB_E,LARS_MONITOR_ONLY,8,2147483647,18,YCSB_E,180000,190000,10000,7905800,1264894.128361456,600.0,1300.0,2100.0,0,0,33800,0,0,0
YCSB_VALIDATION,YCSB_E,LARS_MONITOR_ONLY,8,2147483647,19,YCSB_E,190000,200000,10000,8022000,1246571.9272001993,600.0,1300.0,2000.0,0,0,35400,0,0,0
YCSB_VALIDATION,YCSB_E,LARS_MONITOR_ONLY,8,2147483647,20,YCSB_E,200000,210000,10000,8674800,1152764.3288606077,600.0,1300.0,2200.0,0,0,20300,0,0,0
YCSB_VALIDATION,YCSB_E,LARS_MONITOR_ONLY,8,2147483647,21,YCSB_E,210000,220000,10000,8614700,1160806.5283759155,600.0,1300.0,2100.0,0,0,40400,0,0,0
YCSB_VALIDATION,YCSB_E,LARS_MONITOR_ONLY,8,2147483647,22,YCSB_E,220000,230000,10000,8150600,1226903.5408436188,600.0,1300.0,2000.0,0,0,10400,0,0,0
YCSB_VALIDATION,YCSB_E,LARS_MONITOR_ONLY,8,2147483647,23,YCSB_E,230000,240000,10000,7825700,1277840.959914129,600.0,1300.0,2000.0,0,0,22100,0,0,0
YCSB_VALIDATION,YCSB_E,LARS_MONITOR_ONLY,8,2147483647,24,YCSB_E,240000,250000,10000,9893400,1010774.8600076819,700.0,1400.0,2200.0,0,0,41800,0,0,0
YCSB_VALIDATION,YCSB_E,LARS_MONITOR_ONLY,8,2147483647,25,YCSB_E,250000,260000,10000,8068100,1239449.188780506,600.0,1300.0,2000.0,0,0,20800,0,0,0
YCSB_VALIDATION,YCSB_E,LARS_MONITOR_ONLY,8,2147483647,26,YCSB_E,260000,270000,10000,9267300,1079062.9417413918,600.0,1300.0,2100.0,0,0,26800,0,0,0
YCSB_VALIDATION,YCSB_E,LARS_MONITOR_ONLY,8,2147483647,27,YCSB_E,270000,280000,10000,8883400,1125695.1167345836,600.0,1200.0,1900.0,0,0,24400,0,0,0
YCSB_VALIDATION,YCSB_E,LARS_MONITOR_ONLY,8,2147483647,28,YCSB_E,280000,290000,10000,8250700,1212018.374198553,600.0,1200.0,2000.0,0,0,50500,0,0,0
YCSB_VALIDATION,YCSB_E,LARS_MONITOR_ONLY,8,2147483647,29,YCSB_E,290000,300000,10000,8746700,1143288.3258829045,600.0,1200.0,2000.0,0,0,65500,0,0,0
YCSB_VALIDATION,YCSB_E,LARS_MONITOR_ONLY,9,6364136223846793005,0,YCSB_E,0,10000,10000,26710000,374391.61362785473,1400.0,4700.0,12200.0,0,0,0,0,0,0
YCSB_VALIDATION,YCSB_E,LARS_MONITOR_ONLY,9,6364136223846793005,1,YCSB_E,10000,20000,10000,23832800,419589.80900271895,1400.0,4500.0,11800.0,0,0,0,0,0,0
YCSB_VALIDATION,YCSB_E,LARS_MONITOR_ONLY,9,6364136223846793005,2,YCSB_E,20000,30000,10000,43277000,231069.6212768907,1000.0,3200.0,5000.0,0,0,13700,0,0,0
YCSB_VALIDATION,YCSB_E,LARS_MONITOR_ONLY,9,6364136223846793005,3,YCSB_E,30000,40000,10000,9099900,1098913.1748700535,700.0,1500.0,2400.0,0,0,0,0,0,0
YCSB_VALIDATION,YCSB_E,LARS_MONITOR_ONLY,9,6364136223846793005,4,YCSB_E,40000,50000,10000,8564200,1167651.3860021953,600.0,1300.0,2100.0,0,0,23100,0,0,0
YCSB_VALIDATION,YCSB_E,LARS_MONITOR_ONLY,9,6364136223846793005,5,YCSB_E,50000,60000,10000,9939000,1006137.4383740819,700.0,1700.0,2700.0,0,0,0,0,0,0
YCSB_VALIDATION,YCSB_E,LARS_MONITOR_ONLY,9,6364136223846793005,6,YCSB_E,60000,70000,10000,11140500,897625.7798123962,800.0,1800.0,2800.0,0,0,52600,0,0,0
YCSB_VALIDATION,YCSB_E,LARS_MONITOR_ONLY,9,6364136223846793005,7,YCSB_E,70000,80000,10000,11358200,880421.1934989699,800.0,2000.0,3500.0,0,0,14000,0,0,0
YCSB_VALIDATION,YCSB_E,LARS_MONITOR_ONLY,9,6364136223846793005,8,YCSB_E,80000,90000,10000,11761500,850231.6881350168,900.0,2000.0,3500.0,0,0,18000,0,0,0
YCSB_VALIDATION,YCSB_E,LARS_MONITOR_ONLY,9,6364136223846793005,9,YCSB_E,90000,100000,10000,20797900,480817.77487150143,800.0,1800.0,3000.0,0,0,22200,0,0,0
YCSB_VALIDATION,YCSB_E,LARS_MONITOR_ONLY,9,6364136223846793005,10,YCSB_E,100000,110000,10000,9966000,1003411.5994380895,700.0,1500.0,2400.0,0,0,19300,0,0,0
YCSB_VALIDATION,YCSB_E,LARS_MONITOR_ONLY,9,6364136223846793005,11,YCSB_E,110000,120000,10000,10109300,989188.1732662005,800.0,1500.0,2500.0,0,0,0,0,0,0
YCSB_VALIDATION,YCSB_E,LARS_MONITOR_ONLY,9,6364136223846793005,12,YCSB_E,120000,130000,10000,10673900,936864.6886330207,800.0,1600.0,2600.0,0,0,43300,0,0,0
YCSB_VALIDATION,YCSB_E,LARS_MONITOR_ONLY,9,6364136223846793005,13,YCSB_E,130000,140000,10000,11323400,883126.9759966088,800.0,1600.0,2600.0,0,0,0,0,0,0
YCSB_VALIDATION,YCSB_E,LARS_MONITOR_ONLY,9,6364136223846793005,14,YCSB_E,140000,150000,10000,9809400,1019430.3423247089,700.0,1600.0,2400.0,0,0,38500,0,0,0
YCSB_VALIDATION,YCSB_E,LARS_MONITOR_ONLY,9,6364136223846793005,15,YCSB_E,150000,160000,10000,8971700,1114615.959071302,700.0,1400.0,2200.0,0,0,20900,0,0,0
YCSB_VALIDATION,YCSB_E,LARS_MONITOR_ONLY,9,6364136223846793005,16,YCSB_E,160000,170000,10000,10340900,967033.8171725866,700.0,1400.0,2300.0,0,0,12100,0,0,0
YCSB_VALIDATION,YCSB_E,LARS_MONITOR_ONLY,9,6364136223846793005,17,YCSB_E,170000,180000,10000,9341600,1070480.43161771,700.0,1500.0,2400.0,0,0,11000,0,0,0
YCSB_VALIDATION,YCSB_E,LARS_MONITOR_ONLY,9,6364136223846793005,18,YCSB_E,180000,190000,10000,9352500,1069232.8254477412,700.0,1500.0,2300.0,0,0,20400,0,0,0
YCSB_VALIDATION,YCSB_E,LARS_MONITOR_ONLY,9,6364136223846793005,19,YCSB_E,190000,200000,10000,9472400,1055698.6613740975,700.0,1500.0,2300.0,0,0,51400,0,0,0
YCSB_VALIDATION,YCSB_E,LARS_MONITOR_ONLY,9,6364136223846793005,20,YCSB_E,200000,210000,10000,9196600,1087358.3715721027,700.0,1400.0,2200.0,0,0,25100,0,0,0
YCSB_VALIDATION,YCSB_E,LARS_MONITOR_ONLY,9,6364136223846793005,21,YCSB_E,210000,220000,10000,9143200,1093708.9859130282,700.0,1400.0,2100.0,0,0,22200,0,0,0
YCSB_VALIDATION,YCSB_E,LARS_MONITOR_ONLY,9,6364136223846793005,22,YCSB_E,220000,230000,10000,8859600,1128719.1295318073,700.0,1300.0,2100.0,0,0,14500,0,0,0
YCSB_VALIDATION,YCSB_E,LARS_MONITOR_ONLY,9,6364136223846793005,23,YCSB_E,230000,240000,10000,8698500,1149623.4983043054,700.0,1300.0,2000.0,0,0,20400,0,0,0
YCSB_VALIDATION,YCSB_E,LARS_MONITOR_ONLY,9,6364136223846793005,24,YCSB_E,240000,250000,10000,10368000,964506.1728395062,700.0,1400.0,2300.0,0,0,40900,0,0,0
YCSB_VALIDATION,YCSB_E,LARS_MONITOR_ONLY,9,6364136223846793005,25,YCSB_E,250000,260000,10000,8659900,1154747.7453550273,700.0,1300.0,2100.0,0,0,10000,0,0,0
YCSB_VALIDATION,YCSB_E,LARS_MONITOR_ONLY,9,6364136223846793005,26,YCSB_E,260000,270000,10000,9523900,1049990.0250947615,700.0,1300.0,2000.0,0,0,22100,0,0,0
YCSB_VALIDATION,YCSB_E,LARS_MONITOR_ONLY,9,6364136223846793005,27,YCSB_E,270000,280000,10000,10642000,939672.9937981582,700.0,1500.0,2300.0,0,0,56200,0,0,0
YCSB_VALIDATION,YCSB_E,LARS_MONITOR_ONLY,9,6364136223846793005,28,YCSB_E,280000,290000,10000,9061400,1103582.2279118018,700.0,1400.0,2100.0,0,0,40800,0,0,0
YCSB_VALIDATION,YCSB_E,LARS_MONITOR_ONLY,9,6364136223846793005,29,YCSB_E,290000,300000,10000,9269300,1078830.1166215355,700.0,1400.0,2100.0,0,0,46400,0,0,0
YCSB_VALIDATION,YCSB_E,STATIC_BPLUS,0,1103515245,0,YCSB_E,0,10000,10000,15809200,632543.0761834881,900.0,3400.0,5400.0,0,0,0,0,0,0
YCSB_VALIDATION,YCSB_E,STATIC_BPLUS,0,1103515245,1,YCSB_E,10000,20000,10000,14746100,678145.4079383701,1000.0,3500.0,5200.0,0,0,0,0,0,0
YCSB_VALIDATION,YCSB_E,STATIC_BPLUS,0,1103515245,2,YCSB_E,20000,30000,10000,43189500,231537.7580198891,900.0,3200.0,5100.0,0,0,0,0,0,0
YCSB_VALIDATION,YCSB_E,STATIC_BPLUS,0,1103515245,3,YCSB_E,30000,40000,10000,9177400,1089633.2294549656,600.0,1800.0,3000.0,0,0,0,0,0,0
YCSB_VALIDATION,YCSB_E,STATIC_BPLUS,0,1103515245,4,YCSB_E,40000,50000,10000,8364200,1195571.6027832907,600.0,1500.0,2500.0,0,0,0,0,0,0
YCSB_VALIDATION,YCSB_E,STATIC_BPLUS,0,1103515245,5,YCSB_E,50000,60000,10000,8003800,1249406.5318973488,600.0,1300.0,2400.0,0,0,0,0,0,0
YCSB_VALIDATION,YCSB_E,STATIC_BPLUS,0,1103515245,6,YCSB_E,60000,70000,10000,8712200,1147815.7067101307,600.0,1500.0,2500.0,0,0,0,0,0,0
YCSB_VALIDATION,YCSB_E,STATIC_BPLUS,0,1103515245,7,YCSB_E,70000,80000,10000,6463400,1547173.314354674,500.0,1200.0,2100.0,0,0,0,0,0,0
YCSB_VALIDATION,YCSB_E,STATIC_BPLUS,0,1103515245,8,YCSB_E,80000,90000,10000,6316500,1583155.2283701417,500.0,1200.0,2100.0,0,0,0,0,0,0
YCSB_VALIDATION,YCSB_E,STATIC_BPLUS,0,1103515245,9,YCSB_E,90000,100000,10000,19912800,502189.5464224017,600.0,1400.0,2600.0,0,0,0,0,0,0
YCSB_VALIDATION,YCSB_E,STATIC_BPLUS,0,1103515245,10,YCSB_E,100000,110000,10000,7216700,1385674.8929566145,500.0,1500.0,2400.0,0,0,0,0,0,0
YCSB_VALIDATION,YCSB_E,STATIC_BPLUS,0,1103515245,11,YCSB_E,110000,120000,10000,6520900,1533530.6476099924,500.0,1300.0,2100.0,0,0,0,0,0,0
YCSB_VALIDATION,YCSB_E,STATIC_BPLUS,0,1103515245,12,YCSB_E,120000,130000,10000,6365200,1571042.543832087,500.0,1200.0,2100.0,0,0,0,0,0,0
YCSB_VALIDATION,YCSB_E,STATIC_BPLUS,0,1103515245,13,YCSB_E,130000,140000,10000,7038200,1420817.8227387685,500.0,1200.0,2000.0,0,0,0,0,0,0
YCSB_VALIDATION,YCSB_E,STATIC_BPLUS,0,1103515245,14,YCSB_E,140000,150000,10000,6200300,1612825.1858781027,500.0,1200.0,2000.0,0,0,0,0,0,0
YCSB_VALIDATION,YCSB_E,STATIC_BPLUS,0,1103515245,15,YCSB_E,150000,160000,10000,7057100,1417012.6539229995,500.0,1500.0,2300.0,0,0,0,0,0,0
YCSB_VALIDATION,YCSB_E,STATIC_BPLUS,0,1103515245,16,YCSB_E,160000,170000,10000,6901700,1448918.3824275178,500.0,1200.0,1900.0,0,0,0,0,0,0
YCSB_VALIDATION,YCSB_E,STATIC_BPLUS,0,1103515245,17,YCSB_E,170000,180000,10000,5821000,1717917.8835251676,500.0,1100.0,2000.0,0,0,0,0,0,0
YCSB_VALIDATION,YCSB_E,STATIC_BPLUS,0,1103515245,18,YCSB_E,180000,190000,10000,5513100,1813861.5298108142,500.0,1000.0,1900.0,0,0,0,0,0,0
YCSB_VALIDATION,YCSB_E,STATIC_BPLUS,0,1103515245,19,YCSB_E,190000,200000,10000,5496700,1819273.3822111448,500.0,1100.0,1800.0,0,0,0,0,0,0
YCSB_VALIDATION,YCSB_E,STATIC_BPLUS,0,1103515245,20,YCSB_E,200000,210000,10000,6132100,1630762.7077183998,500.0,1000.0,1800.0,0,0,0,0,0,0
YCSB_VALIDATION,YCSB_E,STATIC_BPLUS,0,1103515245,21,YCSB_E,210000,220000,10000,5659500,1766940.5424507465,500.0,1100.0,1900.0,0,0,0,0,0,0
YCSB_VALIDATION,YCSB_E,STATIC_BPLUS,0,1103515245,22,YCSB_E,220000,230000,10000,5550600,1801607.0334738586,500.0,1100.0,1800.0,0,0,0,0,0,0
YCSB_VALIDATION,YCSB_E,STATIC_BPLUS,0,1103515245,23,YCSB_E,230000,240000,10000,5901500,1694484.4531051428,500.0,1200.0,1900.0,0,0,0,0,0,0
YCSB_VALIDATION,YCSB_E,STATIC_BPLUS,0,1103515245,24,YCSB_E,240000,250000,10000,7767200,1287465.2384385623,500.0,1500.0,2500.0,0,0,0,0,0,0
YCSB_VALIDATION,YCSB_E,STATIC_BPLUS,0,1103515245,25,YCSB_E,250000,260000,10000,6430000,1555209.9533437013,500.0,1300.0,2200.0,0,0,0,0,0,0
YCSB_VALIDATION,YCSB_E,STATIC_BPLUS,0,1103515245,26,YCSB_E,260000,270000,10000,7382700,1354517.9947715607,500.0,1400.0,2200.0,0,0,0,0,0,0
YCSB_VALIDATION,YCSB_E,STATIC_BPLUS,0,1103515245,27,YCSB_E,270000,280000,10000,8594800,1163494.205798855,600.0,1600.0,2900.0,0,0,0,0,0,0
YCSB_VALIDATION,YCSB_E,STATIC_BPLUS,0,1103515245,28,YCSB_E,280000,290000,10000,6125400,1632546.4459463872,500.0,1200.0,2200.0,0,0,0,0,0,0
YCSB_VALIDATION,YCSB_E,STATIC_BPLUS,0,1103515245,29,YCSB_E,290000,300000,10000,5577000,1793078.7161556392,500.0,1100.0,1800.0,0,0,0,0,0,0
YCSB_VALIDATION,YCSB_E,STATIC_BPLUS,1,214013,0,YCSB_E,0,10000,10000,14280500,700255.5932915515,800.0,3100.0,4700.0,0,0,0,0,0,0
YCSB_VALIDATION,YCSB_E,STATIC_BPLUS,1,214013,1,YCSB_E,10000,20000,10000,12701100,787333.3805733362,800.0,3000.0,4600.0,0,0,0,0,0,0
YCSB_VALIDATION,YCSB_E,STATIC_BPLUS,1,214013,2,YCSB_E,20000,30000,10000,42375800,235983.7454396141,900.0,3300.0,5700.0,0,0,0,0,0,0
YCSB_VALIDATION,YCSB_E,STATIC_BPLUS,1,214013,3,YCSB_E,30000,40000,10000,11741900,851650.9253187304,700.0,2200.0,4400.0,0,0,0,0,0,0
YCSB_VALIDATION,YCSB_E,STATIC_BPLUS,1,214013,4,YCSB_E,40000,50000,10000,10595100,943832.5263565233,700.0,2100.0,4500.0,0,0,0,0,0,0
YCSB_VALIDATION,YCSB_E,STATIC_BPLUS,1,214013,5,YCSB_E,50000,60000,10000,9987700,1001231.5147631586,600.0,2000.0,4200.0,0,0,0,0,0,0
YCSB_VALIDATION,YCSB_E,STATIC_BPLUS,1,214013,6,YCSB_E,60000,70000,10000,9744600,1026209.3877634793,600.0,1900.0,3500.0,0,0,0,0,0,0
YCSB_VALIDATION,YCSB_E,STATIC_BPLUS,1,214013,7,YCSB_E,70000,80000,10000,8022600,1246478.6976790566,600.0,1700.0,3000.0,0,0,0,0,0,0
YCSB_VALIDATION,YCSB_E,STATIC_BPLUS,1,214013,8,YCSB_E,80000,90000,10000,8155700,1226136.3218362618,600.0,1700.0,3300.0,0,0,0,0,0,0
YCSB_VALIDATION,YCSB_E,STATIC_BPLUS,1,214013,9,YCSB_E,90000,100000,10000,20335500,491750.8790046962,700.0,2000.0,4300.0,0,0,0,0,0,0
YCSB_VALIDATION,YCSB_E,STATIC_BPLUS,1,214013,10,YCSB_E,100000,110000,10000,8942500,1118255.521386637,600.0,2000.0,3700.0,0,0,0,0,0,0
YCSB_VALIDATION,YCSB_E,STATIC_BPLUS,1,214013,11,YCSB_E,110000,120000,10000,8262600,1210272.795488103,600.0,1800.0,3000.0,0,0,0,0,0,0
YCSB_VALIDATION,YCSB_E,STATIC_BPLUS,1,214013,12,YCSB_E,120000,130000,10000,8390800,1191781.4749487534,600.0,1900.0,3100.0,0,0,0,0,0,0
YCSB_VALIDATION,YCSB_E,STATIC_BPLUS,1,214013,13,YCSB_E,130000,140000,10000,9311700,1073917.759377987,600.0,1800.0,3100.0,0,0,0,0,0,0
YCSB_VALIDATION,YCSB_E,STATIC_BPLUS,1,214013,14,YCSB_E,140000,150000,10000,7694600,1299612.7154108076,600.0,1700.0,2800.0,0,0,0,0,0,0
YCSB_VALIDATION,YCSB_E,STATIC_BPLUS,1,214013,15,YCSB_E,150000,160000,10000,7739000,1292156.609381057,600.0,1700.0,2700.0,0,0,0,0,0,0
YCSB_VALIDATION,YCSB_E,STATIC_BPLUS,1,214013,16,YCSB_E,160000,170000,10000,8645800,1156630.9653242037,600.0,1600.0,2900.0,0,0,0,0,0,0
YCSB_VALIDATION,YCSB_E,STATIC_BPLUS,1,214013,17,YCSB_E,170000,180000,10000,6441200,1552505.7442712537,500.0,1300.0,2400.0,0,0,0,0,0,0
YCSB_VALIDATION,YCSB_E,STATIC_BPLUS,1,214013,18,YCSB_E,180000,190000,10000,5853900,1708262.8674900495,500.0,1100.0,2000.0,0,0,0,0,0,0
YCSB_VALIDATION,YCSB_E,STATIC_BPLUS,1,214013,19,YCSB_E,190000,200000,10000,5641200,1772672.4810324044,500.0,1100.0,1900.0,0,0,0,0,0,0
YCSB_VALIDATION,YCSB_E,STATIC_BPLUS,1,214013,20,YCSB_E,200000,210000,10000,5610500,1782372.3375813207,500.0,1100.0,1800.0,0,0,0,0,0,0
YCSB_VALIDATION,YCSB_E,STATIC_BPLUS,1,214013,21,YCSB_E,210000,220000,10000,5351800,1868530.2141335625,400.0,1000.0,1700.0,0,0,0,0,0,0
YCSB_VALIDATION,YCSB_E,STATIC_BPLUS,1,214013,22,YCSB_E,220000,230000,10000,5384600,1857148.1632804666,500.0,1000.0,1700.0,0,0,0,0,0,0
YCSB_VALIDATION,YCSB_E,STATIC_BPLUS,1,214013,23,YCSB_E,230000,240000,10000,5561800,1797979.0715236075,500.0,1000.0,1800.0,0,0,0,0,0,0
YCSB_VALIDATION,YCSB_E,STATIC_BPLUS,1,214013,24,YCSB_E,240000,250000,10000,6730400,1485795.7922263164,500.0,1100.0,1900.0,0,0,0,0,0,0
YCSB_VALIDATION,YCSB_E,STATIC_BPLUS,1,214013,25,YCSB_E,250000,260000,10000,5346600,1870347.5105674635,400.0,1000.0,1700.0,0,0,0,0,0,0
YCSB_VALIDATION,YCSB_E,STATIC_BPLUS,1,214013,26,YCSB_E,260000,270000,10000,6436300,1553687.677703028,500.0,1000.0,1900.0,0,0,0,0,0,0
YCSB_VALIDATION,YCSB_E,STATIC_BPLUS,1,214013,27,YCSB_E,270000,280000,10000,6304900,1586067.9788735744,500.0,1100.0,1900.0,0,0,0,0,0,0
YCSB_VALIDATION,YCSB_E,STATIC_BPLUS,1,214013,28,YCSB_E,280000,290000,10000,5475500,1826317.2313030774,500.0,1000.0,1800.0,0,0,0,0,0,0
YCSB_VALIDATION,YCSB_E,STATIC_BPLUS,1,214013,29,YCSB_E,290000,300000,10000,5464700,1829926.6199425403,500.0,1000.0,1700.0,0,0,0,0,0,0
YCSB_VALIDATION,YCSB_E,STATIC_BPLUS,2,1664525,0,YCSB_E,0,10000,10000,17399600,574725.8557667992,1000.0,3700.0,5700.0,0,0,0,0,0,0
YCSB_VALIDATION,YCSB_E,STATIC_BPLUS,2,1664525,1,YCSB_E,10000,20000,10000,11140500,897625.7798123962,800.0,2400.0,3700.0,0,0,0,0,0,0
YCSB_VALIDATION,YCSB_E,STATIC_BPLUS,2,1664525,2,YCSB_E,20000,30000,10000,38423700,260256.03989204578,800.0,2400.0,3900.0,0,0,0,0,0,0
YCSB_VALIDATION,YCSB_E,STATIC_BPLUS,2,1664525,3,YCSB_E,30000,40000,10000,7338300,1362713.4349917555,500.0,1100.0,2100.0,0,0,0,0,0,0
YCSB_VALIDATION,YCSB_E,STATIC_BPLUS,2,1664525,4,YCSB_E,40000,50000,10000,7276200,1374343.7508589649,500.0,1200.0,2000.0,0,0,0,0,0,0
YCSB_VALIDATION,YCSB_E,STATIC_BPLUS,2,1664525,5,YCSB_E,50000,60000,10000,6849800,1459896.6393179363,500.0,1100.0,1800.0,0,0,0,0,0,0
YCSB_VALIDATION,YCSB_E,STATIC_BPLUS,2,1664525,6,YCSB_E,60000,70000,10000,8784400,1138381.6766085334,600.0,1400.0,2300.0,0,0,0,0,0,0
YCSB_VALIDATION,YCSB_E,STATIC_BPLUS,2,1664525,7,YCSB_E,70000,80000,10000,6047600,1653548.5151134334,500.0,1200.0,2000.0,0,0,0,0,0,0
YCSB_VALIDATION,YCSB_E,STATIC_BPLUS,2,1664525,8,YCSB_E,80000,90000,10000,7734000,1292991.9834497026,600.0,1300.0,2100.0,0,0,0,0,0,0
YCSB_VALIDATION,YCSB_E,STATIC_BPLUS,2,1664525,9,YCSB_E,90000,100000,10000,17969300,556504.7052472829,500.0,1300.0,2200.0,0,0,0,0,0,0
YCSB_VALIDATION,YCSB_E,STATIC_BPLUS,2,1664525,10,YCSB_E,100000,110000,10000,6165800,1621849.557235071,500.0,1200.0,2000.0,0,0,0,0,0,0
YCSB_VALIDATION,YCSB_E,STATIC_BPLUS,2,1664525,11,YCSB_E,110000,120000,10000,6156100,1624405.061646172,500.0,1200.0,2000.0,0,0,0,0,0,0
YCSB_VALIDATION,YCSB_E,STATIC_BPLUS,2,1664525,12,YCSB_E,120000,130000,10000,5840000,1712328.7671232878,500.0,1000.0,1800.0,0,0,0,0,0,0
YCSB_VALIDATION,YCSB_E,STATIC_BPLUS,2,1664525,13,YCSB_E,130000,140000,10000,7435000,1344989.9125756556,500.0,1200.0,2100.0,0,0,0,0,0,0
YCSB_VALIDATION,YCSB_E,STATIC_BPLUS,2,1664525,14,YCSB_E,140000,150000,10000,6641200,1505751.972535084,500.0,1300.0,2300.0,0,0,0,0,0,0
YCSB_VALIDATION,YCSB_E,STATIC_BPLUS,2,1664525,15,YCSB_E,150000,160000,10000,6679300,1497162.876349318,500.0,1300.0,2200.0,0,0,0,0,0,0
YCSB_VALIDATION,YCSB_E,STATIC_BPLUS,2,1664525,16,YCSB_E,160000,170000,10000,7081400,1412150.1398028638,500.0,1200.0,2000.0,0,0,0,0,0,0
YCSB_VALIDATION,YCSB_E,STATIC_BPLUS,2,1664525,17,YCSB_E,170000,180000,10000,5784500,1728757.8874578616,500.0,1100.0,2000.0,0,0,0,0,0,0
YCSB_VALIDATION,YCSB_E,STATIC_BPLUS,2,1664525,18,YCSB_E,180000,190000,10000,5386700,1856424.1557911152,500.0,1000.0,1800.0,0,0,0,0,0,0
YCSB_VALIDATION,YCSB_E,STATIC_BPLUS,2,1664525,19,YCSB_E,190000,200000,10000,5917900,1689788.6074452086,500.0,1200.0,2000.0,0,0,0,0,0,0
YCSB_VALIDATION,YCSB_E,STATIC_BPLUS,2,1664525,20,YCSB_E,200000,210000,10000,5631200,1775820.4290382157,500.0,1100.0,1800.0,0,0,0,0,0,0
YCSB_VALIDATION,YCSB_E,STATIC_BPLUS,2,1664525,21,YCSB_E,210000,220000,10000,5654000,1768659.3562079943,500.0,1100.0,1900.0,0,0,0,0,0,0
YCSB_VALIDATION,YCSB_E,STATIC_BPLUS,2,1664525,22,YCSB_E,220000,230000,10000,5666100,1764882.3705900002,500.0,1100.0,1900.0,0,0,0,0,0,0
YCSB_VALIDATION,YCSB_E,STATIC_BPLUS,2,1664525,23,YCSB_E,230000,240000,10000,5526300,1809528.9796066084,500.0,1100.0,1800.0,0,0,0,0,0,0
YCSB_VALIDATION,YCSB_E,STATIC_BPLUS,2,1664525,24,YCSB_E,240000,250000,10000,6977900,1433095.917109732,500.0,1200.0,2100.0,0,0,0,0,0,0
YCSB_VALIDATION,YCSB_E,STATIC_BPLUS,2,1664525,25,YCSB_E,250000,260000,10000,5591300,1788492.8370861874,500.0,1100.0,1900.0,0,0,0,0,0,0
YCSB_VALIDATION,YCSB_E,STATIC_BPLUS,2,1664525,26,YCSB_E,260000,270000,10000,6563400,1523600.5728738154,500.0,1100.0,1900.0,0,0,0,0,0,0
YCSB_VALIDATION,YCSB_E,STATIC_BPLUS,2,1664525,27,YCSB_E,270000,280000,10000,6640800,1505842.6695578846,500.0,1100.0,1800.0,0,0,0,0,0,0
YCSB_VALIDATION,YCSB_E,STATIC_BPLUS,2,1664525,28,YCSB_E,280000,290000,10000,5620000,1779359.4306049822,500.0,1100.0,1900.0,0,0,0,0,0,0
YCSB_VALIDATION,YCSB_E,STATIC_BPLUS,2,1664525,29,YCSB_E,290000,300000,10000,5543600,1803881.9539649326,500.0,1000.0,1800.0,0,0,0,0,0,0
YCSB_VALIDATION,YCSB_E,STATIC_BPLUS,3,22695477,0,YCSB_E,0,10000,10000,17352700,576279.1957447544,1200.0,3800.0,6300.0,0,0,0,0,0,0
YCSB_VALIDATION,YCSB_E,STATIC_BPLUS,3,22695477,1,YCSB_E,10000,20000,10000,14793600,675967.9861561756,1100.0,3200.0,4900.0,0,0,0,0,0,0
YCSB_VALIDATION,YCSB_E,STATIC_BPLUS,3,22695477,2,YCSB_E,20000,30000,10000,35903400,278525.1536066222,800.0,2700.0,3800.0,0,0,0,0,0,0
YCSB_VALIDATION,YCSB_E,STATIC_BPLUS,3,22695477,3,YCSB_E,30000,40000,10000,8921500,1120887.7430925292,600.0,1700.0,2800.0,0,0,0,0,0,0
YCSB_VALIDATION,YCSB_E,STATIC_BPLUS,3,22695477,4,YCSB_E,40000,50000,10000,7461400,1340231.0558340258,500.0,1200.0,2100.0,0,0,0,0,0,0
YCSB_VALIDATION,YCSB_E,STATIC_BPLUS,3,22695477,5,YCSB_E,50000,60000,10000,7675900,1302778.8272384997,500.0,1300.0,2200.0,0,0,0,0,0,0
YCSB_VALIDATION,YCSB_E,STATIC_BPLUS,3,22695477,6,YCSB_E,60000,70000,10000,8585200,1164795.228998742,600.0,1400.0,2200.0,0,0,0,0,0,0
YCSB_VALIDATION,YCSB_E,STATIC_BPLUS,3,22695477,7,YCSB_E,70000,80000,10000,5973400,1674088.4588341648,500.0,1100.0,2000.0,0,0,0,0,0,0
YCSB_VALIDATION,YCSB_E,STATIC_BPLUS,3,22695477,8,YCSB_E,80000,90000,10000,5987600,1670118.2443717015,500.0,1100.0,1900.0,0,0,0,0,0,0
YCSB_VALIDATION,YCSB_E,STATIC_BPLUS,3,22695477,9,YCSB_E,90000,100000,10000,15610300,640602.6790004036,500.0,1200.0,2300.0,0,0,0,0,0,0
YCSB_VALIDATION,YCSB_E,STATIC_BPLUS,3,22695477,10,YCSB_E,100000,110000,10000,6239700,1602641.152619517,500.0,1200.0,2000.0,0,0,0,0,0,0
YCSB_VALIDATION,YCSB_E,STATIC_BPLUS,3,22695477,11,YCSB_E,110000,120000,10000,6806600,1469162.2836658538,500.0,1100.0,1900.0,0,0,0,0,0,0
YCSB_VALIDATION,YCSB_E,STATIC_BPLUS,3,22695477,12,YCSB_E,120000,130000,10000,5873600,1702533.3696540452,500.0,1100.0,1800.0,0,0,0,0,0,0
YCSB_VALIDATION,YCSB_E,STATIC_BPLUS,3,22695477,13,YCSB_E,130000,140000,10000,6727000,1486546.7518953471,500.0,1100.0,1900.0,0,0,0,0,0,0
YCSB_VALIDATION,YCSB_E,STATIC_BPLUS,3,22695477,14,YCSB_E,140000,150000,10000,5870300,1703490.4519360168,500.0,1100.0,1900.0,0,0,0,0,0,0
YCSB_VALIDATION,YCSB_E,STATIC_BPLUS,3,22695477,15,YCSB_E,150000,160000,10000,6285300,1591013.9531923695,500.0,1200.0,2100.0,0,0,0,0,0,0
YCSB_VALIDATION,YCSB_E,STATIC_BPLUS,3,22695477,16,YCSB_E,160000,170000,10000,6526800,1532144.3892872464,500.0,1000.0,1800.0,0,0,0,0,0,0
YCSB_VALIDATION,YCSB_E,STATIC_BPLUS,3,22695477,17,YCSB_E,170000,180000,10000,5568700,1795751.2525364987,500.0,1000.0,1900.0,0,0,0,0,0,0
YCSB_VALIDATION,YCSB_E,STATIC_BPLUS,3,22695477,18,YCSB_E,180000,190000,10000,5255500,1902768.5282085435,400.0,1000.0,1700.0,0,0,0,0,0,0
YCSB_VALIDATION,YCSB_E,STATIC_BPLUS,3,22695477,19,YCSB_E,190000,200000,10000,5310900,1882920.0323862245,400.0,1000.0,1700.0,0,0,0,0,0,0
YCSB_VALIDATION,YCSB_E,STATIC_BPLUS,3,22695477,20,YCSB_E,200000,210000,10000,5132300,1948444.1673323852,400.0,1000.0,1700.0,0,0,0,0,0,0
YCSB_VALIDATION,YCSB_E,STATIC_BPLUS,3,22695477,21,YCSB_E,210000,220000,10000,5085400,1966413.6547764188,400.0,1000.0,1600.0,0,0,0,0,0,0
YCSB_VALIDATION,YCSB_E,STATIC_BPLUS,3,22695477,22,YCSB_E,220000,230000,10000,5319000,1880052.6414739613,400.0,1000.0,1700.0,0,0,0,0,0,0
YCSB_VALIDATION,YCSB_E,STATIC_BPLUS,3,22695477,23,YCSB_E,230000,240000,10000,5150500,1941559.0719347636,400.0,900.0,1700.0,0,0,0,0,0,0
YCSB_VALIDATION,YCSB_E,STATIC_BPLUS,3,22695477,24,YCSB_E,240000,250000,10000,6632200,1507795.3017098398,500.0,1000.0,1800.0,0,0,0,0,0,0
YCSB_VALIDATION,YCSB_E,STATIC_BPLUS,3,22695477,25,YCSB_E,250000,260000,10000,5402500,1850994.9097639981,500.0,1100.0,1800.0,0,0,0,0,0,0
YCSB_VALIDATION,YCSB_E,STATIC_BPLUS,3,22695477,26,YCSB_E,260000,270000,10000,6155000,1624695.3696181965,400.0,1000.0,1700.0,0,0,0,0,0,0
YCSB_VALIDATION,YCSB_E,STATIC_BPLUS,3,22695477,27,YCSB_E,270000,280000,10000,6243200,1601742.696053306,500.0,1100.0,1800.0,0,0,0,0,0,0
YCSB_VALIDATION,YCSB_E,STATIC_BPLUS,3,22695477,28,YCSB_E,280000,290000,10000,5286800,1891503.366875993,400.0,1000.0,1700.0,0,0,0,0,0,0
YCSB_VALIDATION,YCSB_E,STATIC_BPLUS,3,22695477,29,YCSB_E,290000,300000,10000,5261100,1900743.1905875197,400.0,900.0,1700.0,0,0,0,0,0,0
YCSB_VALIDATION,YCSB_E,STATIC_BPLUS,4,69069,0,YCSB_E,0,10000,10000,18069300,553424.8698067993,1200.0,3800.0,6200.0,0,0,0,0,0,0
YCSB_VALIDATION,YCSB_E,STATIC_BPLUS,4,69069,1,YCSB_E,10000,20000,10000,15476800,646128.3986353768,1100.0,3600.0,5600.0,0,0,0,0,0,0
YCSB_VALIDATION,YCSB_E,STATIC_BPLUS,4,69069,2,YCSB_E,20000,30000,10000,37862500,264113.5688345989,800.0,2700.0,4200.0,0,0,0,0,0,0
YCSB_VALIDATION,YCSB_E,STATIC_BPLUS,4,69069,3,YCSB_E,30000,40000,10000,8864900,1128044.3095804802,600.0,1700.0,2700.0,0,0,0,0,0,0
YCSB_VALIDATION,YCSB_E,STATIC_BPLUS,4,69069,4,YCSB_E,40000,50000,10000,7943900,1258827.5280403832,500.0,1300.0,2200.0,0,0,0,0,0,0
YCSB_VALIDATION,YCSB_E,STATIC_BPLUS,4,69069,5,YCSB_E,50000,60000,10000,8046500,1242776.3623935874,500.0,1400.0,2400.0,0,0,0,0,0,0
YCSB_VALIDATION,YCSB_E,STATIC_BPLUS,4,69069,6,YCSB_E,60000,70000,10000,7868000,1270971.0218607015,500.0,1300.0,2200.0,0,0,0,0,0,0
YCSB_VALIDATION,YCSB_E,STATIC_BPLUS,4,69069,7,YCSB_E,70000,80000,10000,6359200,1572524.845892565,500.0,1100.0,2100.0,0,0,0,0,0,0
YCSB_VALIDATION,YCSB_E,STATIC_BPLUS,4,69069,8,YCSB_E,80000,90000,10000,6122400,1633346.400104534,500.0,1200.0,2000.0,0,0,0,0,0,0
YCSB_VALIDATION,YCSB_E,STATIC_BPLUS,4,69069,9,YCSB_E,90000,100000,10000,19610400,509933.5046709909,500.0,1400.0,2500.0,0,0,0,0,0,0
YCSB_VALIDATION,YCSB_E,STATIC_BPLUS,4,69069,10,YCSB_E,100000,110000,10000,6431600,1554823.0611356427,500.0,1200.0,2100.0,0,0,0,0,0,0
YCSB_VALIDATION,YCSB_E,STATIC_BPLUS,4,69069,11,YCSB_E,110000,120000,10000,6285600,1590938.0170548556,500.0,1200.0,2100.0,0,0,0,0,0,0
YCSB_VALIDATION,YCSB_E,STATIC_BPLUS,4,69069,12,YCSB_E,120000,130000,10000,6075000,1646090.534979424,500.0,1100.0,2000.0,0,0,0,0,0,0
YCSB_VALIDATION,YCSB_E,STATIC_BPLUS,4,69069,13,YCSB_E,130000,140000,10000,7180300,1392699.4693815021,500.0,1300.0,2000.0,0,0,0,0,0,0
YCSB_VALIDATION,YCSB_E,STATIC_BPLUS,4,69069,14,YCSB_E,140000,150000,10000,6631000,1508068.1646810435,500.0,1300.0,2200.0,0,0,0,0,0,0
YCSB_VALIDATION,YCSB_E,STATIC_BPLUS,4,69069,15,YCSB_E,150000,160000,10000,6868300,1455964.3579925164,500.0,1400.0,2200.0,0,0,0,0,0,0
YCSB_VALIDATION,YCSB_E,STATIC_BPLUS,4,69069,16,YCSB_E,160000,170000,10000,6838300,1462351.754090929,500.0,1100.0,1900.0,0,0,0,0,0,0
YCSB_VALIDATION,YCSB_E,STATIC_BPLUS,4,69069,17,YCSB_E,170000,180000,10000,5924200,1687991.6275615273,500.0,1200.0,1900.0,0,0,0,0,0,0
YCSB_VALIDATION,YCSB_E,STATIC_BPLUS,4,69069,18,YCSB_E,180000,190000,10000,5766500,1734154.1663053846,500.0,1100.0,1900.0,0,0,0,0,0,0
YCSB_VALIDATION,YCSB_E,STATIC_BPLUS,4,69069,19,YCSB_E,190000,200000,10000,5797100,1725000.4312501077,500.0,1100.0,1900.0,0,0,0,0,0,0
YCSB_VALIDATION,YCSB_E,STATIC_BPLUS,4,69069,20,YCSB_E,200000,210000,10000,5697700,1755094.160801727,500.0,1100.0,1900.0,0,0,0,0,0,0
YCSB_VALIDATION,YCSB_E,STATIC_BPLUS,4,69069,21,YCSB_E,210000,220000,10000,5599100,1786001.321640978,500.0,1000.0,1900.0,0,0,0,0,0,0
YCSB_VALIDATION,YCSB_E,STATIC_BPLUS,4,69069,22,YCSB_E,220000,230000,10000,5490800,1821228.236322576,500.0,1000.0,1700.0,0,0,0,0,0,0
YCSB_VALIDATION,YCSB_E,STATIC_BPLUS,4,69069,23,YCSB_E,230000,240000,10000,5533200,1807272.4643967324,500.0,1000.0,1800.0,0,0,0,0,0,0
YCSB_VALIDATION,YCSB_E,STATIC_BPLUS,4,69069,24,YCSB_E,240000,250000,10000,6926700,1443688.9139128302,500.0,1200.0,2000.0,0,0,0,0,0,0
YCSB_VALIDATION,YCSB_E,STATIC_BPLUS,4,69069,25,YCSB_E,250000,260000,10000,5687000,1758396.3425356075,500.0,1100.0,1800.0,0,0,0,0,0,0
YCSB_VALIDATION,YCSB_E,STATIC_BPLUS,4,69069,26,YCSB_E,260000,270000,10000,6583000,1519064.2564180465,500.0,1100.0,1900.0,0,0,0,0,0,0
YCSB_VALIDATION,YCSB_E,STATIC_BPLUS,4,69069,27,YCSB_E,270000,280000,10000,6512200,1535579.3740978471,500.0,1100.0,1900.0,0,0,0,0,0,0
YCSB_VALIDATION,YCSB_E,STATIC_BPLUS,4,69069,28,YCSB_E,280000,290000,10000,5429500,1841790.2200939313,500.0,1000.0,1700.0,0,0,0,0,0,0
YCSB_VALIDATION,YCSB_E,STATIC_BPLUS,4,69069,29,YCSB_E,290000,300000,10000,5486700,1822589.1701751507,500.0,1000.0,1800.0,0,0,0,0,0,0
YCSB_VALIDATION,YCSB_E,STATIC_BPLUS,5,48271,0,YCSB_E,0,10000,10000,18516400,540061.783067983,1200.0,3800.0,6700.0,0,0,0,0,0,0
YCSB_VALIDATION,YCSB_E,STATIC_BPLUS,5,48271,1,YCSB_E,10000,20000,10000,15323900,652575.3887717879,1200.0,2800.0,4700.0,0,0,0,0,0,0
YCSB_VALIDATION,YCSB_E,STATIC_BPLUS,5,48271,2,YCSB_E,20000,30000,10000,39736000,251660.96235152002,800.0,2900.0,4600.0,0,0,0,0,0,0
YCSB_VALIDATION,YCSB_E,STATIC_BPLUS,5,48271,3,YCSB_E,30000,40000,10000,9069300,1102620.9299504922,600.0,1700.0,2900.0,0,0,0,0,0,0
YCSB_VALIDATION,YCSB_E,STATIC_BPLUS,5,48271,4,YCSB_E,40000,50000,10000,9099000,1099021.8705352237,600.0,1700.0,2700.0,0,0,0,0,0,0
YCSB_VALIDATION,YCSB_E,STATIC_BPLUS,5,48271,5,YCSB_E,50000,60000,10000,8524800,1173048.048048048,600.0,1500.0,2500.0,0,0,0,0,0,0
YCSB_VALIDATION,YCSB_E,STATIC_BPLUS,5,48271,6,YCSB_E,60000,70000,10000,7777100,1285826.33629502,500.0,1300.0,2200.0,0,0,0,0,0,0
YCSB_VALIDATION,YCSB_E,STATIC_BPLUS,5,48271,7,YCSB_E,70000,80000,10000,6100300,1639263.6427716669,500.0,1200.0,2000.0,0,0,0,0,0,0
YCSB_VALIDATION,YCSB_E,STATIC_BPLUS,5,48271,8,YCSB_E,80000,90000,10000,5958900,1678162.0768933864,500.0,1100.0,2000.0,0,0,0,0,0,0
YCSB_VALIDATION,YCSB_E,STATIC_BPLUS,5,48271,9,YCSB_E,90000,100000,10000,16097100,621229.9109777538,500.0,1200.0,2200.0,0,0,0,0,0,0
YCSB_VALIDATION,YCSB_E,STATIC_BPLUS,5,48271,10,YCSB_E,100000,110000,10000,6453800,1549474.7280671853,500.0,1200.0,2100.0,0,0,0,0,0,0
YCSB_VALIDATION,YCSB_E,STATIC_BPLUS,5,48271,11,YCSB_E,110000,120000,10000,5996600,1667611.6465997398,500.0,1200.0,1900.0,0,0,0,0,0,0
YCSB_VALIDATION,YCSB_E,STATIC_BPLUS,5,48271,12,YCSB_E,120000,130000,10000,5707900,1751957.8128558665,500.0,1100.0,1800.0,0,0,0,0,0,0
YCSB_VALIDATION,YCSB_E,STATIC_BPLUS,5,48271,13,YCSB_E,130000,140000,10000,8105500,1233730.1832089322,500.0,1400.0,2500.0,0,0,0,0,0,0
YCSB_VALIDATION,YCSB_E,STATIC_BPLUS,5,48271,14,YCSB_E,140000,150000,10000,5944300,1682283.8685799842,500.0,1100.0,2000.0,0,0,0,0,0,0
YCSB_VALIDATION,YCSB_E,STATIC_BPLUS,5,48271,15,YCSB_E,150000,160000,10000,7456300,1341147.7542480854,500.0,1500.0,2600.0,0,0,0,0,0,0
YCSB_VALIDATION,YCSB_E,STATIC_BPLUS,5,48271,16,YCSB_E,160000,170000,10000,6877100,1454101.2926960492,500.0,1100.0,2100.0,0,0,0,0,0,0
YCSB_VALIDATION,YCSB_E,STATIC_BPLUS,5,48271,17,YCSB_E,170000,180000,10000,5992000,1668891.8558077437,500.0,1200.0,2100.0,0,0,0,0,0,0
YCSB_VALIDATION,YCSB_E,STATIC_BPLUS,5,48271,18,YCSB_E,180000,190000,10000,5772100,1732471.7173992135,500.0,1200.0,2000.0,0,0,0,0,0,0
YCSB_VALIDATION,YCSB_E,STATIC_BPLUS,5,48271,19,YCSB_E,190000,200000,10000,5743400,1741128.9480098896,500.0,1200.0,1900.0,0,0,0,0,0,0
YCSB_VALIDATION,YCSB_E,STATIC_BPLUS,5,48271,20,YCSB_E,200000,210000,10000,5593600,1787757.4370709383,500.0,1100.0,1900.0,0,0,0,0,0,0
YCSB_VALIDATION,YCSB_E,STATIC_BPLUS,5,48271,21,YCSB_E,210000,220000,10000,5629100,1776482.9191167327,500.0,1100.0,1900.0,0,0,0,0,0,0
YCSB_VALIDATION,YCSB_E,STATIC_BPLUS,5,48271,22,YCSB_E,220000,230000,10000,6024000,1660026.5604249667,500.0,1200.0,2000.0,0,0,0,0,0,0
YCSB_VALIDATION,YCSB_E,STATIC_BPLUS,5,48271,23,YCSB_E,230000,240000,10000,7236000,1381978.9939192925,600.0,1400.0,2400.0,0,0,0,0,0,0
YCSB_VALIDATION,YCSB_E,STATIC_BPLUS,5,48271,24,YCSB_E,240000,250000,10000,8014900,1247676.2030717789,500.0,1400.0,2400.0,0,0,0,0,0,0
YCSB_VALIDATION,YCSB_E,STATIC_BPLUS,5,48271,25,YCSB_E,250000,260000,10000,5984100,1671095.0685984525,500.0,1200.0,2100.0,0,0,0,0,0,0
YCSB_VALIDATION,YCSB_E,STATIC_BPLUS,5,48271,26,YCSB_E,260000,270000,10000,7856600,1272815.212687422,500.0,1500.0,2400.0,0,0,0,0,0,0
YCSB_VALIDATION,YCSB_E,STATIC_BPLUS,5,48271,27,YCSB_E,270000,280000,10000,7394200,1352411.3494360445,500.0,1300.0,2300.0,0,0,0,0,0,0
YCSB_VALIDATION,YCSB_E,STATIC_BPLUS,5,48271,28,YCSB_E,280000,290000,10000,6376700,1568209.2618439004,500.0,1300.0,2300.0,0,0,0,0,0,0
YCSB_VALIDATION,YCSB_E,STATIC_BPLUS,5,48271,29,YCSB_E,290000,300000,10000,5770200,1733042.182246716,500.0,1100.0,1900.0,0,0,0,0,0,0
YCSB_VALIDATION,YCSB_E,STATIC_BPLUS,6,134775813,0,YCSB_E,0,10000,10000,15260300,655295.1121537584,900.0,3400.0,5200.0,0,0,0,0,0,0
YCSB_VALIDATION,YCSB_E,STATIC_BPLUS,6,134775813,1,YCSB_E,10000,20000,10000,11939400,837563.026617753,800.0,2800.0,4200.0,0,0,0,0,0,0
YCSB_VALIDATION,YCSB_E,STATIC_BPLUS,6,134775813,2,YCSB_E,20000,30000,10000,44156100,226469.27604566526,700.0,2700.0,4000.0,0,0,0,0,0,0
YCSB_VALIDATION,YCSB_E,STATIC_BPLUS,6,134775813,3,YCSB_E,30000,40000,10000,7811000,1280245.8071949815,500.0,1400.0,2300.0,0,0,0,0,0,0
YCSB_VALIDATION,YCSB_E,STATIC_BPLUS,6,134775813,4,YCSB_E,40000,50000,10000,7028200,1422839.4183432458,500.0,1100.0,1900.0,0,0,0,0,0,0
YCSB_VALIDATION,YCSB_E,STATIC_BPLUS,6,134775813,5,YCSB_E,50000,60000,10000,6905300,1448163.0052278684,500.0,1100.0,1800.0,0,0,0,0,0,0
YCSB_VALIDATION,YCSB_E,STATIC_BPLUS,6,134775813,6,YCSB_E,60000,70000,10000,7504700,1332498.3010646661,500.0,1200.0,2100.0,0,0,0,0,0,0
YCSB_VALIDATION,YCSB_E,STATIC_BPLUS,6,134775813,7,YCSB_E,70000,80000,10000,5864100,1705291.519585273,500.0,1100.0,1800.0,0,0,0,0,0,0
YCSB_VALIDATION,YCSB_E,STATIC_BPLUS,6,134775813,8,YCSB_E,80000,90000,10000,5904700,1693566.1422256846,500.0,1100.0,1800.0,0,0,0,0,0,0
YCSB_VALIDATION,YCSB_E,STATIC_BPLUS,6,134775813,9,YCSB_E,90000,100000,10000,16276100,614397.797998292,500.0,1200.0,2300.0,0,0,0,0,0,0
YCSB_VALIDATION,YCSB_E,STATIC_BPLUS,6,134775813,10,YCSB_E,100000,110000,10000,6309800,1584836.2864116137,500.0,1100.0,1800.0,0,0,0,0,0,0
YCSB_VALIDATION,YCSB_E,STATIC_BPLUS,6,134775813,11,YCSB_E,110000,120000,10000,6042900,1654834.5992818018,500.0,1100.0,1800.0,0,0,0,0,0,0
YCSB_VALIDATION,YCSB_E,STATIC_BPLUS,6,134775813,12,YCSB_E,120000,130000,10000,5939100,1683756.7981680727,500.0,1100.0,1700.0,0,0,0,0,0,0
YCSB_VALIDATION,YCSB_E,STATIC_BPLUS,6,134775813,13,YCSB_E,130000,140000,10000,7098500,1408748.3271113615,500.0,1200.0,1900.0,0,0,0,0,0,0
YCSB_VALIDATION,YCSB_E,STATIC_BPLUS,6,134775813,14,YCSB_E,140000,150000,10000,6152100,1625461.2246224866,500.0,1100.0,1900.0,0,0,0,0,0,0
YCSB_VALIDATION,YCSB_E,STATIC_BPLUS,6,134775813,15,YCSB_E,150000,160000,10000,6203300,1612045.201747457,500.0,1200.0,2000.0,0,0,0,0,0,0
YCSB_VALIDATION,YCSB_E,STATIC_BPLUS,6,134775813,16,YCSB_E,160000,170000,10000,7351400,1360285.1157602633,500.0,1100.0,1800.0,0,0,0,0,0,0
YCSB_VALIDATION,YCSB_E,STATIC_BPLUS,6,134775813,17,YCSB_E,170000,180000,10000,5806400,1722237.5310002756,500.0,1100.0,1900.0,0,0,0,0,0,0
YCSB_VALIDATION,YCSB_E,STATIC_BPLUS,6,134775813,18,YCSB_E,180000,190000,10000,5381000,1858390.633711206,500.0,1000.0,1800.0,0,0,0,0,0,0
YCSB_VALIDATION,YCSB_E,STATIC_BPLUS,6,134775813,19,YCSB_E,190000,200000,10000,5409300,1848668.0346810124,500.0,1000.0,1700.0,0,0,0,0,0,0
YCSB_VALIDATION,YCSB_E,STATIC_BPLUS,6,134775813,20,YCSB_E,200000,210000,10000,5462300,1830730.64460026,500.0,1000.0,1800.0,0,0,0,0,0,0
YCSB_VALIDATION,YCSB_E,STATIC_BPLUS,6,134775813,21,YCSB_E,210000,220000,10000,5378600,1859219.871341985,500.0,1000.0,1800.0,0,0,0,0,0,0
YCSB_VALIDATION,YCSB_E,STATIC_BPLUS,6,134775813,22,YCSB_E,220000,230000,10000,5656900,1767752.6560483656,500.0,1100.0,1900.0,0,0,0,0,0,0
YCSB_VALIDATION,YCSB_E,STATIC_BPLUS,6,134775813,23,YCSB_E,230000,240000,10000,5784200,1728847.5502230213,500.0,1100.0,1900.0,0,0,0,0,0,0
YCSB_VALIDATION,YCSB_E,STATIC_BPLUS,6,134775813,24,YCSB_E,240000,250000,10000,7391400,1352923.6680466488,500.0,1200.0,2100.0,0,0,0,0,0,0
YCSB_VALIDATION,YCSB_E,STATIC_BPLUS,6,134775813,25,YCSB_E,250000,260000,10000,5743300,1741159.2638378632,500.0,1100.0,1900.0,0,0,0,0,0,0
YCSB_VALIDATION,YCSB_E,STATIC_BPLUS,6,134775813,26,YCSB_E,260000,270000,10000,6347300,1575473.0357789926,500.0,1000.0,1900.0,0,0,0,0,0,0
YCSB_VALIDATION,YCSB_E,STATIC_BPLUS,6,134775813,27,YCSB_E,270000,280000,10000,6578000,1520218.9115232592,500.0,1100.0,1900.0,0,0,0,0,0,0
YCSB_VALIDATION,YCSB_E,STATIC_BPLUS,6,134775813,28,YCSB_E,280000,290000,10000,6879300,1453636.2711322373,500.0,1200.0,2200.0,0,0,0,0,0,0
YCSB_VALIDATION,YCSB_E,STATIC_BPLUS,6,134775813,29,YCSB_E,290000,300000,10000,6661000,1501276.0846719712,500.0,1200.0,2200.0,0,0,0,0,0,0
YCSB_VALIDATION,YCSB_E,STATIC_BPLUS,7,16807,0,YCSB_E,0,10000,10000,13443500,743853.907092647,800.0,2800.0,4600.0,0,0,0,0,0,0
YCSB_VALIDATION,YCSB_E,STATIC_BPLUS,7,16807,1,YCSB_E,10000,20000,10000,10646300,939293.4634567878,700.0,2300.0,3700.0,0,0,0,0,0,0
YCSB_VALIDATION,YCSB_E,STATIC_BPLUS,7,16807,2,YCSB_E,20000,30000,10000,38992200,256461.5487200004,700.0,2700.0,3900.0,0,0,0,0,0,0
YCSB_VALIDATION,YCSB_E,STATIC_BPLUS,7,16807,3,YCSB_E,30000,40000,10000,8926600,1120247.3506150157,600.0,1700.0,2700.0,0,0,0,0,0,0
YCSB_VALIDATION,YCSB_E,STATIC_BPLUS,7,16807,4,YCSB_E,40000,50000,10000,8071000,1239003.840911907,500.0,1500.0,2500.0,0,0,0,0,0,0
YCSB_VALIDATION,YCSB_E,STATIC_BPLUS,7,16807,5,YCSB_E,50000,60000,10000,7047800,1418882.4881523312,500.0,1100.0,2000.0,0,0,0,0,0,0
YCSB_VALIDATION,YCSB_E,STATIC_BPLUS,7,16807,6,YCSB_E,60000,70000,10000,7517700,1330194.0753155886,500.0,1200.0,2200.0,0,0,0,0,0,0
YCSB_VALIDATION,YCSB_E,STATIC_BPLUS,7,16807,7,YCSB_E,70000,80000,10000,5895000,1696352.8413910093,500.0,1100.0,2000.0,0,0,0,0,0,0
YCSB_VALIDATION,YCSB_E,STATIC_BPLUS,7,16807,8,YCSB_E,80000,90000,10000,6161800,1622902.3986497452,500.0,1100.0,2000.0,0,0,0,0,0,0
YCSB_VALIDATION,YCSB_E,STATIC_BPLUS,7,16807,9,YCSB_E,90000,100000,10000,18076600,553201.3763650244,500.0,1400.0,2400.0,0,0,0,0,0,0
YCSB_VALIDATION,YCSB_E,STATIC_BPLUS,7,16807,10,YCSB_E,100000,110000,10000,7115100,1405461.6238703602,500.0,1400.0,2300.0,0,0,0,0,0,0
YCSB_VALIDATION,YCSB_E,STATIC_BPLUS,7,16807,11,YCSB_E,110000,120000,10000,6245900,1601050.2889895772,500.0,1200.0,2000.0,0,0,0,0,0,0
YCSB_VALIDATION,YCSB_E,STATIC_BPLUS,7,16807,12,YCSB_E,120000,130000,10000,5862200,1705844.2223056192,500.0,1100.0,1800.0,0,0,0,0,0,0
YCSB_VALIDATION,YCSB_E,STATIC_BPLUS,7,16807,13,YCSB_E,130000,140000,10000,7030300,1422414.4062131061,500.0,1200.0,1900.0,0,0,0,0,0,0
YCSB_VALIDATION,YCSB_E,STATIC_BPLUS,7,16807,14,YCSB_E,140000,150000,10000,6315000,1583531.2747426762,500.0,1200.0,2000.0,0,0,0,0,0,0
YCSB_VALIDATION,YCSB_E,STATIC_BPLUS,7,16807,15,YCSB_E,150000,160000,10000,6437000,1553518.7199005748,500.0,1200.0,2100.0,0,0,0,0,0,0
YCSB_VALIDATION,YCSB_E,STATIC_BPLUS,7,16807,16,YCSB_E,160000,170000,10000,7081100,1412209.9673779497,500.0,1100.0,2000.0,0,0,0,0,0,0
YCSB_VALIDATION,YCSB_E,STATIC_BPLUS,7,16807,17,YCSB_E,170000,180000,10000,5738500,1742615.6661148383,500.0,1100.0,2000.0,0,0,0,0,0,0
YCSB_VALIDATION,YCSB_E,STATIC_BPLUS,7,16807,18,YCSB_E,180000,190000,10000,5550400,1801671.951571058,500.0,1000.0,1900.0,0,0,0,0,0,0
YCSB_VALIDATION,YCSB_E,STATIC_BPLUS,7,16807,19,YCSB_E,190000,200000,10000,5522700,1810708.530247886,500.0,1100.0,1800.0,0,0,0,0,0,0
YCSB_VALIDATION,YCSB_E,STATIC_BPLUS,7,16807,20,YCSB_E,200000,210000,10000,5358600,1866159.071399246,400.0,1000.0,1800.0,0,0,0,0,0,0
YCSB_VALIDATION,YCSB_E,STATIC_BPLUS,7,16807,21,YCSB_E,210000,220000,10000,5449000,1835199.1191044229,400.0,1100.0,1800.0,0,0,0,0,0,0
YCSB_VALIDATION,YCSB_E,STATIC_BPLUS,7,16807,22,YCSB_E,220000,230000,10000,5317800,1880476.888939035,500.0,1000.0,1800.0,0,0,0,0,0,0
YCSB_VALIDATION,YCSB_E,STATIC_BPLUS,7,16807,23,YCSB_E,230000,240000,10000,5275500,1895554.9237039143,400.0,1000.0,1700.0,0,0,0,0,0,0
YCSB_VALIDATION,YCSB_E,STATIC_BPLUS,7,16807,24,YCSB_E,240000,250000,10000,6807700,1468924.8938701765,500.0,1100.0,1900.0,0,0,0,0,0,0
YCSB_VALIDATION,YCSB_E,STATIC_BPLUS,7,16807,25,YCSB_E,250000,260000,10000,5474500,1826650.8356927573,500.0,1100.0,1900.0,0,0,0,0,0,0
YCSB_VALIDATION,YCSB_E,STATIC_BPLUS,7,16807,26,YCSB_E,260000,270000,10000,6471000,1545356.2046051614,500.0,1100.0,1900.0,0,0,0,0,0,0
YCSB_VALIDATION,YCSB_E,STATIC_BPLUS,7,16807,27,YCSB_E,270000,280000,10000,7200700,1388753.8711514159,500.0,1100.0,1700.0,0,0,0,0,0,0
YCSB_VALIDATION,YCSB_E,STATIC_BPLUS,7,16807,28,YCSB_E,280000,290000,10000,5491700,1820929.766738897,500.0,1000.0,1700.0,0,0,0,0,0,0
YCSB_VALIDATION,YCSB_E,STATIC_BPLUS,7,16807,29,YCSB_E,290000,300000,10000,5502900,1817223.645714078,500.0,1000.0,1700.0,0,0,0,0,0,0
YCSB_VALIDATION,YCSB_E,STATIC_BPLUS,8,2147483647,0,YCSB_E,0,10000,10000,14041000,712199.9857560003,800.0,2800.0,4600.0,0,0,0,0,0,0
YCSB_VALIDATION,YCSB_E,STATIC_BPLUS,8,2147483647,1,YCSB_E,10000,20000,10000,12174300,821402.4625645828,800.0,2900.0,4300.0,0,0,0,0,0,0
YCSB_VALIDATION,YCSB_E,STATIC_BPLUS,8,2147483647,2,YCSB_E,20000,30000,10000,37349700,267739.7676554296,700.0,2300.0,3600.0,0,0,0,0,0,0
YCSB_VALIDATION,YCSB_E,STATIC_BPLUS,8,2147483647,3,YCSB_E,30000,40000,10000,10874700,919565.5972118771,800.0,1700.0,2700.0,0,0,0,0,0,0
YCSB_VALIDATION,YCSB_E,STATIC_BPLUS,8,2147483647,4,YCSB_E,40000,50000,10000,7028300,1422819.1739111876,500.0,1100.0,1900.0,0,0,0,0,0,0
YCSB_VALIDATION,YCSB_E,STATIC_BPLUS,8,2147483647,5,YCSB_E,50000,60000,10000,7048800,1418681.1939620927,500.0,1100.0,1900.0,0,0,0,0,0,0
YCSB_VALIDATION,YCSB_E,STATIC_BPLUS,8,2147483647,6,YCSB_E,60000,70000,10000,7218300,1385367.7458681406,500.0,1100.0,2000.0,0,0,0,0,0,0
YCSB_VALIDATION,YCSB_E,STATIC_BPLUS,8,2147483647,7,YCSB_E,70000,80000,10000,5900000,1694915.2542372881,500.0,1100.0,1900.0,0,0,0,0,0,0
YCSB_VALIDATION,YCSB_E,STATIC_BPLUS,8,2147483647,8,YCSB_E,80000,90000,10000,5658300,1767315.2713712598,500.0,1000.0,1800.0,0,0,0,0,0,0
YCSB_VALIDATION,YCSB_E,STATIC_BPLUS,8,2147483647,9,YCSB_E,90000,100000,10000,16717500,598175.564528189,500.0,1200.0,2200.0,0,0,0,0,0,0
YCSB_VALIDATION,YCSB_E,STATIC_BPLUS,8,2147483647,10,YCSB_E,100000,110000,10000,6378100,1567865.0381775138,500.0,1200.0,2100.0,0,0,0,0,0,0
YCSB_VALIDATION,YCSB_E,STATIC_BPLUS,8,2147483647,11,YCSB_E,110000,120000,10000,6325600,1580877.7033008726,500.0,1200.0,2100.0,0,0,0,0,0,0
YCSB_VALIDATION,YCSB_E,STATIC_BPLUS,8,2147483647,12,YCSB_E,120000,130000,10000,6203200,1612071.189063709,500.0,1200.0,2000.0,0,0,0,0,0,0
YCSB_VALIDATION,YCSB_E,STATIC_BPLUS,8,2147483647,13,YCSB_E,130000,140000,10000,7937900,1259779.0347573035,500.0,1400.0,2300.0,0,0,0,0,0,0
YCSB_VALIDATION,YCSB_E,STATIC_BPLUS,8,2147483647,14,YCSB_E,140000,150000,10000,6176000,1619170.9844559585,500.0,1100.0,2000.0,0,0,0,0,0,0
YCSB_VALIDATION,YCSB_E,STATIC_BPLUS,8,2147483647,15,YCSB_E,150000,160000,10000,6472100,1545093.5554147803,500.0,1300.0,2100.0,0,0,0,0,0,0
YCSB_VALIDATION,YCSB_E,STATIC_BPLUS,8,2147483647,16,YCSB_E,160000,170000,10000,6506300,1536971.8580452793,500.0,1000.0,1900.0,0,0,0,0,0,0
YCSB_VALIDATION,YCSB_E,STATIC_BPLUS,8,2147483647,17,YCSB_E,170000,180000,10000,5584000,1790830.9455587394,500.0,1100.0,1800.0,0,0,0,0,0,0
YCSB_VALIDATION,YCSB_E,STATIC_BPLUS,8,2147483647,18,YCSB_E,180000,190000,10000,5444500,1836715.951878042,500.0,1000.0,1700.0,0,0,0,0,0,0
YCSB_VALIDATION,YCSB_E,STATIC_BPLUS,8,2147483647,19,YCSB_E,190000,200000,10000,5489800,1821559.9839702721,500.0,1100.0,1800.0,0,0,0,0,0,0
YCSB_VALIDATION,YCSB_E,STATIC_BPLUS,8,2147483647,20,YCSB_E,200000,210000,10000,5509900,1814914.9712335977,500.0,1000.0,1800.0,0,0,0,0,0,0
YCSB_VALIDATION,YCSB_E,STATIC_BPLUS,8,2147483647,21,YCSB_E,210000,220000,10000,5381000,1858390.633711206,500.0,1000.0,1800.0,0,0,0,0,0,0
YCSB_VALIDATION,YCSB_E,STATIC_BPLUS,8,2147483647,22,YCSB_E,220000,230000,10000,5608800,1782912.565967765,500.0,1000.0,1800.0,0,0,0,0,0,0
YCSB_VALIDATION,YCSB_E,STATIC_BPLUS,8,2147483647,23,YCSB_E,230000,240000,10000,5470800,1827886.2323608978,500.0,1000.0,1800.0,0,0,0,0,0,0
YCSB_VALIDATION,YCSB_E,STATIC_BPLUS,8,2147483647,24,YCSB_E,240000,250000,10000,6892100,1450936.5795621073,500.0,1100.0,1900.0,0,0,0,0,0,0
YCSB_VALIDATION,YCSB_E,STATIC_BPLUS,8,2147483647,25,YCSB_E,250000,260000,10000,5558600,1799014.1402511424,500.0,1100.0,1800.0,0,0,0,0,0,0
YCSB_VALIDATION,YCSB_E,STATIC_BPLUS,8,2147483647,26,YCSB_E,260000,270000,10000,6417900,1558142.0713940698,500.0,1100.0,1800.0,0,0,0,0,0,0
YCSB_VALIDATION,YCSB_E,STATIC_BPLUS,8,2147483647,27,YCSB_E,270000,280000,10000,6459300,1548155.3728732215,500.0,1100.0,1900.0,0,0,0,0,0,0
YCSB_VALIDATION,YCSB_E,STATIC_BPLUS,8,2147483647,28,YCSB_E,280000,290000,10000,5620100,1779327.769968506,500.0,1100.0,1800.0,0,0,0,0,0,0
YCSB_VALIDATION,YCSB_E,STATIC_BPLUS,8,2147483647,29,YCSB_E,290000,300000,10000,5637600,1773804.4557967929,500.0,1100.0,1800.0,0,0,0,0,0,0
YCSB_VALIDATION,YCSB_E,STATIC_BPLUS,9,6364136223846793005,0,YCSB_E,0,10000,10000,18674300,535495.3063836396,1200.0,4000.0,6400.0,0,0,0,0,0,0
YCSB_VALIDATION,YCSB_E,STATIC_BPLUS,9,6364136223846793005,1,YCSB_E,10000,20000,10000,14982300,667454.2626966487,1100.0,3100.0,5100.0,0,0,0,0,0,0
YCSB_VALIDATION,YCSB_E,STATIC_BPLUS,9,6364136223846793005,2,YCSB_E,20000,30000,10000,40732100,245506.61517574592,900.0,3100.0,5000.0,0,0,0,0,0,0
YCSB_VALIDATION,YCSB_E,STATIC_BPLUS,9,6364136223846793005,3,YCSB_E,30000,40000,10000,9253700,1080648.82155246,600.0,1700.0,3200.0,0,0,0,0,0,0
YCSB_VALIDATION,YCSB_E,STATIC_BPLUS,9,6364136223846793005,4,YCSB_E,40000,50000,10000,8520100,1173695.1444231875,600.0,1500.0,2500.0,0,0,0,0,0,0
YCSB_VALIDATION,YCSB_E,STATIC_BPLUS,9,6364136223846793005,5,YCSB_E,50000,60000,10000,7794500,1282955.9304637886,500.0,1200.0,2100.0,0,0,0,0,0,0
YCSB_VALIDATION,YCSB_E,STATIC_BPLUS,9,6364136223846793005,6,YCSB_E,60000,70000,10000,7924300,1261941.1178274422,500.0,1400.0,2300.0,0,0,0,0,0,0
YCSB_VALIDATION,YCSB_E,STATIC_BPLUS,9,6364136223846793005,7,YCSB_E,70000,80000,10000,5843800,1711215.305109689,500.0,1100.0,1800.0,0,0,0,0,0,0
YCSB_VALIDATION,YCSB_E,STATIC_BPLUS,9,6364136223846793005,8,YCSB_E,80000,90000,10000,5800500,1723989.3112662702,500.0,1100.0,1800.0,0,0,0,0,0,0
YCSB_VALIDATION,YCSB_E,STATIC_BPLUS,9,6364136223846793005,9,YCSB_E,90000,100000,10000,16193300,617539.3526952505,500.0,1200.0,2300.0,0,0,0,0,0,0
YCSB_VALIDATION,YCSB_E,STATIC_BPLUS,9,6364136223846793005,10,YCSB_E,100000,110000,10000,6624500,1509547.8904068233,500.0,1200.0,2100.0,0,0,0,0,0,0
YCSB_VALIDATION,YCSB_E,STATIC_BPLUS,9,6364136223846793005,11,YCSB_E,110000,120000,10000,6084300,1643574.4457045181,500.0,1100.0,1900.0,0,0,0,0,0,0
YCSB_VALIDATION,YCSB_E,STATIC_BPLUS,9,6364136223846793005,12,YCSB_E,120000,130000,10000,5870000,1703577.5127768314,500.0,1100.0,1800.0,0,0,0,0,0,0
YCSB_VALIDATION,YCSB_E,STATIC_BPLUS,9,6364136223846793005,13,YCSB_E,130000,140000,10000,6694800,1493696.6003465375,500.0,1100.0,1900.0,0,0,0,0,0,0
YCSB_VALIDATION,YCSB_E,STATIC_BPLUS,9,6364136223846793005,14,YCSB_E,140000,150000,10000,6131000,1631055.2927744251,500.0,1200.0,1900.0,0,0,0,0,0,0
YCSB_VALIDATION,YCSB_E,STATIC_BPLUS,9,6364136223846793005,15,YCSB_E,150000,160000,10000,5873300,1702620.3326920131,500.0,1100.0,1900.0,0,0,0,0,0,0
YCSB_VALIDATION,YCSB_E,STATIC_BPLUS,9,6364136223846793005,16,YCSB_E,160000,170000,10000,7097200,1409006.3687087866,500.0,1100.0,1900.0,0,0,0,0,0,0
YCSB_VALIDATION,YCSB_E,STATIC_BPLUS,9,6364136223846793005,17,YCSB_E,170000,180000,10000,5799400,1724316.3085836465,500.0,1000.0,1800.0,0,0,0,0,0,0
YCSB_VALIDATION,YCSB_E,STATIC_BPLUS,9,6364136223846793005,18,YCSB_E,180000,190000,10000,5357300,1866611.912717227,500.0,1000.0,1600.0,0,0,0,0,0,0
YCSB_VALIDATION,YCSB_E,STATIC_BPLUS,9,6364136223846793005,19,YCSB_E,190000,200000,10000,5768400,1733582.9692809097,500.0,1000.0,1800.0,0,0,0,0,0,0
YCSB_VALIDATION,YCSB_E,STATIC_BPLUS,9,6364136223846793005,20,YCSB_E,200000,210000,10000,5548200,1802386.359540031,500.0,1000.0,1700.0,0,0,0,0,0,0
YCSB_VALIDATION,YCSB_E,STATIC_BPLUS,9,6364136223846793005,21,YCSB_E,210000,220000,10000,5438500,1838742.3002666177,500.0,1000.0,1600.0,0,0,0,0,0,0
YCSB_VALIDATION,YCSB_E,STATIC_BPLUS,9,6364136223846793005,22,YCSB_E,220000,230000,10000,5211500,1918833.3493236112,400.0,900.0,1600.0,0,0,0,0,0,0
YCSB_VALIDATION,YCSB_E,STATIC_BPLUS,9,6364136223846793005,23,YCSB_E,230000,240000,10000,5194300,1925187.2244575785,400.0,900.0,1600.0,0,0,0,0,0,0
YCSB_VALIDATION,YCSB_E,STATIC_BPLUS,9,6364136223846793005,24,YCSB_E,240000,250000,10000,6626900,1509001.1921109417,500.0,1000.0,1700.0,0,0,0,0,0,0
YCSB_VALIDATION,YCSB_E,STATIC_BPLUS,9,6364136223846793005,25,YCSB_E,250000,260000,10000,5512000,1814223.5123367198,500.0,1000.0,1700.0,0,0,0,0,0,0
YCSB_VALIDATION,YCSB_E,STATIC_BPLUS,9,6364136223846793005,26,YCSB_E,260000,270000,10000,6374400,1568775.1004016064,500.0,1000.0,1700.0,0,0,0,0,0,0
YCSB_VALIDATION,YCSB_E,STATIC_BPLUS,9,6364136223846793005,27,YCSB_E,270000,280000,10000,6370500,1569735.4995683227,500.0,1000.0,1600.0,0,0,0,0,0,0
YCSB_VALIDATION,YCSB_E,STATIC_BPLUS,9,6364136223846793005,28,YCSB_E,280000,290000,10000,5546500,1802938.7902280719,500.0,1000.0,1700.0,0,0,0,0,0,0
YCSB_VALIDATION,YCSB_E,STATIC_BPLUS,9,6364136223846793005,29,YCSB_E,290000,300000,10000,6070700,1647256.4943087287,500.0,1100.0,1800.0,0,0,0,0,0,0
